Date,Holi,Temp,Humi,WS,Consumption
2015-01-01 00:00:00,1,22.8,26.0,9.3,1256.9700000000003
2015-01-01 01:00:00,1,2.8,79.0,9.3,1198.8999999999999
2015-01-01 02:00:00,1,2.8,79.0,7.4,1250.81
2015-01-01 03:00:00,1,2.8,76.0,5.6,1292.22
2015-01-01 04:00:00,1,2.2,82.0,5.6,1291.62
2015-01-01 05:00:00,1,2.2,79.0,5.6,1295.7199999999998
2015-01-01 06:00:00,1,1.7,89.0,5.6,1244.5200000000004
2015-01-01 07:00:00,1,2.2,86.0,7.4,1219.69
2015-01-01 08:00:00,1,2.8,86.0,7.4,1274.7699999999998
2015-01-01 09:00:00,1,2.8,82.0,0.0,1258.45
2015-01-01 10:00:00,1,3.9,76.0,0.0,1218.61
2015-01-01 11:00:00,1,5.0,65.0,9.3,1193.7999999999997
2015-01-01 12:00:00,1,5.6,60.0,7.4,1245.1499999999999
2015-01-01 13:00:00,1,6.1,56.0,7.4,1260.94
2015-01-01 14:00:00,1,6.7,51.0,0.0,1222.85
2015-01-01 15:00:00,1,7.2,48.0,7.4,1147.76
2015-01-01 16:00:00,1,7.2,48.0,5.6,1240.8999999999999
2015-01-01 17:00:00,1,7.2,48.0,0.0,1307.4099999999999
2015-01-01 18:00:00,1,7.2,49.0,5.6,1340.7400000000002
2015-01-01 19:00:00,1,6.1,56.0,11.1,1377.5200000000002
2015-01-01 20:00:00,1,5.0,62.0,9.3,1367.44
2015-01-01 21:00:00,1,5.0,60.0,7.4,1335.27
2015-01-01 22:00:00,1,5.0,57.0,11.1,1337.99
2015-01-01 23:00:00,1,2.8,76.0,5.6,1331.52
2015-01-02 00:00:00,0,2.2,79.0,5.6,1330.2500000000002
2015-01-02 01:00:00,0,2.2,73.0,9.3,1311.9299999999998
2015-01-02 02:00:00,0,1.7,76.0,0.0,1295.75
2015-01-02 03:00:00,0,1.7,76.0,0.0,1292.6999999999998
2015-01-02 04:00:00,0,1.1,79.0,0.0,1295.1299999999999
2015-01-02 05:00:00,0,0.6,82.0,7.4,1280.65
2015-01-02 06:00:00,0,0.0,85.0,7.4,1269.75
2015-01-02 07:00:00,0,0.0,85.0,0.0,1312.3100000000002
2015-01-02 08:00:00,0,0.6,82.0,7.4,1297.6399999999999
2015-01-02 09:00:00,0,1.7,76.0,9.3,1298.34
2015-01-02 10:00:00,0,3.9,67.0,9.3,1278.9099999999999
2015-01-02 11:00:00,0,5.6,58.0,5.6,1295.1100000000001
2015-01-02 12:00:00,0,7.2,44.0,0.0,1322.48
2015-01-02 13:00:00,0,10.0,38.0,11.1,1279.3
2015-01-02 14:00:00,0,10.6,33.0,11.1,1280.38
2015-01-02 15:00:00,0,11.7,30.0,5.6,1313.7100000000003
2015-01-02 16:00:00,0,11.7,29.0,11.1,1348.68
2015-01-02 17:00:00,0,11.1,31.0,13.0,1362.2000000000003
2015-01-02 18:00:00,0,10.0,35.0,9.3,1427.8
2015-01-02 19:00:00,0,8.9,41.0,7.4,1399.74
2015-01-02 20:00:00,0,7.2,48.0,9.3,1391.59
2015-01-02 21:00:00,0,6.1,56.0,9.3,1375.0300000000002
2015-01-02 22:00:00,0,5.6,58.0,16.7,1365.5900000000004
2015-01-02 23:00:00,0,5.0,62.0,13.0,1310.5499999999997
2015-01-03 00:00:00,0,5.0,62.0,11.1,1287.41
2015-01-03 01:00:00,0,3.9,70.0,9.3,1312.3999999999999
2015-01-03 02:00:00,0,3.3,73.0,11.1,1303.68
2015-01-03 03:00:00,0,2.8,76.0,13.0,1301.4900000000002
2015-01-03 04:00:00,0,2.2,79.0,11.1,1297.83
2015-01-03 05:00:00,0,1.7,78.0,11.1,1300.92
2015-01-03 06:00:00,0,1.7,78.0,13.0,1306.55
2015-01-03 07:00:00,0,1.1,79.0,11.1,1281.29
2015-01-03 08:00:00,0,1.1,79.0,9.3,1271.8725
2015-01-03 09:00:00,0,3.9,67.0,9.3,1236.8899999999999
2015-01-03 10:00:00,0,6.1,58.0,9.3,1237.24
2015-01-03 11:00:00,0,7.8,50.0,9.3,1236.36
2015-01-03 12:00:00,0,9.4,44.0,0.0,1184.7400000000002
2015-01-03 13:00:00,0,10.0,39.0,7.4,1226.52
2015-01-03 14:00:00,0,10.6,36.0,0.0,1243.8600000000001
2015-01-03 15:00:00,0,11.7,34.0,0.0,1291.77
2015-01-03 16:00:00,0,12.2,33.0,5.6,1217.3700000000001
2015-01-03 17:00:00,0,12.2,34.0,5.6,1298.0400000000002
2015-01-03 18:00:00,0,10.6,41.0,5.6,1405.55
2015-01-03 19:00:00,0,10.0,44.0,0.0,1391.87
2015-01-03 20:00:00,0,8.9,46.0,0.0,1381.2599999999998
2015-01-03 21:00:00,0,8.3,52.0,5.6,1350.9799999999998
2015-01-03 22:00:00,0,6.7,60.0,5.6,1380.9200000000003
2015-01-03 23:00:00,0,6.1,62.0,9.3,1332.1000000000001
2015-01-04 00:00:00,0,5.6,65.0,0.0,1314.8
2015-01-04 01:00:00,0,5.0,67.0,0.0,1307.27
2015-01-04 02:00:00,0,3.9,73.0,7.4,1308.74
2015-01-04 03:00:00,0,3.9,73.0,9.3,1312.67
2015-01-04 04:00:00,0,3.9,73.0,9.3,1298.87
2015-01-04 05:00:00,0,3.3,76.0,0.0,1295.5900000000001
2015-01-04 06:00:00,0,2.8,76.0,5.6,1298.11
2015-01-04 07:00:00,0,2.8,76.0,0.0,1290.8100000000002
2015-01-04 08:00:00,0,2.8,79.0,0.0,1213.15
2015-01-04 09:00:00,0,4.4,73.0,0.0,1183.15
2015-01-04 10:00:00,0,7.8,56.0,0.0,1125.6299999999997
2015-01-04 11:00:00,0,11.7,43.0,9.3,1203.84
2015-01-04 12:00:00,0,12.8,40.0,9.3,1228.39
2015-01-04 13:00:00,0,15.6,33.0,7.4,1250.42
2015-01-04 14:00:00,0,16.7,29.0,7.4,1237.6200000000001
2015-01-04 15:00:00,0,17.8,27.0,5.6,1320.42
2015-01-04 16:00:00,0,17.8,27.0,7.4,1330.63
2015-01-04 17:00:00,0,17.8,27.0,5.6,1340.28
2015-01-04 18:00:00,0,16.7,29.0,9.3,1480.7100000000003
2015-01-04 19:00:00,0,13.3,42.0,7.4,1458.3000000000002
2015-01-04 20:00:00,0,12.2,45.0,0.0,1392.2900000000002
2015-01-04 21:00:00,0,11.7,47.0,0.0,1311.7999999999997
2015-01-04 22:00:00,0,10.6,52.0,0.0,1352.0
2015-01-04 23:00:00,0,10.0,57.0,5.6,1387.38
2015-01-05 00:00:00,0,8.3,66.0,5.6,1354.58
2015-01-05 01:00:00,0,8.9,61.0,0.0,1356.1299999999999
2015-01-05 02:00:00,0,8.3,63.0,0.0,1316.45
2015-01-05 03:00:00,0,8.3,61.0,5.6,1228.44
2015-01-05 04:00:00,0,7.8,63.0,0.0,1285.9225
2015-01-05 05:00:00,0,7.2,65.0,0.0,1295.6
2015-01-05 06:00:00,0,6.7,68.0,0.0,1306.33
2015-01-05 07:00:00,0,6.1,74.0,7.4,1319.38
2015-01-05 08:00:00,0,6.1,71.0,0.0,1230.2500000000002
2015-01-05 09:00:00,0,8.9,58.0,5.6,1200.4
2015-01-05 10:00:00,0,11.1,53.0,0.0,1264.3075000000001
2015-01-05 11:00:00,0,15.0,38.0,0.0,1218.0
2015-01-05 12:00:00,0,16.7,32.0,0.0,1254.3900000000003
2015-01-05 13:00:00,0,20.6,20.0,16.7,1275.74
2015-01-05 14:00:00,0,21.7,18.0,16.7,1395.44
2015-01-05 15:00:00,0,22.8,16.0,14.8,1388.1799999999998
2015-01-05 16:00:00,0,23.3,16.0,7.4,1479.5849999999996
2015-01-05 17:00:00,0,23.3,16.0,5.6,1497.8500000000001
2015-01-05 18:00:00,0,19.4,26.0,9.3,1553.75
2015-01-05 19:00:00,0,16.7,34.0,9.3,1542.2400000000002
2015-01-05 20:00:00,0,16.1,34.0,0.0,1472.6200000000001
2015-01-05 21:00:00,0,14.4,41.0,0.0,1415.2100000000003
2015-01-05 22:00:00,0,12.8,49.0,7.4,1409.1100000000001
2015-01-05 23:00:00,0,12.2,49.0,0.0,1390.24
2015-01-06 00:00:00,0,12.2,47.0,0.0,1387.42
2015-01-06 01:00:00,0,11.1,49.0,11.1,1354.76
2015-01-06 02:00:00,0,10.0,52.0,5.6,1345.7800000000002
2015-01-06 03:00:00,0,10.0,54.0,11.1,1328.29
2015-01-06 04:00:00,0,10.6,48.0,0.0,1307.99
2015-01-06 05:00:00,0,8.3,61.0,0.0,1318.0599999999997
2015-01-06 06:00:00,0,7.8,63.0,5.6,1331.91
2015-01-06 07:00:00,0,7.8,61.0,5.6,1351.1200000000001
2015-01-06 08:00:00,0,7.8,61.0,7.4,1376.34
2015-01-06 09:00:00,0,11.1,49.0,0.0,1348.5599999999997
2015-01-06 10:00:00,0,15.0,35.0,9.3,1341.41
2015-01-06 11:00:00,0,17.2,31.0,0.0,1336.98
2015-01-06 12:00:00,0,21.1,22.0,7.4,1377.71
2015-01-06 13:00:00,0,22.8,18.0,14.8,1389.07
2015-01-06 14:00:00,0,23.9,16.0,16.7,1418.9999999999998
2015-01-06 15:00:00,0,24.4,16.0,9.3,1484.25
2015-01-06 16:00:00,0,26.1,15.0,9.3,1514.6299999999999
2015-01-06 17:00:00,0,25.0,16.0,9.3,1567.76
2015-01-06 18:00:00,0,22.8,20.0,9.3,1560.1900000000003
2015-01-06 19:00:00,0,18.9,29.0,9.3,1570.19
2015-01-06 20:00:00,0,18.3,29.0,0.0,1525.3600000000004
2015-01-06 21:00:00,0,15.6,38.0,0.0,1469.87
2015-01-06 22:00:00,0,13.9,44.0,5.6,1448.42
2015-01-06 23:00:00,0,13.9,44.0,0.0,1436.21
2015-01-07 00:00:00,0,13.3,49.0,0.0,1420.24
2015-01-07 01:00:00,0,12.8,49.0,0.0,1381.25
2015-01-07 02:00:00,0,11.1,54.0,7.4,1373.8600000000001
2015-01-07 03:00:00,0,12.2,51.0,5.6,1352.89
2015-01-07 04:00:00,0,11.7,52.0,0.0,1339.6799999999998
2015-01-07 05:00:00,0,10.0,61.0,0.0,1334.44
2015-01-07 06:00:00,0,10.0,61.0,0.0,1337.1499999999999
2015-01-07 07:00:00,0,10.0,61.0,0.0,1359.7400000000002
2015-01-07 08:00:00,0,9.4,64.0,5.6,1364.54
2015-01-07 09:00:00,0,11.1,59.0,5.6,1378.44
2015-01-07 10:00:00,0,16.1,42.0,5.6,1335.0700000000002
2015-01-07 11:00:00,0,19.4,36.0,5.6,1359.3000000000004
2015-01-07 12:00:00,0,22.2,28.0,11.1,1391.16
2015-01-07 13:00:00,0,25.0,22.0,14.8,1449.2000000000003
2015-01-07 14:00:00,0,26.1,18.0,13.0,1488.18
2015-01-07 15:00:00,0,26.7,17.0,5.6,1504.3999999999999
2015-01-07 16:00:00,0,26.7,18.0,5.6,1512.22
2015-01-07 17:00:00,0,26.7,18.0,11.1,1537.7800000000002
2015-01-07 18:00:00,0,23.3,24.0,9.3,1557.85
2015-01-07 19:00:00,0,21.7,28.0,11.1,1534.57
2015-01-07 20:00:00,0,19.4,33.0,13.0,1500.5000000000002
2015-01-07 21:00:00,0,18.3,36.0,13.0,1514.66
2015-01-07 22:00:00,0,19.4,33.0,14.8,1529.38
2015-01-07 23:00:00,0,17.2,40.0,9.3,1487.5900000000001
2015-01-08 00:00:00,0,16.7,41.0,0.0,1374.1599999999999
2015-01-08 01:00:00,0,16.1,42.0,5.6,1365.6499999999999
2015-01-08 02:00:00,0,15.6,44.0,7.4,1346.1000000000001
2015-01-08 03:00:00,0,14.4,47.0,11.1,1330.69
2015-01-08 04:00:00,0,15.6,42.0,13.0,1322.9999999999998
2015-01-08 05:00:00,0,17.2,34.0,20.4,1324.99
2015-01-08 06:00:00,0,16.7,35.0,27.8,1361.25
2015-01-08 07:00:00,0,16.7,34.0,25.9,1404.54
2015-01-08 08:00:00,0,15.6,38.0,14.8,1429.62
2015-01-08 09:00:00,0,15.6,39.0,18.5,1387.47
2015-01-08 10:00:00,0,17.2,34.0,22.2,1387.6100000000001
2015-01-08 11:00:00,0,18.3,32.0,22.2,1415.5499999999997
2015-01-08 12:00:00,0,18.3,31.0,22.2,1426.1799999999998
2015-01-08 13:00:00,0,18.9,30.0,13.0,1452.6799999999998
2015-01-08 14:00:00,0,20.6,27.0,11.1,1440.5099999999998
2015-01-08 15:00:00,0,21.7,27.0,14.8,1459.39
2015-01-08 16:00:00,0,20.0,32.0,13.0,1453.0200000000002
2015-01-08 17:00:00,0,18.9,33.0,22.2,1459.7200000000003
2015-01-08 18:00:00,0,17.8,37.0,11.1,1554.48
2015-01-08 19:00:00,0,16.7,39.0,9.3,1555.7799999999997
2015-01-08 20:00:00,0,15.0,44.0,11.1,1488.8200000000002
2015-01-08 21:00:00,0,15.0,46.0,9.3,1455.1299999999999
2015-01-08 22:00:00,0,13.3,55.0,11.1,1417.7400000000002
2015-01-08 23:00:00,0,14.4,46.0,7.4,1430.85
2015-01-09 00:00:00,0,12.2,55.0,5.6,1410.72
2015-01-09 01:00:00,0,12.2,55.0,5.6,1359.02
2015-01-09 02:00:00,0,12.2,53.0,18.5,1324.89
2015-01-09 03:00:00,0,12.2,53.0,11.1,1312.5000000000002
2015-01-09 04:00:00,0,12.2,53.0,18.5,1304.17
2015-01-09 05:00:00,0,12.2,51.0,11.1,1300.63
2015-01-09 06:00:00,0,11.7,52.0,11.1,1301.64
2015-01-09 07:00:00,0,11.7,55.0,5.6,1335.8700000000001
2015-01-09 08:00:00,0,11.1,57.0,7.4,1393.23
2015-01-09 09:00:00,0,13.3,49.0,11.1,1302.0300000000002
2015-01-09 10:00:00,0,16.1,44.0,13.0,1312.82
2015-01-09 11:00:00,0,18.9,37.0,18.5,1353.51
2015-01-09 12:00:00,0,20.0,35.0,20.4,1455.31
2015-01-09 13:00:00,0,21.7,34.0,9.3,1449.94
2015-01-09 14:00:00,0,22.2,33.0,5.6,1499.06
2015-01-09 15:00:00,0,23.3,32.0,9.3,1536.35
2015-01-09 16:00:00,0,22.8,34.0,0.0,1544.6599999999999
2015-01-09 17:00:00,0,23.3,34.0,16.7,1594.6200000000001
2015-01-09 18:00:00,0,21.1,36.0,11.1,1631.0199999999998
2015-01-09 19:00:00,0,20.0,37.0,11.1,1602.1799999999998
2015-01-09 20:00:00,0,17.8,43.0,9.3,1593.74
2015-01-09 21:00:00,0,16.7,46.0,7.4,1555.64
2015-01-09 22:00:00,0,15.6,49.0,9.3,1505.87
2015-01-09 23:00:00,0,15.6,46.0,13.0,1481.76
2015-01-10 00:00:00,0,15.6,44.0,13.0,1448.47
2015-01-10 01:00:00,0,14.4,49.0,11.1,1409.3100000000002
2015-01-10 02:00:00,0,14.4,47.0,13.0,1377.08
2015-01-10 03:00:00,0,14.4,47.0,13.0,1360.1699999999998
2015-01-10 04:00:00,0,13.9,49.0,9.3,1356.53
2015-01-10 05:00:00,0,13.3,51.0,0.0,1334.6100000000001
2015-01-10 06:00:00,0,13.3,51.0,11.1,1348.35
2015-01-10 07:00:00,0,13.3,49.0,11.1,1346.5699999999997
2015-01-10 08:00:00,0,13.9,47.0,13.0,1324.9499999999998
2015-01-10 09:00:00,0,13.9,47.0,11.1,1379.6100000000001
2015-01-10 10:00:00,0,16.1,41.0,16.7,1413.78
2015-01-10 11:00:00,0,15.6,42.0,9.3,1439.98
2015-01-10 12:00:00,0,16.7,41.0,7.4,1493.83
2015-01-10 13:00:00,0,17.2,40.0,9.3,1562.74
2015-01-10 14:00:00,0,16.7,48.0,13.0,1586.56
2015-01-10 15:00:00,0,17.8,41.0,7.4,1604.99
2015-01-10 16:00:00,0,18.3,40.0,0.0,1630.17
2015-01-10 17:00:00,0,17.8,43.0,7.4,1704.4800000000002
2015-01-10 18:00:00,0,17.8,45.0,11.1,1770.3999999999999
2015-01-10 19:00:00,0,17.2,48.0,5.6,1749.4399999999998
2015-01-10 20:00:00,0,15.0,58.0,0.0,1701.5
2015-01-10 21:00:00,0,13.9,62.0,0.0,1695.9199999999998
2015-01-10 22:00:00,0,13.9,62.0,0.0,1679.5299999999997
2015-01-10 23:00:00,0,13.9,64.0,0.0,1624.2299999999998
2015-01-11 00:00:00,0,12.2,75.0,0.0,1633.4699999999998
2015-01-11 01:00:00,0,12.8,72.0,0.0,1535.36
2015-01-11 02:00:00,0,13.3,69.0,5.6,1478.79
2015-01-11 03:00:00,0,12.2,75.0,7.4,1425.92
2015-01-11 04:00:00,0,12.8,69.0,5.6,1400.1000000000001
2015-01-11 05:00:00,0,12.2,75.0,0.0,1389.53
2015-01-11 06:00:00,0,12.8,69.0,7.4,1365.22
2015-01-11 07:00:00,0,13.3,67.0,9.3,1350.1999999999998
2015-01-11 08:00:00,0,12.8,67.0,7.4,1346.57
2015-01-11 09:00:00,0,13.9,59.0,16.7,1400.34
2015-01-11 10:00:00,0,15.6,55.0,13.0,1497.73
2015-01-11 11:00:00,0,16.7,52.0,13.0,1539.2099999999998
2015-01-11 12:00:00,0,18.3,45.0,16.7,1642.9299999999998
2015-01-11 13:00:00,0,20.0,40.0,11.1,1733.4299999999998
2015-01-11 14:00:00,0,22.2,35.0,13.0,1742.3900000000003
2015-01-11 15:00:00,0,21.7,36.0,16.7,1842.01
2015-01-11 16:00:00,0,21.7,38.0,11.1,1914.6600000000003
2015-01-11 17:00:00,0,21.7,38.0,11.1,1984.12
2015-01-11 18:00:00,0,20.6,42.0,5.6,2042.4199999999996
2015-01-11 19:00:00,0,19.4,47.0,5.6,2141.65
2015-01-11 20:00:00,0,18.3,58.0,5.6,2144.75
2015-01-11 21:00:00,0,17.2,70.0,9.3,2121.1600000000003
2015-01-11 22:00:00,0,16.7,70.0,9.3,2052.69
2015-01-11 23:00:00,0,15.6,80.0,7.4,1946.74
2015-01-12 00:00:00,0,15.0,83.0,11.1,1746.13
2015-01-12 01:00:00,0,15.0,83.0,13.0,1628.0599999999997
2015-01-12 02:00:00,0,14.4,87.0,7.4,1539.7900000000002
2015-01-12 03:00:00,0,14.4,90.0,5.6,1479.79
2015-01-12 04:00:00,0,14.4,90.0,0.0,1447.0400000000002
2015-01-12 05:00:00,0,14.4,93.0,5.6,1449.16
2015-01-12 06:00:00,0,14.4,90.0,0.0,1502.3700000000001
2015-01-12 07:00:00,0,13.9,93.0,0.0,1585.01
2015-01-12 08:00:00,0,13.9,93.0,0.0,1647.37
2015-01-12 09:00:00,0,13.9,96.0,5.6,1431.11
2015-01-12 10:00:00,0,15.0,90.0,7.4,1745.26
2015-01-12 11:00:00,0,16.1,81.0,0.0,1781.2900000000002
2015-01-12 12:00:00,0,17.8,65.0,0.0,1863.73
2015-01-12 13:00:00,0,18.3,65.0,7.4,1945.6200000000001
2015-01-12 14:00:00,0,19.4,59.0,7.4,1907.64
2015-01-12 15:00:00,0,19.4,57.0,0.0,1918.02
2015-01-12 16:00:00,0,18.9,59.0,13.0,1970.5500000000004
2015-01-12 17:00:00,0,18.3,65.0,9.3,2036.2
2015-01-12 18:00:00,0,17.8,67.0,5.6,2082.7099999999996
2015-01-12 19:00:00,0,17.2,70.0,0.0,2070.8199999999997
2015-01-12 20:00:00,0,16.7,70.0,0.0,2125.8599999999997
2015-01-12 21:00:00,0,16.7,70.0,7.4,2083.8299999999995
2015-01-12 22:00:00,0,13.9,83.0,7.4,2071.79
2015-01-12 23:00:00,0,13.9,83.0,0.0,1966.96
2015-01-13 00:00:00,0,13.9,83.0,0.0,1778.51
2015-01-13 01:00:00,0,13.9,81.0,0.0,1630.6599999999999
2015-01-13 02:00:00,0,12.8,86.0,0.0,1546.42
2015-01-13 03:00:00,0,13.3,84.0,0.0,1463.8500000000001
2015-01-13 04:00:00,0,12.8,86.0,5.6,1450.0200000000002
2015-01-13 05:00:00,0,12.8,83.0,7.4,1448.89
2015-01-13 06:00:00,0,12.8,86.0,0.0,1512.73
2015-01-13 07:00:00,0,12.8,86.0,7.4,1595.75
2015-01-13 08:00:00,0,12.2,86.0,7.4,1664.8099999999997
2015-01-13 09:00:00,0,13.9,77.0,0.0,1660.15
2015-01-13 10:00:00,0,15.0,75.0,0.0,1727.9300000000003
2015-01-13 11:00:00,0,15.0,75.0,0.0,1768.095
2015-01-13 12:00:00,0,13.3,84.0,20.4,1838.4075000000003
2015-01-13 13:00:00,0,12.0,94.0,14.8,1861.86
2015-01-13 14:00:00,0,14.0,77.0,9.3,1784.565
2015-01-13 15:00:00,0,15.0,67.0,9.3,1812.015
2015-01-13 16:00:00,0,17.2,58.0,0.0,1866.7850000000003
2015-01-13 17:00:00,0,16.1,60.0,0.0,1850.6700000000005
2015-01-13 18:00:00,0,16.1,64.0,7.4,2031.55
2015-01-13 19:00:00,0,14.4,75.0,5.6,2105.08
2015-01-13 20:00:00,0,13.9,72.0,5.6,2083.05
2015-01-13 21:00:00,0,13.9,72.0,7.4,2114.8999999999996
2015-01-13 22:00:00,0,12.2,77.0,11.1,2037.0999999999997
2015-01-13 23:00:00,0,11.1,80.0,11.1,1875.29
2015-01-14 00:00:00,0,11.1,77.0,11.1,1808.1400000000003
2015-01-14 01:00:00,0,10.6,83.0,7.4,1645.2999999999997
2015-01-14 02:00:00,0,9.4,90.0,5.6,1539.36
2015-01-14 03:00:00,0,10.0,83.0,9.3,1471.4199999999998
2015-01-14 04:00:00,0,9.4,83.0,11.1,1445.9499999999998
2015-01-14 05:00:00,0,8.3,90.0,0.0,1453.42
2015-01-14 06:00:00,0,9.4,80.0,5.6,1496.1899999999998
2015-01-14 07:00:00,0,8.9,86.0,5.6,1579.03
2015-01-14 08:00:00,0,8.3,86.0,0.0,1633.93
2015-01-14 09:00:00,0,10.6,77.0,5.6,1650.2699999999998
2015-01-14 10:00:00,0,11.7,71.0,5.6,1677.8300000000002
2015-01-14 11:00:00,0,13.9,59.0,5.6,1766.5499999999997
2015-01-14 12:00:00,0,15.6,51.0,13.0,1779.4900000000002
2015-01-14 13:00:00,0,16.7,46.0,0.0,1870.8200000000002
2015-01-14 14:00:00,0,17.8,43.0,7.4,1803.415
2015-01-14 15:00:00,0,18.9,38.0,7.4,1813.3200000000002
2015-01-14 16:00:00,0,18.3,37.0,0.0,1862.71
2015-01-14 17:00:00,0,18.9,36.0,9.3,1897.7750000000003
2015-01-14 18:00:00,0,17.2,41.0,7.4,1965.1525000000001
2015-01-14 19:00:00,0,17.2,43.0,11.1,1933.6750000000002
2015-01-14 20:00:00,0,14.4,58.0,0.0,1907.055
2015-01-14 21:00:00,0,14.4,56.0,0.0,1874.3575
2015-01-14 22:00:00,0,13.3,62.0,5.6,1806.4575
2015-01-14 23:00:00,0,11.7,71.0,5.6,1769.5449999999996
2015-01-15 00:00:00,0,11.1,74.0,0.0,1635.9275
2015-01-15 01:00:00,0,10.6,68.0,0.0,1535.755
2015-01-15 02:00:00,0,10.6,63.0,5.6,1489.02
2015-01-15 03:00:00,0,10.6,63.0,5.6,1395.1949999999997
2015-01-15 04:00:00,0,9.4,69.0,7.4,1345.77
2015-01-15 05:00:00,0,10.0,61.0,7.4,1324.9975000000002
2015-01-15 06:00:00,0,9.4,66.0,9.3,1349.9499999999998
2015-01-15 07:00:00,0,9.4,64.0,5.6,1360.0974999999999
2015-01-15 08:00:00,0,8.3,71.0,0.0,1506.3974999999998
2015-01-15 09:00:00,0,13.3,47.0,11.1,1575.3725
2015-01-15 10:00:00,0,15.0,46.0,0.0,1635.2499999999998
2015-01-15 11:00:00,0,17.2,37.0,24.1,1683.5
2015-01-15 12:00:00,0,17.8,34.0,22.2,1720.755
2015-01-15 13:00:00,0,18.9,32.0,22.2,1770.7975000000001
2015-01-15 14:00:00,0,20.6,26.0,20.4,1789.525
2015-01-15 15:00:00,0,21.1,26.0,11.1,1814.9249999999997
2015-01-15 16:00:00,0,21.7,25.0,0.0,1827.375
2015-01-15 17:00:00,0,21.7,23.0,9.3,1905.3600000000004
2015-01-15 18:00:00,0,20.6,29.0,5.6,1974.26
2015-01-15 19:00:00,0,18.3,36.0,7.4,1999.8899999999999
2015-01-15 20:00:00,0,16.7,39.0,16.7,1964.4974999999997
2015-01-15 21:00:00,0,15.0,44.0,13.0,2028.08
2015-01-15 22:00:00,0,17.8,31.0,13.0,1945.8300000000002
2015-01-15 23:00:00,0,15.6,39.0,11.1,1889.6575
2015-01-16 00:00:00,0,15.6,41.0,16.7,1790.8625
2015-01-16 01:00:00,0,14.0,44.0,16.7,1691.285
2015-01-16 02:00:00,0,13.3,49.0,14.8,1586.6375
2015-01-16 03:00:00,0,12.8,51.0,11.1,1528.4049999999997
2015-01-16 04:00:00,0,13.3,47.0,11.1,1430.6200000000001
2015-01-16 05:00:00,0,10.6,61.0,0.0,1428.0199999999998
2015-01-16 06:00:00,0,11.7,52.0,9.3,1408.0099999999998
2015-01-16 07:00:00,0,10.0,59.0,5.6,1563.1
2015-01-16 08:00:00,0,10.0,59.0,0.0,1630.5400000000002
2015-01-16 09:00:00,0,13.3,51.0,0.0,1665.42
2015-01-16 10:00:00,0,16.7,34.0,24.1,1750.0600000000002
2015-01-16 11:00:00,0,18.3,28.0,22.2,1871.86
2015-01-16 12:00:00,0,20.0,24.0,13.0,1975.8000000000004
2015-01-16 13:00:00,0,21.7,19.0,9.3,1997.1000000000001
2015-01-16 14:00:00,0,21.1,20.0,5.6,1981.81
2015-01-16 15:00:00,0,22.8,18.0,0.0,2051.76
2015-01-16 16:00:00,0,22.8,18.0,0.0,2055.5699999999997
2015-01-16 17:00:00,0,22.2,18.0,0.0,2066.37
2015-01-16 18:00:00,0,21.1,19.0,0.0,2126.21
2015-01-16 19:00:00,0,20.6,20.0,9.3,2128.72
2015-01-16 20:00:00,0,16.1,36.0,7.4,2067.1000000000004
2015-01-16 21:00:00,0,15.0,41.0,5.6,1936.15
2015-01-16 22:00:00,0,14.4,44.0,11.1,1886.9899999999998
2015-01-16 23:00:00,0,14.4,41.0,0.0,1794.7400000000002
2015-01-17 00:00:00,0,12.8,45.0,9.3,1733.7500000000002
2015-01-17 01:00:00,0,11.7,48.0,5.6,1677.81
2015-01-17 02:00:00,0,11.7,48.0,9.3,1595.01
2015-01-17 03:00:00,0,10.0,54.0,5.6,1546.8300000000004
2015-01-17 04:00:00,0,10.0,54.0,9.3,1481.3899999999999
2015-01-17 05:00:00,0,9.4,59.0,5.6,1458.68
2015-01-17 06:00:00,0,8.9,61.0,9.3,1448.49
2015-01-17 07:00:00,0,8.9,58.0,7.4,1477.6499999999999
2015-01-17 08:00:00,0,9.4,56.0,11.1,1473.46
2015-01-17 09:00:00,0,11.7,48.0,14.8,1477.46
2015-01-17 10:00:00,0,14.4,39.0,13.0,1556.37
2015-01-17 11:00:00,0,17.2,33.0,14.8,1739.33
2015-01-17 12:00:00,0,19.4,27.0,9.3,1771.94
2015-01-17 13:00:00,0,20.0,24.0,5.6,1934.2199999999998
2015-01-17 14:00:00,0,20.6,22.0,7.4,1961.5500000000004
2015-01-17 15:00:00,0,21.7,20.0,7.4,1938.3800000000003
2015-01-17 16:00:00,0,22.2,20.0,7.4,1977.42
2015-01-17 17:00:00,0,22.2,20.0,9.3,2043.61
2015-01-17 18:00:00,0,21.7,20.0,9.3,2073.6000000000004
2015-01-17 19:00:00,0,18.9,30.0,0.0,2057.2599999999998
2015-01-17 20:00:00,0,16.7,38.0,5.6,2036.1399999999999
2015-01-17 21:00:00,0,16.1,39.0,0.0,1911.6699999999998
2015-01-17 22:00:00,0,16.7,35.0,7.4,1879.92
2015-01-17 23:00:00,0,13.9,47.0,5.6,1787.7900000000004
2015-01-18 00:00:00,0,13.9,47.0,5.6,1730.6200000000001
2015-01-18 01:00:00,0,12.8,51.0,5.6,1657.42
2015-01-18 02:00:00,0,11.7,57.0,9.3,1585.6100000000001
2015-01-18 03:00:00,0,11.1,59.0,11.1,1510.89
2015-01-18 04:00:00,0,11.1,57.0,13.0,1457.7299999999998
2015-01-18 05:00:00,0,10.0,61.0,7.4,1423.13
2015-01-18 06:00:00,0,10.0,63.0,5.6,1435.88
2015-01-18 07:00:00,0,10.0,61.0,5.6,1452.6100000000001
2015-01-18 08:00:00,0,10.0,61.0,5.6,1457.0300000000002
2015-01-18 09:00:00,0,12.2,55.0,5.6,1477.32
2015-01-18 10:00:00,0,14.4,46.0,11.1,1585.7500000000002
2015-01-18 11:00:00,0,17.2,38.0,9.3,1583.6599999999999
2015-01-18 12:00:00,0,19.4,31.0,0.0,1711.2200000000003
2015-01-18 13:00:00,0,21.1,28.0,0.0,1908.4499999999998
2015-01-18 14:00:00,0,22.2,25.0,0.0,1922.78
2015-01-18 15:00:00,0,22.8,25.0,5.6,1896.7500000000002
2015-01-18 16:00:00,0,23.9,22.0,5.6,1965.97
2015-01-18 17:00:00,0,23.3,23.0,9.3,2033.25
2015-01-18 18:00:00,0,22.2,24.0,9.3,2036.5200000000004
2015-01-18 19:00:00,0,20.6,29.0,5.6,2018.81
2015-01-18 20:00:00,0,19.4,32.0,0.0,2043.3400000000001
2015-01-18 21:00:00,0,17.2,41.0,0.0,2079.99
2015-01-18 22:00:00,0,15.0,51.0,5.6,1906.9899999999996
2015-01-18 23:00:00,0,14.4,51.0,0.0,1844.49
2015-01-19 00:00:00,1,13.9,53.0,0.0,1772.72
2015-01-19 01:00:00,1,13.9,53.0,0.0,1688.24
2015-01-19 02:00:00,1,11.7,66.0,0.0,1606.5599999999997
2015-01-19 03:00:00,1,11.7,64.0,11.1,1536.2800000000002
2015-01-19 04:00:00,1,11.7,61.0,5.6,1473.84
2015-01-19 05:00:00,1,11.1,63.0,9.3,1457.2100000000003
2015-01-19 06:00:00,1,10.6,66.0,14.8,1486.96
2015-01-19 07:00:00,1,10.6,63.0,14.8,1486.59
2015-01-19 08:00:00,1,10.0,68.0,9.3,1475.03
2015-01-19 09:00:00,1,12.8,55.0,9.3,1517.2800000000002
2015-01-19 10:00:00,1,15.0,46.0,14.8,1539.46
2015-01-19 11:00:00,1,17.8,38.0,13.0,1648.2899999999995
2015-01-19 12:00:00,1,19.4,32.0,11.1,1767.2699999999998
2015-01-19 13:00:00,1,21.1,29.0,5.6,1911.9399999999998
2015-01-19 14:00:00,1,22.2,26.0,5.6,2005.16
2015-01-19 15:00:00,1,23.3,23.0,0.0,2051.06
2015-01-19 16:00:00,1,23.9,22.0,0.0,2119.11
2015-01-19 17:00:00,1,23.9,23.0,5.6,2155.44
2015-01-19 18:00:00,1,22.2,27.0,9.3,2241.9100000000003
2015-01-19 19:00:00,1,20.0,32.0,0.0,2279.9599999999996
2015-01-19 20:00:00,1,18.3,39.0,0.0,2271.8399999999997
2015-01-19 21:00:00,1,16.7,44.0,0.0,2222.65
2015-01-19 22:00:00,1,15.0,51.0,0.0,2133.48
2015-01-19 23:00:00,1,13.3,60.0,0.0,2069.63
2015-01-20 00:00:00,0,13.3,57.0,7.4,1887.0700000000002
2015-01-20 01:00:00,0,12.2,62.0,7.4,1722.37
2015-01-20 02:00:00,0,11.7,64.0,13.0,1583.7199999999998
2015-01-20 03:00:00,0,11.7,64.0,0.0,1501.0499999999997
2015-01-20 04:00:00,0,10.6,68.0,7.4,1450.66
2015-01-20 05:00:00,0,10.0,68.0,7.4,1463.0500000000002
2015-01-20 06:00:00,0,10.0,68.0,11.1,1529.5099999999998
2015-01-20 07:00:00,0,9.4,71.0,5.6,1574.7799999999997
2015-01-20 08:00:00,0,10.0,66.0,9.3,1648.99
2015-01-20 09:00:00,0,12.2,57.0,9.3,1617.53
2015-01-20 10:00:00,0,15.0,49.0,9.3,1703.6700000000003
2015-01-20 11:00:00,0,17.8,40.0,9.3,1728.41
2015-01-20 12:00:00,0,19.4,36.0,9.3,1795.8125000000002
2015-01-20 13:00:00,0,20.6,32.0,5.6,1896.6374999999998
2015-01-20 14:00:00,0,21.7,27.0,5.6,1908.4900000000002
2015-01-20 15:00:00,0,22.8,24.0,0.0,1913.88
2015-01-20 16:00:00,0,23.3,22.0,5.6,1973.87
2015-01-20 17:00:00,0,22.8,24.0,0.0,2101.31
2015-01-20 18:00:00,0,22.2,25.0,0.0,2188.7599999999998
2015-01-20 19:00:00,0,19.4,36.0,0.0,2261.5099999999998
2015-01-20 20:00:00,0,18.3,40.0,0.0,2261.5299999999993
2015-01-20 21:00:00,0,17.2,45.0,0.0,2205.89
2015-01-20 22:00:00,0,16.7,46.0,0.0,2078.49
2015-01-20 23:00:00,0,15.6,51.0,0.0,2048.39
2015-01-21 00:00:00,0,15.6,51.0,0.0,1778.62
2015-01-21 01:00:00,0,15.0,53.0,7.4,1716.8700000000001
2015-01-21 02:00:00,0,15.0,51.0,7.4,1594.33
2015-01-21 03:00:00,0,14.4,53.0,0.0,1492.9000000000003
2015-01-21 04:00:00,0,13.3,57.0,0.0,1463.3000000000002
2015-01-21 05:00:00,0,13.3,60.0,9.3,1481.71
2015-01-21 06:00:00,0,13.9,49.0,7.4,1523.4099999999999
2015-01-21 07:00:00,0,13.3,53.0,9.3,1603.14
2015-01-21 08:00:00,0,13.9,51.0,5.6,1638.8899999999999
2015-01-21 09:00:00,0,14.4,51.0,0.0,1663.42
2015-01-21 10:00:00,0,15.6,49.0,9.3,1718.54
2015-01-21 11:00:00,0,17.2,40.0,7.4,1790.1875
2015-01-21 12:00:00,0,18.9,34.0,7.4,1868.4
2015-01-21 13:00:00,0,19.4,32.0,0.0,1961.275
2015-01-21 14:00:00,0,20.6,30.0,9.3,1962.0300000000002
2015-01-21 15:00:00,0,21.7,28.0,5.6,1994.3199999999997
2015-01-21 16:00:00,0,22.8,27.0,0.0,2055.16
2015-01-21 17:00:00,0,21.7,27.0,31.5,2153.6699999999996
2015-01-21 18:00:00,0,20.6,31.0,25.9,2240.2100000000005
2015-01-21 19:00:00,0,18.9,30.0,22.2,2209.9500000000003
2015-01-21 20:00:00,0,18.3,33.0,11.1,2202.9500000000003
2015-01-21 21:00:00,0,17.2,33.0,13.0,2177.2
2015-01-21 22:00:00,0,17.2,31.0,14.8,2017.55
2015-01-21 23:00:00,0,16.7,31.0,14.8,1997.15
2015-01-22 00:00:00,0,15.0,35.0,0.0,1834.9500000000003
2015-01-22 01:00:00,0,13.3,40.0,0.0,1666.6200000000001
2015-01-22 02:00:00,0,10.6,52.0,5.6,1563.4
2015-01-22 03:00:00,0,9.4,54.0,11.1,1451.3200000000002
2015-01-22 04:00:00,0,11.1,43.0,0.0,1437.91
2015-01-22 05:00:00,0,14.4,17.0,27.8,1423.12
2015-01-22 06:00:00,0,13.9,18.0,18.5,1482.1599999999999
2015-01-22 07:00:00,0,11.1,23.0,14.8,1535.7
2015-01-22 08:00:00,0,11.1,22.0,7.4,1638.0100000000002
2015-01-22 09:00:00,0,12.8,17.0,16.7,1618.6500000000003
2015-01-22 10:00:00,0,13.3,14.0,31.5,1699.87
2015-01-22 11:00:00,0,13.9,13.0,27.8,1719.2900000000002
2015-01-22 12:00:00,0,14.4,13.0,18.5,1721.0125000000003
2015-01-22 13:00:00,0,15.6,12.0,18.5,1822.9225
2015-01-22 14:00:00,0,16.7,12.0,16.7,1887.0999999999997
2015-01-22 15:00:00,0,17.2,13.0,18.5,1915.2300000000002
2015-01-22 16:00:00,0,18.3,10.0,20.4,1613.0499999999997
2015-01-22 17:00:00,0,18.3,9.0,18.5,2034.7400000000002
2015-01-22 18:00:00,0,17.2,12.0,18.5,2084.0899999999997
2015-01-22 19:00:00,0,16.1,15.0,18.5,2133.8100000000004
2015-01-22 20:00:00,0,15.6,18.0,22.2,2129.2400000000002
2015-01-22 21:00:00,0,15.0,20.0,24.1,2081.42
2015-01-22 22:00:00,0,13.9,23.0,16.7,2021.1899999999998
2015-01-22 23:00:00,0,12.8,25.0,14.8,1963.05
2015-01-23 00:00:00,0,12.2,26.0,5.6,1853.7500000000002
2015-01-23 01:00:00,0,11.1,30.0,7.4,1743.59
2015-01-23 02:00:00,0,10.0,32.0,7.4,1586.31
2015-01-23 03:00:00,0,8.9,36.0,7.4,1489.23
2015-01-23 04:00:00,0,8.3,37.0,7.4,1452.9
2015-01-23 05:00:00,0,7.2,42.0,9.3,1460.84
2015-01-23 06:00:00,0,7.2,42.0,7.4,1504.14
2015-01-23 07:00:00,0,7.2,39.0,9.3,1574.08
2015-01-23 08:00:00,0,7.2,39.0,7.4,1623.6100000000001
2015-01-23 09:00:00,0,10.0,29.0,11.1,1670.95
2015-01-23 10:00:00,0,12.2,29.0,13.0,1698.98
2015-01-23 11:00:00,0,13.3,27.0,9.3,1807.7250000000001
2015-01-23 12:00:00,0,13.9,25.0,5.6,1884.8
2015-01-23 13:00:00,0,15.0,21.0,0.0,1957.4199999999998
2015-01-23 14:00:00,0,16.1,19.0,7.4,2014.98
2015-01-23 15:00:00,0,16.7,18.0,7.4,2050.6799999999994
2015-01-23 16:00:00,0,17.2,17.0,7.4,1938.53
2015-01-23 17:00:00,0,16.7,18.0,9.3,2090.35
2015-01-23 18:00:00,0,16.1,17.0,7.4,2106.0800000000004
2015-01-23 19:00:00,0,16.1,18.0,9.3,2074.77
2015-01-23 20:00:00,0,16.1,17.0,9.3,2042.04
2015-01-23 21:00:00,0,15.0,19.0,7.4,1960.0400000000002
2015-01-23 22:00:00,0,12.8,27.0,0.0,1900.9800000000002
2015-01-23 23:00:00,0,11.7,32.0,13.0,1848.05
2015-01-24 00:00:00,0,12.2,31.0,0.0,1816.3600000000001
2015-01-24 01:00:00,0,11.1,35.0,5.6,1712.9000000000003
2015-01-24 02:00:00,0,12.2,29.0,9.3,1636.74
2015-01-24 03:00:00,0,13.3,25.0,7.4,1544.29
2015-01-24 04:00:00,0,14.4,22.0,14.8,1496.7400000000002
2015-01-24 05:00:00,0,14.4,21.0,24.1,1470.1299999999999
2015-01-24 06:00:00,0,13.3,24.0,22.2,1477.98
2015-01-24 07:00:00,0,13.3,23.0,16.7,1519.78
2015-01-24 08:00:00,0,13.3,23.0,22.2,1513.36
2015-01-24 09:00:00,0,15.0,20.0,18.5,1518.75
2015-01-24 10:00:00,0,17.2,16.0,20.4,1566.1699999999998
2015-01-24 11:00:00,0,18.9,16.0,24.1,1700.19
2015-01-24 12:00:00,0,20.6,14.0,27.8,1818.36
2015-01-24 13:00:00,0,22.2,11.0,25.9,1922.55
2015-01-24 14:00:00,0,23.3,9.0,35.2,2001.48
2015-01-24 15:00:00,0,23.9,9.0,18.5,2021.01
2015-01-24 16:00:00,0,23.9,9.0,7.4,2085.11
2015-01-24 17:00:00,0,23.9,9.0,14.8,2118.0800000000004
2015-01-24 18:00:00,0,23.3,10.0,0.0,2159.45
2015-01-24 19:00:00,0,19.4,15.0,0.0,2072.7799999999997
2015-01-24 20:00:00,0,17.8,18.0,0.0,2063.19
2015-01-24 21:00:00,0,16.7,21.0,9.3,1946.5900000000001
2015-01-24 22:00:00,0,16.7,21.0,5.6,1908.58
2015-01-24 23:00:00,0,15.6,25.0,13.0,1862.06
2015-01-25 00:00:00,0,16.1,20.0,7.4,1787.7499999999998
2015-01-25 01:00:00,0,13.9,25.0,0.0,1735.8
2015-01-25 02:00:00,0,12.8,29.0,0.0,1605.32
2015-01-25 03:00:00,0,13.3,25.0,5.6,1532.5900000000001
2015-01-25 04:00:00,0,11.1,35.0,0.0,1485.07
2015-01-25 05:00:00,0,10.0,39.0,0.0,1458.9100000000003
2015-01-25 06:00:00,0,10.6,36.0,0.0,1438.88
2015-01-25 07:00:00,0,11.7,30.0,13.0,1453.7200000000003
2015-01-25 08:00:00,0,11.7,31.0,9.3,1468.46
2015-01-25 09:00:00,0,11.7,30.0,11.1,1525.5000000000002
2015-01-25 10:00:00,0,16.1,24.0,9.3,1595.1299999999997
2015-01-25 11:00:00,0,19.4,19.0,14.8,1681.26
2015-01-25 12:00:00,0,21.7,15.0,18.5,1782.02
2015-01-25 13:00:00,0,23.3,15.0,7.4,1909.48
2015-01-25 14:00:00,0,23.9,14.0,0.0,2021.6700000000003
2015-01-25 15:00:00,0,24.4,14.0,7.4,2092.21
2015-01-25 16:00:00,0,23.9,13.0,11.1,2121.55
2015-01-25 17:00:00,0,23.3,15.0,7.4,2135.27
2015-01-25 18:00:00,0,22.2,16.0,0.0,2203.9100000000003
2015-01-25 19:00:00,0,19.4,21.0,7.4,2269.1899999999996
2015-01-25 20:00:00,0,17.2,28.0,5.6,2233.7700000000004
2015-01-25 21:00:00,0,16.1,31.0,0.0,2099.66
2015-01-25 22:00:00,0,13.3,40.0,9.3,2130.4399999999996
2015-01-25 23:00:00,0,13.9,36.0,5.6,2026.1
2015-01-26 00:00:00,0,13.9,37.0,0.0,1898.84
2015-01-26 01:00:00,0,13.3,39.0,5.6,1753.94
2015-01-26 02:00:00,0,12.2,45.0,5.6,1611.01
2015-01-26 03:00:00,0,13.3,37.0,7.4,1507.1200000000001
2015-01-26 04:00:00,0,13.9,37.0,9.3,1432.18
2015-01-26 05:00:00,0,13.3,39.0,13.0,1429.83
2015-01-26 06:00:00,0,13.9,34.0,0.0,1496.0299999999997
2015-01-26 07:00:00,0,13.9,36.0,0.0,1576.2699999999998
2015-01-26 08:00:00,0,12.2,45.0,0.0,1656.43
2015-01-26 09:00:00,0,14.4,36.0,11.1,1695.9900000000002
2015-01-26 10:00:00,0,16.1,32.0,9.3,1759.1200000000001
2015-01-26 11:00:00,0,18.9,26.0,0.0,1869.2299999999998
2015-01-26 12:00:00,0,20.0,21.0,0.0,1969.55
2015-01-26 13:00:00,0,21.1,18.0,0.0,2024.0999999999997
2015-01-26 14:00:00,0,21.1,18.0,5.6,2029.5100000000004
2015-01-26 15:00:00,0,20.6,22.0,7.4,1999.1500000000003
2015-01-26 16:00:00,0,20.6,22.0,7.4,1985.6700000000003
2015-01-26 17:00:00,0,19.4,25.0,11.1,2087.11
2015-01-26 18:00:00,0,19.4,24.0,7.4,2163.2400000000002
2015-01-26 19:00:00,0,17.8,31.0,5.6,2228.75
2015-01-26 20:00:00,0,17.2,37.0,0.0,2222.4599999999996
2015-01-26 21:00:00,0,16.1,56.0,5.6,2240.08
2015-01-26 22:00:00,0,15.6,60.0,11.1,2172.1299999999997
2015-01-26 23:00:00,0,15.0,67.0,9.3,2007.1200000000003
2015-01-27 00:00:00,0,13.9,74.0,0.0,1884.7
2015-01-27 01:00:00,0,14.4,72.0,7.4,1753.53
2015-01-27 02:00:00,0,14.4,72.0,7.4,1582.4399999999998
2015-01-27 03:00:00,0,13.9,77.0,7.4,1515.73
2015-01-27 04:00:00,0,13.3,80.0,5.6,1486.4500000000003
2015-01-27 05:00:00,0,13.9,77.0,9.3,1467.8500000000001
2015-01-27 06:00:00,0,11.7,89.0,7.4,1503.8000000000002
2015-01-27 07:00:00,0,12.8,83.0,0.0,1557.1799999999998
2015-01-27 08:00:00,0,13.3,84.0,0.0,1618.6699999999998
2015-01-27 09:00:00,0,14.4,81.0,0.0,1660.7399999999998
2015-01-27 10:00:00,0,15.0,75.0,9.3,1745.78
2015-01-27 11:00:00,0,15.6,72.0,9.3,1791.46
2015-01-27 12:00:00,0,17.8,58.0,7.4,1886.61
2015-01-27 13:00:00,0,20.6,45.0,14.8,1901.28
2015-01-27 14:00:00,0,21.7,42.0,9.3,1906.8899999999999
2015-01-27 15:00:00,0,22.8,39.0,7.4,1967.22
2015-01-27 16:00:00,0,22.2,43.0,0.0,2002.6599999999999
2015-01-27 17:00:00,0,22.8,41.0,0.0,2091.8399999999997
2015-01-27 18:00:00,0,22.2,44.0,0.0,2142.1100000000006
2015-01-27 19:00:00,0,20.0,52.0,5.6,2160.8400000000006
2015-01-27 20:00:00,0,19.4,54.0,5.6,2182.21
2015-01-27 21:00:00,0,17.2,63.0,5.6,2229.08
2015-01-27 22:00:00,0,17.2,63.0,0.0,2151.02
2015-01-27 23:00:00,0,17.2,63.0,0.0,2029.01
2015-01-28 00:00:00,0,16.1,70.0,0.0,1883.76
2015-01-28 01:00:00,0,16.1,67.0,5.6,1735.1999999999998
2015-01-28 02:00:00,0,13.9,77.0,9.3,1601.6200000000001
2015-01-28 03:00:00,0,13.9,81.0,0.0,1489.1399999999999
2015-01-28 04:00:00,0,12.2,86.0,0.0,1448.1000000000001
2015-01-28 05:00:00,0,13.3,80.0,5.6,1452.45
2015-01-28 06:00:00,0,11.7,86.0,0.0,1511.5700000000002
2015-01-28 07:00:00,0,11.7,86.0,11.1,1551.25
2015-01-28 08:00:00,0,11.1,89.0,5.6,1608.7800000000002
2015-01-28 09:00:00,0,15.0,72.0,5.6,1627.19
2015-01-28 10:00:00,0,16.7,62.0,7.4,1668.83
2015-01-28 11:00:00,0,19.4,54.0,11.1,1786.6299999999999
2015-01-28 12:00:00,0,21.1,46.0,9.3,1867.25
2015-01-28 13:00:00,0,21.7,44.0,5.6,1963.17
2015-01-28 14:00:00,0,22.8,41.0,7.4,1909.1399999999999
2015-01-28 15:00:00,0,23.3,40.0,11.1,1977.2800000000002
2015-01-28 16:00:00,0,23.3,38.0,9.3,2070.98
2015-01-28 17:00:00,0,22.8,41.0,14.8,2083.0899999999997
2015-01-28 18:00:00,0,22.8,38.0,13.0,2147.2999999999997
2015-01-28 19:00:00,0,20.6,54.0,11.1,2191.4100000000003
2015-01-28 20:00:00,0,20.0,56.0,11.1,2140.81
2015-01-28 21:00:00,0,18.3,63.0,7.4,2204.44
2015-01-28 22:00:00,0,19.4,57.0,9.3,2158.64
2015-01-28 23:00:00,0,18.3,61.0,7.4,2061.2200000000003
2015-01-29 00:00:00,0,17.8,63.0,0.0,1976.61
2015-01-29 01:00:00,0,17.2,63.0,0.0,1817.5800000000004
2015-01-29 02:00:00,0,17.2,65.0,0.0,1652.6599999999999
2015-01-29 03:00:00,0,16.1,70.0,5.6,1511.9199999999998
2015-01-29 04:00:00,0,15.0,75.0,0.0,1462.4599999999998
2015-01-29 05:00:00,0,15.0,75.0,7.4,1457.4
2015-01-29 06:00:00,0,15.0,75.0,5.6,1504.07
2015-01-29 07:00:00,0,15.0,75.0,0.0,1553.3
2015-01-29 08:00:00,0,15.0,75.0,7.4,1641.0000000000002
2015-01-29 09:00:00,0,16.1,60.0,7.4,1655.9000000000003
2015-01-29 10:00:00,0,17.8,52.0,0.0,1708.1000000000001
2015-01-29 11:00:00,0,18.9,50.0,0.0,1813.8899999999999
2015-01-29 12:00:00,0,19.4,49.0,5.6,1914.88
2015-01-29 13:00:00,0,20.0,40.0,9.3,1935.11
2015-01-29 14:00:00,0,20.6,40.0,0.0,1950.3100000000002
2015-01-29 15:00:00,0,21.7,38.0,9.3,1983.3499999999997
2015-01-29 16:00:00,0,21.1,46.0,11.1,2072.2200000000003
2015-01-29 17:00:00,0,19.4,66.0,9.3,2074.63
2015-01-29 18:00:00,0,17.2,75.0,7.4,2087.35
2015-01-29 19:00:00,0,16.7,84.0,9.3,2020.6599999999999
2015-01-29 20:00:00,0,16.1,90.0,7.4,2041.63
2015-01-29 21:00:00,0,15.6,90.0,0.0,2066.86
2015-01-29 22:00:00,0,15.6,90.0,0.0,1963.9199999999998
2015-01-29 23:00:00,0,15.6,90.0,5.6,1899.77
2015-01-30 00:00:00,0,15.0,90.0,0.0,1753.8600000000001
2015-01-30 01:00:00,0,15.0,93.0,5.6,1755.0500000000002
2015-01-30 02:00:00,0,15.0,93.0,11.1,1627.1499999999999
2015-01-30 03:00:00,0,15.0,93.0,9.3,1493.7699999999998
2015-01-30 04:00:00,0,14.4,90.0,16.7,1472.7599999999998
2015-01-30 05:00:00,0,14.4,93.0,11.1,1462.08
2015-01-30 06:00:00,0,14.4,93.0,14.8,1505.23
2015-01-30 07:00:00,0,14.4,90.0,16.7,1546.3100000000002
2015-01-30 08:00:00,0,14.4,93.0,11.1,1635.11
2015-01-30 09:00:00,0,13.9,96.0,18.5,1683.6399999999999
2015-01-30 10:00:00,0,13.9,96.0,13.0,1793.78
2015-01-30 11:00:00,0,13.9,93.0,16.7,1884.8200000000002
2015-01-30 12:00:00,0,13.9,96.0,14.8,1951.1699999999998
2015-01-30 13:00:00,0,13.9,96.0,11.1,2053.22
2015-01-30 14:00:00,0,14.4,97.0,9.3,2064.56
2015-01-30 15:00:00,0,14.4,97.0,7.4,2015.4199999999998
2015-01-30 16:00:00,0,15.0,90.0,7.4,2107.08
2015-01-30 17:00:00,0,15.0,90.0,11.1,2073.4700000000003
2015-01-30 18:00:00,0,13.9,93.0,16.7,2051.8599999999997
2015-01-30 19:00:00,0,13.9,89.0,13.0,2032.6899999999998
2015-01-30 20:00:00,0,13.9,89.0,9.3,2013.7000000000003
2015-01-30 21:00:00,0,13.9,89.0,14.8,1639.5400000000002
2015-01-30 22:00:00,0,13.3,93.0,13.0,1847.3550000000005
2015-01-30 23:00:00,0,12.8,93.0,5.6,1784.3725000000002
2015-01-31 00:00:00,0,13.3,90.0,9.3,1798.8925000000002
2015-01-31 01:00:00,0,13.3,90.0,0.0,1694.92
2015-01-31 02:00:00,0,13.3,90.0,7.4,1602.4275
2015-01-31 03:00:00,0,13.3,90.0,7.4,1536.0700000000002
2015-01-31 04:00:00,0,13.3,90.0,7.4,1331.86
2015-01-31 05:00:00,0,13.3,90.0,7.4,1468.93
2015-01-31 06:00:00,0,12.8,93.0,0.0,1460.7900000000002
2015-01-31 07:00:00,0,12.8,93.0,0.0,1481.08
2015-01-31 08:00:00,0,12.8,93.0,0.0,1502.58
2015-01-31 09:00:00,0,13.9,89.0,0.0,1476.6000000000001
2015-01-31 10:00:00,0,13.9,89.0,0.0,1652.03
2015-01-31 11:00:00,0,13.9,87.0,11.1,1711.6199999999994
2015-01-31 12:00:00,0,13.9,89.0,0.0,1801.14
2015-01-31 13:00:00,0,14.4,87.0,0.0,1915.1799999999996
2015-01-31 14:00:00,0,15.0,83.0,5.6,1939.2299999999998
2015-01-31 15:00:00,0,15.0,87.0,7.4,1943.42
2015-01-31 16:00:00,0,15.0,83.0,11.1,1886.3500000000001
2015-01-31 17:00:00,0,15.0,78.0,13.0,1899.35
2015-01-31 18:00:00,0,14.4,84.0,0.0,1924.0100000000002
2015-01-31 19:00:00,0,13.9,87.0,7.4,1932.81
2015-01-31 20:00:00,0,13.9,87.0,0.0,1918.3399999999997
2015-01-31 21:00:00,0,13.3,90.0,5.6,1868.0800000000002
2015-01-31 22:00:00,0,12.8,89.0,0.0,1905.8200000000002
2015-01-31 23:00:00,0,12.2,93.0,0.0,1823.8500000000001
2015-02-01 00:00:00,0,12.8,89.0,5.6,1685.3599999999997
2015-02-01 01:00:00,0,11.7,93.0,0.0,1600.36
2015-02-01 02:00:00,0,11.1,93.0,5.6,1617.8300000000002
2015-02-01 03:00:00,0,11.1,93.0,5.6,1531.0500000000002
2015-02-01 04:00:00,0,10.0,96.0,0.0,1470.93
2015-02-01 05:00:00,0,10.6,92.0,5.6,1456.4999999999998
2015-02-01 06:00:00,0,10.6,100.0,5.6,1418.7399999999998
2015-02-01 07:00:00,0,10.6,100.0,0.0,1441.72
2015-02-01 08:00:00,0,10.6,100.0,5.6,1439.94
2015-02-01 09:00:00,0,11.1,100.0,0.0,1505.59
2015-02-01 10:00:00,0,11.1,100.0,0.0,1542.84
2015-02-01 11:00:00,0,11.7,96.0,0.0,1559.82
2015-02-01 12:00:00,0,13.3,90.0,7.4,1675.98
2015-02-01 13:00:00,0,15.6,78.0,9.3,1695.8600000000001
2015-02-01 14:00:00,0,17.8,63.0,7.4,1884.99
2015-02-01 15:00:00,0,19.4,49.0,7.4,1879.8500000000004
2015-02-01 16:00:00,0,20.0,47.0,0.0,1834.5199999999998
2015-02-01 17:00:00,0,20.0,43.0,7.4,1792.0199999999998
2015-02-01 18:00:00,0,19.4,45.0,9.3,1911.8200000000002
2015-02-01 19:00:00,0,17.2,67.0,7.4,1931.9499999999998
2015-02-01 20:00:00,0,16.1,67.0,0.0,2001.6000000000001
2015-02-01 21:00:00,0,15.0,69.0,9.3,2027.84
2015-02-01 22:00:00,0,13.9,81.0,9.3,2016.7400000000005
2015-02-01 23:00:00,0,13.3,80.0,14.8,1965.35
2015-02-02 00:00:00,0,12.8,86.0,14.8,1836.6500000000003
2015-02-02 01:00:00,0,12.2,86.0,11.1,1696.98
2015-02-02 02:00:00,0,12.2,86.0,13.0,1605.07
2015-02-02 03:00:00,0,11.1,93.0,7.4,1513.3
2015-02-02 04:00:00,0,11.1,89.0,0.0,1431.9600000000003
2015-02-02 05:00:00,0,10.0,93.0,7.4,1408.85
2015-02-02 06:00:00,0,10.6,89.0,7.4,1503.7399999999998
2015-02-02 07:00:00,0,9.4,93.0,5.6,1544.2500000000002
2015-02-02 08:00:00,0,10.0,86.0,14.8,1497.26
2015-02-02 09:00:00,0,11.7,71.0,11.1,1594.01
2015-02-02 10:00:00,0,13.9,59.0,11.1,1650.29
2015-02-02 11:00:00,0,16.7,50.0,9.3,1753.07
2015-02-02 12:00:00,0,18.9,37.0,7.4,1844.0999999999997
2015-02-02 13:00:00,0,20.0,33.0,0.0,2011.9899999999998
2015-02-02 14:00:00,0,21.1,27.0,0.0,1943.6
2015-02-02 15:00:00,0,22.2,26.0,7.4,1926.87
2015-02-02 16:00:00,0,22.8,25.0,9.3,2014.8
2015-02-02 17:00:00,0,22.8,27.0,5.6,2124.72
2015-02-02 18:00:00,0,22.2,25.0,9.3,2208.73
2015-02-02 19:00:00,0,21.1,29.0,11.1,2241.07
2015-02-02 20:00:00,0,17.2,52.0,0.0,2270.73
2015-02-02 21:00:00,0,16.7,56.0,5.6,2185.6099999999997
2015-02-02 22:00:00,0,15.6,62.0,0.0,2107.1
2015-02-02 23:00:00,0,15.0,67.0,0.0,2057.4199999999996
2015-02-03 00:00:00,0,13.3,72.0,0.0,1929.3199999999997
2015-02-03 01:00:00,0,13.3,72.0,5.6,1771.41
2015-02-03 02:00:00,0,12.8,72.0,5.6,1599.2000000000003
2015-02-03 03:00:00,0,12.2,75.0,9.3,1516.6100000000001
2015-02-03 04:00:00,0,11.7,77.0,5.6,1468.52
2015-02-03 05:00:00,0,11.7,74.0,0.0,1447.47
2015-02-03 06:00:00,0,11.1,77.0,11.1,1492.33
2015-02-03 07:00:00,0,11.1,80.0,13.0,1556.69
2015-02-03 08:00:00,0,11.1,77.0,11.1,1586.08
2015-02-03 09:00:00,0,13.3,72.0,9.3,1609.7100000000003
2015-02-03 10:00:00,0,15.6,62.0,13.0,1673.2700000000002
2015-02-03 11:00:00,0,18.3,50.0,5.6,1722.85
2015-02-03 12:00:00,0,19.4,44.0,5.6,1792.0800000000004
2015-02-03 13:00:00,0,21.1,41.0,9.3,1884.91
2015-02-03 14:00:00,0,22.8,37.0,7.4,1865.3799999999999
2015-02-03 15:00:00,0,23.3,34.0,5.6,1971.5800000000002
2015-02-03 16:00:00,0,23.9,31.0,0.0,2016.42
2015-02-03 17:00:00,0,23.9,33.0,11.1,2078.83
2015-02-03 18:00:00,0,22.8,38.0,9.3,2186.3499999999995
2015-02-03 19:00:00,0,20.0,52.0,7.4,2151.94
2015-02-03 20:00:00,0,19.4,52.0,0.0,2189.95
2015-02-03 21:00:00,0,19.4,49.0,0.0,2185.8999999999996
2015-02-03 22:00:00,0,17.2,65.0,9.3,2068.85
2015-02-03 23:00:00,0,16.1,70.0,9.3,2032.81
2015-02-04 00:00:00,0,15.0,72.0,11.1,1867.5799999999997
2015-02-04 01:00:00,0,14.4,72.0,7.4,1761.4800000000002
2015-02-04 02:00:00,0,13.3,77.0,13.0,1641.0900000000001
2015-02-04 03:00:00,0,12.8,80.0,11.1,1537.5899999999997
2015-02-04 04:00:00,0,12.2,80.0,7.4,1478.3999999999999
2015-02-04 05:00:00,0,12.2,77.0,5.6,1465.98
2015-02-04 06:00:00,0,12.2,77.0,9.3,1502.5699999999995
2015-02-04 07:00:00,0,11.7,80.0,11.1,1526.8999999999999
2015-02-04 08:00:00,0,11.7,80.0,13.0,1587.56
2015-02-04 09:00:00,0,14.4,65.0,11.1,1627.94
2015-02-04 10:00:00,0,16.7,58.0,14.8,1700.9799999999998
2015-02-04 11:00:00,0,18.3,54.0,9.3,1813.19
2015-02-04 12:00:00,0,20.0,49.0,5.6,1792.3099999999997
2015-02-04 13:00:00,0,22.2,41.0,0.0,1921.3999999999999
2015-02-04 14:00:00,0,23.3,35.0,5.6,1964.8999999999999
2015-02-04 15:00:00,0,24.4,32.0,0.0,1983.88
2015-02-04 16:00:00,0,25.0,33.0,11.1,2063.4600000000005
2015-02-04 17:00:00,0,24.4,32.0,7.4,2132.89
2015-02-04 18:00:00,0,23.9,36.0,7.4,2199.53
2015-02-04 19:00:00,0,23.3,38.0,7.4,2249.5099999999998
2015-02-04 20:00:00,0,20.6,49.0,0.0,2243.56
2015-02-04 21:00:00,0,19.4,52.0,0.0,2245.7099999999996
2015-02-04 22:00:00,0,18.3,56.0,0.0,2148.6800000000003
2015-02-04 23:00:00,0,16.1,67.0,13.0,2047.3999999999999
2015-02-05 00:00:00,0,15.6,69.0,7.4,1918.77
2015-02-05 01:00:00,0,15.0,67.0,9.3,1789.1799999999998
2015-02-05 02:00:00,0,15.0,67.0,11.1,1622.6600000000003
2015-02-05 03:00:00,0,13.9,72.0,0.0,1541.8099999999997
2015-02-05 04:00:00,0,13.3,75.0,5.6,1494.8500000000001
2015-02-05 05:00:00,0,13.3,72.0,7.4,1483.6599999999999
2015-02-05 06:00:00,0,12.2,80.0,11.1,1507.94
2015-02-05 07:00:00,0,11.7,83.0,7.4,1562.8900000000003
2015-02-05 08:00:00,0,11.7,80.0,5.6,1634.6
2015-02-05 09:00:00,0,14.4,65.0,5.6,1657.6000000000004
2015-02-05 10:00:00,0,17.8,48.0,11.1,1731.13
2015-02-05 11:00:00,0,20.0,42.0,7.4,1775.07
2015-02-05 12:00:00,0,22.8,31.0,16.7,1772.9
2015-02-05 13:00:00,0,25.0,26.0,14.8,1923.57
2015-02-05 14:00:00,0,25.6,27.0,7.4,1955.3300000000002
2015-02-05 15:00:00,0,26.7,23.0,5.6,2017.4799999999998
2015-02-05 16:00:00,0,27.2,20.0,0.0,2068.2400000000002
2015-02-05 17:00:00,0,27.8,18.0,0.0,2099.41
2015-02-05 18:00:00,0,27.2,19.0,0.0,2170.94
2015-02-05 19:00:00,0,22.8,34.0,9.3,2183.45
2015-02-05 20:00:00,0,21.7,36.0,5.6,2258.2599999999998
2015-02-05 21:00:00,0,18.3,54.0,9.3,2261.8199999999997
2015-02-05 22:00:00,0,18.9,47.0,0.0,2148.85
2015-02-05 23:00:00,0,17.8,50.0,5.6,2086.77
2015-02-06 00:00:00,0,16.1,62.0,5.6,1907.7900000000002
2015-02-06 01:00:00,0,15.6,62.0,7.4,1736.35
2015-02-06 02:00:00,0,15.0,55.0,11.1,1617.01
2015-02-06 03:00:00,0,15.6,49.0,9.3,1535.92
2015-02-06 04:00:00,0,15.0,58.0,9.3,1477.69
2015-02-06 05:00:00,0,13.9,64.0,7.4,1468.25
2015-02-06 06:00:00,0,13.9,57.0,9.3,1497.0499999999997
2015-02-06 07:00:00,0,12.8,64.0,7.4,1573.9
2015-02-06 08:00:00,0,13.9,53.0,9.3,1616.45
2015-02-06 09:00:00,0,17.2,40.0,7.4,1634.3100000000002
2015-02-06 10:00:00,0,19.4,32.0,14.8,1772.64
2015-02-06 11:00:00,0,21.7,30.0,7.4,1835.4799999999998
2015-02-06 12:00:00,0,23.3,25.0,7.4,1970.5200000000002
2015-02-06 13:00:00,0,25.6,22.0,5.6,2060.08
2015-02-06 14:00:00,0,27.2,20.0,0.0,2086.64
2015-02-06 15:00:00,0,27.8,19.0,0.0,2082.73
2015-02-06 16:00:00,0,28.3,19.0,0.0,2160.88
2015-02-06 17:00:00,0,28.3,18.0,0.0,2188.3599999999997
2015-02-06 18:00:00,0,26.7,25.0,5.6,2165.01
2015-02-06 19:00:00,0,23.3,37.0,7.4,2158.33
2015-02-06 20:00:00,0,22.2,40.0,5.6,2121.56
2015-02-06 21:00:00,0,21.7,41.0,0.0,2069.18
2015-02-06 22:00:00,0,21.1,42.0,0.0,2037.0700000000002
2015-02-06 23:00:00,0,17.8,58.0,9.3,1996.82
2015-02-07 00:00:00,0,16.7,58.0,5.6,1897.96
2015-02-07 01:00:00,0,16.1,56.0,11.1,1765.25
2015-02-07 02:00:00,0,16.1,56.0,7.4,1638.1999999999998
2015-02-07 03:00:00,0,14.4,67.0,0.0,1585.0600000000002
2015-02-07 04:00:00,0,13.9,69.0,0.0,1528.21
2015-02-07 05:00:00,0,13.9,64.0,7.4,1498.9899999999998
2015-02-07 06:00:00,0,12.2,66.0,9.3,1484.09
2015-02-07 07:00:00,0,12.2,64.0,11.1,1493.78
2015-02-07 08:00:00,0,12.8,59.0,7.4,1498.9500000000003
2015-02-07 09:00:00,0,15.6,49.0,11.1,1530.23
2015-02-07 10:00:00,0,18.3,43.0,11.1,1580.1899999999998
2015-02-07 11:00:00,0,20.6,38.0,7.4,1710.59
2015-02-07 12:00:00,0,22.2,34.0,0.0,1783.9799999999998
2015-02-07 13:00:00,0,24.4,31.0,0.0,1903.3199999999995
2015-02-07 14:00:00,0,25.6,27.0,5.6,1931.28
2015-02-07 15:00:00,0,27.2,22.0,5.6,1919.4899999999998
2015-02-07 16:00:00,0,26.7,23.0,9.3,1969.3
2015-02-07 17:00:00,0,26.7,21.0,7.4,2026.4600000000003
2015-02-07 18:00:00,0,25.6,24.0,0.0,2076.42
2015-02-07 19:00:00,0,22.8,34.0,7.4,2142.5
2015-02-07 20:00:00,0,21.7,39.0,0.0,2091.5299999999997
2015-02-07 21:00:00,0,20.6,42.0,0.0,2060.1
2015-02-07 22:00:00,0,18.9,43.0,9.3,1986.55
2015-02-07 23:00:00,0,17.2,52.0,11.1,1941.58
2015-02-08 00:00:00,0,16.7,53.0,11.1,1856.2699999999998
2015-02-08 01:00:00,0,15.6,57.0,14.8,1762.4399999999998
2015-02-08 02:00:00,0,15.6,55.0,11.1,1699.8600000000001
2015-02-08 03:00:00,0,14.4,60.0,11.1,1607.6699999999998
2015-02-08 04:00:00,0,13.9,62.0,9.3,1525.6
2015-02-08 05:00:00,0,13.9,59.0,9.3,1484.85
2015-02-08 06:00:00,0,13.3,64.0,9.3,1454.8700000000001
2015-02-08 07:00:00,0,13.3,62.0,9.3,1479.74
2015-02-08 08:00:00,0,13.0,63.0,5.6,1460.69
2015-02-08 09:00:00,0,16.1,48.0,9.3,1504.4800000000002
2015-02-08 10:00:00,0,18.9,40.0,7.4,1600.5100000000004
2015-02-08 11:00:00,0,20.6,35.0,0.0,1659.2099999999998
2015-02-08 12:00:00,0,22.8,30.0,11.1,1776.63
2015-02-08 13:00:00,0,24.4,26.0,0.0,1920.49
2015-02-08 14:00:00,0,25.0,23.0,0.0,2001.2600000000002
2015-02-08 15:00:00,0,26.1,21.0,0.0,2036.2999999999997
2015-02-08 16:00:00,0,26.7,20.0,9.3,2048.7200000000003
2015-02-08 17:00:00,0,27.2,21.0,9.3,2112.7100000000005
2015-02-08 18:00:00,0,26.7,17.0,13.0,2160.58
2015-02-08 19:00:00,0,26.1,19.0,5.6,2220.0499999999997
2015-02-08 20:00:00,0,22.8,28.0,0.0,2205.5
2015-02-08 21:00:00,0,20.6,35.0,0.0,2251.8500000000004
2015-02-08 22:00:00,0,19.4,40.0,0.0,2246.19
2015-02-08 23:00:00,0,18.9,45.0,7.4,2164.0699999999997
2015-02-09 00:00:00,0,17.2,52.0,11.1,1984.4499999999996
2015-02-09 01:00:00,0,16.1,60.0,9.3,1819.0900000000001
2015-02-09 02:00:00,0,15.6,60.0,9.3,1648.07
2015-02-09 03:00:00,0,15.6,57.0,5.6,1547.92
2015-02-09 04:00:00,0,15.0,60.0,7.4,1489.46
2015-02-09 05:00:00,0,14.4,62.0,7.4,1490.7
2015-02-09 06:00:00,0,13.3,69.0,9.3,1515.56
2015-02-09 07:00:00,0,13.3,67.0,14.8,1561.7599999999998
2015-02-09 08:00:00,0,14.4,62.0,13.0,1597.58
2015-02-09 09:00:00,0,16.1,56.0,14.8,1663.4900000000002
2015-02-09 10:00:00,0,18.3,48.0,13.0,1739.8000000000002
2015-02-09 11:00:00,0,21.1,39.0,9.3,1791.1200000000001
2015-02-09 12:00:00,0,22.8,35.0,0.0,1862.35
2015-02-09 13:00:00,0,23.9,31.0,0.0,2001.34
2015-02-09 14:00:00,0,25.6,27.0,7.4,2012.81
2015-02-09 15:00:00,0,26.7,26.0,7.4,2010.8500000000004
2015-02-09 16:00:00,0,27.8,23.0,9.3,2036.0299999999997
2015-02-09 17:00:00,0,28.3,23.0,5.6,2063.52
2015-02-09 18:00:00,0,27.2,25.0,7.4,2209.17
2015-02-09 19:00:00,0,24.4,32.0,7.4,2249.6099999999997
2015-02-09 20:00:00,0,22.8,37.0,0.0,2308.3000000000006
2015-02-09 21:00:00,0,22.2,37.0,0.0,2290.94
2015-02-09 22:00:00,0,20.6,40.0,0.0,2232.5699999999997
2015-02-09 23:00:00,0,18.3,54.0,11.1,2088.13
2015-02-10 00:00:00,0,17.8,56.0,7.4,1961.49
2015-02-10 01:00:00,0,16.7,60.0,9.3,1841.8900000000006
2015-02-10 02:00:00,0,16.1,62.0,9.3,1677.44
2015-02-10 03:00:00,0,15.0,67.0,9.3,1583.43
2015-02-10 04:00:00,0,14.4,67.0,9.3,1546.7399999999996
2015-02-10 05:00:00,0,13.9,69.0,11.1,1525.99
2015-02-10 06:00:00,0,13.9,67.0,11.1,1536.89
2015-02-10 07:00:00,0,14.4,62.0,14.8,1583.8099999999997
2015-02-10 08:00:00,0,14.4,62.0,9.3,1635.1499999999999
2015-02-10 09:00:00,0,16.7,52.0,7.4,1645.7100000000003
2015-02-10 10:00:00,0,18.9,42.0,9.3,1707.92
2015-02-10 11:00:00,0,21.7,35.0,11.1,1820.0299999999997
2015-02-10 12:00:00,0,24.4,29.0,11.1,1960.6399999999999
2015-02-10 13:00:00,0,25.0,25.0,0.0,1968.55
2015-02-10 14:00:00,0,26.1,24.0,0.0,2007.07
2015-02-10 15:00:00,0,27.8,21.0,11.1,2054.5
2015-02-10 16:00:00,0,27.8,19.0,9.3,2151.07
2015-02-10 17:00:00,0,27.2,17.0,18.5,2198.56
2015-02-10 18:00:00,0,26.1,21.0,22.2,2239.15
2015-02-10 19:00:00,0,23.3,27.0,5.6,2287.4600000000005
2015-02-10 20:00:00,0,22.2,30.0,5.6,2357.8900000000003
2015-02-10 21:00:00,0,22.2,29.0,13.0,2340.59
2015-02-10 22:00:00,0,21.7,30.0,7.4,2296.53
2015-02-10 23:00:00,0,21.1,31.0,0.0,2204.1400000000003
2015-02-11 00:00:00,0,18.9,38.0,0.0,2061.86
2015-02-11 01:00:00,0,16.7,48.0,0.0,1923.3700000000001
2015-02-11 02:00:00,0,15.6,55.0,7.4,1757.3
2015-02-11 03:00:00,0,15.6,55.0,7.4,1643.0999999999997
2015-02-11 04:00:00,0,14.4,58.0,0.0,1490.82
2015-02-11 05:00:00,0,13.3,64.0,0.0,1487.66
2015-02-11 06:00:00,0,13.3,62.0,0.0,1525.3499999999997
2015-02-11 07:00:00,0,13.3,62.0,0.0,1594.93
2015-02-11 08:00:00,0,13.9,59.0,0.0,1650.1100000000001
2015-02-11 09:00:00,0,16.7,48.0,0.0,1681.2299999999998
2015-02-11 10:00:00,0,18.9,38.0,0.0,1709.2400000000002
2015-02-11 11:00:00,0,21.1,30.0,0.0,1776.3799999999999
2015-02-11 12:00:00,0,23.3,21.0,5.6,1847.7299999999998
2015-02-11 13:00:00,0,25.0,14.0,16.7,1914.57
2015-02-11 14:00:00,0,26.1,11.0,16.7,2103.8999999999996
2015-02-11 15:00:00,0,26.7,11.0,14.8,2097.48
2015-02-11 16:00:00,0,26.7,10.0,9.3,2156.89
2015-02-11 17:00:00,0,26.7,10.0,16.7,2207.81
2015-02-11 18:00:00,0,26.1,11.0,18.5,2267.6299999999997
2015-02-11 19:00:00,0,25.0,12.0,13.0,2302.61
2015-02-11 20:00:00,0,24.4,13.0,16.7,2319.19
2015-02-11 21:00:00,0,23.3,16.0,18.5,2336.55
2015-02-11 22:00:00,0,21.7,20.0,18.5,2294.87
2015-02-11 23:00:00,0,20.6,23.0,13.0,2186.94
2015-02-12 00:00:00,0,20.6,23.0,20.4,2071.49
2015-02-12 01:00:00,0,20.6,23.0,20.4,1910.02
2015-02-12 02:00:00,0,19.4,25.0,9.3,1771.96
2015-02-12 03:00:00,0,18.3,27.0,22.2,1661.7099999999998
2015-02-12 04:00:00,0,17.2,29.0,16.7,1605.49
2015-02-12 05:00:00,0,16.7,31.0,5.6,1586.76
2015-02-12 06:00:00,0,15.6,35.0,7.4,1609.71
2015-02-12 07:00:00,0,15.0,36.0,0.0,1662.5
2015-02-12 08:00:00,0,16.0,31.0,14.8,1747.7
2015-02-12 09:00:00,0,18.9,25.0,18.5,1798.73
2015-02-12 10:00:00,0,20.6,22.0,24.1,1848.98
2015-02-12 11:00:00,0,21.1,21.0,22.2,1906.5599999999997
2015-02-12 12:00:00,0,22.8,18.0,25.9,1929.3099999999995
2015-02-12 13:00:00,0,24.4,17.0,18.5,1961.27
2015-02-12 14:00:00,0,23.9,18.0,7.4,1976.6099999999997
2015-02-12 15:00:00,0,25.0,17.0,14.8,1987.8600000000004
2015-02-12 16:00:00,0,25.6,17.0,13.0,2107.0099999999998
2015-02-12 17:00:00,0,25.6,17.0,13.0,2130.5199999999995
2015-02-12 18:00:00,0,23.9,19.0,9.3,2216.71
2015-02-12 19:00:00,0,23.9,18.0,0.0,2233.88
2015-02-12 20:00:00,0,21.1,26.0,0.0,2240.87
2015-02-12 21:00:00,0,20.0,30.0,7.4,2249.55
2015-02-12 22:00:00,0,18.3,34.0,0.0,2184.67
2015-02-12 23:00:00,0,17.2,38.0,11.1,2065.97
2015-02-13 00:00:00,0,16.7,39.0,7.4,1964.2
2015-02-13 01:00:00,0,15.0,46.0,9.3,1857.58
2015-02-13 02:00:00,0,14.4,46.0,11.1,1678.04
2015-02-13 03:00:00,0,16.1,38.0,11.1,1577.7200000000003
2015-02-13 04:00:00,0,14.4,44.0,7.4,1510.5099999999998
2015-02-13 05:00:00,0,14.4,44.0,0.0,1493.17
2015-02-13 06:00:00,0,14.4,44.0,11.1,1538.54
2015-02-13 07:00:00,0,13.9,44.0,0.0,1596.8600000000001
2015-02-13 08:00:00,0,15.0,41.0,16.7,1662.5200000000002
2015-02-13 09:00:00,0,17.2,34.0,16.7,1651.86
2015-02-13 10:00:00,0,20.6,26.0,18.5,1764.4099999999999
2015-02-13 11:00:00,0,22.8,23.0,14.8,1881.0699999999997
2015-02-13 12:00:00,0,23.3,20.0,7.4,2000.29
2015-02-13 13:00:00,0,23.9,20.0,7.4,2013.8700000000003
2015-02-13 14:00:00,0,25.6,17.0,13.0,2032.04
2015-02-13 15:00:00,0,26.1,17.0,13.0,2025.1
2015-02-13 16:00:00,0,26.1,17.0,13.0,2096.24
2015-02-13 17:00:00,0,26.1,17.0,0.0,2126.07
2015-02-13 18:00:00,0,25.6,19.0,0.0,2129.29
2015-02-13 19:00:00,0,25.0,19.0,0.0,2125.19
2015-02-13 20:00:00,0,24.4,21.0,13.0,2056.66
2015-02-13 21:00:00,0,20.0,33.0,9.3,1995.7799999999997
2015-02-13 22:00:00,0,19.4,34.0,5.6,1978.9899999999998
2015-02-13 23:00:00,0,19.4,32.0,0.0,1919.07
2015-02-14 00:00:00,0,17.8,40.0,5.6,1872.69
2015-02-14 01:00:00,0,16.7,43.0,7.4,1797.04
2015-02-14 02:00:00,0,15.6,49.0,0.0,1705.9700000000003
2015-02-14 03:00:00,0,15.0,49.0,0.0,1574.71
2015-02-14 04:00:00,0,15.0,46.0,0.0,1541.6100000000001
2015-02-14 05:00:00,0,14.4,49.0,0.0,1502.8400000000004
2015-02-14 06:00:00,0,12.8,59.0,5.6,1481.29
2015-02-14 07:00:00,0,14.4,47.0,0.0,1498.1999999999998
2015-02-14 08:00:00,0,15.0,48.0,0.0,1509.73
2015-02-14 09:00:00,0,17.8,37.0,0.0,1536.61
2015-02-14 10:00:00,0,21.1,32.0,7.4,1680.8200000000002
2015-02-14 11:00:00,0,23.9,26.0,14.8,1766.5200000000002
2015-02-14 12:00:00,0,25.0,24.0,7.4,1863.5600000000002
2015-02-14 13:00:00,0,26.1,21.0,5.6,2002.09
2015-02-14 14:00:00,0,27.8,19.0,11.1,1989.2399999999998
2015-02-14 15:00:00,0,27.8,19.0,5.6,2060.48
2015-02-14 16:00:00,0,27.8,19.0,5.6,2069.83
2015-02-14 17:00:00,0,27.2,21.0,7.4,2099.2999999999997
2015-02-14 18:00:00,0,26.1,24.0,11.1,2093.81
2015-02-14 19:00:00,0,24.4,27.0,7.4,2093.5099999999998
2015-02-14 20:00:00,0,24.4,27.0,5.6,2044.17
2015-02-14 21:00:00,0,23.3,30.0,0.0,2015.6599999999999
2015-02-14 22:00:00,0,21.7,35.0,0.0,1976.2899999999997
2015-02-14 23:00:00,0,21.7,38.0,0.0,1928.17
2015-02-15 00:00:00,0,21.1,42.0,0.0,1880.85
2015-02-15 01:00:00,0,21.1,38.0,5.6,1816.4099999999994
2015-02-15 02:00:00,0,20.6,40.0,9.3,1768.8400000000001
2015-02-15 03:00:00,0,18.9,47.0,11.1,1672.74
2015-02-15 04:00:00,0,18.3,50.0,7.4,1616.17
2015-02-15 05:00:00,0,18.3,52.0,11.1,1590.86
2015-02-15 06:00:00,0,17.8,56.0,13.0,1575.61
2015-02-15 07:00:00,0,17.2,58.0,9.3,1585.38
2015-02-15 08:00:00,0,17.8,58.0,7.4,1578.3600000000004
2015-02-15 09:00:00,0,18.9,54.0,9.3,1640.71
2015-02-15 10:00:00,0,19.4,52.0,7.4,1736.4900000000002
2015-02-15 11:00:00,0,21.1,44.0,7.4,1831.27
2015-02-15 12:00:00,0,22.2,41.0,5.6,1884.6499999999999
2015-02-15 13:00:00,0,24.4,33.0,5.6,1985.3799999999999
2015-02-15 14:00:00,0,24.4,32.0,11.1,2057.03
2015-02-15 15:00:00,0,26.1,30.0,14.8,2091.89
2015-02-15 16:00:00,0,25.6,32.0,16.7,2039.22
2015-02-15 17:00:00,0,25.0,34.0,20.4,2107.0600000000004
2015-02-15 18:00:00,0,24.4,37.0,22.2,2142.38
2015-02-15 19:00:00,0,23.3,40.0,14.8,2247.51
2015-02-15 20:00:00,0,21.1,47.0,5.6,2241.84
2015-02-15 21:00:00,0,20.6,54.0,7.4,2279.7599999999998
2015-02-15 22:00:00,0,19.4,59.0,5.6,2265.0700000000006
2015-02-15 23:00:00,0,18.9,60.0,7.4,2146.64
2015-02-16 00:00:00,1,17.8,65.0,9.3,2020.1
2015-02-16 01:00:00,1,17.2,65.0,5.6,1880.64
2015-02-16 02:00:00,1,16.1,64.0,13.0,1710.1900000000005
2015-02-16 03:00:00,1,15.6,67.0,11.1,1627.3500000000001
2015-02-16 04:00:00,1,15.0,69.0,13.0,1508.73
2015-02-16 05:00:00,1,14.4,70.0,9.3,1496.53
2015-02-16 06:00:00,1,13.3,75.0,9.3,1540.9499999999998
2015-02-16 07:00:00,1,13.3,75.0,11.1,1627.7100000000003
2015-02-16 08:00:00,1,13.9,69.0,7.4,1640.9099999999996
2015-02-16 09:00:00,1,16.7,60.0,7.4,1687.34
2015-02-16 10:00:00,1,18.9,54.0,11.1,1785.5700000000002
2015-02-16 11:00:00,1,20.0,55.0,0.0,1820.9100000000003
2015-02-16 12:00:00,1,21.1,51.0,7.4,1940.7000000000005
2015-02-16 13:00:00,1,22.8,46.0,5.6,1957.7400000000002
2015-02-16 14:00:00,1,24.4,40.0,14.8,1983.74
2015-02-16 15:00:00,1,24.4,37.0,13.0,1938.0800000000002
2015-02-16 16:00:00,1,25.0,33.0,20.4,2009.67
2015-02-16 17:00:00,1,25.0,30.0,22.2,2061.08
2015-02-16 18:00:00,1,25.0,30.0,18.5,2222.83
2015-02-16 19:00:00,1,23.9,32.0,9.3,2386.46
2015-02-16 20:00:00,1,21.7,38.0,5.6,2342.82
2015-02-16 21:00:00,1,22.0,38.0,5.6,2289.77
2015-02-16 22:00:00,1,22.2,37.0,7.4,2210.87
2015-02-16 23:00:00,1,20.0,45.0,0.0,2171.39
2015-02-17 00:00:00,0,18.3,52.0,5.6,2030.03
2015-02-17 01:00:00,0,20.0,52.0,20.4,1909.66
2015-02-17 02:00:00,0,18.9,59.0,7.4,1719.7999999999997
2015-02-17 03:00:00,0,16.7,65.0,5.6,1562.6
2015-02-17 04:00:00,0,15.6,64.0,5.6,1520.7699999999998
2015-02-17 05:00:00,0,15.0,64.0,5.6,1522.2000000000003
2015-02-17 06:00:00,0,14.4,33.0,5.6,1555.19
2015-02-17 07:00:00,0,12.8,34.0,7.4,1587.78
2015-02-17 08:00:00,0,13.9,27.0,14.8,1648.99
2015-02-17 09:00:00,0,17.2,17.0,27.8,1524.72
2015-02-17 10:00:00,0,18.3,16.0,20.4,1672.2800000000002
2015-02-17 11:00:00,0,20.0,14.0,18.5,1710.0700000000002
2015-02-17 12:00:00,0,21.1,12.0,13.0,1738.7500000000002
2015-02-17 13:00:00,0,22.2,10.0,0.0,1782.76
2015-02-17 14:00:00,0,23.3,9.0,5.6,1845.08
2015-02-17 15:00:00,0,23.3,9.0,7.4,1984.6399999999999
2015-02-17 16:00:00,0,24.4,8.0,7.4,2053.7700000000004
2015-02-17 17:00:00,0,24.4,9.0,11.1,2148.0
2015-02-17 18:00:00,0,23.9,9.0,13.0,2193.44
2015-02-17 19:00:00,0,21.1,14.0,7.4,2278.7
2015-02-17 20:00:00,0,20.6,15.0,0.0,2351.2000000000003
2015-02-17 21:00:00,0,17.8,27.0,5.6,2287.8299999999995
2015-02-17 22:00:00,0,17.8,21.0,9.3,2211.25
2015-02-17 23:00:00,0,16.1,26.0,13.0,2053.41
2015-02-18 00:00:00,0,15.0,28.0,11.1,1862.02
2015-02-18 01:00:00,0,14.4,30.0,11.1,1771.3999999999999
2015-02-18 02:00:00,0,14.4,30.0,11.1,1632.1299999999999
2015-02-18 03:00:00,0,13.9,33.0,7.4,1533.7899999999997
2015-02-18 04:00:00,0,13.3,33.0,9.3,1482.8799999999999
2015-02-18 05:00:00,0,12.8,34.0,16.7,1472.84
2015-02-18 06:00:00,0,11.7,37.0,7.4,1520.83
2015-02-18 07:00:00,0,11.1,40.0,5.6,1588.9599999999998
2015-02-18 08:00:00,0,11.7,38.0,0.0,1650.74
2015-02-18 09:00:00,0,14.4,32.0,13.0,1672.3099999999995
2015-02-18 10:00:00,0,17.2,25.0,11.1,1719.83
2015-02-18 11:00:00,0,19.4,21.0,16.7,1797.87
2015-02-18 12:00:00,0,21.7,16.0,11.1,1846.13
2015-02-18 13:00:00,0,23.3,14.0,7.4,1945.0500000000004
2015-02-18 14:00:00,0,24.4,12.0,0.0,1915.11
2015-02-18 15:00:00,0,25.6,12.0,9.3,1906.2700000000002
2015-02-18 16:00:00,0,25.0,12.0,7.4,1961.8400000000001
2015-02-18 17:00:00,0,25.0,10.0,7.4,2059.3799999999997
2015-02-18 18:00:00,0,25.0,10.0,9.3,2208.68
2015-02-18 19:00:00,0,24.4,10.0,7.4,2257.2000000000003
2015-02-18 20:00:00,0,23.3,14.0,9.3,2221.0299999999997
2015-02-18 21:00:00,0,20.0,20.0,9.3,2227.1500000000005
2015-02-18 22:00:00,0,18.3,27.0,11.1,2216.1200000000003
2015-02-18 23:00:00,0,17.2,29.0,13.0,2166.99
2015-02-19 00:00:00,0,16.1,34.0,13.0,1952.69
2015-02-19 01:00:00,0,15.6,35.0,9.3,1785.7900000000002
2015-02-19 02:00:00,0,14.4,39.0,7.4,1640.8600000000001
2015-02-19 03:00:00,0,14.4,37.0,5.6,1527.1700000000003
2015-02-19 04:00:00,0,13.9,37.0,11.1,1512.9599999999998
2015-02-19 05:00:00,0,13.3,40.0,9.3,1477.77
2015-02-19 06:00:00,0,12.2,47.0,9.3,1520.51
2015-02-19 07:00:00,0,12.2,49.0,11.1,1572.6100000000001
2015-02-19 08:00:00,0,12.2,49.0,11.1,1626.27
2015-02-19 09:00:00,0,13.3,45.0,9.3,1667.62
2015-02-19 10:00:00,0,15.6,38.0,5.6,1637.3000000000002
2015-02-19 11:00:00,0,18.3,31.0,7.4,1785.0899999999997
2015-02-19 12:00:00,0,20.6,25.0,9.3,1810.7300000000005
2015-02-19 13:00:00,0,22.8,20.0,0.0,1858.9900000000002
2015-02-19 14:00:00,0,25.0,16.0,5.6,1852.77
2015-02-19 15:00:00,0,25.0,15.0,7.4,1881.73
2015-02-19 16:00:00,0,26.1,12.0,0.0,1901.7600000000004
2015-02-19 17:00:00,0,26.1,13.0,0.0,2170.48
2015-02-19 18:00:00,0,25.6,15.0,7.4,2208.78
2015-02-19 19:00:00,0,25.0,17.0,7.4,2225.2800000000007
2015-02-19 20:00:00,0,22.8,20.0,0.0,2248.0099999999998
2015-02-19 21:00:00,0,20.6,24.0,7.4,2234.29
2015-02-19 22:00:00,0,18.9,29.0,9.3,2155.04
2015-02-19 23:00:00,0,16.7,35.0,11.1,2083.36
2015-02-20 00:00:00,0,16.7,35.0,11.1,1947.4199999999998
2015-02-20 01:00:00,0,16.1,36.0,13.0,1811.1099999999997
2015-02-20 02:00:00,0,15.0,39.0,11.1,1665.8600000000001
2015-02-20 03:00:00,0,14.4,41.0,9.3,1554.6
2015-02-20 04:00:00,0,13.9,39.0,18.5,1506.3700000000001
2015-02-20 05:00:00,0,13.9,40.0,7.4,1492.7099999999996
2015-02-20 06:00:00,0,13.3,45.0,11.1,1530.4799999999998
2015-02-20 07:00:00,0,13.3,44.0,11.1,1576.2499999999998
2015-02-20 08:00:00,0,13.9,40.0,11.1,1624.82
2015-02-20 09:00:00,0,16.1,35.0,13.0,1646.0199999999995
2015-02-20 10:00:00,0,18.3,29.0,9.3,1758.29
2015-02-20 11:00:00,0,19.4,27.0,11.1,1850.6699999999996
2015-02-20 12:00:00,0,21.1,25.0,9.3,1901.42
2015-02-20 13:00:00,0,23.9,20.0,0.0,1903.8400000000001
2015-02-20 14:00:00,0,23.9,20.0,0.0,2077.1800000000003
2015-02-20 15:00:00,0,24.4,19.0,0.0,2123.1899999999996
2015-02-20 16:00:00,0,25.6,18.0,0.0,2150.77
2015-02-20 17:00:00,0,25.0,19.0,5.6,2096.0
2015-02-20 18:00:00,0,24.4,20.0,7.4,2128.8000000000006
2015-02-20 19:00:00,0,23.3,21.0,0.0,2103.8299999999995
2015-02-20 20:00:00,0,22.8,22.0,0.0,2076.4199999999996
2015-02-20 21:00:00,0,21.1,28.0,5.6,2052.6
2015-02-20 22:00:00,0,20.0,31.0,0.0,1985.2700000000002
2015-02-20 23:00:00,0,18.3,36.0,11.1,1952.1599999999999
2015-02-21 00:00:00,0,17.8,38.0,5.6,1906.88
2015-02-21 01:00:00,0,17.2,40.0,11.1,1822.79
2015-02-21 02:00:00,0,16.7,41.0,7.4,1735.2100000000003
2015-02-21 03:00:00,0,15.6,44.0,9.3,1538.4199999999998
2015-02-21 04:00:00,0,14.4,47.0,16.7,1499.3100000000002
2015-02-21 05:00:00,0,13.3,49.0,11.1,1459.1200000000001
2015-02-21 06:00:00,0,13.3,51.0,11.1,1455.71
2015-02-21 07:00:00,0,12.8,51.0,13.0,1477.3999999999999
2015-02-21 08:00:00,0,13.3,51.0,14.8,1480.51
2015-02-21 09:00:00,0,16.1,42.0,16.7,1633.0
2015-02-21 10:00:00,0,18.3,39.0,13.0,1727.9699999999998
2015-02-21 11:00:00,0,21.1,30.0,9.3,1748.32
2015-02-21 12:00:00,0,22.8,25.0,7.4,1840.5299999999997
2015-02-21 13:00:00,0,23.9,22.0,0.0,1944.69
2015-02-21 14:00:00,0,24.4,21.0,11.1,1949.4699999999998
2015-02-21 15:00:00,0,24.4,21.0,7.4,1999.29
2015-02-21 16:00:00,0,25.6,20.0,0.0,2048.9399999999996
2015-02-21 17:00:00,0,25.6,20.0,9.3,2037.3899999999999
2015-02-21 18:00:00,0,25.0,22.0,5.6,2040.7
2015-02-21 19:00:00,0,23.9,24.0,7.4,2108.42
2015-02-21 20:00:00,0,22.2,28.0,0.0,2068.2
2015-02-21 21:00:00,0,21.1,31.0,0.0,2032.9499999999996
2015-02-21 22:00:00,0,21.1,31.0,0.0,1980.9
2015-02-21 23:00:00,0,20.0,35.0,9.3,1920.75
2015-02-22 00:00:00,0,17.8,40.0,11.1,1822.67
2015-02-22 01:00:00,0,16.1,46.0,7.4,1781.2100000000003
2015-02-22 02:00:00,0,16.7,43.0,9.3,1732.2900000000002
2015-02-22 03:00:00,0,15.6,47.0,9.3,1612.5200000000002
2015-02-22 04:00:00,0,15.0,49.0,9.3,1495.53
2015-02-22 05:00:00,0,14.4,51.0,7.4,1467.34
2015-02-22 06:00:00,0,13.9,55.0,9.3,1447.83
2015-02-22 07:00:00,0,13.3,60.0,7.4,1477.1699999999998
2015-02-22 08:00:00,0,13.9,55.0,0.0,1479.7
2015-02-22 09:00:00,0,15.6,49.0,0.0,1599.5099999999998
2015-02-22 10:00:00,0,17.2,50.0,16.7,1687.0100000000002
2015-02-22 11:00:00,0,19.4,49.0,7.4,1726.43
2015-02-22 12:00:00,0,21.1,41.0,11.1,1862.53
2015-02-22 13:00:00,0,21.1,39.0,11.1,1968.59
2015-02-22 14:00:00,0,21.1,39.0,5.6,2043.11
2015-02-22 15:00:00,0,21.7,38.0,13.0,2078.62
2015-02-22 16:00:00,0,21.7,39.0,20.4,2122.1600000000003
2015-02-22 17:00:00,0,20.6,44.0,22.2,2163.4
2015-02-22 18:00:00,0,20.0,45.0,16.7,2208.2200000000007
2015-02-22 19:00:00,0,20.0,45.0,9.3,2195.63
2015-02-22 20:00:00,0,19.4,47.0,9.3,2224.02
2015-02-22 21:00:00,0,19.4,49.0,7.4,2228.4700000000003
2015-02-22 22:00:00,0,18.9,50.0,5.6,2157.5299999999997
2015-02-22 23:00:00,0,17.8,50.0,13.0,2109.38
2015-02-23 00:00:00,0,17.2,46.0,16.7,2031.6700000000003
2015-02-23 01:00:00,0,17.2,48.0,0.0,1824.56
2015-02-23 02:00:00,0,16.1,52.0,9.3,1647.77
2015-02-23 03:00:00,0,15.6,53.0,14.8,1574.5700000000004
2015-02-23 04:00:00,0,16.1,54.0,16.7,1535.8700000000001
2015-02-23 05:00:00,0,16.1,56.0,11.1,1519.99
2015-02-23 06:00:00,0,16.1,58.0,16.7,1566.23
2015-02-23 07:00:00,0,15.6,60.0,22.2,1641.49
2015-02-23 08:00:00,0,15.6,57.0,16.7,1686.3000000000002
2015-02-23 09:00:00,0,16.7,56.0,31.5,1738.0300000000002
2015-02-23 10:00:00,0,18.3,48.0,29.6,1801.23
2015-02-23 11:00:00,0,18.3,48.0,22.2,1866.1
2015-02-23 12:00:00,0,19.4,45.0,7.4,1938.0700000000002
2015-02-23 13:00:00,0,20.0,45.0,14.8,1993.4699999999998
2015-02-23 14:00:00,0,17.8,67.0,16.7,1997.1599999999999
2015-02-23 15:00:00,0,17.8,65.0,11.1,2009.3400000000001
2015-02-23 16:00:00,0,17.8,63.0,7.4,2033.74
2015-02-23 17:00:00,0,18.3,58.0,0.0,2051.52
2015-02-23 18:00:00,0,17.8,60.0,0.0,2186.28
2015-02-23 19:00:00,0,17.8,56.0,5.6,2275.1699999999996
2015-02-23 20:00:00,0,17.2,63.0,13.0,2285.54
2015-02-23 21:00:00,0,16.1,81.0,7.4,2230.1
2015-02-23 22:00:00,0,16.7,62.0,9.3,2193.8499999999995
2015-02-23 23:00:00,0,16.1,64.0,9.3,2093.77
2015-02-24 00:00:00,0,15.0,58.0,11.1,1970.05
2015-02-24 01:00:00,0,14.4,56.0,7.4,1823.0500000000002
2015-02-24 02:00:00,0,12.8,62.0,11.1,1654.1299999999999
2015-02-24 03:00:00,0,11.7,64.0,11.1,1510.96
2015-02-24 04:00:00,0,11.7,64.0,11.1,1471.28
2015-02-24 05:00:00,0,11.1,63.0,7.4,1459.7600000000002
2015-02-24 06:00:00,0,11.1,61.0,13.0,1498.25
2015-02-24 07:00:00,0,11.1,61.0,20.4,1554.33
2015-02-24 08:00:00,0,10.6,61.0,7.4,1607.17
2015-02-24 09:00:00,0,11.7,55.0,22.2,1606.6400000000003
2015-02-24 10:00:00,0,13.9,47.0,18.5,1685.8300000000002
2015-02-24 11:00:00,0,13.9,47.0,13.0,1768.27
2015-02-24 12:00:00,0,15.0,42.0,16.7,1832.2099999999998
2015-02-24 13:00:00,0,17.8,37.0,20.4,1844.1
2015-02-24 14:00:00,0,17.8,33.0,24.1,1871.5300000000002
2015-02-24 15:00:00,0,18.3,31.0,37.0,1954.0500000000002
2015-02-24 16:00:00,0,18.3,31.0,18.5,1998.72
2015-02-24 17:00:00,0,17.8,34.0,11.1,2049.5400000000004
2015-02-24 18:00:00,0,17.8,33.0,9.3,2139.31
2015-02-24 19:00:00,0,17.8,31.0,7.4,2188.64
2015-02-24 20:00:00,0,15.0,46.0,16.7,2162.09
2015-02-24 21:00:00,0,13.9,55.0,13.0,2200.49
2015-02-24 22:00:00,0,13.3,55.0,11.1,2075.57
2015-02-24 23:00:00,0,12.8,57.0,9.3,2035.2599999999998
2015-02-25 00:00:00,0,12.2,59.0,9.3,1915.29
2015-02-25 01:00:00,0,11.7,64.0,13.0,1725.3100000000004
2015-02-25 02:00:00,0,11.1,66.0,9.3,1602.6100000000001
2015-02-25 03:00:00,0,10.6,68.0,5.6,1522.3200000000002
2015-02-25 04:00:00,0,10.0,68.0,7.4,1472.4100000000003
2015-02-25 05:00:00,0,10.0,68.0,11.1,1461.72
2015-02-25 06:00:00,0,9.4,69.0,11.1,1488.9500000000003
2015-02-25 07:00:00,0,8.9,74.0,9.3,1534.58
2015-02-25 08:00:00,0,10.0,66.0,9.3,1604.96
2015-02-25 09:00:00,0,11.7,52.0,16.7,1618.3700000000003
2015-02-25 10:00:00,0,13.9,47.0,11.1,1675.8899999999999
2015-02-25 11:00:00,0,16.1,39.0,5.6,1822.5800000000002
2015-02-25 12:00:00,0,17.2,34.0,9.3,1851.0400000000002
2015-02-25 13:00:00,0,18.3,32.0,7.4,1910.9399999999998
2015-02-25 14:00:00,0,19.4,25.0,5.6,1927.16
2015-02-25 15:00:00,0,20.6,22.0,11.1,1952.9
2015-02-25 16:00:00,0,20.6,22.0,9.3,2028.62
2015-02-25 17:00:00,0,21.1,21.0,9.3,2079.0000000000005
2015-02-25 18:00:00,0,21.1,21.0,14.8,2146.93
2015-02-25 19:00:00,0,19.4,25.0,0.0,2150.8
2015-02-25 20:00:00,0,18.9,26.0,5.6,2170.2499999999995
2015-02-25 21:00:00,0,17.2,31.0,13.0,2139.68
2015-02-25 22:00:00,0,16.1,35.0,11.1,2110.6600000000003
2015-02-25 23:00:00,0,15.6,36.0,13.0,1990.2700000000002
2015-02-26 00:00:00,0,15.0,39.0,14.8,1874.2600000000002
2015-02-26 01:00:00,0,14.4,42.0,14.8,1740.5700000000002
2015-02-26 02:00:00,0,13.9,44.0,14.8,1610.13
2015-02-26 03:00:00,0,12.2,51.0,7.4,1548.63
2015-02-26 04:00:00,0,12.2,51.0,7.4,1499.25
2015-02-26 05:00:00,0,12.2,49.0,11.1,1507.7299999999998
2015-02-26 06:00:00,0,11.7,48.0,11.1,1537.47
2015-02-26 07:00:00,0,11.1,53.0,11.1,1511.1999999999998
2015-02-26 08:00:00,0,11.7,52.0,11.1,1612.3899999999999
2015-02-26 09:00:00,0,13.9,45.0,14.8,1633.5799999999997
2015-02-26 10:00:00,0,16.7,38.0,11.1,1802.64
2015-02-26 11:00:00,0,18.9,32.0,7.4,1826.9499999999998
2015-02-26 12:00:00,0,20.6,24.0,0.0,1854.2700000000002
2015-02-26 13:00:00,0,22.8,18.0,0.0,1897.6999999999998
2015-02-26 14:00:00,0,23.9,16.0,11.1,1883.93
2015-02-26 15:00:00,0,24.4,15.0,11.1,2009.4
2015-02-26 16:00:00,0,23.9,14.0,9.3,2041.2900000000004
2015-02-26 17:00:00,0,23.9,14.0,20.4,2049.1000000000004
2015-02-26 18:00:00,0,23.3,14.0,20.4,2110.2200000000003
2015-02-26 19:00:00,0,22.8,15.0,13.0,2209.32
2015-02-26 20:00:00,0,20.0,21.0,5.6,2186.2
2015-02-26 21:00:00,0,19.4,21.0,5.6,2164.4
2015-02-26 22:00:00,0,18.3,24.0,5.6,2124.81
2015-02-26 23:00:00,0,17.2,28.0,0.0,2014.5899999999997
2015-02-27 00:00:00,0,15.0,35.0,18.5,1826.9499999999998
2015-02-27 01:00:00,0,13.9,39.0,13.0,1742.63
2015-02-27 02:00:00,0,13.3,40.0,13.0,1626.08
2015-02-27 03:00:00,0,12.2,43.0,14.8,1522.06
2015-02-27 04:00:00,0,11.7,47.0,13.0,1458.05
2015-02-27 05:00:00,0,11.1,45.0,14.8,1463.55
2015-02-27 06:00:00,0,10.0,52.0,13.0,1508.2900000000002
2015-02-27 07:00:00,0,10.6,48.0,13.0,1560.82
2015-02-27 08:00:00,0,11.1,47.0,13.0,1570.9
2015-02-27 09:00:00,0,14.4,36.0,13.0,1678.41
2015-02-27 10:00:00,0,17.2,26.0,16.7,1767.4699999999998
2015-02-27 11:00:00,0,18.9,24.0,14.8,1844.5100000000002
2015-02-27 12:00:00,0,21.7,21.0,16.7,1890.1499999999996
2015-02-27 13:00:00,0,23.9,17.0,20.4,1912.59
2015-02-27 14:00:00,0,23.9,16.0,13.0,1931.99
2015-02-27 15:00:00,0,24.4,15.0,9.3,1640.8199999999997
2015-02-27 16:00:00,0,24.4,17.0,9.3,2025.3200000000002
2015-02-27 17:00:00,0,24.4,18.0,22.2,2040.23
2015-02-27 18:00:00,0,23.3,23.0,24.1,2084.97
2015-02-27 19:00:00,0,22.2,31.0,16.7,2074.5299999999997
2015-02-27 20:00:00,0,21.1,36.0,13.0,2067.0699999999997
2015-02-27 21:00:00,0,20.0,33.0,13.0,1998.8200000000004
2015-02-27 22:00:00,0,19.4,33.0,11.1,1938.8799999999999
2015-02-27 23:00:00,0,18.9,36.0,13.0,1883.5400000000002
2015-02-28 00:00:00,0,18.9,36.0,13.0,1877.95
2015-02-28 01:00:00,0,18.3,34.0,13.0,1804.7
2015-02-28 02:00:00,0,17.8,37.0,7.4,1690.2900000000002
2015-02-28 03:00:00,0,16.7,41.0,5.6,1607.9
2015-02-28 04:00:00,0,16.1,46.0,0.0,1547.5399999999995
2015-02-28 05:00:00,0,16.7,46.0,0.0,1517.81
2015-02-28 06:00:00,0,16.1,52.0,11.1,1495.4600000000003
2015-02-28 07:00:00,0,16.1,52.0,11.1,1503.98
2015-02-28 08:00:00,0,15.6,53.0,13.0,1515.3700000000001
2015-02-28 09:00:00,0,16.1,54.0,9.3,1552.5
2015-02-28 10:00:00,0,18.3,50.0,13.0,1670.4199999999998
2015-02-28 11:00:00,0,18.3,52.0,18.5,1789.2599999999998
2015-02-28 12:00:00,0,19.4,44.0,20.4,1825.81
2015-02-28 13:00:00,0,19.4,42.0,16.7,1946.3400000000001
2015-02-28 14:00:00,0,19.4,44.0,11.1,1936.1399999999999
2015-02-28 15:00:00,0,20.6,39.0,16.7,1985.1200000000001
2015-02-28 16:00:00,0,20.6,39.0,13.0,2017.1099999999997
2015-02-28 17:00:00,0,21.1,36.0,13.0,2022.0900000000004
2015-02-28 18:00:00,0,20.6,38.0,5.6,1978.0099999999998
2015-02-28 19:00:00,0,18.9,47.0,0.0,2024.2299999999998
2015-02-28 20:00:00,0,18.9,48.0,0.0,2002.6200000000001
2015-02-28 21:00:00,0,18.3,50.0,13.0,1984.8200000000002
2015-02-28 22:00:00,0,18.3,50.0,11.1,1990.1100000000001
2015-02-28 23:00:00,0,17.8,54.0,5.6,1897.4499999999996
2015-03-01 00:00:00,0,17.8,52.0,0.0,1822.9
2015-03-01 01:00:00,0,17.2,56.0,11.1,1795.6399999999999
2015-03-01 02:00:00,0,16.7,58.0,5.6,1681.5
2015-03-01 03:00:00,0,16.7,58.0,7.4,1589.1699999999998
2015-03-01 04:00:00,0,16.1,62.0,11.1,1545.8600000000001
2015-03-01 05:00:00,0,16.1,60.0,9.3,1502.9200000000003
2015-03-01 06:00:00,0,16.1,60.0,9.3,1492.9399999999998
2015-03-01 07:00:00,0,16.1,62.0,9.3,1492.3
2015-03-01 08:00:00,0,16.1,62.0,13.0,1511.8700000000001
2015-03-01 09:00:00,0,16.7,60.0,20.4,1589.75
2015-03-01 10:00:00,0,18.3,56.0,16.7,1640.63
2015-03-01 11:00:00,0,18.9,52.0,18.5,1755.11
2015-03-01 12:00:00,0,20.6,49.0,16.7,1848.31
2015-03-01 13:00:00,0,22.2,43.0,16.7,1883.0
2015-03-01 14:00:00,0,23.9,36.0,25.9,1972.1500000000003
2015-03-01 15:00:00,0,25.0,32.0,20.4,2030.32
2015-03-01 16:00:00,0,24.4,32.0,20.4,2014.1200000000003
2015-03-01 17:00:00,0,24.4,32.0,27.8,2076.0
2015-03-01 18:00:00,0,23.3,33.0,22.2,2102.43
2015-03-01 19:00:00,0,22.2,37.0,11.1,2133.4700000000003
2015-03-01 20:00:00,0,21.1,41.0,5.6,2178.7300000000005
2015-03-01 21:00:00,0,21.1,44.0,13.0,2219.6899999999996
2015-03-01 22:00:00,0,20.0,49.0,11.1,2224.5699999999997
2015-03-01 23:00:00,0,19.4,52.0,7.4,2137.37
2015-03-02 00:00:00,0,18.9,56.0,11.1,1920.0900000000004
2015-03-02 01:00:00,0,18.3,56.0,11.1,1882.3799999999999
2015-03-02 02:00:00,0,18.3,54.0,14.8,1714.26
2015-03-02 03:00:00,0,17.8,58.0,5.6,1616.3999999999999
2015-03-02 04:00:00,0,17.8,60.0,11.1,1556.8400000000001
2015-03-02 05:00:00,0,17.8,58.0,11.1,1551.33
2015-03-02 06:00:00,0,17.8,58.0,14.8,1577.2099999999998
2015-03-02 07:00:00,0,17.8,58.0,13.0,1656.8700000000001
2015-03-02 08:00:00,0,17.8,58.0,25.9,1688.6100000000001
2015-03-02 09:00:00,0,12.2,86.0,22.2,1745.83
2015-03-02 10:00:00,0,11.7,86.0,27.8,1836.6
2015-03-02 11:00:00,0,11.7,86.0,20.4,1892.02
2015-03-02 12:00:00,0,11.7,86.0,22.2,1909.5800000000002
2015-03-02 13:00:00,0,11.7,83.0,18.5,2012.8000000000002
2015-03-02 14:00:00,0,11.7,86.0,13.0,1993.28
2015-03-02 15:00:00,0,11.1,83.0,0.0,1992.21
2015-03-02 16:00:00,0,12.2,80.0,0.0,1976.5699999999997
2015-03-02 17:00:00,0,12.8,74.0,5.6,1988.04
2015-03-02 18:00:00,0,12.8,80.0,14.8,2004.9000000000003
2015-03-02 19:00:00,0,12.2,80.0,13.0,2078.2799999999997
2015-03-02 20:00:00,0,11.7,83.0,11.1,2171.39
2015-03-02 21:00:00,0,11.1,86.0,11.1,2150.17
2015-03-02 22:00:00,0,11.1,86.0,7.4,2114.56
2015-03-02 23:00:00,0,11.1,86.0,5.6,1925.5399999999997
2015-03-03 00:00:00,0,11.1,89.0,5.6,1890.0900000000001
2015-03-03 01:00:00,0,11.1,83.0,9.3,1743.68
2015-03-03 02:00:00,0,11.1,89.0,14.8,1613.6700000000003
2015-03-03 03:00:00,0,11.1,83.0,7.4,1546.6799999999998
2015-03-03 04:00:00,0,11.1,86.0,9.3,1463.9499999999998
2015-03-03 05:00:00,0,10.6,86.0,0.0,1456.35
2015-03-03 06:00:00,0,10.0,89.0,0.0,1517.9
2015-03-03 07:00:00,0,9.4,93.0,11.1,1554.0800000000002
2015-03-03 08:00:00,0,8.9,100.0,7.4,1592.58
2015-03-03 09:00:00,0,10.6,92.0,0.0,1640.4800000000002
2015-03-03 10:00:00,0,13.3,75.0,7.4,1728.3600000000001
2015-03-03 11:00:00,0,15.0,58.0,9.3,1722.78
2015-03-03 12:00:00,0,17.2,50.0,11.1,1770.95
2015-03-03 13:00:00,0,16.7,52.0,11.1,1904.76
2015-03-03 14:00:00,0,16.7,41.0,0.0,1902.8200000000002
2015-03-03 15:00:00,0,16.7,52.0,14.8,1971.45
2015-03-03 16:00:00,0,15.0,60.0,14.8,1991.9499999999998
2015-03-03 17:00:00,0,15.6,51.0,14.8,2034.93
2015-03-03 18:00:00,0,16.1,46.0,7.4,2016.94
2015-03-03 19:00:00,0,16.1,44.0,9.3,2058.94
2015-03-03 20:00:00,0,15.0,49.0,11.1,2151.2400000000002
2015-03-03 21:00:00,0,15.0,48.0,9.3,2174.14
2015-03-03 22:00:00,0,12.8,64.0,0.0,2075.4900000000002
2015-03-03 23:00:00,0,13.3,60.0,7.4,1975.65
2015-03-04 00:00:00,0,11.7,71.0,0.0,1852.2199999999998
2015-03-04 01:00:00,0,10.6,80.0,7.4,1739.79
2015-03-04 02:00:00,0,10.6,77.0,5.6,1592.43
2015-03-04 03:00:00,0,9.4,83.0,5.6,1513.12
2015-03-04 04:00:00,0,8.9,86.0,5.6,1464.16
2015-03-04 05:00:00,0,8.9,83.0,9.3,1466.3500000000001
2015-03-04 06:00:00,0,8.9,80.0,5.6,1517.47
2015-03-04 07:00:00,0,8.9,77.0,7.4,1543.04
2015-03-04 08:00:00,0,10.0,71.0,7.4,1620.6
2015-03-04 09:00:00,0,11.7,64.0,5.6,1635.81
2015-03-04 10:00:00,0,13.9,51.0,7.4,1682.32
2015-03-04 11:00:00,0,15.6,46.0,11.1,1790.11
2015-03-04 12:00:00,0,16.7,41.0,0.0,1880.49
2015-03-04 13:00:00,0,18.3,32.0,7.4,1877.99
2015-03-04 14:00:00,0,20.0,22.0,16.7,1892.9499999999998
2015-03-04 15:00:00,0,20.0,21.0,9.3,1859.1699999999998
2015-03-04 16:00:00,0,21.0,27.0,24.1,1897.82
2015-03-04 17:00:00,0,20.0,23.0,11.1,1963.7100000000003
2015-03-04 18:00:00,0,19.4,28.0,14.8,2068.1699999999996
2015-03-04 19:00:00,0,18.9,30.0,16.7,2104.79
2015-03-04 20:00:00,0,17.8,33.0,16.7,2149.64
2015-03-04 21:00:00,0,17.2,33.0,20.4,2179.6200000000003
2015-03-04 22:00:00,0,15.6,36.0,14.8,2214.6699999999996
2015-03-04 23:00:00,0,15.6,38.0,5.6,2093.4600000000005
2015-03-05 00:00:00,0,13.3,51.0,0.0,1970.7900000000002
2015-03-05 01:00:00,0,12.8,51.0,0.0,1788.5700000000002
2015-03-05 02:00:00,0,11.7,57.0,5.6,1694.3500000000001
2015-03-05 03:00:00,0,10.6,63.0,0.0,1584.6299999999999
2015-03-05 04:00:00,0,10.0,63.0,0.0,1498.7100000000003
2015-03-05 05:00:00,0,10.0,50.0,0.0,1480.06
2015-03-05 06:00:00,0,8.9,56.0,0.0,1510.9300000000005
2015-03-05 07:00:00,0,7.8,68.0,0.0,1564.86
2015-03-05 08:00:00,0,11.1,50.0,0.0,1588.3999999999999
2015-03-05 09:00:00,0,14.4,22.0,22.2,1693.9
2015-03-05 10:00:00,0,16.1,17.0,18.5,1782.6000000000001
2015-03-05 11:00:00,0,18.3,15.0,14.8,1815.0200000000002
2015-03-05 12:00:00,0,19.4,14.0,18.5,1874.8600000000001
2015-03-05 13:00:00,0,20.6,13.0,13.0,1921.03
2015-03-05 14:00:00,0,22.2,11.0,5.6,1958.38
2015-03-05 15:00:00,0,22.2,10.0,13.0,2011.5600000000002
2015-03-05 16:00:00,0,22.8,9.0,11.1,2087.7999999999997
2015-03-05 17:00:00,0,23.3,9.0,0.0,2113.19
2015-03-05 18:00:00,0,22.8,10.0,0.0,2172.45
2015-03-05 19:00:00,0,22.8,10.0,0.0,2274.6599999999994
2015-03-05 20:00:00,0,18.9,27.0,5.6,2267.42
2015-03-05 21:00:00,0,18.9,18.0,7.4,2209.83
2015-03-05 22:00:00,0,16.7,26.0,0.0,2162.38
2015-03-05 23:00:00,0,15.0,36.0,9.3,2021.5999999999997
2015-03-06 00:00:00,0,16.1,29.0,14.8,1951.47
2015-03-06 01:00:00,0,16.1,21.0,13.0,1834.5
2015-03-06 02:00:00,0,14.4,30.0,5.6,1662.3400000000001
2015-03-06 03:00:00,0,12.2,40.0,7.4,1571.71
2015-03-06 04:00:00,0,11.1,41.0,0.0,1494.25
2015-03-06 05:00:00,0,12.2,33.0,5.6,1517.2500000000005
2015-03-06 06:00:00,0,12.2,31.0,11.1,1527.49
2015-03-06 07:00:00,0,13.9,23.0,16.7,1570.6599999999999
2015-03-06 08:00:00,0,15.6,20.0,27.8,1614.4899999999998
2015-03-06 09:00:00,0,16.7,21.0,18.5,1716.0
2015-03-06 10:00:00,0,19.4,16.0,27.8,1775.81
2015-03-06 11:00:00,0,22.2,12.0,38.9,1922.1599999999996
2015-03-06 12:00:00,0,23.9,10.0,29.6,1936.51
2015-03-06 13:00:00,0,25.0,10.0,27.8,1979.45
2015-03-06 14:00:00,0,26.1,9.0,25.9,1965.61
2015-03-06 15:00:00,0,27.2,8.0,24.1,1956.1100000000001
2015-03-06 16:00:00,0,28.3,6.0,20.4,1948.6799999999998
2015-03-06 17:00:00,0,27.8,6.0,20.4,1969.0500000000002
2015-03-06 18:00:00,0,26.7,7.0,14.8,1959.7600000000002
2015-03-06 19:00:00,0,24.4,10.0,9.3,1941.08
2015-03-06 20:00:00,0,21.7,17.0,9.3,1913.07
2015-03-06 21:00:00,0,22.8,12.0,13.0,1880.1299999999999
2015-03-06 22:00:00,0,20.6,14.0,16.7,1870.6799999999998
2015-03-06 23:00:00,0,18.9,18.0,11.1,1827.94
2015-03-07 00:00:00,0,17.8,20.0,7.4,1799.3200000000002
2015-03-07 01:00:00,0,15.0,33.0,0.0,1697.01
2015-03-07 02:00:00,0,13.9,37.0,7.4,1614.7499999999998
2015-03-07 03:00:00,0,13.9,37.0,5.6,1515.5
2015-03-07 04:00:00,0,13.3,40.0,0.0,1435.3899999999999
2015-03-07 05:00:00,0,13.9,34.0,0.0,1413.9799999999998
2015-03-07 06:00:00,0,16.1,24.0,14.8,1419.8799999999997
2015-03-07 07:00:00,0,16.1,24.0,13.0,1396.6000000000004
2015-03-07 08:00:00,0,17.8,21.0,18.5,1470.3200000000002
2015-03-07 09:00:00,0,20.6,18.0,22.2,1431.44
2015-03-07 10:00:00,0,22.2,16.0,22.2,1492.6000000000001
2015-03-07 11:00:00,0,23.3,15.0,11.1,1524.51
2015-03-07 12:00:00,0,25.0,15.0,16.7,1565.39
2015-03-07 13:00:00,0,26.7,14.0,5.6,1644.3
2015-03-07 14:00:00,0,26.7,14.0,7.4,1618.1899999999998
2015-03-07 15:00:00,0,26.7,14.0,11.1,1676.0599999999997
2015-03-07 16:00:00,0,27.2,14.0,5.6,1666.3000000000002
2015-03-07 17:00:00,0,27.2,14.0,5.6,1744.39
2015-03-07 18:00:00,0,27.2,14.0,0.0,1745.3200000000002
2015-03-07 19:00:00,0,26.7,15.0,13.0,1769.2700000000002
2015-03-07 20:00:00,0,22.8,25.0,9.3,1737.9400000000003
2015-03-07 21:00:00,0,21.7,26.0,0.0,1745.47
2015-03-07 22:00:00,0,21.7,24.0,9.3,1767.1400000000003
2015-03-07 23:00:00,0,21.1,27.0,0.0,1732.1599999999999
2015-03-08 00:00:00,0,18.3,36.0,9.3,1661.2300000000002
2015-03-08 01:00:00,0,18.3,32.0,7.4,1592.61
2015-03-08 02:00:00,0,16.7,41.0,7.4,1553.1200000000003
2015-03-08 03:00:00,0,16.1,42.0,0.0,1490.2199999999998
2015-03-08 04:00:00,0,16.1,44.0,0.0,1467.86
2015-03-08 05:00:00,0,15.0,48.0,0.0,1395.8700000000001
2015-03-08 06:00:00,0,13.9,55.0,0.0,1395.06
2015-03-08 07:00:00,0,13.3,57.0,7.4,1356.1300000000003
2015-03-08 08:00:00,0,16.1,42.0,16.7,1382.42
2015-03-08 09:00:00,0,18.3,37.0,11.1,1422.7599999999998
2015-03-08 10:00:00,0,21.1,28.0,11.1,1427.17
2015-03-08 11:00:00,0,22.8,28.0,0.0,1418.98
2015-03-08 12:00:00,0,23.9,24.0,5.6,1467.09
2015-03-08 13:00:00,0,26.7,20.0,5.6,1510.6999999999998
2015-03-08 14:00:00,0,26.7,15.0,9.3,1609.3099999999997
2015-03-08 15:00:00,0,27.8,13.0,13.0,1575.3999999999999
2015-03-08 16:00:00,0,27.8,12.0,14.8,1651.9400000000005
2015-03-08 17:00:00,0,27.2,13.0,18.5,1666.96
2015-03-08 18:00:00,0,26.7,14.0,22.2,1672.7800000000002
2015-03-08 19:00:00,0,25.6,17.0,16.7,1715.1899999999998
2015-03-08 20:00:00,0,22.2,24.0,7.4,1726.0399999999997
2015-03-08 21:00:00,0,21.7,26.0,0.0,1751.69
2015-03-08 22:00:00,0,21.7,24.0,0.0,1676.5399999999997
2015-03-08 23:00:00,0,18.9,32.0,9.3,1670.3899999999999
2015-03-09 00:00:00,0,17.8,35.0,5.6,1603.63
2015-03-09 01:00:00,0,17.2,38.0,9.3,1540.1499999999999
2015-03-09 02:00:00,0,16.1,44.0,9.3,1475.6599999999999
2015-03-09 03:00:00,0,15.6,44.0,9.3,1399.43
2015-03-09 04:00:00,0,15.0,44.0,7.4,1381.7400000000002
2015-03-09 05:00:00,0,13.9,49.0,7.4,1370.4100000000003
2015-03-09 06:00:00,0,13.9,45.0,11.1,1370.55
2015-03-09 07:00:00,0,13.9,44.0,9.3,1349.32
2015-03-09 08:00:00,0,15.0,46.0,11.1,1381.65
2015-03-09 09:00:00,0,17.8,33.0,14.8,1409.6399999999999
2015-03-09 10:00:00,0,20.0,27.0,9.3,1330.8100000000002
2015-03-09 11:00:00,0,21.7,24.0,0.0,1465.8999999999999
2015-03-09 12:00:00,0,24.4,19.0,7.4,1469.54
2015-03-09 13:00:00,0,25.6,17.0,7.4,1504.9399999999998
2015-03-09 14:00:00,0,27.2,14.0,9.3,1537.7599999999998
2015-03-09 15:00:00,0,27.8,14.0,7.4,1533.5400000000002
2015-03-09 16:00:00,0,27.8,12.0,7.4,1601.1499999999999
2015-03-09 17:00:00,0,28.3,12.0,14.8,1596.8
2015-03-09 18:00:00,0,27.0,15.0,16.7,1652.3400000000001
2015-03-09 19:00:00,0,27.0,15.0,14.8,1690.3700000000001
2015-03-09 20:00:00,0,24.4,20.0,0.0,1719.24
2015-03-09 21:00:00,0,22.8,24.0,0.0,1705.7600000000002
2015-03-09 22:00:00,0,21.7,28.0,0.0,1651.0300000000002
2015-03-09 23:00:00,0,22.2,23.0,9.3,1620.2299999999998
2015-03-10 00:00:00,0,19.4,31.0,9.3,1577.92
2015-03-10 01:00:00,0,18.3,32.0,7.4,1511.69
2015-03-10 02:00:00,0,17.8,35.0,13.0,1463.54
2015-03-10 03:00:00,0,17.8,34.0,7.4,1445.04
2015-03-10 04:00:00,0,16.1,36.0,9.3,1424.21
2015-03-10 05:00:00,0,16.1,36.0,5.6,1381.0400000000002
2015-03-10 06:00:00,0,15.0,39.0,0.0,1365.73
2015-03-10 07:00:00,0,15.0,33.0,13.0,1325.9899999999998
2015-03-10 08:00:00,0,16.1,30.0,9.3,1364.48
2015-03-10 09:00:00,0,18.9,28.0,9.3,1368.0
2015-03-10 10:00:00,0,22.8,19.0,16.7,1396.9499999999998
2015-03-10 11:00:00,0,23.9,16.0,13.0,1430.2299999999998
2015-03-10 12:00:00,0,26.1,12.0,7.4,1466.28
2015-03-10 13:00:00,0,27.2,11.0,7.4,1491.3100000000002
2015-03-10 14:00:00,0,27.8,10.0,5.6,1527.63
2015-03-10 15:00:00,0,29.0,8.0,5.6,1632.44
2015-03-10 16:00:00,0,29.4,8.0,5.6,1742.5500000000004
2015-03-10 17:00:00,0,28.9,8.0,7.4,1775.8999999999999
2015-03-10 18:00:00,0,28.0,9.0,11.1,1771.9899999999996
2015-03-10 19:00:00,0,26.7,10.0,9.3,1758.18
2015-03-10 20:00:00,0,24.4,15.0,9.3,1667.0000000000002
2015-03-10 21:00:00,0,25.0,13.0,7.4,1580.5800000000002
2015-03-10 22:00:00,0,22.0,19.0,0.0,1690.5199999999998
2015-03-10 23:00:00,0,22.2,18.0,7.4,1610.39
2015-03-11 00:00:00,0,20.0,25.0,13.0,1636.46
2015-03-11 01:00:00,0,18.3,27.0,9.3,1558.4299999999998
2015-03-11 02:00:00,0,17.2,29.0,7.4,1501.9399999999998
2015-03-11 03:00:00,0,16.1,32.0,7.4,1454.63
2015-03-11 04:00:00,0,16.1,32.0,5.6,1425.6599999999999
2015-03-11 05:00:00,0,16.1,31.0,11.1,1414.77
2015-03-11 06:00:00,0,16.1,32.0,13.0,1414.0200000000002
2015-03-11 07:00:00,0,16.1,30.0,14.8,1341.23
2015-03-11 08:00:00,0,16.7,31.0,14.8,1394.67
2015-03-11 09:00:00,0,20.0,23.0,14.8,1438.8799999999997
2015-03-11 10:00:00,0,22.2,19.0,14.8,1430.9499999999998
2015-03-11 11:00:00,0,24.4,17.0,7.4,1469.52
2015-03-11 12:00:00,0,25.6,14.0,5.6,1506.5199999999998
2015-03-11 13:00:00,0,27.2,12.0,7.4,1571.9499999999998
2015-03-11 14:00:00,0,28.3,12.0,0.0,1569.3099999999997
2015-03-11 15:00:00,0,28.9,11.0,0.0,1583.48
2015-03-11 16:00:00,0,30.0,10.0,7.4,1585.7600000000002
2015-03-11 17:00:00,0,29.4,10.0,7.4,1598.1100000000001
2015-03-11 18:00:00,0,28.9,10.0,11.1,1617.6399999999999
2015-03-11 19:00:00,0,28.9,10.0,9.3,1709.9799999999998
2015-03-11 20:00:00,0,28.3,12.0,7.4,1709.08
2015-03-11 21:00:00,0,27.8,12.0,0.0,1703.58
2015-03-11 22:00:00,0,24.4,19.0,9.3,1686.2900000000002
2015-03-11 23:00:00,0,23.3,21.0,9.3,1634.4
2015-03-12 00:00:00,0,22.8,21.0,5.6,1594.68
2015-03-12 01:00:00,0,23.3,21.0,0.0,1575.7499999999998
2015-03-12 02:00:00,0,21.7,30.0,14.8,1539.02
2015-03-12 03:00:00,0,20.6,27.0,7.4,1501.2100000000003
2015-03-12 04:00:00,0,20.6,29.0,7.4,1481.3600000000001
2015-03-12 05:00:00,0,21.7,25.0,14.8,1484.32
2015-03-12 06:00:00,0,21.1,26.0,5.6,1461.7399999999998
2015-03-12 07:00:00,0,21.7,24.0,5.6,1442.8899999999999
2015-03-12 08:00:00,0,22.8,22.0,16.7,1462.4300000000003
2015-03-12 09:00:00,0,23.3,22.0,13.0,1488.3899999999999
2015-03-12 10:00:00,0,25.6,17.0,16.7,1548.25
2015-03-12 11:00:00,0,26.1,18.0,13.0,1534.9399999999998
2015-03-12 12:00:00,0,28.3,16.0,11.1,1573.35
2015-03-12 13:00:00,0,27.8,15.0,11.1,1536.7900000000002
2015-03-12 14:00:00,0,28.3,14.0,0.0,1625.055
2015-03-12 15:00:00,0,28.9,13.0,11.1,1654.1150000000002
2015-03-12 16:00:00,0,28.3,14.0,9.3,1650.4250000000002
2015-03-12 17:00:00,0,27.2,17.0,29.6,1609.8500000000001
2015-03-12 18:00:00,0,26.7,18.0,25.9,1657.6775
2015-03-12 19:00:00,0,25.6,20.0,27.8,1712.6724999999997
2015-03-12 20:00:00,0,25.6,20.0,20.4,1739.9900000000002
2015-03-12 21:00:00,0,24.4,24.0,22.2,1701.5774999999999
2015-03-12 22:00:00,0,23.9,24.0,16.7,1686.4824999999996
2015-03-12 23:00:00,0,21.7,30.0,0.0,1643.2250000000001
2015-03-13 00:00:00,0,21.7,30.0,5.6,1658.005
2015-03-13 01:00:00,0,18.9,38.0,7.4,1600.2475
2015-03-13 02:00:00,0,18.3,40.0,5.6,1540.7324999999998
2015-03-13 03:00:00,0,17.2,43.0,7.4,1505.7974999999997
2015-03-13 04:00:00,0,16.7,44.0,5.6,1474.7150000000001
2015-03-13 05:00:00,0,16.1,46.0,7.4,1424.19
2015-03-13 06:00:00,0,16.7,44.0,5.6,1485.3899999999999
2015-03-13 07:00:00,0,16.7,44.0,0.0,1397.6499999999999
2015-03-13 08:00:00,0,18.3,45.0,0.0,1456.17
2015-03-13 09:00:00,0,20.6,35.0,5.6,1483.2700000000002
2015-03-13 10:00:00,0,24.4,25.0,16.7,1466.04
2015-03-13 11:00:00,0,26.1,22.0,20.4,1536.3999999999999
2015-03-13 12:00:00,0,27.8,18.0,16.7,1547.2800000000002
2015-03-13 13:00:00,0,28.9,15.0,13.0,1574.16
2015-03-13 14:00:00,0,28.9,15.0,5.6,1637.13
2015-03-13 15:00:00,0,30.0,14.0,9.3,1616.9699999999998
2015-03-13 16:00:00,0,31.1,12.0,18.5,1685.83
2015-03-13 17:00:00,0,31.1,12.0,9.3,1699.0800000000004
2015-03-13 18:00:00,0,30.0,13.0,9.3,1734.87
2015-03-13 19:00:00,0,28.9,14.0,9.3,1771.7200000000005
2015-03-13 20:00:00,0,26.7,21.0,25.9,1772.6699999999998
2015-03-13 21:00:00,0,25.6,23.0,18.5,1741.0199999999998
2015-03-13 22:00:00,0,25.6,22.0,9.3,1711.53
2015-03-13 23:00:00,0,25.0,23.0,16.7,1723.6899999999996
2015-03-14 00:00:00,0,23.9,24.0,18.5,1665.9999999999998
2015-03-14 01:00:00,0,22.8,26.0,11.1,1623.24
2015-03-14 02:00:00,0,22.2,27.0,0.0,1564.1200000000001
2015-03-14 03:00:00,0,19.4,34.0,7.4,1523.6000000000004
2015-03-14 04:00:00,0,20.0,33.0,9.3,1496.0
2015-03-14 05:00:00,0,20.6,31.0,16.7,1485.3899999999999
2015-03-14 06:00:00,0,18.9,34.0,0.0,1480.9099999999999
2015-03-14 07:00:00,0,17.8,40.0,0.0,1440.5500000000004
2015-03-14 08:00:00,0,20.6,32.0,5.6,1426.99
2015-03-14 09:00:00,0,23.3,25.0,9.3,1462.3200000000002
2015-03-14 10:00:00,0,25.6,19.0,22.2,1482.8099999999997
2015-03-14 11:00:00,0,27.2,17.0,27.8,1535.56
2015-03-14 12:00:00,0,28.9,15.0,18.5,1570.79
2015-03-14 13:00:00,0,28.9,14.0,11.1,1610.95
2015-03-14 14:00:00,0,30.0,13.0,9.3,1653.73
2015-03-14 15:00:00,0,30.0,13.0,0.0,1698.4499999999998
2015-03-14 16:00:00,0,30.0,13.0,5.6,1743.5
2015-03-14 17:00:00,0,30.6,13.0,16.7,1763.93
2015-03-14 18:00:00,0,30.0,13.0,11.1,1771.45
2015-03-14 19:00:00,0,29.4,14.0,0.0,1788.3199999999997
2015-03-14 20:00:00,0,26.1,19.0,9.3,1823.7
2015-03-14 21:00:00,0,25.6,20.0,5.6,1820.6399999999999
2015-03-14 22:00:00,0,25.0,21.0,0.0,1808.69
2015-03-14 23:00:00,0,22.8,29.0,9.3,1749.2300000000002
2015-03-15 00:00:00,0,21.7,30.0,11.1,1728.2599999999998
2015-03-15 01:00:00,0,22.2,24.0,13.0,1655.9899999999998
2015-03-15 02:00:00,0,22.2,21.0,14.8,1607.42
2015-03-15 03:00:00,0,20.0,27.0,13.0,1552.2299999999998
2015-03-15 04:00:00,0,18.9,32.0,11.1,1505.34
2015-03-15 05:00:00,0,18.3,33.0,18.5,1484.62
2015-03-15 06:00:00,0,17.8,33.0,13.0,1494.25
2015-03-15 07:00:00,0,17.2,33.0,11.1,1459.28
2015-03-15 08:00:00,0,19.4,28.0,7.4,1455.99
2015-03-15 09:00:00,0,22.8,22.0,13.0,1461.2
2015-03-15 10:00:00,0,25.0,18.0,18.5,1553.0400000000002
2015-03-15 11:00:00,0,26.1,16.0,9.3,1602.99
2015-03-15 12:00:00,0,27.8,13.0,7.4,1673.31
2015-03-15 13:00:00,0,28.9,12.0,20.4,1760.65
2015-03-15 14:00:00,0,30.0,10.0,29.6,1850.69
2015-03-15 15:00:00,0,31.1,9.0,20.4,1912.39
2015-03-15 16:00:00,0,31.1,9.0,22.2,1948.39
2015-03-15 17:00:00,0,31.1,9.0,13.0,1992.69
2015-03-15 18:00:00,0,30.0,9.0,18.5,2007.8400000000001
2015-03-15 19:00:00,0,28.3,11.0,5.6,2112.3599999999997
2015-03-15 20:00:00,0,27.2,12.0,5.6,2176.64
2015-03-15 21:00:00,0,26.1,13.0,11.1,2145.27
2015-03-15 22:00:00,0,23.9,16.0,13.0,2104.8199999999997
2015-03-15 23:00:00,0,23.3,16.0,11.1,2057.0200000000004
2015-03-16 00:00:00,0,23.3,16.0,14.8,1963.12
2015-03-16 01:00:00,0,22.2,17.0,9.3,1776.73
2015-03-16 02:00:00,0,20.0,23.0,5.6,1663.31
2015-03-16 03:00:00,0,19.4,23.0,11.1,1581.7400000000002
2015-03-16 04:00:00,0,19.4,22.0,5.6,1561.65
2015-03-16 05:00:00,0,20.6,18.0,18.5,1566.18
2015-03-16 06:00:00,0,19.4,21.0,16.7,1577.37
2015-03-16 07:00:00,0,18.9,22.0,13.0,1668.5499999999997
2015-03-16 08:00:00,0,20.6,22.0,9.3,1689.9600000000003
2015-03-16 09:00:00,0,23.9,16.0,14.8,1736.73
2015-03-16 10:00:00,0,26.7,13.0,14.8,1807.9700000000003
2015-03-16 11:00:00,0,27.8,13.0,16.7,1830.7999999999997
2015-03-16 12:00:00,0,28.3,14.0,16.7,1899.19
2015-03-16 13:00:00,0,29.4,14.0,14.8,1970.4800000000002
2015-03-16 14:00:00,0,30.6,15.0,16.7,2064.5
2015-03-16 15:00:00,0,31.1,14.0,5.6,2018.8799999999999
2015-03-16 16:00:00,0,31.7,14.0,9.3,2097.1400000000003
2015-03-16 17:00:00,0,31.7,14.0,9.3,2163.4
2015-03-16 18:00:00,0,31.1,15.0,7.4,2204.86
2015-03-16 19:00:00,0,30.0,16.0,0.0,2269.4500000000003
2015-03-16 20:00:00,0,29.4,16.0,11.1,2292.1200000000003
2015-03-16 21:00:00,0,25.6,23.0,7.4,2219.8
2015-03-16 22:00:00,0,24.4,24.0,7.4,2183.5000000000005
2015-03-16 23:00:00,0,23.3,28.0,5.6,1976.6599999999999
2015-03-17 00:00:00,0,22.2,29.0,5.6,1891.0099999999998
2015-03-17 01:00:00,0,21.7,34.0,5.6,1864.2500000000002
2015-03-17 02:00:00,0,20.6,36.0,7.4,1775.4699999999998
2015-03-17 03:00:00,0,20.0,37.0,5.6,1665.3299999999997
2015-03-17 04:00:00,0,20.0,35.0,5.6,1608.4899999999998
2015-03-17 05:00:00,0,19.4,37.0,0.0,1600.14
2015-03-17 06:00:00,0,18.9,38.0,7.4,1634.49
2015-03-17 07:00:00,0,18.3,40.0,0.0,1673.71
2015-03-17 08:00:00,0,21.1,35.0,11.1,1734.5
2015-03-17 09:00:00,0,24.4,30.0,14.8,1776.17
2015-03-17 10:00:00,0,26.1,30.0,14.8,1778.2400000000002
2015-03-17 11:00:00,0,27.2,25.0,13.0,1780.0325
2015-03-17 12:00:00,0,28.9,23.0,13.0,1838.9425
2015-03-17 13:00:00,0,30.0,20.0,9.3,1960.7199999999998
2015-03-17 14:00:00,0,31.7,19.0,9.3,2033.5399999999997
2015-03-17 15:00:00,0,31.7,14.0,16.7,2032.55
2015-03-17 16:00:00,0,31.7,12.0,22.2,2094.5899999999997
2015-03-17 17:00:00,0,31.7,12.0,25.9,2151.9300000000003
2015-03-17 18:00:00,0,30.6,13.0,22.2,2158.13
2015-03-17 19:00:00,0,30.0,13.0,20.4,2233.85
2015-03-17 20:00:00,0,27.8,16.0,9.3,2306.78
2015-03-17 21:00:00,0,27.8,14.0,14.8,2260.5200000000004
2015-03-17 22:00:00,0,27.2,21.0,16.7,2262.15
2015-03-17 23:00:00,0,26.7,24.0,14.8,2132.37
2015-03-18 00:00:00,0,26.1,26.0,25.9,2034.22
2015-03-18 01:00:00,0,25.0,28.0,25.9,1903.1500000000003
2015-03-18 02:00:00,0,23.3,29.0,5.6,1832.8899999999999
2015-03-18 03:00:00,0,22.8,30.0,0.0,1743.6999999999998
2015-03-18 04:00:00,0,23.3,28.0,9.3,1683.8200000000002
2015-03-18 05:00:00,0,22.8,33.0,14.8,1655.16
2015-03-18 06:00:00,0,22.2,37.0,11.1,1694.9099999999999
2015-03-18 07:00:00,0,22.2,37.0,9.3,1730.4099999999999
2015-03-18 08:00:00,0,22.2,37.0,5.6,1795.54
2015-03-18 09:00:00,0,22.8,37.0,7.4,1849.4499999999998
2015-03-18 10:00:00,0,23.9,33.0,13.0,1920.9199999999998
2015-03-18 11:00:00,0,25.6,28.0,13.0,1958.7700000000002
2015-03-18 12:00:00,0,26.1,27.0,7.4,2033.45
2015-03-18 13:00:00,0,26.7,26.0,9.3,2089.64
2015-03-18 14:00:00,0,27.2,26.0,13.0,2120.87
2015-03-18 15:00:00,0,22.8,42.0,27.8,2146.96
2015-03-18 16:00:00,0,22.8,44.0,25.9,2177.82
2015-03-18 17:00:00,0,21.1,57.0,13.0,2163.4300000000003
2015-03-18 18:00:00,0,18.3,70.0,20.4,2189.3500000000004
2015-03-18 19:00:00,0,17.2,72.0,18.5,2252.4700000000003
2015-03-18 20:00:00,0,18.3,61.0,16.7,2268.13
2015-03-18 21:00:00,0,17.2,81.0,16.7,2250.2000000000003
2015-03-18 22:00:00,0,17.2,78.0,14.8,2195.1300000000006
2015-03-18 23:00:00,0,16.7,84.0,7.4,2130.0099999999998
2015-03-19 00:00:00,0,16.7,80.0,11.1,1999.5700000000004
2015-03-19 01:00:00,0,16.7,80.0,5.6,1864.06
2015-03-19 02:00:00,0,17.2,78.0,0.0,1742.29
2015-03-19 03:00:00,0,16.7,84.0,9.3,1661.3199999999997
2015-03-19 04:00:00,0,16.1,87.0,7.4,1630.6000000000001
2015-03-19 05:00:00,0,16.1,83.0,14.8,1592.1899999999998
2015-03-19 06:00:00,0,15.6,90.0,9.3,1628.1499999999999
2015-03-19 07:00:00,0,15.6,86.0,18.5,1669.12
2015-03-19 08:00:00,0,16.1,81.0,11.1,1711.6399999999999
2015-03-19 09:00:00,0,16.7,72.0,9.3,1766.4900000000002
2015-03-19 10:00:00,0,17.2,70.0,5.6,1874.6799999999998
2015-03-19 11:00:00,0,17.8,67.0,16.7,1907.9699999999998
2015-03-19 12:00:00,0,17.8,67.0,16.7,1954.0600000000002
2015-03-19 13:00:00,0,18.3,61.0,13.0,1964.02
2015-03-19 14:00:00,0,19.4,54.0,16.7,1991.4799999999998
2015-03-19 15:00:00,0,18.9,56.0,14.8,2001.23
2015-03-19 16:00:00,0,20.6,49.0,13.0,2021.6200000000001
2015-03-19 17:00:00,0,20.6,45.0,14.8,2070.35
2015-03-19 18:00:00,0,20.6,47.0,7.4,2110.75
2015-03-19 19:00:00,0,20.0,47.0,7.4,2144.07
2015-03-19 20:00:00,0,18.9,54.0,5.6,2200.2400000000002
2015-03-19 21:00:00,0,18.9,56.0,0.0,2172.1199999999994
2015-03-19 22:00:00,0,18.9,54.0,11.1,2145.9700000000003
2015-03-19 23:00:00,0,17.8,63.0,7.4,2051.87
2015-03-20 00:00:00,0,17.8,67.0,11.1,1963.29
2015-03-20 01:00:00,0,17.2,70.0,9.3,1824.51
2015-03-20 02:00:00,0,16.7,72.0,14.8,1728.02
2015-03-20 03:00:00,0,16.0,77.0,9.3,1685.0
2015-03-20 04:00:00,0,16.7,72.0,5.6,1573.0600000000002
2015-03-20 05:00:00,0,16.7,70.0,5.6,1574.77
2015-03-20 06:00:00,0,16.1,75.0,0.0,1629.22
2015-03-20 07:00:00,0,16.7,72.0,0.0,1650.26
2015-03-20 08:00:00,0,17.2,70.0,7.4,1693.0200000000002
2015-03-20 09:00:00,0,18.3,65.0,5.6,1744.64
2015-03-20 10:00:00,0,20.0,56.0,5.6,1851.2500000000002
2015-03-20 11:00:00,0,21.7,49.0,9.3,1927.06
2015-03-20 12:00:00,0,23.9,40.0,5.6,2014.6499999999996
2015-03-20 13:00:00,0,23.9,38.0,5.6,2007.68
2015-03-20 14:00:00,0,25.6,33.0,11.1,2059.04
2015-03-20 15:00:00,0,26.7,31.0,9.3,2022.56
2015-03-20 16:00:00,0,26.1,31.0,9.3,2078.09
2015-03-20 17:00:00,0,26.7,31.0,11.1,2087.44
2015-03-20 18:00:00,0,26.1,31.0,9.3,2119.1
2015-03-20 19:00:00,0,25.6,32.0,9.3,2138.51
2015-03-20 20:00:00,0,25.0,33.0,13.0,2116.23
2015-03-20 21:00:00,0,23.3,30.0,20.4,2101.5199999999995
2015-03-20 22:00:00,0,23.3,29.0,11.1,2017.5899999999997
2015-03-20 23:00:00,0,21.7,32.0,5.6,1957.9600000000003
2015-03-21 00:00:00,0,22.2,31.0,11.1,1916.88
2015-03-21 01:00:00,0,20.0,42.0,9.3,1826.3999999999999
2015-03-21 02:00:00,0,19.4,47.0,9.3,1746.06
2015-03-21 03:00:00,0,18.3,50.0,7.4,1674.47
2015-03-21 04:00:00,0,17.8,56.0,9.3,1586.29
2015-03-21 05:00:00,0,16.7,62.0,9.3,1567.56
2015-03-21 06:00:00,0,16.7,62.0,13.0,1550.28
2015-03-21 07:00:00,0,15.6,67.0,9.3,1550.72
2015-03-21 08:00:00,0,18.3,56.0,9.3,1587.9800000000005
2015-03-21 09:00:00,0,21.1,44.0,20.4,1656.4800000000002
2015-03-21 10:00:00,0,22.2,41.0,14.8,1717.8799999999999
2015-03-21 11:00:00,0,24.4,35.0,7.4,1790.0600000000004
2015-03-21 12:00:00,0,25.0,31.0,0.0,1839.76
2015-03-21 13:00:00,0,27.2,25.0,7.4,1930.42
2015-03-21 14:00:00,0,28.3,20.0,11.1,1998.1399999999999
2015-03-21 15:00:00,0,28.3,17.0,13.0,2007.5099999999998
2015-03-21 16:00:00,0,29.4,20.0,18.5,2017.2899999999997
2015-03-21 17:00:00,0,28.9,19.0,18.5,2084.1200000000003
2015-03-21 18:00:00,0,28.3,22.0,13.0,2071.7200000000003
2015-03-21 19:00:00,0,27.2,23.0,11.1,2098.74
2015-03-21 20:00:00,0,25.6,27.0,5.6,2127.59
2015-03-21 21:00:00,0,25.0,28.0,0.0,2103.0
2015-03-21 22:00:00,0,24.4,27.0,7.4,2054.21
2015-03-21 23:00:00,0,23.3,33.0,9.3,2000.1700000000003
2015-03-22 00:00:00,0,21.1,36.0,14.8,1948.2500000000005
2015-03-22 01:00:00,0,20.0,45.0,11.1,1860.8000000000002
2015-03-22 02:00:00,0,18.9,50.0,11.1,1750.82
2015-03-22 03:00:00,0,18.3,50.0,11.1,1703.6200000000001
2015-03-22 04:00:00,0,17.2,54.0,11.1,1617.6599999999999
2015-03-22 05:00:00,0,16.7,56.0,11.1,1574.7800000000002
2015-03-22 06:00:00,0,16.1,60.0,14.8,1514.08
2015-03-22 07:00:00,0,15.6,57.0,11.1,1553.24
2015-03-22 08:00:00,0,18.3,43.0,14.8,1588.7999999999997
2015-03-22 09:00:00,0,20.6,38.0,14.8,1612.7600000000002
2015-03-22 10:00:00,0,22.8,33.0,11.1,1730.3700000000001
2015-03-22 11:00:00,0,25.6,28.0,14.8,1863.9800000000002
2015-03-22 12:00:00,0,27.8,22.0,11.1,1949.15
2015-03-22 13:00:00,0,30.0,15.0,13.0,2026.6100000000001
2015-03-22 14:00:00,0,29.4,14.0,7.4,2097.1600000000003
2015-03-22 15:00:00,0,29.4,13.0,9.3,2138.55
2015-03-22 16:00:00,0,30.0,13.0,7.4,2155.2599999999998
2015-03-22 17:00:00,0,30.6,12.0,5.6,2162.59
2015-03-22 18:00:00,0,29.4,13.0,7.4,2192.6499999999996
2015-03-22 19:00:00,0,28.9,14.0,11.1,2253.9
2015-03-22 20:00:00,0,26.7,17.0,5.6,2293.2599999999998
2015-03-22 21:00:00,0,26.1,18.0,5.6,2267.68
2015-03-22 22:00:00,0,23.3,25.0,0.0,2270.1500000000005
2015-03-22 23:00:00,0,23.9,23.0,0.0,2202.26
2015-03-23 00:00:00,0,22.2,28.0,5.6,2050.04
2015-03-23 01:00:00,0,21.1,32.0,11.1,1918.86
2015-03-23 02:00:00,0,20.0,35.0,7.4,1787.8400000000001
2015-03-23 03:00:00,0,17.8,43.0,11.1,1666.6200000000001
2015-03-23 04:00:00,0,17.8,41.0,14.8,1616.1999999999998
2015-03-23 05:00:00,0,17.2,45.0,11.1,1593.3500000000001
2015-03-23 06:00:00,0,17.2,43.0,14.8,1634.51
2015-03-23 07:00:00,0,16.7,44.0,11.1,1642.4800000000002
2015-03-23 08:00:00,0,18.3,40.0,13.0,1742.8200000000002
2015-03-23 09:00:00,0,21.1,30.0,14.8,1777.77
2015-03-23 10:00:00,0,22.8,27.0,7.4,1831.78
2015-03-23 11:00:00,0,24.4,23.0,0.0,1994.3499999999997
2015-03-23 12:00:00,0,26.1,19.0,0.0,2052.51
2015-03-23 13:00:00,0,28.9,16.0,7.4,2055.5199999999995
2015-03-23 14:00:00,0,28.9,14.0,5.6,2141.17
2015-03-23 15:00:00,0,30.0,13.0,13.0,2147.29
2015-03-23 16:00:00,0,29.4,13.0,9.3,2200.68
2015-03-23 17:00:00,0,30.6,10.0,24.1,2207.99
2015-03-23 18:00:00,0,28.9,12.0,20.4,2182.36
2015-03-23 19:00:00,0,28.3,12.0,18.5,2264.8899999999994
2015-03-23 20:00:00,0,27.8,13.0,13.0,2337.14
2015-03-23 21:00:00,0,24.4,19.0,7.4,2326.19
2015-03-23 22:00:00,0,23.3,21.0,0.0,2279.5600000000004
2015-03-23 23:00:00,0,23.3,20.0,0.0,2145.26
2015-03-24 00:00:00,0,21.7,25.0,9.3,2043.7000000000003
2015-03-24 01:00:00,0,19.4,32.0,9.3,1939.4
2015-03-24 02:00:00,0,18.3,33.0,7.4,1762.9199999999998
2015-03-24 03:00:00,0,17.8,34.0,5.6,1660.9099999999999
2015-03-24 04:00:00,0,17.2,35.0,5.6,1582.03
2015-03-24 05:00:00,0,16.1,36.0,7.4,1594.7900000000002
2015-03-24 06:00:00,0,15.6,33.0,13.0,1580.6
2015-03-24 07:00:00,0,15.6,36.0,7.4,1657.27
2015-03-24 08:00:00,0,18.0,32.0,9.3,1728.79
2015-03-24 09:00:00,0,20.0,24.0,13.0,1776.34
2015-03-24 10:00:00,0,21.7,19.0,9.3,1820.86
2015-03-24 11:00:00,0,23.9,16.0,5.6,1866.03
2015-03-24 12:00:00,0,25.6,11.0,0.0,1938.0100000000002
2015-03-24 13:00:00,0,27.2,10.0,7.4,1970.1100000000001
2015-03-24 14:00:00,0,28.9,10.0,5.6,2052.2599999999998
2015-03-24 15:00:00,0,28.9,10.0,11.1,2037.8
2015-03-24 16:00:00,0,29.4,10.0,7.4,2074.76
2015-03-24 17:00:00,0,28.9,11.0,7.4,2152.9900000000002
2015-03-24 18:00:00,0,28.9,11.0,11.1,2209.1900000000005
2015-03-24 19:00:00,0,27.8,13.0,16.7,2250.5099999999998
2015-03-24 20:00:00,0,27.2,14.0,9.3,2300.36
2015-03-24 21:00:00,0,26.1,15.0,0.0,2309.4300000000003
2015-03-24 22:00:00,0,22.8,23.0,5.6,2232.56
2015-03-24 23:00:00,0,22.2,22.0,9.3,2186.38
2015-03-25 00:00:00,1,21.1,26.0,7.4,2057.96
2015-03-25 01:00:00,1,20.6,27.0,0.0,1959.77
2015-03-25 02:00:00,1,19.4,28.0,13.0,1800.2199999999998
2015-03-25 03:00:00,1,18.9,29.0,11.1,1660.9700000000003
2015-03-25 04:00:00,1,17.8,33.0,0.0,1602.9700000000003
2015-03-25 05:00:00,1,17.8,29.0,7.4,1614.5499999999997
2015-03-25 06:00:00,1,17.2,30.0,5.6,1611.8899999999999
2015-03-25 07:00:00,1,17.2,33.0,11.1,1632.18
2015-03-25 08:00:00,1,18.3,31.0,9.3,1706.4199999999998
2015-03-25 09:00:00,1,20.6,26.0,11.1,1792.52
2015-03-25 10:00:00,1,22.8,24.0,11.1,1887.79
2015-03-25 11:00:00,1,25.0,20.0,0.0,1971.39
2015-03-25 12:00:00,1,26.7,17.0,7.4,2000.88
2015-03-25 13:00:00,1,27.8,14.0,7.4,2005.7900000000002
2015-03-25 14:00:00,1,28.9,13.0,11.1,2045.34
2015-03-25 15:00:00,1,30.6,11.0,16.7,2118.47
2015-03-25 16:00:00,1,30.0,12.0,11.1,2155.1399999999994
2015-03-25 17:00:00,1,30.6,12.0,16.7,2140.13
2015-03-25 18:00:00,1,30.0,13.0,16.7,2159.2000000000003
2015-03-25 19:00:00,1,29.4,13.0,18.5,2278.7400000000002
2015-03-25 20:00:00,1,26.7,17.0,9.3,2377.68
2015-03-25 21:00:00,1,25.0,19.0,9.3,2302.5400000000004
2015-03-25 22:00:00,1,24.4,19.0,9.3,2270.63
2015-03-25 23:00:00,1,25.6,17.0,16.7,2186.63
2015-03-26 00:00:00,0,22.8,21.0,0.0,2112.25
2015-03-26 01:00:00,0,22.2,25.0,9.3,1926.9199999999998
2015-03-26 02:00:00,0,20.6,27.0,5.6,1787.4499999999998
2015-03-26 03:00:00,0,19.4,31.0,0.0,1703.96
2015-03-26 04:00:00,0,18.9,32.0,0.0,1648.6100000000001
2015-03-26 05:00:00,0,18.9,30.0,0.0,1641.2500000000002
2015-03-26 06:00:00,0,20.6,18.0,14.8,1670.91
2015-03-26 07:00:00,0,21.7,14.0,20.4,1715.65
2015-03-26 08:00:00,0,23.3,12.0,18.5,1782.0099999999998
2015-03-26 09:00:00,0,24.4,10.0,24.1,1801.2999999999997
2015-03-26 10:00:00,0,25.6,9.0,24.1,1894.1699999999998
2015-03-26 11:00:00,0,27.2,8.0,24.1,1945.9700000000003
2015-03-26 12:00:00,0,27.8,8.0,13.0,1923.4900000000002
2015-03-26 13:00:00,0,29.4,7.0,9.3,1972.8400000000001
2015-03-26 14:00:00,0,30.0,7.0,5.6,2038.31
2015-03-26 15:00:00,0,31.1,7.0,9.3,2112.1
2015-03-26 16:00:00,0,31.1,7.0,9.3,2196.2500000000005
2015-03-26 17:00:00,0,31.1,7.0,13.0,2259.3900000000003
2015-03-26 18:00:00,0,31.1,7.0,11.1,2204.6899999999996
2015-03-26 19:00:00,0,30.6,8.0,9.3,2286.390000000001
2015-03-26 20:00:00,0,28.0,11.0,9.3,2336.58
2015-03-26 21:00:00,0,25.6,14.0,7.4,2322.13
2015-03-26 22:00:00,0,26.7,13.0,9.3,2203.36
2015-03-26 23:00:00,0,26.1,14.0,5.6,2190.46
2015-03-27 00:00:00,0,22.8,19.0,0.0,2073.72
2015-03-27 01:00:00,0,19.4,27.0,7.4,1924.4800000000002
2015-03-27 02:00:00,0,20.0,24.0,11.1,1799.0899999999997
2015-03-27 03:00:00,0,18.9,27.0,9.3,1719.0299999999997
2015-03-27 04:00:00,0,19.4,26.0,9.3,1675.63
2015-03-27 05:00:00,0,19.4,23.0,7.4,1623.8200000000002
2015-03-27 06:00:00,0,18.9,25.0,9.3,1664.2500000000002
2015-03-27 07:00:00,0,17.8,28.0,0.0,1674.06
2015-03-27 08:00:00,0,20.6,23.0,9.3,1750.63
2015-03-27 09:00:00,0,23.9,16.0,13.0,1812.49
2015-03-27 10:00:00,0,26.7,12.0,18.5,1867.95
2015-03-27 11:00:00,0,28.9,10.0,11.1,1973.68
2015-03-27 12:00:00,0,30.0,9.0,7.4,2031.82
2015-03-27 13:00:00,0,32.2,7.0,7.4,2083.3799999999997
2015-03-27 14:00:00,0,32.2,7.0,9.3,2092.54
2015-03-27 15:00:00,0,33.3,6.0,7.4,2201.7225000000003
2015-03-27 16:00:00,0,33.3,6.0,11.1,2187.3100000000004
2015-03-27 17:00:00,0,32.8,6.0,0.0,2236.2575
2015-03-27 18:00:00,0,33.3,6.0,13.0,2211.425
2015-03-27 19:00:00,0,32.2,7.0,14.8,2134.6699999999996
2015-03-27 20:00:00,0,30.0,9.0,11.1,2136.23
2015-03-27 21:00:00,0,27.8,12.0,0.0,2158.45
2015-03-27 22:00:00,0,26.1,15.0,0.0,2104.3575
2015-03-27 23:00:00,0,25.6,15.0,0.0,2053.2599999999998
2015-03-28 00:00:00,0,23.3,20.0,7.4,1964.2325000000003
2015-03-28 01:00:00,0,21.7,22.0,0.0,1866.8225000000002
2015-03-28 02:00:00,0,20.6,23.0,9.3,1801.99
2015-03-28 03:00:00,0,20.0,24.0,7.4,1722.475
2015-03-28 04:00:00,0,19.4,25.0,11.1,1642.2274999999995
2015-03-28 05:00:00,0,18.3,27.0,7.4,1611.9925
2015-03-28 06:00:00,0,18.3,28.0,11.1,1582.6500000000003
2015-03-28 07:00:00,0,18.3,28.0,11.1,1587.1375
2015-03-28 08:00:00,0,20.6,25.0,9.3,1636.2199999999998
2015-03-28 09:00:00,0,22.8,21.0,13.0,1677.7099999999996
2015-03-28 10:00:00,0,25.6,15.0,9.3,1744.7
2015-03-28 11:00:00,0,28.3,13.0,9.3,1815.0700000000002
2015-03-28 12:00:00,0,30.0,11.0,5.6,1956.7000000000003
2015-03-28 13:00:00,0,32.8,9.0,9.3,2007.6800000000003
2015-03-28 14:00:00,0,32.8,7.0,11.1,2054.7
2015-03-28 15:00:00,0,34.4,6.0,9.3,2105.51
2015-03-28 16:00:00,0,33.9,5.0,11.1,2099.54
2015-03-28 17:00:00,0,33.9,6.0,9.3,2141.73
2015-03-28 18:00:00,0,33.9,5.0,11.1,2177.24
2015-03-28 19:00:00,0,32.8,6.0,13.0,2242.7200000000003
2015-03-28 20:00:00,0,30.0,7.0,5.6,2212.1800000000003
2015-03-28 21:00:00,0,28.9,9.0,0.0,2153.71
2015-03-28 22:00:00,0,26.7,13.0,9.3,2093.12
2015-03-28 23:00:00,0,25.0,17.0,13.0,2029.32
2015-03-29 00:00:00,0,23.9,18.0,13.0,1956.34
2015-03-29 01:00:00,0,22.2,22.0,9.3,1889.24
2015-03-29 02:00:00,0,21.7,21.0,5.6,1812.76
2015-03-29 03:00:00,0,20.6,22.0,5.6,1747.93
2015-03-29 04:00:00,0,19.4,25.0,9.3,1688.2700000000002
2015-03-29 05:00:00,0,19.4,25.0,7.4,1632.17
2015-03-29 06:00:00,0,18.9,26.0,7.4,1595.2600000000002
2015-03-29 07:00:00,0,18.9,24.0,11.1,1600.59
2015-03-29 08:00:00,0,21.1,24.0,14.8,1636.8
2015-03-29 09:00:00,0,23.9,20.0,14.8,1718.7999999999997
2015-03-29 10:00:00,0,26.7,13.0,11.1,1832.79
2015-03-29 11:00:00,0,28.9,12.0,7.4,1852.34
2015-03-29 12:00:00,0,31.1,10.0,7.4,1954.5000000000002
2015-03-29 13:00:00,0,33.3,9.0,7.4,2064.92
2015-03-29 14:00:00,0,36.1,6.0,14.8,2143.25
2015-03-29 15:00:00,0,35.6,6.0,13.0,2235.65
2015-03-29 16:00:00,0,35.6,5.0,13.0,2269.2500000000005
2015-03-29 17:00:00,0,35.0,5.0,0.0,2267.6099999999997
2015-03-29 18:00:00,0,33.9,6.0,5.6,2187.5
2015-03-29 19:00:00,0,33.3,6.0,13.0,2291.4500000000003
2015-03-29 20:00:00,0,32.2,7.0,9.3,2380.34
2015-03-29 21:00:00,0,28.9,10.0,0.0,2363.38
2015-03-29 22:00:00,0,27.8,13.0,0.0,2327.5300000000007
2015-03-29 23:00:00,0,25.6,15.0,13.0,2166.6200000000003
2015-03-30 00:00:00,0,26.7,12.0,14.8,2157.25
2015-03-30 01:00:00,0,25.0,15.0,0.0,1954.0099999999998
2015-03-30 02:00:00,0,23.9,18.0,11.1,1841.9799999999998
2015-03-30 03:00:00,0,22.8,18.0,11.1,1709.28
2015-03-30 04:00:00,0,21.7,19.0,7.4,1688.39
2015-03-30 05:00:00,0,21.7,22.0,7.4,1681.0800000000002
2015-03-30 06:00:00,0,21.7,20.0,11.1,1689.38
2015-03-30 07:00:00,0,21.7,20.0,14.8,1737.7400000000002
2015-03-30 08:00:00,0,23.3,19.0,13.0,1821.0100000000002
2015-03-30 09:00:00,0,25.0,17.0,14.8,1848.21
2015-03-30 10:00:00,0,27.2,14.0,14.8,1901.93
2015-03-30 11:00:00,0,29.4,12.0,5.6,2027.22
2015-03-30 12:00:00,0,32.8,9.0,5.6,2109.21
2015-03-30 13:00:00,0,33.3,9.0,7.4,2136.0500000000006
2015-03-30 14:00:00,0,35.0,8.0,7.4,2175.7
2015-03-30 15:00:00,0,33.9,9.0,11.1,2289.47
2015-03-30 16:00:00,0,34.4,8.0,7.4,2266.8500000000004
2015-03-30 17:00:00,0,34.4,9.0,7.4,2297.84
2015-03-30 18:00:00,0,33.9,9.0,5.6,2280.65
2015-03-30 19:00:00,0,33.3,9.0,14.8,2357.43
2015-03-30 20:00:00,0,32.8,10.0,9.3,2456.13
2015-03-30 21:00:00,0,28.9,15.0,0.0,2391.2099999999996
2015-03-30 22:00:00,0,28.3,17.0,0.0,2369.2300000000005
2015-03-30 23:00:00,0,26.1,20.0,7.4,2253.0099999999998
2015-03-31 00:00:00,0,24.4,21.0,11.1,2103.4300000000003
2015-03-31 01:00:00,0,23.9,22.0,5.6,1996.8799999999999
2015-03-31 02:00:00,0,22.8,23.0,7.4,1867.26
2015-03-31 03:00:00,0,22.2,24.0,5.6,1752.4899999999998
2015-03-31 04:00:00,0,21.7,25.0,0.0,1702.0700000000002
2015-03-31 05:00:00,0,20.6,27.0,9.3,1671.0199999999998
2015-03-31 06:00:00,0,20.6,27.0,11.1,1702.39
2015-03-31 07:00:00,0,20.6,27.0,7.4,1707.31
2015-03-31 08:00:00,0,22.8,23.0,14.8,1782.9100000000003
2015-03-31 09:00:00,0,25.0,20.0,7.4,1855.3200000000002
2015-03-31 10:00:00,0,27.2,18.0,5.6,1886.7399999999998
2015-03-31 11:00:00,0,28.9,16.0,0.0,1933.6299999999997
2015-03-31 12:00:00,0,30.6,15.0,16.7,1988.27
2015-03-31 13:00:00,0,32.2,14.0,9.3,2087.57
2015-03-31 14:00:00,0,33.9,12.0,0.0,2107.0499999999997
2015-03-31 15:00:00,0,33.9,12.0,9.3,2150.04
2015-03-31 16:00:00,0,34.4,10.0,20.4,2246.5
2015-03-31 17:00:00,0,33.9,11.0,16.7,2271.57
2015-03-31 18:00:00,0,33.3,12.0,18.5,2318.95
2015-03-31 19:00:00,0,32.8,12.0,20.4,2394.5199999999995
2015-03-31 20:00:00,0,31.1,14.0,13.0,2384.3599999999997
2015-03-31 21:00:00,0,30.6,17.0,18.5,2410.96
2015-03-31 22:00:00,0,30.0,18.0,20.4,2358.8900000000003
2015-03-31 23:00:00,0,28.3,21.0,16.7,2281.44
2015-04-01 00:00:00,0,27.8,22.0,14.8,2135.36
2015-04-01 01:00:00,0,26.7,23.0,11.1,2024.6400000000003
2015-04-01 02:00:00,0,24.4,27.0,11.1,1891.17
2015-04-01 03:00:00,0,22.8,30.0,9.3,1789.7099999999996
2015-04-01 04:00:00,0,21.7,34.0,13.0,1699.9599999999998
2015-04-01 05:00:00,0,21.7,34.0,13.0,1683.12
2015-04-01 06:00:00,0,20.6,38.0,7.4,1732.1799999999998
2015-04-01 07:00:00,0,20.6,39.0,9.3,1756.4599999999996
2015-04-01 08:00:00,0,22.8,33.0,16.7,1809.89
2015-04-01 09:00:00,0,24.4,30.0,14.8,1890.3300000000004
2015-04-01 10:00:00,0,27.2,24.0,16.7,1908.4399999999996
2015-04-01 11:00:00,0,28.9,19.0,16.7,1986.88
2015-04-01 12:00:00,0,28.9,18.0,11.1,2053.32
2015-04-01 13:00:00,0,30.6,17.0,13.0,2124.08
2015-04-01 14:00:00,0,31.1,16.0,11.1,2143.81
2015-04-01 15:00:00,0,32.2,14.0,13.0,2192.32
2015-04-01 16:00:00,0,32.2,10.0,20.4,2185.1
2015-04-01 17:00:00,0,31.1,12.0,14.8,2158.99
2015-04-01 18:00:00,0,30.6,11.0,13.0,2235.4500000000003
2015-04-01 19:00:00,0,30.0,11.0,14.8,2352.05
2015-04-01 20:00:00,0,28.3,11.0,13.0,2376.9600000000005
2015-04-01 21:00:00,0,26.1,13.0,7.4,2342.8199999999997
2015-04-01 22:00:00,0,26.1,12.0,5.6,2244.6
2015-04-01 23:00:00,0,26.7,10.0,14.8,2162.5099999999993
2015-04-02 00:00:00,0,22.8,16.0,5.6,2095.3525
2015-04-02 01:00:00,0,24.4,12.0,7.4,2007.2000000000003
2015-04-02 02:00:00,0,22.2,15.0,7.4,1856.85
2015-04-02 03:00:00,0,20.6,22.0,13.0,1737.93
2015-04-02 04:00:00,0,19.4,25.0,14.8,1656.7699999999998
2015-04-02 05:00:00,0,18.3,29.0,18.5,1615.69
2015-04-02 06:00:00,0,18.3,27.0,14.8,1669.85
2015-04-02 07:00:00,0,18.3,27.0,16.7,1687.65
2015-04-02 08:00:00,0,20.0,23.0,18.5,1753.0000000000002
2015-04-02 09:00:00,0,21.1,21.0,14.8,1821.9199999999998
2015-04-02 10:00:00,0,23.3,18.0,9.3,1872.8000000000002
2015-04-02 11:00:00,0,25.6,17.0,5.6,1989.15
2015-04-02 12:00:00,0,27.2,16.0,16.7,2030.6300000000003
2015-04-02 13:00:00,0,27.2,17.0,9.3,2014.48
2015-04-02 14:00:00,0,28.9,16.0,22.2,2064.1299999999997
2015-04-02 15:00:00,0,29.4,14.0,24.1,2123.57
2015-04-02 16:00:00,0,30.6,10.0,20.4,2178.76
2015-04-02 17:00:00,0,30.0,10.0,25.9,2182.7299999999996
2015-04-02 18:00:00,0,28.9,9.0,25.9,2192.56
2015-04-02 19:00:00,0,28.3,9.0,20.4,2318.53
2015-04-02 20:00:00,0,27.2,8.0,14.8,2271.88
2015-04-02 21:00:00,0,23.9,15.0,7.4,2220.02
2015-04-02 22:00:00,0,23.3,13.0,11.1,2201.25
2015-04-02 23:00:00,0,22.8,12.0,9.3,2187.27
2015-04-03 00:00:00,0,22.2,11.0,11.1,2033.8799999999999
2015-04-03 01:00:00,0,21.1,12.0,11.1,1952.13
2015-04-03 02:00:00,0,18.9,15.0,7.4,1786.0900000000001
2015-04-03 03:00:00,0,18.0,16.0,7.4,1707.7899999999997
2015-04-03 04:00:00,0,16.7,19.0,5.6,1668.04
2015-04-03 05:00:00,0,16.7,19.0,0.0,1607.5300000000002
2015-04-03 06:00:00,0,16.7,19.0,5.6,1626.7700000000002
2015-04-03 07:00:00,0,17.2,23.0,5.6,1640.4499999999998
2015-04-03 08:00:00,0,18.3,19.0,7.4,1727.2199999999996
2015-04-03 09:00:00,0,22.2,13.0,18.5,1792.8499999999997
2015-04-03 10:00:00,0,24.4,10.0,25.9,1884.7299999999998
2015-04-03 11:00:00,0,25.6,10.0,18.5,1932.0000000000002
2015-04-03 12:00:00,0,27.8,8.0,11.1,2035.0300000000002
2015-04-03 13:00:00,0,27.8,7.0,13.0,2079.35
2015-04-03 14:00:00,0,28.9,7.0,11.1,2067.16
2015-04-03 15:00:00,0,29.4,6.0,9.3,2107.84
2015-04-03 16:00:00,0,28.9,5.0,5.6,2128.83
2015-04-03 17:00:00,0,29.4,6.0,7.4,2153.0899999999997
2015-04-03 18:00:00,0,28.9,6.0,0.0,2101.06
2015-04-03 19:00:00,0,27.8,7.0,5.6,2124.53
2015-04-03 20:00:00,0,27.8,7.0,14.8,2089.2400000000002
2015-04-03 21:00:00,0,24.4,10.0,5.6,2053.44
2015-04-03 22:00:00,0,23.9,11.0,0.0,2024.0000000000002
2015-04-03 23:00:00,0,24.4,11.0,0.0,1965.3799999999999
2015-04-04 00:00:00,0,21.7,14.0,0.0,1859.92
2015-04-04 01:00:00,0,20.0,21.0,5.6,1849.56
2015-04-04 02:00:00,0,18.9,25.0,5.6,1743.8
2015-04-04 03:00:00,0,18.3,19.0,5.6,1645.2900000000002
2015-04-04 04:00:00,0,17.8,21.0,5.6,1620.2200000000003
2015-04-04 05:00:00,0,17.2,23.0,9.3,1610.5499999999997
2015-04-04 06:00:00,0,16.7,28.0,5.6,1565.2899999999997
2015-04-04 07:00:00,0,17.2,33.0,7.4,1551.7099999999998
2015-04-04 08:00:00,0,19.4,21.0,7.4,1591.49
2015-04-04 09:00:00,0,21.1,18.0,13.0,1671.06
2015-04-04 10:00:00,0,24.4,12.0,16.7,1769.31
2015-04-04 11:00:00,0,26.1,11.0,5.6,1826.5299999999997
2015-04-04 12:00:00,0,27.8,11.0,0.0,1865.71
2015-04-04 13:00:00,0,29.4,8.0,0.0,1890.4199999999998
2015-04-04 14:00:00,0,30.0,8.0,5.6,1977.56
2015-04-04 15:00:00,0,30.0,8.0,9.3,1993.4
2015-04-04 16:00:00,0,30.6,8.0,16.7,1968.0000000000002
2015-04-04 17:00:00,0,31.7,6.0,14.8,2020.37
2015-04-04 18:00:00,0,30.0,7.0,13.0,2042.7599999999998
2015-04-04 19:00:00,0,29.4,8.0,18.5,2030.99
2015-04-04 20:00:00,0,28.3,8.0,11.1,2035.7199999999998
2015-04-04 21:00:00,0,27.8,8.0,9.3,2031.1
2015-04-04 22:00:00,0,27.8,7.0,14.8,1950.1299999999999
2015-04-04 23:00:00,0,26.7,8.0,13.0,1930.45
2015-04-05 00:00:00,0,25.6,8.0,0.0,1844.92
2015-04-05 01:00:00,0,24.4,10.0,0.0,1829.0500000000006
2015-04-05 02:00:00,0,22.8,13.0,5.6,1748.7499999999998
2015-04-05 03:00:00,0,21.0,18.0,9.3,1686.6799999999998
2015-04-05 04:00:00,0,19.4,21.0,13.0,1628.1000000000004
2015-04-05 05:00:00,0,18.3,26.0,11.1,1597.0
2015-04-05 06:00:00,0,17.2,27.0,16.7,1573.3400000000001
2015-04-05 07:00:00,0,17.2,27.0,14.8,1544.8700000000001
2015-04-05 08:00:00,0,19.4,24.0,13.0,1606.19
2015-04-05 09:00:00,0,22.8,18.0,18.5,1625.42
2015-04-05 10:00:00,0,25.0,17.0,16.7,1688.7599999999995
2015-04-05 11:00:00,0,26.7,14.0,11.1,1745.3700000000001
2015-04-05 12:00:00,0,28.9,11.0,16.7,1785.3
2015-04-05 13:00:00,0,30.0,10.0,14.8,1848.8500000000001
2015-04-05 14:00:00,0,30.0,9.0,11.1,1939.2500000000002
2015-04-05 15:00:00,0,30.0,10.0,16.7,1970.3799999999999
2015-04-05 16:00:00,0,30.6,9.0,11.1,1988.6000000000004
2015-04-05 17:00:00,0,30.6,8.0,13.0,2069.9199999999996
2015-04-05 18:00:00,0,30.0,6.0,18.5,2120.3300000000004
2015-04-05 19:00:00,0,28.9,5.0,16.7,2172.3100000000004
2015-04-05 20:00:00,0,27.8,6.0,16.7,2231.11
2015-04-05 21:00:00,0,26.7,8.0,11.1,2208.64
2015-04-05 22:00:00,0,24.4,10.0,5.6,2170.67
2015-04-05 23:00:00,0,22.8,11.0,7.4,2079.7200000000003
2015-04-06 00:00:00,0,22.8,11.0,5.6,2003.69
2015-04-06 01:00:00,0,21.7,13.0,0.0,1940.5700000000004
2015-04-06 02:00:00,0,19.4,19.0,11.1,1770.7199999999998
2015-04-06 03:00:00,0,18.9,18.0,13.0,1691.63
2015-04-06 04:00:00,0,18.3,19.0,13.0,1628.82
2015-04-06 05:00:00,0,17.2,19.0,13.0,1587.5999999999997
2015-04-06 06:00:00,0,16.1,24.0,7.4,1572.96
2015-04-06 07:00:00,0,16.7,21.0,11.1,1652.2999999999997
2015-04-06 08:00:00,0,18.9,19.0,13.0,1741.2199999999998
2015-04-06 09:00:00,0,21.1,18.0,5.6,1795.15
2015-04-06 10:00:00,0,23.3,14.0,5.6,1867.95
2015-04-06 11:00:00,0,26.7,12.0,13.0,1944.4299999999998
2015-04-06 12:00:00,0,26.7,12.0,7.4,2000.23
2015-04-06 13:00:00,0,27.2,10.0,11.1,2068.27
2015-04-06 14:00:00,0,28.9,9.0,9.3,2100.08
2015-04-06 15:00:00,0,29.4,6.0,14.8,2075.71
2015-04-06 16:00:00,0,28.9,5.0,22.2,2148.98
2015-04-06 17:00:00,0,28.3,6.0,27.8,2183.3300000000004
2015-04-06 18:00:00,0,27.8,6.0,18.5,2201.5099999999998
2015-04-06 19:00:00,0,27.2,6.0,22.2,2302.0399999999995
2015-04-06 20:00:00,0,26.1,7.0,13.0,2325.9100000000003
2015-04-06 21:00:00,0,25.0,7.0,9.3,2331.8599999999997
2015-04-06 22:00:00,0,22.2,10.0,9.3,2280.06
2015-04-06 23:00:00,0,21.1,12.0,9.3,2190.24
2015-04-07 00:00:00,0,20.0,13.0,9.3,2079.83
2015-04-07 01:00:00,0,20.0,14.0,5.6,1927.2900000000004
2015-04-07 02:00:00,0,18.3,16.0,16.7,1768.7600000000002
2015-04-07 03:00:00,0,17.2,20.0,9.3,1643.5900000000001
2015-04-07 04:00:00,0,16.7,22.0,16.7,1572.1999999999998
2015-04-07 05:00:00,0,15.0,26.0,16.7,1557.9999999999998
2015-04-07 06:00:00,0,15.0,26.0,13.0,1566.77
2015-04-07 07:00:00,0,15.6,25.0,11.1,1605.86
2015-04-07 08:00:00,0,18.3,20.0,11.1,1749.38
2015-04-07 09:00:00,0,21.1,15.0,14.8,1814.87
2015-04-07 10:00:00,0,23.9,13.0,14.8,1862.3
2015-04-07 11:00:00,0,25.6,9.0,18.5,1949.27
2015-04-07 12:00:00,0,27.2,7.0,24.1,1936.73
2015-04-07 13:00:00,0,27.2,8.0,0.0,2015.29
2015-04-07 14:00:00,0,26.7,9.0,7.4,2046.07
2015-04-07 15:00:00,0,27.8,9.0,22.2,2094.08
2015-04-07 16:00:00,0,27.2,9.0,22.2,2128.76
2015-04-07 17:00:00,0,27.8,9.0,20.4,2187.49
2015-04-07 18:00:00,0,27.2,9.0,24.1,2180.37
2015-04-07 19:00:00,0,26.1,9.0,20.4,2284.39
2015-04-07 20:00:00,0,25.0,8.0,18.5,2256.8300000000004
2015-04-07 21:00:00,0,24.4,10.0,16.7,2221.34
2015-04-07 22:00:00,0,21.1,13.0,9.3,2188.1099999999997
2015-04-07 23:00:00,0,20.0,15.0,7.4,2133.7599999999998
2015-04-08 00:00:00,0,21.7,13.0,14.8,2044.98
2015-04-08 01:00:00,0,21.7,13.0,20.4,1922.1899999999998
2015-04-08 02:00:00,0,20.6,15.0,24.1,1767.61
2015-04-08 03:00:00,0,19.4,19.0,20.4,1676.7099999999996
2015-04-08 04:00:00,0,18.9,20.0,11.1,1628.7600000000002
2015-04-08 05:00:00,0,18.9,21.0,5.6,1635.7499999999998
2015-04-08 06:00:00,0,17.8,24.0,7.4,1616.39
2015-04-08 07:00:00,0,17.2,27.0,18.5,1694.55
2015-04-08 08:00:00,0,17.2,34.0,16.7,1755.31
2015-04-08 09:00:00,0,18.3,33.0,22.2,1779.6200000000001
2015-04-08 10:00:00,0,18.9,33.0,16.7,1847.34
2015-04-08 11:00:00,0,21.1,29.0,16.7,1942.8100000000002
2015-04-08 12:00:00,0,22.8,25.0,22.2,1976.6599999999996
2015-04-08 13:00:00,0,23.9,22.0,13.0,2028.8799999999997
2015-04-08 14:00:00,0,23.9,21.0,14.8,2055.3999999999996
2015-04-08 15:00:00,0,25.0,18.0,25.9,2033.1499999999999
2015-04-08 16:00:00,0,25.0,12.0,11.1,2119.1399999999994
2015-04-08 17:00:00,0,25.0,11.0,18.5,2185.1000000000004
2015-04-08 18:00:00,0,24.4,8.0,24.1,2197.71
2015-04-08 19:00:00,0,23.3,10.0,20.4,2218.8699999999994
2015-04-08 20:00:00,0,22.8,9.0,16.7,2251.09
2015-04-08 21:00:00,0,20.0,15.0,13.0,2256.55
2015-04-08 22:00:00,0,18.9,15.0,5.6,2215.93
2015-04-08 23:00:00,0,18.3,15.0,5.6,2178.9900000000002
2015-04-09 00:00:00,0,17.2,17.0,7.4,2013.88
2015-04-09 01:00:00,0,17.2,16.0,0.0,1883.75
2015-04-09 02:00:00,0,16.7,18.0,0.0,1686.6499999999999
2015-04-09 03:00:00,0,15.0,26.0,7.4,1574.4799999999998
2015-04-09 04:00:00,0,13.9,27.0,7.4,1519.0299999999997
2015-04-09 05:00:00,0,13.9,25.0,0.0,1510.92
2015-04-09 06:00:00,0,13.3,25.0,7.4,1531.51
2015-04-09 07:00:00,0,13.3,23.0,11.1,1570.29
2015-04-09 08:00:00,0,15.6,20.0,7.4,1727.11
2015-04-09 09:00:00,0,19.4,15.0,13.0,1776.4199999999998
2015-04-09 10:00:00,0,22.2,11.0,16.7,1831.87
2015-04-09 11:00:00,0,23.3,10.0,14.8,1840.27
2015-04-09 12:00:00,0,24.4,10.0,13.0,1893.2000000000003
2015-04-09 13:00:00,0,25.6,9.0,13.0,1963.7200000000003
2015-04-09 14:00:00,0,27.8,8.0,14.8,2050.1
2015-04-09 15:00:00,0,26.1,9.0,0.0,2078.39
2015-04-09 16:00:00,0,26.1,8.0,5.6,2093.64
2015-04-09 17:00:00,0,27.2,7.0,9.3,2136.6499999999996
2015-04-09 18:00:00,0,26.7,7.0,14.8,2143.52
2015-04-09 19:00:00,0,26.1,8.0,16.7,2192.55
2015-04-09 20:00:00,0,25.0,8.0,13.0,2196.5299999999997
2015-04-09 21:00:00,0,25.0,9.0,9.3,2205.4
2015-04-09 22:00:00,0,21.7,14.0,0.0,2166.3800000000006
2015-04-09 23:00:00,0,21.1,14.0,0.0,2055.2999999999997
2015-04-10 00:00:00,0,20.0,15.0,5.6,2012.13
2015-04-10 01:00:00,0,18.3,19.0,11.1,1852.6499999999999
2015-04-10 02:00:00,0,17.2,23.0,7.4,1781.3599999999997
2015-04-10 03:00:00,0,16.7,21.0,9.3,1623.3200000000002
2015-04-10 04:00:00,0,15.6,27.0,11.1,1523.93
2015-04-10 05:00:00,0,15.0,25.0,13.0,1506.78
2015-04-10 06:00:00,0,14.4,28.0,9.3,1522.1599999999999
2015-04-10 07:00:00,0,14.4,26.0,9.3,1601.74
2015-04-10 08:00:00,0,17.8,21.0,9.3,1697.505
2015-04-10 09:00:00,0,20.6,16.0,13.0,1759.895
2015-04-10 10:00:00,0,22.2,13.0,11.1,1858.0049999999997
2015-04-10 11:00:00,0,25.0,11.0,5.6,1942.4524999999999
2015-04-10 12:00:00,0,26.7,8.0,9.3,1989.87
2015-04-10 13:00:00,0,28.3,7.0,9.3,2005.7500000000002
2015-04-10 14:00:00,0,28.3,8.0,9.3,2074.4100000000003
2015-04-10 15:00:00,0,30.0,7.0,9.3,2099.25
2015-04-10 16:00:00,0,28.9,8.0,5.6,2107.1899999999996
2015-04-10 17:00:00,0,29.4,8.0,9.3,2102.0800000000004
2015-04-10 18:00:00,0,29.4,7.0,9.3,2053.81
2015-04-10 19:00:00,0,28.3,8.0,11.1,2087.51
2015-04-10 20:00:00,0,27.2,10.0,13.0,1990.2300000000002
2015-04-10 21:00:00,0,26.7,10.0,11.1,2011.1700000000003
2015-04-10 22:00:00,0,23.3,15.0,0.0,2053.4100000000003
2015-04-10 23:00:00,0,23.3,14.0,0.0,2034.2599999999995
2015-04-11 00:00:00,0,22.2,16.0,0.0,1892.5800000000002
2015-04-11 01:00:00,0,20.0,18.0,0.0,1820.0400000000002
2015-04-11 02:00:00,0,18.9,20.0,7.4,1744.44
2015-04-11 03:00:00,0,18.9,22.0,11.1,1683.9800000000002
2015-04-11 04:00:00,0,17.8,25.0,0.0,1605.46
2015-04-11 05:00:00,0,16.7,25.0,13.0,1564.2700000000002
2015-04-11 06:00:00,0,15.6,26.0,9.3,1480.6799999999998
2015-04-11 07:00:00,0,16.1,24.0,11.1,1501.95
2015-04-11 08:00:00,0,18.9,21.0,13.0,1576.1699999999998
2015-04-11 09:00:00,0,22.0,20.0,9.3,1641.01
2015-04-11 10:00:00,0,23.9,20.0,0.0,1717.53
2015-04-11 11:00:00,0,25.0,19.0,7.4,1785.1800000000003
2015-04-11 12:00:00,0,26.1,15.0,7.4,1845.4200000000003
2015-04-11 13:00:00,0,27.2,12.0,9.3,1907.53
2015-04-11 14:00:00,0,27.8,10.0,5.6,2009.4800000000002
2015-04-11 15:00:00,0,27.8,10.0,5.6,2031.2499999999998
2015-04-11 16:00:00,0,28.3,10.0,0.0,2033.73
2015-04-11 17:00:00,0,28.9,9.0,0.0,2017.2200000000003
2015-04-11 18:00:00,0,28.9,10.0,13.0,2041.12
2015-04-11 19:00:00,0,27.8,10.0,13.0,2060.69
2015-04-11 20:00:00,0,27.2,11.0,11.1,2061.3400000000006
2015-04-11 21:00:00,0,26.1,14.0,9.3,2000.63
2015-04-11 22:00:00,0,23.9,18.0,0.0,1977.14
2015-04-11 23:00:00,0,22.2,20.0,5.6,1906.3700000000001
2015-04-12 00:00:00,0,23.9,18.0,5.6,1895.59
2015-04-12 01:00:00,0,22.8,21.0,7.4,1816.21
2015-04-12 02:00:00,0,22.2,20.0,0.0,1719.3000000000002
2015-04-12 03:00:00,0,21.1,20.0,7.4,1683.3999999999999
2015-04-12 04:00:00,0,20.0,23.0,11.1,1579.5699999999997
2015-04-12 05:00:00,0,18.3,26.0,7.4,1596.81
2015-04-12 06:00:00,0,20.0,23.0,11.1,1527.5900000000001
2015-04-12 07:00:00,0,18.9,24.0,7.4,1538.7699999999998
2015-04-12 08:00:00,0,20.6,20.0,7.4,1548.6799999999998
2015-04-12 09:00:00,0,21.7,23.0,11.1,1630.2
2015-04-12 10:00:00,0,22.8,22.0,9.3,1666.9799999999996
2015-04-12 11:00:00,0,24.4,22.0,14.8,1791.5699999999997
2015-04-12 12:00:00,0,25.6,23.0,20.4,1848.65
2015-04-12 13:00:00,0,27.2,20.0,18.5,1928.0
2015-04-12 14:00:00,0,27.8,20.0,27.8,2001.31
2015-04-12 15:00:00,0,28.3,20.0,25.9,2065.21
2015-04-12 16:00:00,0,28.9,21.0,24.1,2107.15
2015-04-12 17:00:00,0,28.9,21.0,13.0,2096.5200000000004
2015-04-12 18:00:00,0,28.3,22.0,18.5,2147.2900000000004
2015-04-12 19:00:00,0,28.3,21.0,16.7,2218.97
2015-04-12 20:00:00,0,27.2,23.0,9.3,2303.23
2015-04-12 21:00:00,0,25.0,28.0,9.3,2254.15
2015-04-12 22:00:00,0,23.9,31.0,9.3,2146.95
2015-04-12 23:00:00,0,23.3,30.0,14.8,2102.04
2015-04-13 00:00:00,0,22.2,31.0,7.4,1976.0300000000002
2015-04-13 01:00:00,0,21.7,35.0,11.1,1872.2600000000002
2015-04-13 02:00:00,0,20.6,40.0,11.1,1732.6399999999999
2015-04-13 03:00:00,0,19.4,45.0,9.3,1677.1099999999997
2015-04-13 04:00:00,0,18.9,47.0,13.0,1605.0900000000001
2015-04-13 05:00:00,0,17.8,52.0,11.1,1583.4800000000002
2015-04-13 06:00:00,0,17.2,54.0,9.3,1632.43
2015-04-13 07:00:00,0,18.3,52.0,11.1,1666.6999999999998
2015-04-13 08:00:00,0,19.4,51.0,9.3,1730.91
2015-04-13 09:00:00,0,21.7,44.0,5.6,1771.3899999999999
2015-04-13 10:00:00,0,23.9,37.0,5.6,1790.9999999999998
2015-04-13 11:00:00,0,25.0,32.0,0.0,1846.41
2015-04-13 12:00:00,0,27.2,28.0,9.3,1905.0600000000002
2015-04-13 13:00:00,0,28.9,25.0,11.1,2014.17
2015-04-13 14:00:00,0,28.9,22.0,14.8,2051.44
2015-04-13 15:00:00,0,31.7,16.0,14.8,2105.29
2015-04-13 16:00:00,0,31.7,16.0,13.0,2176.58
2015-04-13 17:00:00,0,32.2,14.0,18.5,2269.18
2015-04-13 18:00:00,0,31.7,12.0,14.8,2226.9800000000005
2015-04-13 19:00:00,0,31.1,13.0,13.0,2235.9099999999994
2015-04-13 20:00:00,0,28.9,17.0,5.6,2326.4400000000005
2015-04-13 21:00:00,0,27.2,20.0,0.0,2312.23
2015-04-13 22:00:00,0,26.7,20.0,5.6,2318.0500000000006
2015-04-13 23:00:00,0,25.0,24.0,9.3,2166.1200000000003
2015-04-14 00:00:00,0,23.9,27.0,14.8,2097.16
2015-04-14 01:00:00,0,22.8,28.0,13.0,1977.72
2015-04-14 02:00:00,0,22.2,28.0,5.6,1840.41
2015-04-14 03:00:00,0,21.1,30.0,14.8,1725.37
2015-04-14 04:00:00,0,20.6,35.0,14.8,1662.64
2015-04-14 05:00:00,0,19.4,37.0,13.0,1632.7499999999998
2015-04-14 06:00:00,0,19.4,37.0,0.0,1642.9699999999998
2015-04-14 07:00:00,0,20.0,37.0,13.0,1693.23
2015-04-14 08:00:00,0,22.8,33.0,11.1,1738.75
2015-04-14 09:00:00,0,25.0,28.0,13.0,1807.4500000000003
2015-04-14 10:00:00,0,27.2,23.0,16.7,1874.1499999999996
2015-04-14 11:00:00,0,29.4,20.0,22.2,1968.42
2015-04-14 12:00:00,0,30.6,17.0,14.8,2016.63
2015-04-14 13:00:00,0,31.7,14.0,11.1,2056.9399999999996
2015-04-14 14:00:00,0,32.2,14.0,9.3,2093.41
2015-04-14 15:00:00,0,33.9,11.0,20.4,2110.09
2015-04-14 16:00:00,0,33.9,10.0,27.8,2199.42
2015-04-14 17:00:00,0,33.3,11.0,18.5,2231.120000000001
2015-04-14 18:00:00,0,32.8,9.0,25.9,2260.9399999999996
2015-04-14 19:00:00,0,31.7,8.0,37.0,2290.5399999999995
2015-04-14 20:00:00,0,30.0,10.0,22.2,2323.6399999999994
2015-04-14 21:00:00,0,27.8,12.0,13.0,2313.4999999999995
2015-04-14 22:00:00,0,25.6,15.0,9.3,2297.1799999999994
2015-04-14 23:00:00,0,26.1,15.0,7.4,2162.6500000000005
2015-04-15 00:00:00,0,24.4,16.0,7.4,1992.1799999999998
2015-04-15 01:00:00,0,25.6,17.0,13.0,1937.9299999999998
2015-04-15 02:00:00,0,24.4,18.0,13.0,1797.09
2015-04-15 03:00:00,0,21.1,24.0,5.6,1737.24
2015-04-15 04:00:00,0,21.7,23.0,7.4,1675.8200000000002
2015-04-15 05:00:00,0,22.2,19.0,14.8,1645.99
2015-04-15 06:00:00,0,20.6,16.0,16.7,1690.7
2015-04-15 07:00:00,0,20.0,18.0,9.3,1709.53
2015-04-15 08:00:00,0,21.1,11.0,11.1,1750.8000000000002
2015-04-15 09:00:00,0,22.2,9.0,11.1,1782.3700000000003
2015-04-15 10:00:00,0,23.3,7.0,13.0,1874.6
2015-04-15 11:00:00,0,25.0,5.0,22.2,1915.2300000000002
2015-04-15 12:00:00,0,25.6,4.0,20.4,1963.24
2015-04-15 13:00:00,0,25.6,6.0,22.2,1973.69
2015-04-15 14:00:00,0,28.3,4.0,24.1,2010.54
2015-04-15 15:00:00,0,28.3,4.0,29.6,2060.1200000000003
2015-04-15 16:00:00,0,28.3,4.0,38.9,2122.5899999999997
2015-04-15 17:00:00,0,27.2,4.0,29.6,2179.96
2015-04-15 18:00:00,0,26.7,4.0,31.5,2178.25
2015-04-15 19:00:00,0,25.0,6.0,24.1,2267.17
2015-04-15 20:00:00,0,22.8,6.0,18.5,2263.2900000000004
2015-04-15 21:00:00,0,22.2,5.0,33.3,2248.45
2015-04-15 22:00:00,0,21.7,6.0,24.1,2203.84
2015-04-15 23:00:00,0,20.0,6.0,27.8,2159.45
2015-04-16 00:00:00,0,18.3,8.0,20.4,2052.58
2015-04-16 01:00:00,0,17.8,8.0,25.9,1877.59
2015-04-16 02:00:00,0,16.7,9.0,11.1,1738.5899999999997
2015-04-16 03:00:00,0,15.6,10.0,20.4,1650.35
2015-04-16 04:00:00,0,15.0,11.0,11.1,1511.9699999999998
2015-04-16 05:00:00,0,13.9,12.0,20.4,1478.96
2015-04-16 06:00:00,0,13.9,13.0,7.4,1508.2600000000002
2015-04-16 07:00:00,0,13.9,14.0,16.7,1601.8000000000002
2015-04-16 08:00:00,0,16.7,11.0,5.6,1671.08
2015-04-16 09:00:00,0,17.2,11.0,7.4,1738.03
2015-04-16 10:00:00,0,18.3,9.0,5.6,1763.78
2015-04-16 11:00:00,0,20.0,8.0,20.4,1761.9
2015-04-16 12:00:00,0,21.1,7.0,16.7,1870.3900000000003
2015-04-16 13:00:00,0,21.1,8.0,5.6,1903.3000000000004
2015-04-16 14:00:00,0,22.2,8.0,5.6,1956.18
2015-04-16 15:00:00,0,22.8,8.0,27.8,1963.3200000000002
2015-04-16 16:00:00,0,23.3,8.0,18.5,1966.62
2015-04-16 17:00:00,0,23.9,8.0,20.4,2051.08
2015-04-16 18:00:00,0,23.3,8.0,18.5,2084.88
2015-04-16 19:00:00,0,22.8,9.0,18.5,2134.0
2015-04-16 20:00:00,0,22.2,10.0,20.4,2134.61
2015-04-16 21:00:00,0,21.1,11.0,18.5,2140.2
2015-04-16 22:00:00,0,19.4,13.0,9.3,2087.1299999999997
2015-04-16 23:00:00,0,19.4,14.0,0.0,2014.25
2015-04-17 00:00:00,0,18.3,16.0,7.4,1929.0300000000002
2015-04-17 01:00:00,0,16.1,20.0,9.3,1805.8200000000002
2015-04-17 02:00:00,0,15.6,22.0,5.6,1659.67
2015-04-17 03:00:00,0,15.0,21.0,16.7,1555.1899999999998
2015-04-17 04:00:00,0,13.9,22.0,5.6,1488.6600000000003
2015-04-17 05:00:00,0,13.3,24.0,5.6,1478.8100000000002
2015-04-17 06:00:00,0,13.3,26.0,9.3,1511.0100000000002
2015-04-17 07:00:00,0,13.9,27.0,0.0,1624.9800000000005
2015-04-17 08:00:00,0,16.1,22.0,9.3,1672.3100000000002
2015-04-17 09:00:00,0,18.3,22.0,0.0,1712.2900000000002
2015-04-17 10:00:00,0,20.0,20.0,5.6,1790.8199999999995
2015-04-17 11:00:00,0,22.2,17.0,7.4,1885.6599999999999
2015-04-17 12:00:00,0,22.2,16.0,0.0,1915.3999999999999
2015-04-17 13:00:00,0,24.4,13.0,11.1,1917.6399999999999
2015-04-17 14:00:00,0,26.1,11.0,11.1,1974.8299999999995
2015-04-17 15:00:00,0,26.1,12.0,22.2,2028.3
2015-04-17 16:00:00,0,26.1,12.0,14.8,2041.24
2015-04-17 17:00:00,0,26.7,10.0,18.5,2023.1299999999999
2015-04-17 18:00:00,0,27.2,10.0,20.4,2053.72
2015-04-17 19:00:00,0,26.1,11.0,14.8,2040.0
2015-04-17 20:00:00,0,25.0,12.0,13.0,2076.1
2015-04-17 21:00:00,0,23.3,15.0,9.3,2050.52
2015-04-17 22:00:00,0,22.8,14.0,11.1,2033.2999999999997
2015-04-17 23:00:00,0,22.2,13.0,11.1,1946.3499999999997
2015-04-18 00:00:00,0,21.1,16.0,9.3,1880.7300000000002
2015-04-18 01:00:00,0,20.0,17.0,7.4,1835.99
2015-04-18 02:00:00,0,18.9,19.0,9.3,1745.94
2015-04-18 03:00:00,0,17.2,23.0,5.6,1623.0200000000002
2015-04-18 04:00:00,0,16.7,23.0,14.8,1568.9900000000002
2015-04-18 05:00:00,0,16.1,26.0,9.3,1494.3600000000001
2015-04-18 06:00:00,0,15.6,26.0,7.4,1470.4999999999998
2015-04-18 07:00:00,0,15.6,27.0,11.1,1501.9999999999998
2015-04-18 08:00:00,0,18.3,22.0,11.1,1550.64
2015-04-18 09:00:00,0,20.6,19.0,9.3,1607.9400000000003
2015-04-18 10:00:00,0,23.3,16.0,7.4,1707.2000000000003
2015-04-18 11:00:00,0,25.0,13.0,0.0,1729.4099999999996
2015-04-18 12:00:00,0,28.3,9.0,16.7,1814.4200000000003
2015-04-18 13:00:00,0,30.6,8.0,18.5,1907.95
2015-04-18 14:00:00,0,30.6,7.0,25.9,1919.98
2015-04-18 15:00:00,0,30.6,8.0,20.4,1940.2900000000002
2015-04-18 16:00:00,0,31.7,7.0,24.1,2050.53
2015-04-18 17:00:00,0,31.7,7.0,16.7,2091.77
2015-04-18 18:00:00,0,31.1,7.0,16.7,2041.4499999999998
2015-04-18 19:00:00,0,30.0,7.0,16.7,2057.61
2015-04-18 20:00:00,0,27.8,9.0,11.1,2119.28
2015-04-18 21:00:00,0,26.7,9.0,9.3,2066.24
2015-04-18 22:00:00,0,26.7,10.0,14.8,2011.55
2015-04-18 23:00:00,0,25.6,11.0,11.1,1959.17
2015-04-19 00:00:00,0,25.6,11.0,11.1,1902.2899999999997
2015-04-19 01:00:00,0,23.9,15.0,11.1,1848.1800000000003
2015-04-19 02:00:00,0,22.2,17.0,7.4,1718.5300000000004
2015-04-19 03:00:00,0,20.0,21.0,5.6,1677.0400000000002
2015-04-19 04:00:00,0,19.4,23.0,7.4,1629.77
2015-04-19 05:00:00,0,18.3,23.0,9.3,1608.48
2015-04-19 06:00:00,0,16.7,24.0,11.1,1554.5100000000002
2015-04-19 07:00:00,0,18.3,22.0,13.0,1538.7900000000004
2015-04-19 08:00:00,0,20.6,21.0,13.0,1553.01
2015-04-19 09:00:00,0,23.3,19.0,9.3,1638.7800000000002
2015-04-19 10:00:00,0,25.6,15.0,7.4,1717.5800000000002
2015-04-19 11:00:00,0,27.2,13.0,0.0,1786.3200000000002
2015-04-19 12:00:00,0,29.4,11.0,7.4,1876.0900000000006
2015-04-19 13:00:00,0,30.0,10.0,0.0,1912.01
2015-04-19 14:00:00,0,32.2,8.0,11.1,2037.5600000000002
2015-04-19 15:00:00,0,32.8,7.0,13.0,2111.79
2015-04-19 16:00:00,0,32.2,7.0,18.5,2129.66
2015-04-19 17:00:00,0,32.2,7.0,14.8,2131.58
2015-04-19 18:00:00,0,32.2,7.0,9.3,2134.38
2015-04-19 19:00:00,0,31.7,7.0,18.5,2237.3799999999997
2015-04-19 20:00:00,0,29.4,8.0,7.4,2324.3700000000003
2015-04-19 21:00:00,0,27.2,11.0,7.4,2306.1699999999996
2015-04-19 22:00:00,0,26.7,12.0,0.0,2256.42
2015-04-19 23:00:00,0,27.8,11.0,5.6,2116.93
2015-04-20 00:00:00,0,24.4,16.0,5.6,2079.3599999999997
2015-04-20 01:00:00,0,25.0,13.0,7.4,1939.7
2015-04-20 02:00:00,0,21.7,22.0,0.0,1834.0
2015-04-20 03:00:00,0,20.6,24.0,5.6,1724.0000000000002
2015-04-20 04:00:00,0,20.0,25.0,11.1,1637.5199999999998
2015-04-20 05:00:00,0,18.9,28.0,14.8,1596.8
2015-04-20 06:00:00,0,18.3,26.0,18.5,1628.94
2015-04-20 07:00:00,0,18.9,22.0,18.5,1692.3400000000001
2015-04-20 08:00:00,0,21.1,19.0,16.7,1709.25
2015-04-20 09:00:00,0,23.9,15.0,9.3,1780.7599999999995
2015-04-20 10:00:00,0,26.7,12.0,9.3,1863.7300000000002
2015-04-20 11:00:00,0,28.9,10.0,7.4,1970.1825
2015-04-20 12:00:00,0,28.9,10.0,7.4,1893.1200000000001
2015-04-20 13:00:00,0,31.1,9.0,5.6,2071.14
2015-04-20 14:00:00,0,31.7,8.0,7.4,2102.6200000000003
2015-04-20 15:00:00,0,32.2,8.0,0.0,2140.9399999999996
2015-04-20 16:00:00,0,32.8,7.0,5.6,2160.84
2015-04-20 17:00:00,0,32.2,8.0,0.0,2167.4500000000003
2015-04-20 18:00:00,0,32.2,7.0,18.5,2192.3900000000003
2015-04-20 19:00:00,0,31.7,7.0,14.8,2293.17
2015-04-20 20:00:00,0,31.1,8.0,14.8,2315.23
2015-04-20 21:00:00,0,27.8,11.0,9.3,2289.0299999999997
2015-04-20 22:00:00,0,26.7,13.0,14.8,2293.92
2015-04-20 23:00:00,0,26.7,13.0,20.4,2205.6600000000003
2015-04-21 00:00:00,0,25.6,15.0,13.0,2107.18
2015-04-21 01:00:00,0,25.0,15.0,9.3,1979.4200000000003
2015-04-21 02:00:00,0,22.8,20.0,11.1,1817.7900000000002
2015-04-21 03:00:00,0,20.6,22.0,11.1,1741.12
2015-04-21 04:00:00,0,20.6,22.0,11.1,1659.58
2015-04-21 05:00:00,0,20.6,21.0,11.1,1644.27
2015-04-21 06:00:00,0,18.9,23.0,9.3,1636.1799999999998
2015-04-21 07:00:00,0,19.4,22.0,13.0,1674.36
2015-04-21 08:00:00,0,21.7,17.0,14.8,1744.3600000000001
2015-04-21 09:00:00,0,23.9,13.0,7.4,1785.2500000000002
2015-04-21 10:00:00,0,26.1,11.0,16.7,1865.29
2015-04-21 11:00:00,0,28.3,9.0,13.0,1985.4500000000003
2015-04-21 12:00:00,0,29.4,8.0,7.4,2024.5400000000004
2015-04-21 13:00:00,0,30.0,8.0,7.4,2053.07
2015-04-21 14:00:00,0,31.1,5.0,14.8,2085.71
2015-04-21 15:00:00,0,31.7,6.0,22.2,2146.62
2015-04-21 16:00:00,0,31.7,7.0,11.1,2220.9100000000003
2015-04-21 17:00:00,0,31.1,6.0,18.5,2234.79
2015-04-21 18:00:00,0,31.1,6.0,11.1,2221.49
2015-04-21 19:00:00,0,29.4,8.0,24.1,2268.02
2015-04-21 20:00:00,0,28.3,12.0,25.9,2379.64
2015-04-21 21:00:00,0,26.7,12.0,24.1,2340.91
2015-04-21 22:00:00,0,25.0,17.0,18.5,2302.609999999999
2015-04-21 23:00:00,0,24.4,16.0,16.7,2215.1400000000003
2015-04-22 00:00:00,0,23.3,18.0,9.3,2089.12
2015-04-22 01:00:00,0,21.7,20.0,13.0,1978.7700000000002
2015-04-22 02:00:00,0,21.1,19.0,13.0,1856.7800000000002
2015-04-22 03:00:00,0,19.4,22.0,11.1,1737.8000000000002
2015-04-22 04:00:00,0,19.4,24.0,0.0,1658.4800000000002
2015-04-22 05:00:00,0,18.3,28.0,9.3,1635.59
2015-04-22 06:00:00,0,18.3,29.0,5.6,1649.05
2015-04-22 07:00:00,0,19.4,28.0,9.3,1695.11
2015-04-22 08:00:00,0,20.6,29.0,13.0,1782.7399999999998
2015-04-22 09:00:00,0,22.2,27.0,7.4,1838.8200000000002
2015-04-22 10:00:00,0,24.4,23.0,11.1,1899.95
2015-04-22 11:00:00,0,25.6,19.0,11.1,2005.72
2015-04-22 12:00:00,0,26.7,15.0,5.6,2043.64
2015-04-22 13:00:00,0,29.4,12.0,11.1,2092.7799999999997
2015-04-22 14:00:00,0,28.9,10.0,14.8,2120.12
2015-04-22 15:00:00,0,30.0,10.0,7.4,2116.2400000000002
2015-04-22 16:00:00,0,31.1,8.0,16.7,2197.44
2015-04-22 17:00:00,0,31.1,7.0,24.1,2252.7999999999997
2015-04-22 18:00:00,0,29.4,8.0,20.4,2279.9500000000007
2015-04-22 19:00:00,0,28.3,11.0,25.9,2325.6600000000003
2015-04-22 20:00:00,0,26.7,15.0,24.1,2335.02
2015-04-22 21:00:00,0,25.0,16.0,22.2,2308.6099999999997
2015-04-22 22:00:00,0,23.9,16.0,16.7,2292.9
2015-04-22 23:00:00,0,23.3,16.0,9.3,2240.36
2015-04-23 00:00:00,0,21.7,19.0,5.6,2099.38
2015-04-23 01:00:00,0,21.1,20.0,11.1,1956.4
2015-04-23 02:00:00,0,20.0,21.0,16.7,1826.7799999999997
2015-04-23 03:00:00,0,19.4,26.0,13.0,1729.3
2015-04-23 04:00:00,0,18.9,28.0,7.4,1667.5
2015-04-23 05:00:00,0,17.8,30.0,5.6,1644.8899999999996
2015-04-23 06:00:00,0,17.2,30.0,5.6,1658.6999999999998
2015-04-23 07:00:00,0,18.9,28.0,7.4,1672.14
2015-04-23 08:00:00,0,20.0,28.0,5.6,1753.2099999999998
2015-04-23 09:00:00,0,21.7,23.0,7.4,1838.3899999999999
2015-04-23 10:00:00,0,22.2,20.0,7.4,1881.0900000000001
2015-04-23 11:00:00,0,23.3,18.0,0.0,1959.8999999999999
2015-04-23 12:00:00,0,25.0,16.0,7.4,1999.4199999999996
2015-04-23 13:00:00,0,25.6,17.0,7.4,2039.3700000000003
2015-04-23 14:00:00,0,26.7,16.0,7.4,2050.9900000000002
2015-04-23 15:00:00,0,26.7,17.0,5.6,2133.26
2015-04-23 16:00:00,0,27.8,16.0,16.7,2151.53
2015-04-23 17:00:00,0,27.2,16.0,18.5,2221.4700000000003
2015-04-23 18:00:00,0,27.2,18.0,7.4,2214.8399999999997
2015-04-23 19:00:00,0,26.7,18.0,18.5,2269.4600000000005
2015-04-23 20:00:00,0,26.1,20.0,16.7,2305.0800000000004
2015-04-23 21:00:00,0,24.4,25.0,14.8,2315.35
2015-04-23 22:00:00,0,23.3,28.0,18.5,2201.85
2015-04-23 23:00:00,0,22.2,31.0,16.7,2136.15
2015-04-24 00:00:00,0,21.7,32.0,9.3,2063.7500000000005
2015-04-24 01:00:00,0,20.6,33.0,5.6,1982.1400000000003
2015-04-24 02:00:00,0,18.9,36.0,13.0,1899.7499999999998
2015-04-24 03:00:00,0,18.3,40.0,9.3,1752.57
2015-04-24 04:00:00,0,17.2,46.0,13.0,1681.6
2015-04-24 05:00:00,0,17.2,50.0,13.0,1669.83
2015-04-24 06:00:00,0,17.2,52.0,13.0,1653.8
2015-04-24 07:00:00,0,16.7,56.0,13.0,1699.24
2015-04-24 08:00:00,0,17.8,54.0,13.0,1780.46
2015-04-24 09:00:00,0,17.8,65.0,13.0,1865.88
2015-04-24 10:00:00,0,19.4,51.0,0.0,1929.6200000000001
2015-04-24 11:00:00,0,22.2,44.0,13.0,1937.45
2015-04-24 12:00:00,0,22.8,42.0,5.6,2020.5199999999998
2015-04-24 13:00:00,0,18.9,68.0,20.4,2072.0
2015-04-24 14:00:00,0,20.6,57.0,14.8,2051.19
2015-04-24 15:00:00,0,22.8,42.0,14.8,2108.17
2015-04-24 16:00:00,0,23.9,37.0,14.8,2132.78
2015-04-24 17:00:00,0,24.4,36.0,0.0,2159.8599999999997
2015-04-24 18:00:00,0,25.0,34.0,11.1,2093.27
2015-04-24 19:00:00,0,24.4,35.0,5.6,2075.04
2015-04-24 20:00:00,0,23.9,37.0,7.4,2081.53
2015-04-24 21:00:00,0,22.8,39.0,5.6,2050.48
2015-04-24 22:00:00,0,22.2,33.0,14.8,2006.6299999999999
2015-04-24 23:00:00,0,21.1,35.0,7.4,1958.23
2015-04-25 00:00:00,0,20.6,36.0,0.0,1955.27
2015-04-25 01:00:00,0,21.7,30.0,5.6,1864.7299999999996
2015-04-25 02:00:00,0,20.6,36.0,5.6,1771.4799999999998
2015-04-25 03:00:00,0,18.9,38.0,0.0,1689.56
2015-04-25 04:00:00,0,17.8,43.0,9.3,1638.6599999999999
2015-04-25 05:00:00,0,17.2,46.0,13.0,1616.72
2015-04-25 06:00:00,0,16.1,50.0,11.1,1579.1100000000004
2015-04-25 07:00:00,0,16.7,48.0,13.0,1583.0
2015-04-25 08:00:00,0,17.8,45.0,11.1,1585.2499999999998
2015-04-25 09:00:00,0,20.6,40.0,9.3,1620.4
2015-04-25 10:00:00,0,22.2,37.0,13.0,1627.2524999999998
2015-04-25 11:00:00,0,22.8,37.0,5.6,1684.5575
2015-04-25 12:00:00,0,24.4,32.0,25.9,1728.6599999999999
2015-04-25 13:00:00,0,25.0,30.0,5.6,1778.8450000000003
2015-04-25 14:00:00,0,25.6,28.0,14.8,1810.3975
2015-04-25 15:00:00,0,26.7,26.0,14.8,1835.3325
2015-04-25 16:00:00,0,26.7,27.0,24.1,1856.7499999999998
2015-04-25 17:00:00,0,25.6,30.0,27.8,1889.405
2015-04-25 18:00:00,0,24.4,29.0,31.5,1900.0949999999996
2015-04-25 19:00:00,0,23.3,27.0,20.4,1911.1350000000002
2015-04-25 20:00:00,0,22.8,29.0,35.2,1923.935
2015-04-25 21:00:00,0,21.7,30.0,31.5,1907.7624999999996
2015-04-25 22:00:00,0,20.6,36.0,22.2,1884.0300000000002
2015-04-25 23:00:00,0,20.0,39.0,55.6,1765.2575
2015-04-26 00:00:00,0,13.9,81.0,24.1,1667.0499999999997
2015-04-26 01:00:00,0,13.3,87.0,9.3,1622.135
2015-04-26 02:00:00,0,13.9,81.0,0.0,1572.6775
2015-04-26 03:00:00,0,13.9,83.0,9.3,1531.685
2015-04-26 04:00:00,0,13.9,81.0,11.1,1508.365
2015-04-26 05:00:00,0,14.4,78.0,14.8,1461.6875
2015-04-26 06:00:00,0,12.8,83.0,5.6,1442.0325000000003
2015-04-26 07:00:00,0,13.9,83.0,9.3,1443.1025000000002
2015-04-26 08:00:00,0,14.4,78.0,5.6,1479.8350000000003
2015-04-26 09:00:00,0,16.1,64.0,13.0,1532.175
2015-04-26 10:00:00,0,17.2,56.0,20.4,1600.0625
2015-04-26 11:00:00,0,18.9,50.0,16.7,1651.1925
2015-04-26 12:00:00,0,19.4,45.0,13.0,1906.5899999999997
2015-04-26 13:00:00,0,21.1,39.0,9.3,1916.73
2015-04-26 14:00:00,0,20.6,45.0,29.6,1950.97
2015-04-26 15:00:00,0,22.8,33.0,5.6,2003.36
2015-04-26 16:00:00,0,23.3,29.0,11.1,2051.72
2015-04-26 17:00:00,0,20.0,43.0,25.9,2071.69
2015-04-26 18:00:00,0,20.0,47.0,9.3,2117.07
2015-04-26 19:00:00,0,18.9,56.0,16.7,2134.3199999999997
2015-04-26 20:00:00,0,18.9,52.0,16.7,2180.3399999999997
2015-04-26 21:00:00,0,18.3,58.0,16.7,2177.39
2015-04-26 22:00:00,0,17.8,58.0,5.6,2098.28
2015-04-26 23:00:00,0,17.2,60.0,0.0,1909.69
2015-04-27 00:00:00,0,16.7,65.0,0.0,1837.4199999999996
2015-04-27 01:00:00,0,15.6,69.0,0.0,1786.9
2015-04-27 02:00:00,0,15.6,72.0,0.0,1683.5700000000002
2015-04-27 03:00:00,0,15.0,75.0,5.6,1579.15
2015-04-27 04:00:00,0,14.4,78.0,9.3,1493.35
2015-04-27 05:00:00,0,14.4,72.0,9.3,1495.02
2015-04-27 06:00:00,0,13.9,72.0,5.6,1503.73
2015-04-27 07:00:00,0,15.0,67.0,0.0,1649.7
2015-04-27 08:00:00,0,17.2,58.0,5.6,1669.43
2015-04-27 09:00:00,0,18.3,50.0,5.6,1742.9000000000003
2015-04-27 10:00:00,0,21.1,41.0,0.0,1812.58
2015-04-27 11:00:00,0,23.3,28.0,0.0,1917.38
2015-04-27 12:00:00,0,25.0,24.0,0.0,1970.55
2015-04-27 13:00:00,0,26.1,22.0,11.1,2010.7900000000002
2015-04-27 14:00:00,0,27.2,21.0,0.0,2043.52
2015-04-27 15:00:00,0,28.3,18.0,5.6,2078.76
2015-04-27 16:00:00,0,28.3,18.0,0.0,2130.81
2015-04-27 17:00:00,0,29.4,17.0,5.6,2155.0400000000004
2015-04-27 18:00:00,0,29.4,17.0,11.1,2169.83
2015-04-27 19:00:00,0,28.3,19.0,9.3,2185.55
2015-04-27 20:00:00,0,27.2,22.0,9.3,2268.79
2015-04-27 21:00:00,0,28.3,20.0,9.3,2245.7100000000005
2015-04-27 22:00:00,0,26.1,25.0,0.0,2208.98
2015-04-27 23:00:00,0,24.4,30.0,7.4,2172.44
2015-04-28 00:00:00,0,23.3,34.0,5.6,2075.05
2015-04-28 01:00:00,0,22.2,40.0,5.6,1944.86
2015-04-28 02:00:00,0,21.1,44.0,9.3,1837.5100000000002
2015-04-28 03:00:00,0,21.7,39.0,14.8,1733.6899999999998
2015-04-28 04:00:00,0,21.1,41.0,20.4,1656.1899999999998
2015-04-28 05:00:00,0,20.0,45.0,11.1,1665.4599999999998
2015-04-28 06:00:00,0,20.6,44.0,11.1,1642.7999999999997
2015-04-28 07:00:00,0,20.6,45.0,14.8,1686.4699999999998
2015-04-28 08:00:00,0,23.9,33.0,14.8,1746.4199999999998
2015-04-28 09:00:00,0,25.6,28.0,14.8,1803.29
2015-04-28 10:00:00,0,27.8,21.0,20.4,1876.26
2015-04-28 11:00:00,0,28.9,19.0,14.8,1917.62
2015-04-28 12:00:00,0,30.0,18.0,13.0,1922.4699999999998
2015-04-28 13:00:00,0,31.1,16.0,11.1,2024.8300000000004
2015-04-28 14:00:00,0,32.2,16.0,5.6,2032.6700000000003
2015-04-28 15:00:00,0,32.8,15.0,13.0,2104.7599999999998
2015-04-28 16:00:00,0,32.8,14.0,16.7,2185.9500000000003
2015-04-28 17:00:00,0,32.8,13.0,7.4,2228.7200000000003
2015-04-28 18:00:00,0,32.2,15.0,11.1,2263.42
2015-04-28 19:00:00,0,31.7,15.0,7.4,2341.54
2015-04-28 20:00:00,0,30.6,17.0,7.4,2384.89
2015-04-28 21:00:00,0,28.9,20.0,9.3,2332.0399999999995
2015-04-28 22:00:00,0,28.3,20.0,18.5,2329.91
2015-04-28 23:00:00,0,27.2,21.0,20.4,2245.2799999999997
2015-04-29 00:00:00,0,25.6,25.0,9.3,2102.2900000000004
2015-04-29 01:00:00,0,24.4,29.0,5.6,1963.9
2015-04-29 02:00:00,0,23.9,31.0,11.1,1850.51
2015-04-29 03:00:00,0,23.3,33.0,9.3,1775.43
2015-04-29 04:00:00,0,22.8,34.0,11.1,1714.4300000000003
2015-04-29 05:00:00,0,22.2,35.0,0.0,1701.3200000000002
2015-04-29 06:00:00,0,21.7,36.0,0.0,1700.3300000000002
2015-04-29 07:00:00,0,22.8,34.0,9.3,1730.4099999999999
2015-04-29 08:00:00,0,25.0,29.0,13.0,1799.6499999999999
2015-04-29 09:00:00,0,27.2,20.0,13.0,1879.25
2015-04-29 10:00:00,0,28.9,17.0,16.7,1922.5100000000002
2015-04-29 11:00:00,0,31.1,13.0,16.7,1999.19
2015-04-29 12:00:00,0,31.1,13.0,14.8,2069.36
2015-04-29 13:00:00,0,31.7,14.0,16.7,2120.9700000000003
2015-04-29 14:00:00,0,32.8,12.0,5.6,2102.41
2015-04-29 15:00:00,0,33.9,11.0,7.4,2167.4699999999993
2015-04-29 16:00:00,0,34.4,9.0,9.3,2215.2699999999995
2015-04-29 17:00:00,0,34.4,8.0,14.8,2241.59
2015-04-29 18:00:00,0,33.3,9.0,13.0,2271.61
2015-04-29 19:00:00,0,32.8,10.0,9.3,2291.3
2015-04-29 20:00:00,0,31.1,11.0,5.6,2309.7500000000005
2015-04-29 21:00:00,0,30.0,13.0,0.0,2279.22
2015-04-29 22:00:00,0,30.0,13.0,0.0,2262.7599999999998
2015-04-29 23:00:00,0,27.8,18.0,0.0,2214.2500000000005
2015-04-30 00:00:00,0,26.1,23.0,9.3,2164.06
2015-04-30 01:00:00,0,25.0,23.0,11.1,2057.04
2015-04-30 02:00:00,0,24.4,23.0,11.1,1904.93
2015-04-30 03:00:00,0,23.3,24.0,11.1,1803.5600000000002
2015-04-30 04:00:00,0,23.3,21.0,13.0,1728.36
2015-04-30 05:00:00,0,21.7,25.0,9.3,1724.44
2015-04-30 06:00:00,0,22.2,22.0,9.3,1709.72
2015-04-30 07:00:00,0,22.8,24.0,13.0,1740.95
2015-04-30 08:00:00,0,25.6,21.0,18.5,1825.32
2015-04-30 09:00:00,0,27.8,17.0,14.8,1878.51
2015-04-30 10:00:00,0,30.0,12.0,11.1,1932.9899999999998
2015-04-30 11:00:00,0,32.2,10.0,13.0,1980.38
2015-04-30 12:00:00,0,33.9,8.0,7.4,1539.2199999999998
2015-04-30 13:00:00,0,34.4,6.0,7.4,2110.61
2015-04-30 14:00:00,0,35.0,8.0,5.6,1604.1700000000003
2015-04-30 15:00:00,0,35.6,7.0,5.6,2258.0299999999997
2015-04-30 16:00:00,0,35.6,7.0,0.0,2238.02
2015-04-30 17:00:00,0,36.1,6.0,7.4,2273.98
2015-04-30 18:00:00,0,36.1,6.0,0.0,2300.9599999999996
2015-04-30 19:00:00,0,35.6,7.0,0.0,2385.1099999999997
2015-04-30 20:00:00,0,34.4,8.0,7.4,2406.2200000000003
2015-04-30 21:00:00,0,33.3,9.0,11.1,2344.3699999999994
2015-04-30 22:00:00,0,30.0,14.0,0.0,2286.1400000000003
2015-04-30 23:00:00,0,28.9,17.0,0.0,2195.31
2015-05-01 00:00:00,0,27.8,18.0,11.1,2115.96
2015-05-01 01:00:00,0,25.6,25.0,0.0,2062.2799999999997
2015-05-01 02:00:00,0,25.0,24.0,0.0,1957.8899999999999
2015-05-01 03:00:00,0,24.4,25.0,0.0,1853.8799999999999
2015-05-01 04:00:00,0,23.3,24.0,13.0,1795.7400000000002
2015-05-01 05:00:00,0,22.2,27.0,9.3,1758.53
2015-05-01 06:00:00,0,21.7,28.0,11.1,1728.86
2015-05-01 07:00:00,0,22.8,23.0,11.1,1752.9899999999998
2015-05-01 08:00:00,0,25.0,19.0,13.0,1808.03
2015-05-01 09:00:00,0,27.8,16.0,11.1,1883.7799999999997
2015-05-01 10:00:00,0,30.6,13.0,0.0,1977.51
2015-05-01 11:00:00,0,32.8,9.0,5.6,2081.0299999999997
2015-05-01 12:00:00,0,33.9,9.0,11.1,2126.42
2015-05-01 13:00:00,0,36.1,7.0,13.0,1853.1100000000001
2015-05-01 14:00:00,0,36.7,6.0,13.0,1652.24
2015-05-01 15:00:00,0,37.8,6.0,13.0,2242.5300000000007
2015-05-01 16:00:00,0,37.2,5.0,18.5,2280.7599999999998
2015-05-01 17:00:00,0,37.2,5.0,13.0,2329.13
2015-05-01 18:00:00,0,37.2,5.0,22.2,2286.0899999999997
2015-05-01 19:00:00,0,36.1,6.0,20.4,2250.7100000000005
2015-05-01 20:00:00,0,34.4,7.0,14.8,1721.3799999999999
2015-05-01 21:00:00,0,32.2,10.0,11.1,1136.2025
2015-05-01 22:00:00,0,31.7,11.0,14.8,1776.17
2015-05-01 23:00:00,0,28.3,15.0,7.4,2160.77
2015-05-02 00:00:00,0,29.4,14.0,11.1,1993.83
2015-05-02 01:00:00,0,30.0,13.0,18.5,1864.7299999999996
2015-05-02 02:00:00,0,27.8,16.0,5.6,1771.4799999999998
2015-05-02 03:00:00,0,25.6,20.0,0.0,1689.56
2015-05-02 04:00:00,0,25.0,21.0,13.0,1638.6599999999999
2015-05-02 05:00:00,0,24.4,23.0,11.1,1616.72
2015-05-02 06:00:00,0,22.8,26.0,14.8,1579.1100000000004
2015-05-02 07:00:00,0,23.3,24.0,13.0,1583.0
2015-05-02 08:00:00,0,25.0,24.0,14.8,1585.2499999999998
2015-05-02 09:00:00,0,27.2,21.0,13.0,1620.4
2015-05-02 10:00:00,0,30.0,16.0,9.3,1823.6800000000003
2015-05-02 11:00:00,0,31.7,13.0,7.4,2004.7399999999996
2015-05-02 12:00:00,0,33.3,12.0,0.0,2050.36
2015-05-02 13:00:00,0,35.0,10.0,11.1,2117.89
2015-05-02 14:00:00,0,34.4,11.0,0.0,2121.9799999999996
2015-05-02 15:00:00,0,35.6,9.0,18.5,2181.8
2015-05-02 16:00:00,0,36.1,9.0,13.0,2177.7400000000002
2015-05-02 17:00:00,0,35.6,10.0,7.4,2237.3199999999997
2015-05-02 18:00:00,0,36.1,10.0,18.5,2213.81
2015-05-02 19:00:00,0,35.0,11.0,13.0,2202.9199999999996
2015-05-02 20:00:00,0,34.4,12.0,16.7,2213.4800000000005
2015-05-02 21:00:00,0,32.2,15.0,22.2,2185.53
2015-05-02 22:00:00,0,31.1,18.0,11.1,2145.14
2015-05-02 23:00:00,0,30.0,18.0,16.7,2081.64
2015-05-03 00:00:00,0,28.9,20.0,9.3,2068.44
2015-05-03 01:00:00,0,28.9,19.0,7.4,1997.25
2015-05-03 02:00:00,0,28.3,21.0,13.0,1923.7199999999998
2015-05-03 03:00:00,0,27.2,24.0,11.1,1854.95
2015-05-03 04:00:00,0,26.1,25.0,0.0,1789.3
2015-05-03 05:00:00,0,25.6,29.0,7.4,1745.43
2015-05-03 06:00:00,0,23.9,33.0,9.3,1688.1200000000001
2015-05-03 07:00:00,0,24.4,32.0,11.1,1722.1
2015-05-03 08:00:00,0,26.1,29.0,9.3,1761.4000000000003
2015-05-03 09:00:00,0,28.3,26.0,14.8,1783.5800000000002
2015-05-03 10:00:00,0,30.0,23.0,14.8,1866.5100000000002
2015-05-03 11:00:00,0,32.2,19.0,9.3,1934.6399999999999
2015-05-03 12:00:00,0,31.7,21.0,0.0,2027.7700000000002
2015-05-03 13:00:00,0,33.3,18.0,20.4,2074.7599999999998
2015-05-03 14:00:00,0,33.9,16.0,11.1,2153.2999999999997
2015-05-03 15:00:00,0,34.4,14.0,13.0,2202.65
2015-05-03 16:00:00,0,35.0,13.0,13.0,2214.16
2015-05-03 17:00:00,0,33.9,14.0,0.0,2227.5899999999997
2015-05-03 18:00:00,0,32.8,15.0,11.1,2249.66
2015-05-03 19:00:00,0,32.8,16.0,24.1,2291.3399999999997
2015-05-03 20:00:00,0,31.1,18.0,16.7,2285.96
2015-05-03 21:00:00,0,29.4,20.0,13.0,2309.98
2015-05-03 22:00:00,0,28.9,25.0,11.1,2228.81
2015-05-03 23:00:00,0,27.8,31.0,18.5,2182.0399999999995
2015-05-04 00:00:00,0,26.7,36.0,13.0,2116.6800000000003
2015-05-04 01:00:00,0,26.1,38.0,16.7,2000.2499999999998
2015-05-04 02:00:00,0,21.7,73.0,25.9,1910.4925
2015-05-04 03:00:00,0,20.6,68.0,18.5,1812.555
2015-05-04 04:00:00,0,19.4,79.0,11.1,1742.785
2015-05-04 05:00:00,0,18.3,81.0,35.2,1694.4100000000005
2015-05-04 06:00:00,0,18.9,75.0,9.3,1720.4899999999998
2015-05-04 07:00:00,0,19.4,73.0,9.3,1739.01
2015-05-04 08:00:00,0,20.6,70.0,14.8,1795.9399999999998
2015-05-04 09:00:00,0,22.8,55.0,13.0,1853.11
2015-05-04 10:00:00,0,22.8,51.0,7.4,1892.3200000000002
2015-05-04 11:00:00,0,25.6,42.0,5.6,1986.58
2015-05-04 12:00:00,0,27.2,38.0,9.3,2097.7299999999996
2015-05-04 13:00:00,0,28.3,32.0,13.0,2106.55
2015-05-04 14:00:00,0,28.9,31.0,20.4,2169.26
2015-05-04 15:00:00,0,28.3,31.0,18.5,2231.55
2015-05-04 16:00:00,0,25.0,39.0,18.5,2208.72
2015-05-04 17:00:00,0,26.7,29.0,22.2,2242.7400000000002
2015-05-04 18:00:00,0,27.2,26.0,13.0,2182.7400000000002
2015-05-04 19:00:00,0,24.4,37.0,33.3,2231.4
2015-05-04 20:00:00,0,21.7,47.0,25.9,2259.6100000000006
2015-05-04 21:00:00,0,20.6,53.0,22.2,2272.2099999999996
2015-05-04 22:00:00,0,21.7,45.0,16.7,2158.8500000000004
2015-05-04 23:00:00,0,21.7,44.0,24.1,2090.8099999999995
2015-05-05 00:00:00,0,20.0,65.0,9.3,2008.89
2015-05-05 01:00:00,0,20.0,61.0,9.3,1915.04
2015-05-05 02:00:00,0,21.1,55.0,9.3,1849.9799999999996
2015-05-05 03:00:00,0,20.0,56.0,9.3,1754.9700000000003
2015-05-05 04:00:00,0,20.0,56.0,9.3,1673.1099999999997
2015-05-05 05:00:00,0,20.0,61.0,11.1,1678.8499999999997
2015-05-05 06:00:00,0,20.0,59.0,9.3,1681.26
2015-05-05 07:00:00,0,20.0,61.0,11.1,1685.7599999999998
2015-05-05 08:00:00,0,20.0,59.0,7.4,1732.05
2015-05-05 09:00:00,0,22.2,53.0,7.4,1800.71
2015-05-05 10:00:00,0,22.8,48.0,5.6,1838.9899999999998
2015-05-05 11:00:00,0,24.4,43.0,7.4,1932.7599999999998
2015-05-05 12:00:00,0,25.0,39.0,18.5,1995.7600000000002
2015-05-05 13:00:00,0,27.2,33.0,16.7,2033.86
2015-05-05 14:00:00,0,27.2,31.0,14.8,2095.0400000000004
2015-05-05 15:00:00,0,28.3,29.0,16.7,2126.71
2015-05-05 16:00:00,0,28.3,28.0,11.1,2187.3600000000006
2015-05-05 17:00:00,0,29.4,26.0,7.4,2208.8499999999995
2015-05-05 18:00:00,0,28.9,25.0,20.4,2195.379999999999
2015-05-05 19:00:00,0,28.3,27.0,9.3,2183.8299999999995
2015-05-05 20:00:00,0,27.8,29.0,13.0,2224.81
2015-05-05 21:00:00,0,27.2,30.0,9.3,2205.65
2015-05-05 22:00:00,0,27.2,31.0,0.0,2185.85
2015-05-05 23:00:00,0,25.6,33.0,14.8,2139.9999999999995
2015-05-06 00:00:00,0,25.6,31.0,9.3,2051.63
2015-05-06 01:00:00,0,25.0,32.0,9.3,1937.3500000000001
2015-05-06 02:00:00,0,25.0,31.0,7.4,1847.04
2015-05-06 03:00:00,0,23.9,33.0,0.0,1762.94
2015-05-06 04:00:00,0,22.2,41.0,7.4,1702.48
2015-05-06 05:00:00,0,21.7,47.0,13.0,1704.23
2015-05-06 06:00:00,0,21.1,44.0,7.4,1675.2599999999995
2015-05-06 07:00:00,0,21.1,41.0,11.1,1678.25
2015-05-06 08:00:00,0,23.3,33.0,13.0,1784.5300000000002
2015-05-06 09:00:00,0,24.4,32.0,9.3,1877.06
2015-05-06 10:00:00,0,26.7,27.0,13.0,1929.58
2015-05-06 11:00:00,0,28.3,20.0,18.5,2003.13
2015-05-06 12:00:00,0,28.3,19.0,16.7,2062.5000000000005
2015-05-06 13:00:00,0,30.0,14.0,22.2,2062.6699999999996
2015-05-06 14:00:00,0,30.0,14.0,9.3,2164.35
2015-05-06 15:00:00,0,30.6,13.0,9.3,2147.75
2015-05-06 16:00:00,0,31.7,12.0,11.1,2187.81
2015-05-06 17:00:00,0,31.1,12.0,0.0,2201.3599999999997
2015-05-06 18:00:00,0,30.6,17.0,29.6,2159.3500000000004
2015-05-06 19:00:00,0,28.9,17.0,35.2,2217.8300000000004
2015-05-06 20:00:00,0,26.7,20.0,24.1,2236.0499999999997
2015-05-06 21:00:00,0,26.1,20.0,14.8,2237.4499999999994
2015-05-06 22:00:00,0,24.4,20.0,14.8,2174.72
2015-05-06 23:00:00,0,23.9,22.0,7.4,2076.1299999999997
2015-05-07 00:00:00,0,22.8,25.0,11.1,1971.76
2015-05-07 01:00:00,0,21.1,33.0,13.0,1902.2600000000002
2015-05-07 02:00:00,0,20.6,35.0,0.0,1819.3300000000002
2015-05-07 03:00:00,0,20.0,36.0,0.0,1722.1499999999999
2015-05-07 04:00:00,0,18.9,40.0,11.1,1651.63
2015-05-07 05:00:00,0,18.3,42.0,11.1,1640.61
2015-05-07 06:00:00,0,18.3,42.0,5.6,1616.1300000000003
2015-05-07 07:00:00,0,19.4,40.0,7.4,1654.5900000000004
2015-05-07 08:00:00,0,21.1,32.0,0.0,1668.67
2015-05-07 09:00:00,0,22.2,35.0,22.2,1823.8200000000004
2015-05-07 10:00:00,0,23.3,33.0,14.8,1985.75
2015-05-07 11:00:00,0,25.0,30.0,18.5,1988.84
2015-05-07 12:00:00,0,27.2,23.0,24.1,2028.18
2015-05-07 13:00:00,0,27.2,24.0,18.5,2094.3999999999996
2015-05-07 14:00:00,0,28.9,23.0,20.4,2079.8099999999995
2015-05-07 15:00:00,0,30.0,19.0,25.9,2155.08
2015-05-07 16:00:00,0,29.4,20.0,18.5,2182.5899999999997
2015-05-07 17:00:00,0,28.9,19.0,16.7,2155.73
2015-05-07 18:00:00,0,28.9,16.0,25.9,2081.0
2015-05-07 19:00:00,0,28.3,19.0,27.8,2086.1200000000003
2015-05-07 20:00:00,0,25.6,27.0,29.6,2122.72
2015-05-07 21:00:00,0,24.4,25.0,18.5,2129.44
2015-05-07 22:00:00,0,23.9,23.0,14.8,2065.0700000000006
2015-05-07 23:00:00,0,22.2,24.0,7.4,2023.33
2015-05-08 00:00:00,0,21.1,26.0,9.3,1932.99
2015-05-08 01:00:00,0,20.0,21.0,13.0,1826.6
2015-05-08 02:00:00,0,19.4,30.0,9.3,1731.2
2015-05-08 03:00:00,0,18.9,36.0,5.6,1661.17
2015-05-08 04:00:00,0,17.8,30.0,5.6,1633.88
2015-05-08 05:00:00,0,16.7,35.0,9.3,1596.7499999999998
2015-05-08 06:00:00,0,17.8,43.0,16.7,1562.1800000000003
2015-05-08 07:00:00,0,17.8,43.0,11.1,1575.6100000000001
2015-05-08 08:00:00,0,18.9,40.0,13.0,1704.7799999999997
2015-05-08 09:00:00,0,19.4,37.0,16.7,1771.26
2015-05-08 10:00:00,0,19.4,33.0,16.7,1851.3400000000004
2015-05-08 11:00:00,0,19.4,33.0,29.6,1865.83
2015-05-08 12:00:00,0,19.4,34.0,22.2,1944.8599999999997
2015-05-08 13:00:00,0,19.4,34.0,25.9,1996.9599999999998
2015-05-08 14:00:00,0,18.3,45.0,7.4,1951.9499999999998
2015-05-08 15:00:00,0,21.7,28.0,5.6,1923.3999999999996
2015-05-08 16:00:00,0,23.3,20.0,22.2,1903.83
2015-05-08 17:00:00,0,22.8,19.0,27.8,1926.81
2015-05-08 18:00:00,0,22.8,16.0,16.7,1968.91
2015-05-08 19:00:00,0,21.7,18.0,22.2,1917.4299999999998
2015-05-08 20:00:00,0,21.1,23.0,33.3,1879.6499999999999
2015-05-08 21:00:00,0,20.6,25.0,27.8,1835.2100000000005
2015-05-08 22:00:00,0,20.0,26.0,40.7,1799.77
2015-05-08 23:00:00,0,17.8,37.0,33.3,1753.68
2015-05-09 00:00:00,0,16.7,43.0,9.3,1715.5300000000004
2015-05-09 01:00:00,0,16.1,46.0,14.8,1628.6799999999998
2015-05-09 02:00:00,0,15.6,47.0,9.3,1576.4100000000003
2015-05-09 03:00:00,0,14.4,56.0,9.3,1501.17
2015-05-09 04:00:00,0,13.9,57.0,7.4,1439.3700000000001
2015-05-09 05:00:00,0,15.0,53.0,7.4,1375.2299999999998
2015-05-09 06:00:00,0,13.9,59.0,0.0,1377.24
2015-05-09 07:00:00,0,15.6,53.0,5.6,1501.8999999999999
2015-05-09 08:00:00,0,16.1,50.0,0.0,1493.9399999999998
2015-05-09 09:00:00,0,17.8,40.0,9.3,1546.2700000000002
2015-05-09 10:00:00,0,18.3,37.0,0.0,1601.3899999999999
2015-05-09 11:00:00,0,19.4,31.0,9.3,1638.6799999999998
2015-05-09 12:00:00,0,21.1,26.0,16.7,1652.9799999999998
2015-05-09 13:00:00,0,22.2,22.0,5.6,1691.05
2015-05-09 14:00:00,0,23.3,21.0,9.3,1644.5099999999998
2015-05-09 15:00:00,0,23.9,19.0,16.7,1612.68
2015-05-09 16:00:00,0,24.4,19.0,20.4,1639.3899999999996
2015-05-09 17:00:00,0,24.4,19.0,11.1,1616.46
2015-05-09 18:00:00,0,23.9,20.0,7.4,1566.7799999999997
2015-05-09 19:00:00,0,23.3,21.0,13.0,1547.14
2015-05-09 20:00:00,0,22.8,21.0,5.6,1549.3100000000002
2015-05-09 21:00:00,0,22.8,21.0,5.6,1539.39
2015-05-09 22:00:00,0,22.2,23.0,5.6,1532.42
2015-05-09 23:00:00,0,21.1,26.0,7.4,1545.66
2015-05-10 00:00:00,0,20.6,26.0,0.0,1474.7800000000002
2015-05-10 01:00:00,0,20.0,30.0,9.3,1450.94
2015-05-10 02:00:00,0,18.9,37.0,9.3,1417.2000000000003
2015-05-10 03:00:00,0,18.3,34.0,11.1,1403.2200000000003
2015-05-10 04:00:00,0,17.8,38.0,5.6,1411.17
2015-05-10 05:00:00,0,16.7,39.0,7.4,1399.77
2015-05-10 06:00:00,0,16.7,41.0,0.0,1338.3600000000001
2015-05-10 07:00:00,0,17.2,41.0,5.6,1359.5800000000002
2015-05-10 08:00:00,0,19.4,33.0,5.6,1399.9599999999998
2015-05-10 09:00:00,0,22.2,28.0,7.4,1372.7599999999998
2015-05-10 10:00:00,0,23.3,23.0,0.0,1394.2599999999998
2015-05-10 11:00:00,0,24.4,23.0,11.1,1420.2600000000002
2015-05-10 12:00:00,0,26.1,20.0,5.6,1435.0399999999997
2015-05-10 13:00:00,0,27.8,18.0,7.4,1474.45
2015-05-10 14:00:00,0,28.9,16.0,14.8,1457.0400000000002
2015-05-10 15:00:00,0,30.0,15.0,9.3,1471.3600000000001
2015-05-10 16:00:00,0,30.0,14.0,7.4,1411.5500000000002
2015-05-10 17:00:00,0,31.1,12.0,27.8,1440.23
2015-05-10 18:00:00,0,30.0,12.0,13.0,1437.47
2015-05-10 19:00:00,0,29.4,13.0,16.7,1427.6100000000001
2015-05-10 20:00:00,0,28.3,14.0,7.4,1454.49
2015-05-10 21:00:00,0,27.2,16.0,5.6,1438.2300000000002
2015-05-10 22:00:00,0,26.7,17.0,5.6,1494.19
2015-05-10 23:00:00,0,25.0,21.0,7.4,1406.75
2015-05-11 00:00:00,0,23.9,23.0,9.3,1395.64
2015-05-11 01:00:00,0,22.2,30.0,11.1,1338.4500000000003
2015-05-11 02:00:00,0,21.7,31.0,13.0,1331.6000000000001
2015-05-11 03:00:00,0,20.6,33.0,11.1,1292.33
2015-05-11 04:00:00,0,20.0,35.0,9.3,1292.3
2015-05-11 05:00:00,0,19.4,34.0,11.1,1292.95
2015-05-11 06:00:00,0,20.0,32.0,13.0,1262.3700000000001
2015-05-11 07:00:00,0,21.1,30.0,9.3,1172.6599999999999
2015-05-11 08:00:00,0,24.4,23.0,9.3,1380.7
2015-05-11 09:00:00,0,27.2,20.0,11.1,1453.0400000000002
2015-05-11 10:00:00,0,28.9,17.0,14.8,1728.6550000000002
2015-05-11 11:00:00,0,30.0,16.0,0.0,1699.3400000000001
2015-05-11 12:00:00,0,32.2,13.0,11.1,1463.69
2015-05-11 13:00:00,0,33.3,10.0,9.3,1422.1599999999999
2015-05-11 14:00:00,0,33.9,8.0,11.1,1516.8200000000002
2015-05-11 15:00:00,0,35.0,7.0,18.5,1534.81
2015-05-11 16:00:00,0,35.0,7.0,11.1,1552.65
2015-05-11 17:00:00,0,34.4,7.0,9.3,1568.5400000000002
2015-05-11 18:00:00,0,34.4,7.0,5.6,1588.44
2015-05-11 19:00:00,0,33.9,8.0,5.6,1601.3399999999997
2015-05-11 20:00:00,0,32.8,10.0,0.0,1623.7400000000002
2015-05-11 21:00:00,0,30.0,14.0,0.0,1608.72
2015-05-11 22:00:00,0,28.9,14.0,14.8,1581.19
2015-05-11 23:00:00,0,28.9,14.0,14.8,1552.3300000000002
2015-05-12 00:00:00,0,27.2,15.0,14.8,1534.3600000000001
2015-05-12 01:00:00,0,27.2,13.0,11.1,1519.3400000000001
2015-05-12 02:00:00,0,24.4,19.0,9.3,1492.48
2015-05-12 03:00:00,0,23.3,23.0,13.0,1469.6799999999998
2015-05-12 04:00:00,0,22.2,24.0,9.3,1459.2799999999997
2015-05-12 05:00:00,0,21.7,23.0,14.8,1446.9499999999998
2015-05-12 06:00:00,0,21.7,23.0,13.0,1432.6599999999999
2015-05-12 07:00:00,0,22.8,21.0,16.7,1416.9000000000003
2015-05-12 08:00:00,0,25.0,17.0,18.5,1415.5
2015-05-12 09:00:00,0,26.7,15.0,13.0,1441.27
2015-05-12 10:00:00,0,28.9,14.0,16.7,1479.9600000000003
2015-05-12 11:00:00,0,30.0,12.0,24.1,1499.9299999999998
2015-05-12 12:00:00,0,31.1,11.0,16.7,1494.16
2015-05-12 13:00:00,0,31.1,10.0,25.9,1522.0600000000002
2015-05-12 14:00:00,0,32.2,8.0,29.6,1527.38
2015-05-12 15:00:00,0,32.2,10.0,24.1,1557.8
2015-05-12 16:00:00,0,32.2,10.0,24.1,1565.3400000000001
2015-05-12 17:00:00,0,31.1,11.0,25.9,1577.2700000000002
2015-05-12 18:00:00,0,30.6,9.0,25.9,1583.9100000000003
2015-05-12 19:00:00,0,29.4,10.0,25.9,1620.05
2015-05-12 20:00:00,0,28.9,14.0,25.9,1648.6000000000001
2015-05-12 21:00:00,0,28.3,15.0,16.7,1644.15
2015-05-12 22:00:00,0,27.2,17.0,9.3,1628.6699999999998
2015-05-12 23:00:00,0,26.1,20.0,7.4,1616.6100000000001
2015-05-13 00:00:00,0,25.0,25.0,18.5,1603.1499999999999
2015-05-13 01:00:00,0,25.0,28.0,20.4,1579.0400000000002
2015-05-13 02:00:00,0,23.3,32.0,0.0,1573.1200000000001
2015-05-13 03:00:00,0,22.2,34.0,9.3,1547.32
2015-05-13 04:00:00,0,21.1,38.0,14.8,1538.29
2015-05-13 05:00:00,0,20.6,36.0,14.8,1527.39
2015-05-13 06:00:00,0,20.6,36.0,9.3,1499.56
2015-05-13 07:00:00,0,21.7,35.0,14.8,1477.9899999999998
2015-05-13 08:00:00,0,23.3,32.0,20.4,1486.8600000000001
2015-05-13 09:00:00,0,25.6,29.0,13.0,1494.3300000000002
2015-05-13 10:00:00,0,26.7,28.0,13.0,1504.7399999999998
2015-05-13 11:00:00,0,27.8,27.0,7.4,1504.71
2015-05-13 12:00:00,0,29.4,25.0,11.1,1537.8899999999999
2015-05-13 13:00:00,0,29.4,24.0,7.4,1532.75
2015-05-13 14:00:00,0,31.7,19.0,22.2,1548.38
2015-05-13 15:00:00,0,32.2,19.0,22.2,1574.8000000000002
2015-05-13 16:00:00,0,32.2,19.0,14.8,1583.8600000000001
2015-05-13 17:00:00,0,32.2,18.0,18.5,1601.18
2015-05-13 18:00:00,0,31.7,19.0,9.3,1597.5500000000002
2015-05-13 19:00:00,0,32.0,18.0,24.1,1632.5900000000001
2015-05-13 20:00:00,0,30.0,20.0,33.3,1679.6299999999999
2015-05-13 21:00:00,0,28.9,17.0,22.2,1656.1399999999999
2015-05-13 22:00:00,0,28.3,18.0,16.7,1627.5099999999998
2015-05-13 23:00:00,0,27.2,22.0,16.7,1619.5
2015-05-14 00:00:00,0,26.7,28.0,13.0,1610.7999999999997
2015-05-14 01:00:00,0,26.1,30.0,16.7,1594.2699999999998
2015-05-14 02:00:00,0,26.1,30.0,5.6,1572.62
2015-05-14 03:00:00,0,24.4,35.0,0.0,1571.0500000000002
2015-05-14 04:00:00,0,23.9,36.0,7.4,1576.22
2015-05-14 05:00:00,0,23.9,40.0,11.1,1558.1
2015-05-14 06:00:00,0,22.8,46.0,14.8,1515.5700000000002
2015-05-14 07:00:00,0,23.3,43.0,11.1,1501.77
2015-05-14 08:00:00,0,23.0,41.0,20.4,1496.44
2015-05-14 09:00:00,0,25.0,37.0,29.6,1497.5599999999997
2015-05-14 10:00:00,0,26.7,32.0,22.2,1498.5599999999997
2015-05-14 11:00:00,0,27.2,31.0,24.1,1521.94
2015-05-14 12:00:00,0,28.3,27.0,22.2,1520.98
2015-05-14 13:00:00,0,28.9,22.0,35.2,1552.75
2015-05-14 14:00:00,0,29.4,19.0,29.6,1530.27
2015-05-14 15:00:00,0,28.9,19.0,16.7,1566.43
2015-05-14 16:00:00,0,30.0,14.0,25.9,1578.3300000000002
2015-05-14 17:00:00,0,28.3,19.0,35.2,1579.4299999999998
2015-05-14 18:00:00,0,26.1,23.0,37.0,1591.1400000000003
2015-05-14 19:00:00,0,24.4,23.0,25.9,1619.6100000000001
2015-05-14 20:00:00,0,24.4,22.0,16.7,1617.94
2015-05-14 21:00:00,0,23.3,24.0,18.5,1630.03
2015-05-14 22:00:00,0,22.8,33.0,16.7,1615.5
2015-05-14 23:00:00,0,22.2,35.0,18.5,1603.49
2015-05-15 00:00:00,0,21.7,36.0,24.1,1576.3800000000003
2015-05-15 01:00:00,0,20.6,40.0,22.2,1555.18
2015-05-15 02:00:00,0,20.6,39.0,22.2,1576.9599999999998
2015-05-15 03:00:00,0,20.0,39.0,16.7,1581.1525
2015-05-15 04:00:00,0,19.4,40.0,11.1,1538.6299999999999
2015-05-15 05:00:00,0,18.9,42.0,11.1,1525.3099999999997
2015-05-15 06:00:00,0,18.9,43.0,5.6,1467.7100000000003
2015-05-15 07:00:00,0,18.3,48.0,18.5,1447.7200000000003
2015-05-15 08:00:00,0,19.4,45.0,20.4,1442.66
2015-05-15 09:00:00,0,20.6,42.0,16.7,1463.23
2015-05-15 10:00:00,0,21.7,38.0,22.2,1464.81
2015-05-15 11:00:00,0,22.2,35.0,18.5,1446.6899999999998
2015-05-15 12:00:00,0,23.9,29.0,18.5,1480.43
2015-05-15 13:00:00,0,21.7,41.0,18.5,1502.61
2015-05-15 14:00:00,0,23.3,34.0,11.1,1486.4500000000003
2015-05-15 15:00:00,0,21.7,47.0,22.2,1512.0
2015-05-15 16:00:00,0,16.1,90.0,22.2,1504.7200000000005
2015-05-15 17:00:00,0,16.7,78.0,18.5,1449.8799999999999
2015-05-15 18:00:00,0,17.8,65.0,11.1,1453.6699999999998
2015-05-15 19:00:00,0,17.8,65.0,13.0,1480.0800000000002
2015-05-15 20:00:00,0,17.2,67.0,14.8,1494.37
2015-05-15 21:00:00,0,16.7,78.0,11.1,1481.58
2015-05-15 22:00:00,0,15.6,86.0,22.2,1457.65
2015-05-15 23:00:00,0,14.4,90.0,20.4,1360.22
2015-05-16 00:00:00,0,13.9,81.0,16.7,1330.04
2015-05-16 01:00:00,0,13.9,74.0,0.0,1334.9900000000002
2015-05-16 02:00:00,0,13.9,81.0,7.4,1336.92
2015-05-16 03:00:00,0,13.9,77.0,5.6,1317.51
2015-05-16 04:00:00,0,13.9,81.0,0.0,1306.01
2015-05-16 05:00:00,0,14.4,78.0,0.0,1311.5800000000002
2015-05-16 06:00:00,0,14.4,72.0,0.0,1302.7274999999997
2015-05-16 07:00:00,0,13.9,81.0,13.0,1293.6999999999998
2015-05-16 08:00:00,0,15.6,67.0,7.4,1408.645
2015-05-16 09:00:00,0,16.1,64.0,7.4,1400.3925
2015-05-16 10:00:00,0,17.2,63.0,9.3,1413.9624999999996
2015-05-16 11:00:00,0,18.9,54.0,7.4,1427.64
2015-05-16 12:00:00,0,20.0,43.0,5.6,1428.8900000000003
2015-05-16 13:00:00,0,20.0,43.0,0.0,1458.135
2015-05-16 14:00:00,0,21.1,42.0,9.3,1417.4199999999998
2015-05-16 15:00:00,0,22.8,38.0,13.0,1442.72
2015-05-16 16:00:00,0,22.8,35.0,0.0,1474.5725
2015-05-16 17:00:00,0,23.9,32.0,13.0,1498.7324999999998
2015-05-16 18:00:00,0,23.3,30.0,11.1,1498.31
2015-05-16 19:00:00,0,22.8,31.0,0.0,1512.6799999999998
2015-05-16 20:00:00,0,21.7,36.0,7.4,1526.56
2015-05-16 21:00:00,0,22.2,30.0,0.0,1538.49
2015-05-16 22:00:00,0,22.2,30.0,9.3,1523.18
2015-05-16 23:00:00,0,21.7,32.0,7.4,1490.0000000000002
2015-05-17 00:00:00,0,20.0,50.0,7.4,1496.72
2015-05-17 01:00:00,0,20.6,45.0,9.3,1491.3899999999996
2015-05-17 02:00:00,0,18.9,56.0,5.6,1461.36
2015-05-17 03:00:00,0,18.3,58.0,7.4,1455.73
2015-05-17 04:00:00,0,18.3,54.0,11.1,1461.31
2015-05-17 05:00:00,0,18.3,56.0,7.4,1460.8000000000002
2015-05-17 06:00:00,0,18.9,50.0,13.0,1427.2100000000003
2015-05-17 07:00:00,0,18.9,52.0,9.3,1433.3300000000002
2015-05-17 08:00:00,0,20.6,47.0,18.5,1417.2
2015-05-17 09:00:00,0,21.7,41.0,9.3,1423.95
2015-05-17 10:00:00,0,23.3,37.0,13.0,1427.1099999999997
2015-05-17 11:00:00,0,25.0,29.0,0.0,1413.3100000000002
2015-05-17 12:00:00,0,26.7,22.0,7.4,1421.6999999999998
2015-05-17 13:00:00,0,27.2,20.0,0.0,1432.1
2015-05-17 14:00:00,0,28.3,18.0,7.4,1442.61
2015-05-17 15:00:00,0,29.4,16.0,14.8,1475.2600000000002
2015-05-17 16:00:00,0,28.9,13.0,5.6,1487.01
2015-05-17 17:00:00,0,28.9,15.0,5.6,1534.8300000000002
2015-05-17 18:00:00,0,28.3,17.0,9.3,1560.5
2015-05-17 19:00:00,0,27.8,18.0,7.4,1569.78
2015-05-17 20:00:00,0,28.3,16.0,11.1,1590.92
2015-05-17 21:00:00,0,27.8,17.0,5.6,1599.1699999999998
2015-05-17 22:00:00,0,25.6,28.0,7.4,1572.3500000000001
2015-05-17 23:00:00,0,23.9,36.0,7.4,1562.23
2015-05-18 00:00:00,0,24.4,29.0,11.1,1532.3600000000001
2015-05-18 01:00:00,0,22.8,38.0,7.4,1524.3100000000002
2015-05-18 02:00:00,0,23.3,32.0,9.3,1521.42
2015-05-18 03:00:00,0,22.8,33.0,5.6,1521.62
2015-05-18 04:00:00,0,20.6,49.0,9.3,1518.3700000000001
2015-05-18 05:00:00,0,19.4,51.0,7.4,1518.1100000000001
2015-05-18 06:00:00,0,18.9,56.0,11.1,1487.4
2015-05-18 07:00:00,0,20.0,50.0,9.3,1483.2
2015-05-18 08:00:00,0,22.2,41.0,11.1,1490.16
2015-05-18 09:00:00,0,24.4,30.0,5.6,1504.8799999999997
2015-05-18 10:00:00,0,25.6,17.0,7.4,1490.1699999999998
2015-05-18 11:00:00,0,27.2,14.0,0.0,1509.3300000000002
2015-05-18 12:00:00,0,29.4,16.0,13.0,1493.7199999999998
2015-05-18 13:00:00,0,30.6,15.0,14.8,1501.04
2015-05-18 14:00:00,0,31.0,15.0,20.4,1511.71
2015-05-18 15:00:00,0,31.1,12.0,20.4,1532.96
2015-05-18 16:00:00,0,31.1,14.0,20.4,1553.8300000000002
2015-05-18 17:00:00,0,31.7,12.0,27.8,1569.3700000000001
2015-05-18 18:00:00,0,31.1,9.0,27.8,1576.5400000000002
2015-05-18 19:00:00,0,29.4,7.0,25.9,1589.45
2015-05-18 20:00:00,0,27.8,9.0,22.2,1608.2899999999997
2015-05-18 21:00:00,0,26.7,11.0,18.5,1608.99
2015-05-18 22:00:00,0,24.4,18.0,11.1,1575.0500000000002
2015-05-18 23:00:00,0,24.4,21.0,13.0,1541.1299999999997
2015-05-19 00:00:00,0,23.9,18.0,13.0,1537.75
2015-05-19 01:00:00,0,22.2,23.0,7.4,1525.44
2015-05-19 02:00:00,0,23.3,20.0,7.4,1518.76
2015-05-19 03:00:00,0,20.6,30.0,0.0,1515.9199999999996
2015-05-19 04:00:00,0,18.9,38.0,11.1,1509.1699999999998
2015-05-19 05:00:00,0,18.9,40.0,9.3,1503.4399999999998
2015-05-19 06:00:00,0,18.3,36.0,11.1,1466.73
2015-05-19 07:00:00,0,19.4,34.0,9.3,1476.7799999999997
2015-05-19 08:00:00,0,21.1,31.0,9.3,1482.82
2015-05-19 09:00:00,0,22.8,28.0,9.3,1489.52
2015-05-19 10:00:00,0,25.0,24.0,7.4,1486.2200000000003
2015-05-19 11:00:00,0,26.1,21.0,0.0,1487.18
2015-05-19 12:00:00,0,27.8,18.0,11.1,1483.7500000000002
2015-05-19 13:00:00,0,28.3,17.0,11.1,1492.7199999999998
2015-05-19 14:00:00,0,29.4,15.0,11.1,1415.7800000000002
2015-05-19 15:00:00,0,29.4,14.0,0.0,1433.5299999999997
2015-05-19 16:00:00,0,30.0,14.0,7.4,1451.1699999999998
2015-05-19 17:00:00,0,29.4,14.0,0.0,1474.21
2015-05-19 18:00:00,0,30.0,14.0,5.6,1491.69
2015-05-19 19:00:00,0,29.4,14.0,9.3,1510.92
2015-05-19 20:00:00,0,28.9,14.0,14.8,1531.8700000000003
2015-05-19 21:00:00,0,28.3,13.0,13.0,1524.74
2015-05-19 22:00:00,0,25.6,21.0,5.6,1522.82
2015-05-19 23:00:00,0,25.6,19.0,0.0,1499.6499999999999
2015-05-20 00:00:00,0,23.9,27.0,7.4,1478.6699999999996
2015-05-20 01:00:00,0,23.3,29.0,9.3,1459.97
2015-05-20 02:00:00,0,21.7,35.0,7.4,1467.8899999999999
2015-05-20 03:00:00,0,21.7,35.0,5.6,1463.56
2015-05-20 04:00:00,0,20.0,39.0,11.1,1452.5800000000002
2015-05-20 05:00:00,0,19.4,39.0,11.1,1442.13
2015-05-20 06:00:00,0,19.4,37.0,7.4,1412.34
2015-05-20 07:00:00,0,21.1,32.0,11.1,1405.2499999999998
2015-05-20 08:00:00,0,23.3,27.0,13.0,1407.02
2015-05-20 09:00:00,0,25.0,24.0,13.0,1411.5199999999998
2015-05-20 10:00:00,0,26.7,20.0,7.4,1415.6299999999999
2015-05-20 11:00:00,0,28.9,17.0,7.4,1440.7199999999998
2015-05-20 12:00:00,0,30.6,15.0,13.0,1430.5400000000002
2015-05-20 13:00:00,0,32.2,12.0,16.7,1457.6499999999996
2015-05-20 14:00:00,0,32.2,10.0,11.1,1461.73
2015-05-20 15:00:00,0,33.3,9.0,20.4,1470.2999999999997
2015-05-20 16:00:00,0,32.8,10.0,13.0,1502.27
2015-05-20 17:00:00,0,32.2,11.0,11.1,1517.1899999999996
2015-05-20 18:00:00,0,31.7,11.0,14.8,1520.61
2015-05-20 19:00:00,0,31.7,12.0,22.2,1549.52
2015-05-20 20:00:00,0,30.0,13.0,20.4,1585.6299999999999
2015-05-20 21:00:00,0,29.4,13.0,18.5,1561.3600000000001
2015-05-20 22:00:00,0,27.8,17.0,13.0,1531.5800000000002
2015-05-20 23:00:00,0,27.2,18.0,11.1,1502.3799999999999
2015-05-21 00:00:00,0,25.6,20.0,0.0,1505.56
2015-05-21 01:00:00,0,25.6,22.0,0.0,1498.1899999999996
2015-05-21 02:00:00,0,24.4,25.0,7.4,1492.7500000000002
2015-05-21 03:00:00,0,24.4,25.0,9.3,1479.3099999999997
2015-05-21 04:00:00,0,23.9,26.0,13.0,1478.28
2015-05-21 05:00:00,0,22.8,29.0,11.1,1482.8200000000002
2015-05-21 06:00:00,0,22.8,29.0,13.0,1436.6499999999999
2015-05-21 07:00:00,0,22.8,29.0,9.3,1417.1000000000001
2015-05-21 08:00:00,0,23.9,28.0,9.3,1430.3799999999999
2015-05-21 09:00:00,0,26.1,23.0,9.3,1442.91
2015-05-21 10:00:00,0,27.8,18.0,16.7,1437.98
2015-05-21 11:00:00,0,28.9,17.0,16.7,1421.1599999999999
2015-05-21 12:00:00,0,29.4,13.0,22.2,1419.08
2015-05-21 13:00:00,0,30.0,13.0,25.9,1430.67
2015-05-21 14:00:00,0,31.7,12.0,13.0,1444.4299999999998
2015-05-21 15:00:00,0,32.2,11.0,22.2,1467.0199999999998
2015-05-21 16:00:00,0,31.1,12.0,16.7,1499.88
2015-05-21 17:00:00,0,31.1,14.0,25.9,1502.46
2015-05-21 18:00:00,0,30.0,12.0,24.1,1532.4700000000003
2015-05-21 19:00:00,0,28.9,11.0,29.6,1567.94
2015-05-21 20:00:00,0,27.2,16.0,25.9,1595.53
2015-05-21 21:00:00,0,26.1,17.0,18.5,1568.2099999999998
2015-05-21 22:00:00,0,24.4,23.0,11.1,1548.14
2015-05-21 23:00:00,0,23.9,24.0,7.4,1527.7999999999997
2015-05-22 00:00:00,0,22.8,24.0,14.8,1505.51
2015-05-22 01:00:00,0,22.8,26.0,0.0,1487.4
2015-05-22 02:00:00,0,22.2,30.0,7.4,1478.62
2015-05-22 03:00:00,0,21.1,35.0,16.7,1473.51
2015-05-22 04:00:00,0,20.6,30.0,13.0,1472.58
2015-05-22 05:00:00,0,20.0,31.0,11.1,1468.3799999999999
2015-05-22 06:00:00,0,19.4,37.0,11.1,1429.79
2015-05-22 07:00:00,0,20.0,37.0,11.1,1422.7800000000002
2015-05-22 08:00:00,0,20.6,35.0,13.0,1441.36
2015-05-22 09:00:00,0,21.1,35.0,11.1,1426.49
2015-05-22 10:00:00,0,22.8,31.0,0.0,1400.3200000000002
2015-05-22 11:00:00,0,25.0,24.0,13.0,1399.4900000000002
2015-05-22 12:00:00,0,26.7,20.0,16.7,1392.48
2015-05-22 13:00:00,0,27.2,21.0,25.9,1415.31
2015-05-22 14:00:00,0,26.7,24.0,24.1,1432.3799999999999
2015-05-22 15:00:00,0,26.1,23.0,27.8,1440.4600000000003
2015-05-22 16:00:00,0,26.1,23.0,27.8,1469.33
2015-05-22 17:00:00,0,25.6,22.0,22.2,1512.1299999999999
2015-05-22 18:00:00,0,25.6,20.0,20.4,1529.8100000000002
2015-05-22 19:00:00,0,25.0,21.0,35.2,1533.9600000000003
2015-05-22 20:00:00,0,23.9,21.0,31.5,1545.99
2015-05-22 21:00:00,0,22.8,23.0,13.0,1540.2899999999997
2015-05-22 22:00:00,0,22.2,25.0,11.1,1517.8700000000001
2015-05-22 23:00:00,0,21.7,27.0,11.1,1492.84
2015-05-23 00:00:00,0,21.7,28.0,11.1,1465.17
2015-05-23 01:00:00,0,21.1,30.0,9.3,1462.8600000000001
2015-05-23 02:00:00,0,19.4,36.0,11.1,1470.4
2015-05-23 03:00:00,0,18.9,37.0,7.4,1465.37
2015-05-23 04:00:00,0,19.4,34.0,7.4,1455.26
2015-05-23 05:00:00,0,18.3,39.0,0.0,1443.83
2015-05-23 06:00:00,0,18.3,40.0,11.1,1411.5800000000002
2015-05-23 07:00:00,0,18.9,40.0,0.0,1407.8100000000002
2015-05-23 08:00:00,0,19.4,39.0,9.3,1397.8200000000002
2015-05-23 09:00:00,0,20.6,35.0,9.3,1370.18
2015-05-23 10:00:00,0,22.8,29.0,5.6,1364.82
2015-05-23 11:00:00,0,23.3,27.0,9.3,1396.08
2015-05-23 12:00:00,0,25.0,24.0,0.0,1366.28
2015-05-23 13:00:00,0,27.2,21.0,13.0,1372.4799999999998
2015-05-23 14:00:00,0,27.2,20.0,11.1,1396.67
2015-05-23 15:00:00,0,27.2,19.0,9.3,1420.77
2015-05-23 16:00:00,0,27.2,19.0,7.4,1432.78
2015-05-23 17:00:00,0,27.2,19.0,14.8,1488.43
2015-05-23 18:00:00,0,26.7,19.0,11.1,1502.52
2015-05-23 19:00:00,0,26.7,19.0,14.8,1520.4599999999998
2015-05-23 20:00:00,0,26.7,19.0,13.0,1521.5800000000002
2015-05-23 21:00:00,0,26.1,21.0,13.0,1521.33
2015-05-23 22:00:00,0,23.9,28.0,5.6,1501.5800000000002
2015-05-23 23:00:00,0,23.3,30.0,7.4,1480.42
2015-05-24 00:00:00,0,22.8,29.0,7.4,1465.42
2015-05-24 01:00:00,0,23.9,26.0,5.6,1473.2000000000003
2015-05-24 02:00:00,0,22.8,29.0,11.1,1461.14
2015-05-24 03:00:00,0,21.7,34.0,5.6,1444.51
2015-05-24 04:00:00,0,21.7,35.0,9.3,1450.1399999999999
2015-05-24 05:00:00,0,19.4,42.0,5.6,1462.05
2015-05-24 06:00:00,0,18.9,43.0,13.0,1423.75
2015-05-24 07:00:00,0,20.0,40.0,9.3,1405.86
2015-05-24 08:00:00,0,21.1,36.0,9.3,1387.1800000000003
2015-05-24 09:00:00,0,23.3,32.0,7.4,1380.96
2015-05-24 10:00:00,0,24.4,29.0,0.0,1392.7600000000002
2015-05-24 11:00:00,0,25.0,26.0,9.3,1410.22
2015-05-24 12:00:00,0,25.6,25.0,0.0,1377.1100000000001
2015-05-24 13:00:00,0,27.2,23.0,7.4,1378.5200000000002
2015-05-24 14:00:00,0,26.7,24.0,14.8,1406.48
2015-05-24 15:00:00,0,28.3,20.0,16.7,1406.1599999999999
2015-05-24 16:00:00,0,28.9,19.0,7.4,1447.2400000000002
2015-05-24 17:00:00,0,28.9,19.0,14.8,1475.7099999999998
2015-05-24 18:00:00,0,28.3,18.0,24.1,1492.88
2015-05-24 19:00:00,0,28.3,17.0,18.5,1508.7300000000002
2015-05-24 20:00:00,0,27.8,18.0,16.7,1529.82
2015-05-24 21:00:00,0,26.7,21.0,7.4,1533.2100000000003
2015-05-24 22:00:00,0,25.0,26.0,5.6,1520.36
2015-05-24 23:00:00,0,24.4,27.0,5.6,1498.4199999999998
2015-05-25 00:00:00,1,25.6,25.0,7.4,1483.0800000000002
2015-05-25 01:00:00,1,24.4,29.0,7.4,1477.4199999999998
2015-05-25 02:00:00,1,22.2,33.0,9.3,1468.04
2015-05-25 03:00:00,1,21.1,38.0,5.6,1466.18
2015-05-25 04:00:00,1,21.7,35.0,7.4,1470.9600000000003
2015-05-25 05:00:00,1,20.6,39.0,9.3,1453.1700000000003
2015-05-25 06:00:00,1,20.0,40.0,13.0,1417.07
2015-05-25 07:00:00,1,21.1,39.0,11.1,1407.67
2015-05-25 08:00:00,1,22.2,38.0,9.3,1403.49
2015-05-25 09:00:00,1,24.4,32.0,0.0,1394.8000000000002
2015-05-25 10:00:00,1,26.1,28.0,7.4,1403.2599999999998
2015-05-25 11:00:00,1,27.8,24.0,11.1,1407.69
2015-05-25 12:00:00,1,28.9,23.0,5.6,1397.1599999999999
2015-05-25 13:00:00,1,30.0,20.0,22.2,1414.6000000000004
2015-05-25 14:00:00,1,30.6,18.0,9.3,1427.4599999999998
2015-05-25 15:00:00,1,31.7,18.0,20.4,1465.6
2015-05-25 16:00:00,1,31.1,16.0,7.4,1503.97
2015-05-25 17:00:00,1,32.2,16.0,16.7,1549.4799999999998
2015-05-25 18:00:00,1,31.7,16.0,16.7,1574.6900000000003
2015-05-25 19:00:00,1,31.1,16.0,13.0,1599.55
2015-05-25 20:00:00,1,30.6,18.0,13.0,1603.78
2015-05-25 21:00:00,1,29.4,20.0,9.3,1590.8
2015-05-25 22:00:00,1,28.3,24.0,0.0,1562.13
2015-05-25 23:00:00,1,27.8,23.0,9.3,1561.3500000000001
2015-05-26 00:00:00,0,26.7,24.0,18.5,1525.3300000000002
2015-05-26 01:00:00,0,26.1,25.0,14.8,1509.37
2015-05-26 02:00:00,0,26.0,24.0,14.8,1501.7900000000002
2015-05-26 03:00:00,0,24.4,26.0,11.1,1504.47
2015-05-26 04:00:00,0,22.8,31.0,0.0,1491.4199999999996
2015-05-26 05:00:00,0,22.8,31.0,0.0,1483.9700000000003
2015-05-26 06:00:00,0,22.2,33.0,5.6,1462.6399999999999
2015-05-26 07:00:00,0,23.9,32.0,7.4,1468.0399999999997
2015-05-26 08:00:00,0,25.6,27.0,9.3,1479.6499999999999
2015-05-26 09:00:00,0,26.7,24.0,7.4,1505.9599999999998
2015-05-26 10:00:00,0,29.4,21.0,5.6,1483.41
2015-05-26 11:00:00,0,30.0,20.0,9.3,1490.29
2015-05-26 12:00:00,0,31.7,16.0,5.6,1492.37
2015-05-26 13:00:00,0,32.8,16.0,13.0,1518.8800000000003
2015-05-26 14:00:00,0,33.9,14.0,7.4,1538.1499999999999
2015-05-26 15:00:00,0,34.4,14.0,13.0,1569.8
2015-05-26 16:00:00,0,35.0,12.0,16.7,1611.9200000000005
2015-05-26 17:00:00,0,33.3,14.0,7.4,1592.39
2015-05-26 18:00:00,0,33.3,13.0,5.6,1610.8199999999997
2015-05-26 19:00:00,0,33.3,13.0,11.1,1652.0299999999997
2015-05-26 20:00:00,0,32.2,15.0,14.8,1685.1100000000001
2015-05-26 21:00:00,0,31.7,15.0,11.1,1647.51
2015-05-26 22:00:00,0,31.1,16.0,24.1,1614.86
2015-05-26 23:00:00,0,28.3,19.0,16.7,1587.3100000000004
2015-05-27 00:00:00,0,28.3,16.0,16.7,1563.8600000000001
2015-05-27 01:00:00,0,27.8,17.0,11.1,1556.94
2015-05-27 02:00:00,0,26.7,20.0,11.1,1541.6500000000003
2015-05-27 03:00:00,0,26.1,22.0,11.1,1538.3000000000002
2015-05-27 04:00:00,0,23.9,26.0,9.3,1523.6799999999998
2015-05-27 05:00:00,0,23.9,29.0,0.0,1516.32
2015-05-27 06:00:00,0,23.9,32.0,5.6,1512.56
2015-05-27 07:00:00,0,23.3,34.0,13.0,1519.82
2015-05-27 08:00:00,0,25.0,28.0,11.1,1526.6899999999998
2015-05-27 09:00:00,0,26.7,24.0,9.3,1546.5
2015-05-27 10:00:00,0,28.9,18.0,7.4,1534.0299999999997
2015-05-27 11:00:00,0,31.1,15.0,5.6,1531.34
2015-05-27 12:00:00,0,32.2,14.0,7.4,1418.3999999999996
2015-05-27 13:00:00,0,33.0,13.0,9.3,1403.1700000000003
2015-05-27 14:00:00,0,35.6,10.0,9.3,1544.16
2015-05-27 15:00:00,0,35.6,10.0,13.0,1573.09
2015-05-27 16:00:00,0,35.6,10.0,9.3,1646.3000000000002
2015-05-27 17:00:00,0,34.4,12.0,25.9,1614.33
2015-05-27 18:00:00,0,33.9,12.0,20.4,1647.3699999999997
2015-05-27 19:00:00,0,33.3,13.0,18.5,1670.6000000000001
2015-05-27 20:00:00,0,32.8,10.0,14.8,1680.2299999999998
2015-05-27 21:00:00,0,32.0,11.0,9.3,1639.72
2015-05-27 22:00:00,0,28.3,17.0,9.3,1591.21
2015-05-27 23:00:00,0,27.8,20.0,7.4,1569.1600000000003
2015-05-28 00:00:00,0,26.7,22.0,5.6,1540.1899999999998
2015-05-28 01:00:00,0,26.7,22.0,9.3,1531.0100000000002
2015-05-28 02:00:00,0,25.6,22.0,5.6,1527.99
2015-05-28 03:00:00,0,24.4,29.0,9.3,1512.8999999999996
2015-05-28 04:00:00,0,22.8,30.0,5.6,1498.4300000000003
2015-05-28 05:00:00,0,22.8,29.0,7.4,1507.22
2015-05-28 06:00:00,0,21.7,30.0,7.4,1521.4599999999998
2015-05-28 07:00:00,0,23.9,25.0,16.7,1532.3100000000002
2015-05-28 08:00:00,0,25.6,23.0,11.1,1548.82
2015-05-28 09:00:00,0,28.3,20.0,7.4,1543.4899999999998
2015-05-28 10:00:00,0,30.0,17.0,7.4,1546.32
2015-05-28 11:00:00,0,31.7,14.0,0.0,1547.7800000000002
2015-05-28 12:00:00,0,32.8,12.0,5.6,1539.36
2015-05-28 13:00:00,0,35.0,10.0,7.4,1575.0399999999997
2015-05-28 14:00:00,0,36.1,10.0,13.0,1588.58
2015-05-28 15:00:00,0,35.6,10.0,9.3,1640.2100000000003
2015-05-28 16:00:00,0,36.7,9.0,18.5,1633.93
2015-05-28 17:00:00,0,36.7,9.0,11.1,1657.9399999999998
2015-05-28 18:00:00,0,36.1,9.0,14.8,1686.91
2015-05-28 19:00:00,0,35.6,8.0,20.4,1703.0900000000001
2015-05-28 20:00:00,0,35.0,9.0,14.8,1699.5500000000002
2015-05-28 21:00:00,0,33.3,11.0,13.0,1672.3000000000002
2015-05-28 22:00:00,0,30.6,14.0,11.1,1642.57
2015-05-28 23:00:00,0,28.9,16.0,16.7,1600.1299999999999
2015-05-29 00:00:00,0,28.9,13.0,11.1,1580.1799999999998
2015-05-29 01:00:00,0,29.4,13.0,7.4,1576.8200000000002
2015-05-29 02:00:00,0,25.6,21.0,9.3,1564.9899999999998
2015-05-29 03:00:00,0,25.0,20.0,9.3,1546.8800000000003
2015-05-29 04:00:00,0,25.0,20.0,0.0,1534.61
2015-05-29 05:00:00,0,23.3,29.0,9.3,1529.2899999999997
2015-05-29 06:00:00,0,23.3,27.0,13.0,1532.18
2015-05-29 07:00:00,0,24.4,27.0,13.0,1551.09
2015-05-29 08:00:00,0,27.2,18.0,14.8,1565.03
2015-05-29 09:00:00,0,29.4,16.0,5.6,1574.61
2015-05-29 10:00:00,0,31.7,14.0,7.4,1595.8600000000001
2015-05-29 11:00:00,0,33.9,12.0,7.4,1590.2
2015-05-29 12:00:00,0,36.1,10.0,9.3,1584.4099999999996
2015-05-29 13:00:00,0,36.1,8.0,7.4,1600.3100000000002
2015-05-29 14:00:00,0,38.3,7.0,13.0,1598.64
2015-05-29 15:00:00,0,38.3,6.0,13.0,1636.51
2015-05-29 16:00:00,0,38.3,5.0,0.0,1673.7499999999998
2015-05-29 17:00:00,0,38.9,6.0,18.5,1701.51
2015-05-29 18:00:00,0,38.0,6.0,14.8,1730.6900000000003
2015-05-29 19:00:00,0,37.8,5.0,16.7,1740.9200000000003
2015-05-29 20:00:00,0,36.7,7.0,16.7,1760.01
2015-05-29 21:00:00,0,33.3,10.0,7.4,1708.4799999999998
2015-05-29 22:00:00,0,32.8,11.0,5.6,1636.13
2015-05-29 23:00:00,0,32.8,10.0,5.6,1618.75
2015-05-30 00:00:00,0,29.4,17.0,7.4,1602.55
2015-05-30 01:00:00,0,27.8,19.0,11.1,1567.9099999999999
2015-05-30 02:00:00,0,27.2,19.0,13.0,1571.7700000000002
2015-05-30 03:00:00,0,27.8,19.0,7.4,1561.69
2015-05-30 04:00:00,0,27.2,18.0,7.4,1553.91
2015-05-30 05:00:00,0,25.6,21.0,0.0,1544.8999999999999
2015-05-30 06:00:00,0,23.9,28.0,9.3,1546.79
2015-05-30 07:00:00,0,25.6,24.0,9.3,1541.7900000000002
2015-05-30 08:00:00,0,27.8,18.0,13.0,1547.64
2015-05-30 09:00:00,0,30.0,16.0,9.3,1541.76
2015-05-30 10:00:00,0,32.2,14.0,0.0,1568.0800000000002
2015-05-30 11:00:00,0,33.9,12.0,0.0,1575.3400000000001
2015-05-30 12:00:00,0,35.6,11.0,7.4,1585.3799999999999
2015-05-30 13:00:00,0,37.8,9.0,11.1,1602.27
2015-05-30 14:00:00,0,39.4,7.0,5.6,1595.6399999999999
2015-05-30 15:00:00,0,39.4,6.0,9.3,1635.17
2015-05-30 16:00:00,0,40.0,6.0,9.3,1690.1799999999998
2015-05-30 17:00:00,0,40.0,6.0,7.4,1708.9199999999998
2015-05-30 18:00:00,0,40.0,6.0,11.1,1733.9899999999998
2015-05-30 19:00:00,0,39.4,5.0,18.5,1745.9399999999998
2015-05-30 20:00:00,0,38.3,7.0,13.0,1759.99
2015-05-30 21:00:00,0,34.4,10.0,7.4,1692.79
2015-05-30 22:00:00,0,33.9,12.0,5.6,1665.2099999999998
2015-05-30 23:00:00,0,35.0,10.0,13.0,1634.3600000000001
2015-05-31 00:00:00,0,33.9,11.0,9.3,1611.8600000000001
2015-05-31 01:00:00,0,32.8,12.0,16.7,1593.81
2015-05-31 02:00:00,0,29.4,18.0,5.6,1581.4
2015-05-31 03:00:00,0,30.6,15.0,5.6,1566.99
2015-05-31 04:00:00,0,29.4,16.0,7.4,1553.4800000000002
2015-05-31 05:00:00,0,26.7,24.0,11.1,1539.5199999999998
2015-05-31 06:00:00,0,25.6,27.0,14.8,1552.9599999999998
2015-05-31 07:00:00,0,26.7,23.0,11.1,1540.14
2015-05-31 08:00:00,0,28.3,23.0,9.3,1551.5900000000001
2015-05-31 09:00:00,0,31.1,18.0,7.4,1547.8400000000001
2015-05-31 10:00:00,0,33.9,14.0,7.4,1568.8600000000004
2015-05-31 11:00:00,0,35.0,12.0,0.0,1556.83
2015-05-31 12:00:00,0,36.1,11.0,5.6,1572.92
2015-05-31 13:00:00,0,38.3,9.0,11.1,1606.14
2015-05-31 14:00:00,0,38.9,9.0,0.0,1610.9999999999998
2015-05-31 15:00:00,0,39.4,8.0,7.4,1630.9800000000002
2015-05-31 16:00:00,0,40.6,8.0,5.6,1674.5199999999998
2015-05-31 17:00:00,0,40.6,9.0,9.3,1711.46
2015-05-31 18:00:00,0,40.0,9.0,0.0,1725.5
2015-05-31 19:00:00,0,40.0,9.0,13.0,1752.78
2015-05-31 20:00:00,0,39.4,9.0,13.0,1757.0100000000002
2015-05-31 21:00:00,0,37.2,9.0,24.1,1728.25
2015-05-31 22:00:00,0,35.6,10.0,20.4,1704.4599999999998
2015-05-31 23:00:00,0,34.4,8.0,18.5,1667.5099999999998
2015-06-01 00:00:00,0,31.7,12.0,0.0,1626.01
2015-06-01 01:00:00,0,32.2,10.0,5.6,1597.2999999999997
2015-06-01 02:00:00,0,29.4,16.0,9.3,1583.77
2015-06-01 03:00:00,0,30.0,17.0,9.3,1585.6299999999999
2015-06-01 04:00:00,0,28.9,16.0,9.3,1570.4699999999998
2015-06-01 05:00:00,0,26.7,19.0,13.0,1567.0199999999998
2015-06-01 06:00:00,0,26.1,20.0,14.8,1566.0
2015-06-01 07:00:00,0,26.7,21.0,13.0,1586.16
2015-06-01 08:00:00,0,29.4,14.0,14.8,1599.9900000000002
2015-06-01 09:00:00,0,31.7,12.0,11.1,1602.25
2015-06-01 10:00:00,0,33.9,10.0,5.6,1610.93
2015-06-01 11:00:00,0,35.6,9.0,11.1,1622.02
2015-06-01 12:00:00,0,37.2,8.0,11.1,1640.8899999999996
2015-06-01 13:00:00,0,38.9,7.0,14.8,1661.2
2015-06-01 14:00:00,0,38.3,7.0,5.6,1654.2900000000002
2015-06-01 15:00:00,0,39.4,7.0,20.4,1696.8700000000001
2015-06-01 16:00:00,0,40.6,6.0,29.6,1741.2300000000002
2015-06-01 17:00:00,0,40.6,5.0,20.4,1788.1100000000001
2015-06-01 18:00:00,0,39.4,6.0,31.5,1782.3800000000003
2015-06-01 19:00:00,0,38.3,6.0,27.8,1790.5299999999997
2015-06-01 20:00:00,0,37.2,6.0,24.1,1803.3300000000002
2015-06-01 21:00:00,0,36.7,7.0,22.2,1801.32
2015-06-01 22:00:00,0,32.2,11.0,11.1,1747.08
2015-06-01 23:00:00,0,31.7,12.0,5.6,1682.19
2015-06-02 00:00:00,0,31.7,10.0,9.3,1644.3700000000001
2015-06-02 01:00:00,0,31.1,12.0,7.4,1624.42
2015-06-02 02:00:00,0,29.4,16.0,5.6,1608.8799999999997
2015-06-02 03:00:00,0,27.2,21.0,16.7,1594.7500000000005
2015-06-02 04:00:00,0,26.1,22.0,11.1,1584.85
2015-06-02 05:00:00,0,25.6,22.0,11.1,1599.42
2015-06-02 06:00:00,0,25.6,24.0,13.0,1589.88
2015-06-02 07:00:00,0,26.1,24.0,16.7,1588.37
2015-06-02 08:00:00,0,28.9,19.0,9.3,1606.3899999999999
2015-06-02 09:00:00,0,31.7,15.0,11.1,1629.66
2015-06-02 10:00:00,0,34.4,13.0,9.3,1620.8699999999997
2015-06-02 11:00:00,0,35.6,11.0,9.3,1628.79
2015-06-02 12:00:00,0,36.1,11.0,11.1,1639.4299999999996
2015-06-02 13:00:00,0,36.7,9.0,5.6,1655.5500000000002
2015-06-02 14:00:00,0,38.3,8.0,5.6,1654.6299999999999
2015-06-02 15:00:00,0,40.0,6.0,27.8,1683.5900000000001
2015-06-02 16:00:00,0,38.9,6.0,18.5,1724.42
2015-06-02 17:00:00,0,38.9,6.0,22.2,1752.7900000000002
2015-06-02 18:00:00,0,37.8,5.0,20.4,1768.44
2015-06-02 19:00:00,0,37.2,6.0,27.8,1791.93
2015-06-02 20:00:00,0,36.1,6.0,16.7,1791.56
2015-06-02 21:00:00,0,35.0,6.0,14.8,1763.68
2015-06-02 22:00:00,0,33.9,6.0,18.5,1712.3300000000002
2015-06-02 23:00:00,0,32.2,7.0,16.7,1650.94
2015-06-03 00:00:00,0,32.8,6.0,14.8,1633.52
2015-06-03 01:00:00,0,30.0,8.0,0.0,1594.0099999999998
2015-06-03 02:00:00,0,28.9,10.0,11.1,1577.21
2015-06-03 03:00:00,0,27.8,12.0,7.4,1574.5400000000002
2015-06-03 04:00:00,0,26.1,14.0,13.0,1565.39
2015-06-03 05:00:00,0,24.4,21.0,11.1,1574.76
2015-06-03 06:00:00,0,23.9,22.0,11.1,1569.9100000000003
2015-06-03 07:00:00,0,24.4,21.0,9.3,1595.48
2015-06-03 08:00:00,0,26.7,18.0,7.4,1600.55
2015-06-03 09:00:00,0,30.0,13.0,7.4,1597.0500000000002
2015-06-03 10:00:00,0,32.2,10.0,7.4,1608.0700000000002
2015-06-03 11:00:00,0,33.3,10.0,9.3,1616.3900000000003
2015-06-03 12:00:00,0,34.4,8.0,7.4,1619.5700000000002
2015-06-03 13:00:00,0,36.1,7.0,7.4,1633.4100000000003
2015-06-03 14:00:00,0,38.3,6.0,16.7,1651.15
2015-06-03 15:00:00,0,37.8,4.0,14.8,1668.93
2015-06-03 16:00:00,0,38.3,5.0,16.7,1722.9
2015-06-03 17:00:00,0,37.8,4.0,24.1,1734.55
2015-06-03 18:00:00,0,36.7,5.0,22.2,1745.2200000000003
2015-06-03 19:00:00,0,36.1,4.0,25.9,1734.9299999999998
2015-06-03 20:00:00,0,34.4,5.0,24.1,1779.68
2015-06-03 21:00:00,0,33.9,4.0,18.5,1770.1899999999998
2015-06-03 22:00:00,0,32.8,4.0,20.4,1707.4499999999998
2015-06-03 23:00:00,0,30.6,6.0,11.1,1647.51
2015-06-04 00:00:00,0,28.9,8.0,0.0,1614.3799999999999
2015-06-04 01:00:00,0,27.2,12.0,7.4,1590.4600000000003
2015-06-04 02:00:00,0,27.2,10.0,13.0,1578.6799999999998
2015-06-04 03:00:00,0,25.6,14.0,14.8,1572.2599999999998
2015-06-04 04:00:00,0,24.4,17.0,13.0,1552.6899999999998
2015-06-04 05:00:00,0,22.8,21.0,14.8,1563.16
2015-06-04 06:00:00,0,22.8,20.0,13.0,1553.1799999999998
2015-06-04 07:00:00,0,23.9,15.0,16.7,1578.57
2015-06-04 08:00:00,0,26.7,15.0,14.8,1569.31
2015-06-04 09:00:00,0,30.0,11.0,14.8,1586.84
2015-06-04 10:00:00,0,31.7,9.0,13.0,1569.68
2015-06-04 11:00:00,0,32.8,9.0,16.7,1589.0299999999997
2015-06-04 12:00:00,0,33.9,7.0,0.0,1598.5400000000004
2015-06-04 13:00:00,0,36.1,6.0,20.4,1638.2299999999998
2015-06-04 14:00:00,0,36.1,6.0,22.2,1688.62
2015-06-04 15:00:00,0,34.4,8.0,11.1,1701.0800000000002
2015-06-04 16:00:00,0,34.4,8.0,13.0,1678.74
2015-06-04 17:00:00,0,33.9,10.0,18.5,1721.02
2015-06-04 18:00:00,0,32.8,18.0,14.8,1697.1500000000003
2015-06-04 19:00:00,0,29.4,30.0,27.8,1713.0900000000001
2015-06-04 20:00:00,0,28.3,38.0,18.5,1725.7599999999998
2015-06-04 21:00:00,0,28.3,38.0,14.8,1696.04
2015-06-04 22:00:00,0,28.9,32.0,20.4,1670.03
2015-06-04 23:00:00,0,28.3,36.0,16.7,1638.6000000000001
2015-06-05 00:00:00,0,27.8,37.0,13.0,1602.91
2015-06-05 01:00:00,0,27.2,38.0,9.3,1575.51
2015-06-05 02:00:00,0,27.8,35.0,7.4,1567.64
2015-06-05 03:00:00,0,27.2,35.0,11.1,1568.04
2015-06-05 04:00:00,0,27.2,38.0,25.9,1565.65
2015-06-05 05:00:00,0,26.1,47.0,20.4,1587.13
2015-06-05 06:00:00,0,23.9,62.0,13.0,1586.49
2015-06-05 07:00:00,0,22.8,76.0,22.2,1618.4399999999998
2015-06-05 08:00:00,0,22.8,73.0,24.1,1592.01
2015-06-05 09:00:00,0,25.6,58.0,29.6,1613.99
2015-06-05 10:00:00,0,24.4,69.0,22.2,1614.7000000000005
2015-06-05 11:00:00,0,26.7,58.0,24.1,1632.1499999999999
2015-06-05 12:00:00,0,28.3,49.0,22.2,1642.5100000000002
2015-06-05 13:00:00,0,27.2,56.0,25.9,1603.6100000000001
2015-06-05 14:00:00,0,30.6,41.0,25.9,1594.4699999999998
2015-06-05 15:00:00,0,31.7,38.0,20.4,1656.36
2015-06-05 16:00:00,0,30.0,43.0,31.5,1677.96
2015-06-05 17:00:00,0,29.4,44.0,18.5,1711.08
2015-06-05 18:00:00,0,26.1,62.0,18.5,1693.2499999999998
2015-06-05 19:00:00,0,25.6,68.0,9.3,1694.23
2015-06-05 20:00:00,0,25.0,76.0,0.0,1681.3300000000002
2015-06-05 21:00:00,0,26.1,62.0,18.5,1644.4699999999998
2015-06-05 22:00:00,0,24.0,78.0,5.6,1638.41
2015-06-05 23:00:00,0,24.4,69.0,13.0,1606.4899999999998
2015-06-06 00:00:00,0,25.0,64.0,9.3,1574.3799999999999
2015-06-06 01:00:00,0,23.9,76.0,7.4,1571.7099999999998
2015-06-06 02:00:00,0,22.8,84.0,9.3,1546.9400000000003
2015-06-06 03:00:00,0,23.3,73.0,11.1,1530.5299999999997
2015-06-06 04:00:00,0,23.3,73.0,16.7,1524.93
2015-06-06 05:00:00,0,23.3,73.0,14.8,1553.77
2015-06-06 06:00:00,0,22.8,79.0,13.0,1542.07
2015-06-06 07:00:00,0,23.0,73.0,11.1,1550.16
2015-06-06 08:00:00,0,24.4,69.0,9.3,1509.76
2015-06-06 09:00:00,0,26.1,60.0,9.3,1520.18
2015-06-06 10:00:00,0,27.8,41.0,13.0,1509.1200000000001
2015-06-06 11:00:00,0,29.4,30.0,7.4,1495.8900000000003
2015-06-06 12:00:00,0,32.2,19.0,22.2,1477.7399999999998
2015-06-06 13:00:00,0,32.8,17.0,9.3,1511.9
2015-06-06 14:00:00,0,33.3,17.0,9.3,1520.3799999999999
2015-06-06 15:00:00,0,35.0,11.0,18.5,1549.37
2015-06-06 16:00:00,0,35.6,9.0,14.8,1565.5200000000002
2015-06-06 17:00:00,0,35.6,7.0,22.2,1592.1800000000003
2015-06-06 18:00:00,0,35.0,8.0,20.4,1614.95
2015-06-06 19:00:00,0,35.0,9.0,22.2,1629.7300000000002
2015-06-06 20:00:00,0,33.9,9.0,16.7,1677.18
2015-06-06 21:00:00,0,33.3,10.0,16.7,1674.6399999999999
2015-06-06 22:00:00,0,32.2,12.0,0.0,1637.94
2015-06-06 23:00:00,0,30.6,16.0,0.0,1607.3200000000002
2015-06-07 00:00:00,0,28.9,22.0,7.4,1579.0800000000002
2015-06-07 01:00:00,0,27.8,26.0,11.1,1562.23
2015-06-07 02:00:00,0,27.2,26.0,7.4,1547.3199999999997
2015-06-07 03:00:00,0,25.0,34.0,14.8,1532.43
2015-06-07 04:00:00,0,24.4,37.0,11.1,1522.84
2015-06-07 05:00:00,0,22.8,39.0,9.3,1530.85
2015-06-07 06:00:00,0,22.8,39.0,9.3,1503.5299999999995
2015-06-07 07:00:00,0,23.9,37.0,13.0,1497.3799999999999
2015-06-07 08:00:00,0,26.7,29.0,13.0,1487.1999999999998
2015-06-07 09:00:00,0,29.4,19.0,11.1,1505.9799999999998
2015-06-07 10:00:00,0,31.1,16.0,11.1,1506.24
2015-06-07 11:00:00,0,32.8,10.0,11.1,1515.57
2015-06-07 12:00:00,0,34.4,8.0,9.3,1535.34
2015-06-07 13:00:00,0,36.7,8.0,13.0,1565.6299999999999
2015-06-07 14:00:00,0,36.1,7.0,11.1,1589.73
2015-06-07 15:00:00,0,37.8,7.0,11.1,1604.9400000000003
2015-06-07 16:00:00,0,36.7,7.0,5.6,1668.15
2015-06-07 17:00:00,0,37.2,8.0,0.0,1706.7599999999998
2015-06-07 18:00:00,0,37.2,8.0,18.5,1756.6699999999998
2015-06-07 19:00:00,0,36.7,8.0,16.7,1747.6199999999997
2015-06-07 20:00:00,0,35.6,9.0,7.4,1795.2399999999996
2015-06-07 21:00:00,0,35.0,10.0,0.0,1802.95
2015-06-07 22:00:00,0,33.9,12.0,0.0,1766.41
2015-06-07 23:00:00,0,31.1,18.0,5.6,1726.5000000000002
2015-06-08 00:00:00,0,29.4,22.0,5.6,1647.1399999999999
2015-06-08 01:00:00,0,28.9,23.0,7.4,1591.48
2015-06-08 02:00:00,0,27.8,24.0,9.3,1557.26
2015-06-08 03:00:00,0,26.7,24.0,11.1,1571.87
2015-06-08 04:00:00,0,26.1,26.0,0.0,1574.9399999999998
2015-06-08 05:00:00,0,26.1,26.0,0.0,1574.28
2015-06-08 06:00:00,0,26.7,26.0,0.0,1586.3999999999999
2015-06-08 07:00:00,0,27.2,26.0,0.0,1581.0599999999997
2015-06-08 08:00:00,0,28.3,26.0,7.4,1564.46
2015-06-08 09:00:00,0,31.1,18.0,7.4,1590.06
2015-06-08 10:00:00,0,32.8,16.0,5.6,1585.8600000000001
2015-06-08 11:00:00,0,34.4,14.0,5.6,1574.21
2015-06-08 12:00:00,0,36.1,12.0,5.6,1603.22
2015-06-08 13:00:00,0,38.3,10.0,13.0,1605.0
2015-06-08 14:00:00,0,40.0,9.0,5.6,1631.1000000000004
2015-06-08 15:00:00,0,40.0,9.0,7.4,1659.6100000000001
2015-06-08 16:00:00,0,40.6,9.0,14.8,1735.3400000000001
2015-06-08 17:00:00,0,40.6,10.0,11.1,1746.8199999999997
2015-06-08 18:00:00,0,40.6,9.0,18.5,1801.8000000000002
2015-06-08 19:00:00,0,39.4,10.0,18.5,1820.5299999999997
2015-06-08 20:00:00,0,38.3,11.0,16.7,1887.97
2015-06-08 21:00:00,0,36.7,13.0,13.0,1846.1899999999998
2015-06-08 22:00:00,0,36.1,14.0,14.8,1798.5099999999998
2015-06-08 23:00:00,0,35.6,13.0,11.1,1727.53
2015-06-09 00:00:00,0,35.0,14.0,0.0,1646.28
2015-06-09 01:00:00,0,33.3,18.0,0.0,1621.94
2015-06-09 02:00:00,0,33.9,17.0,9.3,1616.5699999999997
2015-06-09 03:00:00,0,31.1,28.0,16.7,1656.1799999999998
2015-06-09 04:00:00,0,30.0,33.0,14.8,1657.64
2015-06-09 05:00:00,0,30.0,36.0,7.4,1655.9899999999998
2015-06-09 06:00:00,0,29.4,38.0,25.9,1640.29
2015-06-09 07:00:00,0,28.3,42.0,16.7,1665.6399999999999
2015-06-09 08:00:00,0,28.9,44.0,14.8,1662.59
2015-06-09 09:00:00,0,28.3,49.0,5.6,1652.4199999999998
2015-06-09 10:00:00,0,29.4,44.0,0.0,1649.3899999999999
2015-06-09 11:00:00,0,30.0,44.0,0.0,1667.59
2015-06-09 12:00:00,0,30.0,48.0,9.3,1670.8999999999996
2015-06-09 13:00:00,0,30.0,46.0,5.6,1669.4199999999998
2015-06-09 14:00:00,0,31.1,43.0,9.3,1639.5300000000002
2015-06-09 15:00:00,0,31.7,40.0,11.1,1697.83
2015-06-09 16:00:00,0,31.7,39.0,13.0,1730.9199999999998
2015-06-09 17:00:00,0,31.7,40.0,16.7,1734.38
2015-06-09 18:00:00,0,32.2,37.0,9.3,1798.1299999999999
2015-06-09 19:00:00,0,31.7,38.0,14.8,1782.71
2015-06-09 20:00:00,0,31.1,39.0,11.1,1797.99
2015-06-09 21:00:00,0,31.1,39.0,9.3,1794.38
2015-06-09 22:00:00,0,30.6,40.0,9.3,1783.9999999999998
2015-06-09 23:00:00,0,29.4,51.0,18.5,1735.68
2015-06-10 00:00:00,0,28.9,51.0,14.8,1672.72
2015-06-10 01:00:00,0,28.9,51.0,22.2,1636.78
2015-06-10 02:00:00,0,28.3,51.0,16.7,1629.6499999999999
2015-06-10 03:00:00,0,28.3,51.0,13.0,1645.2899999999997
2015-06-10 04:00:00,0,27.8,56.0,13.0,1642.07
2015-06-10 05:00:00,0,27.8,58.0,11.1,1660.3999999999999
2015-06-10 06:00:00,0,27.2,60.0,16.7,1638.0099999999998
2015-06-10 07:00:00,0,27.2,62.0,13.0,1639.04
2015-06-10 08:00:00,0,27.2,60.0,14.8,1612.53
2015-06-10 09:00:00,0,27.8,58.0,9.3,1621.15
2015-06-10 10:00:00,0,28.3,56.0,7.4,1624.1
2015-06-10 11:00:00,0,29.4,55.0,14.8,1619.3600000000001
2015-06-10 12:00:00,0,30.0,53.0,13.0,1595.47
2015-06-10 13:00:00,0,30.6,48.0,14.8,1621.4299999999998
2015-06-10 14:00:00,0,32.2,43.0,18.5,1638.1999999999998
2015-06-10 15:00:00,0,33.3,37.0,18.5,1678.7300000000002
2015-06-10 16:00:00,0,33.3,34.0,18.5,1696.48
2015-06-10 17:00:00,0,34.4,31.0,16.7,1742.4300000000003
2015-06-10 18:00:00,0,33.9,33.0,16.7,1794.4299999999998
2015-06-10 19:00:00,0,33.9,33.0,20.4,1824.9100000000003
2015-06-10 20:00:00,0,32.2,38.0,13.0,1861.81
2015-06-10 21:00:00,0,32.2,38.0,9.3,1838.8899999999999
2015-06-10 22:00:00,0,31.7,40.0,7.4,1797.7299999999998
2015-06-10 23:00:00,0,31.1,42.0,7.4,1721.81
2015-06-11 00:00:00,0,30.6,43.0,0.0,1664.8500000000001
2015-06-11 01:00:00,0,30.0,43.0,5.6,1613.47
2015-06-11 02:00:00,0,30.0,40.0,0.0,1611.6
2015-06-11 03:00:00,0,29.4,36.0,9.3,1612.8600000000001
2015-06-11 04:00:00,0,27.8,41.0,7.4,1627.9599999999998
2015-06-11 05:00:00,0,27.8,41.0,11.1,1657.46
2015-06-11 06:00:00,0,27.8,39.0,11.1,1614.98
2015-06-11 07:00:00,0,28.9,33.0,20.4,1590.69
2015-06-11 08:00:00,0,30.0,30.0,11.1,1588.0900000000001
2015-06-11 09:00:00,0,31.1,27.0,5.6,1588.59
2015-06-11 10:00:00,0,32.2,24.0,9.3,1588.47
2015-06-11 11:00:00,0,33.3,23.0,7.4,1571.05
2015-06-11 12:00:00,0,34.4,22.0,11.1,1579.2400000000005
2015-06-11 13:00:00,0,35.0,21.0,9.3,1632.3799999999997
2015-06-11 14:00:00,0,36.1,19.0,20.4,1637.7799999999997
2015-06-11 15:00:00,0,36.1,18.0,0.0,1661.87
2015-06-11 16:00:00,0,37.2,15.0,25.9,1694.9000000000003
2015-06-11 17:00:00,0,36.7,13.0,11.1,1725.2900000000002
2015-06-11 18:00:00,0,36.1,13.0,13.0,1783.99
2015-06-11 19:00:00,0,36.1,14.0,11.1,1801.9500000000003
2015-06-11 20:00:00,0,35.6,13.0,7.4,1868.5300000000002
2015-06-11 21:00:00,0,35.0,16.0,13.0,1824.0499999999997
2015-06-11 22:00:00,0,32.2,21.0,9.3,1756.73
2015-06-11 23:00:00,0,31.7,22.0,0.0,1696.09
2015-06-12 00:00:00,0,32.2,19.0,0.0,1653.66
2015-06-12 01:00:00,0,30.6,21.0,9.3,1628.1299999999997
2015-06-12 02:00:00,0,31.7,15.0,14.8,1600.78
2015-06-12 03:00:00,0,31.1,15.0,9.3,1599.46
2015-06-12 04:00:00,0,28.3,22.0,7.4,1611.51
2015-06-12 05:00:00,0,26.1,31.0,14.8,1636.66
2015-06-12 06:00:00,0,25.6,35.0,13.0,1598.6299999999999
2015-06-12 07:00:00,0,26.7,30.0,13.0,1583.84
2015-06-12 08:00:00,0,28.3,23.0,7.4,1594.82
2015-06-12 09:00:00,0,31.1,18.0,11.1,1589.36
2015-06-12 10:00:00,0,32.2,16.0,0.0,1592.24
2015-06-12 11:00:00,0,33.9,15.0,5.6,1582.7399999999998
2015-06-12 12:00:00,0,35.6,13.0,7.4,1604.09
2015-06-12 13:00:00,0,37.2,12.0,9.3,1641.1899999999998
2015-06-12 14:00:00,0,37.8,11.0,0.0,1643.0000000000002
2015-06-12 15:00:00,0,38.3,11.0,11.1,1670.63
2015-06-12 16:00:00,0,38.9,11.0,11.1,1733.73
2015-06-12 17:00:00,0,38.9,10.0,13.0,1787.3699999999997
2015-06-12 18:00:00,0,38.9,10.0,7.4,1809.8799999999999
2015-06-12 19:00:00,0,38.3,11.0,5.6,1795.6399999999999
2015-06-12 20:00:00,0,37.8,11.0,0.0,1793.94
2015-06-12 21:00:00,0,35.6,14.0,7.4,1768.9299999999998
2015-06-12 22:00:00,0,33.9,18.0,0.0,1720.66
2015-06-12 23:00:00,0,33.9,16.0,22.2,1694.8
2015-06-13 00:00:00,0,33.3,15.0,20.4,1671.1999999999998
2015-06-13 01:00:00,0,32.8,13.0,13.0,1635.3300000000002
2015-06-13 02:00:00,0,32.2,13.0,11.1,1604.91
2015-06-13 03:00:00,0,31.1,13.0,11.1,1583.1099999999997
2015-06-13 04:00:00,0,28.9,22.0,7.4,1584.78
2015-06-13 05:00:00,0,27.8,25.0,9.3,1576.93
2015-06-13 06:00:00,0,26.7,27.0,11.1,1542.45
2015-06-13 07:00:00,0,27.8,21.0,14.8,1534.46
2015-06-13 08:00:00,0,29.4,17.0,13.0,1539.15
2015-06-13 09:00:00,0,31.7,14.0,7.4,1584.09
2015-06-13 10:00:00,0,32.8,13.0,5.6,1580.1299999999999
2015-06-13 11:00:00,0,35.0,12.0,11.1,1592.1600000000003
2015-06-13 12:00:00,0,36.7,11.0,9.3,1642.1599999999999
2015-06-13 13:00:00,0,37.8,13.0,7.4,1653.1999999999998
2015-06-13 14:00:00,0,39.4,13.0,18.5,1668.8600000000004
2015-06-13 15:00:00,0,38.9,13.0,5.6,1703.1000000000001
2015-06-13 16:00:00,0,39.4,12.0,14.8,1713.8700000000001
2015-06-13 17:00:00,0,40.0,11.0,20.4,1755.3500000000001
2015-06-13 18:00:00,0,40.0,11.0,16.7,1786.5199999999998
2015-06-13 19:00:00,0,39.4,11.0,20.4,1807.75
2015-06-13 20:00:00,0,38.3,12.0,13.0,1828.6299999999999
2015-06-13 21:00:00,0,37.2,14.0,11.1,1785.3500000000001
2015-06-13 22:00:00,0,37.2,14.0,13.0,1749.6200000000001
2015-06-13 23:00:00,0,34.4,18.0,20.4,1710.16
2015-06-14 00:00:00,0,33.9,20.0,22.2,1678.98
2015-06-14 01:00:00,0,33.3,20.0,22.2,1645.0
2015-06-14 02:00:00,0,32.8,20.0,16.7,1622.5200000000002
2015-06-14 03:00:00,0,31.7,20.0,13.0,1605.22
2015-06-14 04:00:00,0,31.1,21.0,5.6,1590.98
2015-06-14 05:00:00,0,30.6,20.0,0.0,1589.9300000000003
2015-06-14 06:00:00,0,28.9,26.0,7.4,1559.11
2015-06-14 07:00:00,0,29.4,28.0,11.1,1535.9699999999998
2015-06-14 08:00:00,0,30.6,23.0,9.3,1546.6900000000003
2015-06-14 09:00:00,0,32.2,19.0,5.6,1606.17
2015-06-14 10:00:00,0,33.3,18.0,0.0,1647.4299999999998
2015-06-14 11:00:00,0,35.6,16.0,5.6,1658.3500000000001
2015-06-14 12:00:00,0,37.2,15.0,5.6,1680.3700000000001
2015-06-14 13:00:00,0,38.9,14.0,11.1,1692.7300000000002
2015-06-14 14:00:00,0,40.0,13.0,9.3,1728.4999999999998
2015-06-14 15:00:00,0,41.1,11.0,11.1,1757.45
2015-06-14 16:00:00,0,41.7,11.0,13.0,1785.74
2015-06-14 17:00:00,0,41.1,11.0,13.0,1815.2700000000002
2015-06-14 18:00:00,0,40.6,10.0,14.8,1825.27
2015-06-14 19:00:00,0,40.6,10.0,5.6,1858.11
2015-06-14 20:00:00,0,39.4,11.0,11.1,1889.2800000000002
2015-06-14 21:00:00,0,37.8,14.0,7.4,1873.77
2015-06-14 22:00:00,0,37.8,14.0,13.0,1830.3000000000002
2015-06-14 23:00:00,0,37.2,14.0,20.4,1774.3799999999999
2015-06-15 00:00:00,0,35.6,17.0,11.1,1719.0699999999997
2015-06-15 01:00:00,0,35.0,17.0,14.8,1687.6200000000001
2015-06-15 02:00:00,0,33.9,18.0,14.8,1644.76
2015-06-15 03:00:00,0,33.3,19.0,9.3,1660.99
2015-06-15 04:00:00,0,32.8,20.0,7.4,1671.42
2015-06-15 05:00:00,0,31.7,21.0,7.4,1684.09
2015-06-15 06:00:00,0,30.0,26.0,7.4,1651.4700000000005
2015-06-15 07:00:00,0,30.6,25.0,7.4,1656.2599999999998
2015-06-15 08:00:00,0,32.2,19.0,13.0,1663.0200000000002
2015-06-15 09:00:00,0,33.9,17.0,0.0,1667.5
2015-06-15 10:00:00,0,36.7,15.0,5.6,1681.5000000000002
2015-06-15 11:00:00,0,37.2,14.0,5.6,1686.1699999999998
2015-06-15 12:00:00,0,38.9,13.0,5.6,1695.14
2015-06-15 13:00:00,0,41.7,11.0,7.4,1718.3999999999999
2015-06-15 14:00:00,0,42.2,12.0,13.0,1733.52
2015-06-15 15:00:00,0,42.8,10.0,14.8,1752.1499999999999
2015-06-15 16:00:00,0,42.8,10.0,9.3,1779.4199999999996
2015-06-15 17:00:00,0,43.3,10.0,24.1,1814.5500000000002
2015-06-15 18:00:00,0,43.3,9.0,25.9,1890.1599999999999
2015-06-15 19:00:00,0,42.8,9.0,27.8,1917.37
2015-06-15 20:00:00,0,41.7,9.0,20.4,1952.4675000000002
2015-06-15 21:00:00,0,38.3,12.0,11.1,1941.13
2015-06-15 22:00:00,0,37.2,11.0,11.1,1876.4099999999999
2015-06-15 23:00:00,0,37.8,11.0,16.7,1781.16
2015-06-16 00:00:00,0,37.2,13.0,13.0,1727.91
2015-06-16 01:00:00,0,35.0,15.0,14.8,1694.3999999999999
2015-06-16 02:00:00,0,35.0,15.0,11.1,1676.5700000000002
2015-06-16 03:00:00,0,31.7,21.0,0.0,1690.23
2015-06-16 04:00:00,0,31.1,22.0,0.0,1696.0
2015-06-16 05:00:00,0,30.6,24.0,0.0,1700.83
2015-06-16 06:00:00,0,30.6,22.0,11.1,1664.44
2015-06-16 07:00:00,0,30.6,24.0,13.0,1651.28
2015-06-16 08:00:00,0,32.2,22.0,9.3,1685.2199999999998
2015-06-16 09:00:00,0,35.0,17.0,7.4,1674.1200000000001
2015-06-16 10:00:00,0,36.7,15.0,5.6,1684.9199999999998
2015-06-16 11:00:00,0,38.3,13.0,9.3,1700.08
2015-06-16 12:00:00,0,39.4,12.0,7.4,1709.4199999999998
2015-06-16 13:00:00,0,41.1,11.0,9.3,1729.7
2015-06-16 14:00:00,0,43.3,9.0,7.4,1733.0800000000002
2015-06-16 15:00:00,0,42.8,9.0,13.0,1751.48
2015-06-16 16:00:00,0,43.3,6.0,16.7,1817.26
2015-06-16 17:00:00,0,43.3,7.0,18.5,1848.2399999999998
2015-06-16 18:00:00,0,42.8,9.0,22.2,1891.0299999999997
2015-06-16 19:00:00,0,42.8,8.0,18.5,1920.58
2015-06-16 20:00:00,0,41.7,9.0,18.5,1958.9500000000003
2015-06-16 21:00:00,0,38.9,12.0,11.1,1924.2
2015-06-16 22:00:00,0,38.9,12.0,11.1,1878.85
2015-06-16 23:00:00,0,38.9,12.0,11.1,1827.71
2015-06-17 00:00:00,0,22.8,26.0,9.3,1773.55
2015-06-17 01:00:00,0,22.8,26.0,9.3,1734.09
2015-06-17 02:00:00,0,22.8,26.0,9.3,1711.03
2015-06-17 03:00:00,0,22.8,26.0,9.3,1726.2600000000002
2015-06-17 04:00:00,0,32.2,22.0,7.4,1711.9200000000003
2015-06-17 05:00:00,0,32.2,21.0,0.0,1700.83
2015-06-17 06:00:00,0,30.0,29.0,14.8,1664.44
2015-06-17 07:00:00,0,31.1,25.0,13.0,1651.28
2015-06-17 08:00:00,0,33.9,20.0,13.0,1699.3799999999999
2015-06-17 09:00:00,0,36.7,17.0,7.4,1732.1499999999999
2015-06-17 10:00:00,0,37.8,15.0,14.8,1728.5199999999998
2015-06-17 11:00:00,0,39.4,15.0,11.1,1723.25
2015-06-17 12:00:00,0,41.7,12.0,11.1,1729.6999999999998
2015-06-17 13:00:00,0,43.3,9.0,0.0,1758.74
2015-06-17 14:00:00,0,43.9,7.0,18.5,1746.9799999999998
2015-06-17 15:00:00,0,44.4,7.0,16.7,1783.52
2015-06-17 16:00:00,0,45.0,7.0,25.9,1828.31
2015-06-17 17:00:00,0,44.4,8.0,18.5,1869.28
2015-06-17 18:00:00,0,43.9,7.0,25.9,1908.025
2015-06-17 19:00:00,0,43.9,7.0,25.9,1936.8925000000002
2015-06-17 20:00:00,0,41.7,9.0,20.4,1994.2125000000003
2015-06-17 21:00:00,0,40.0,11.0,9.3,1956.02
2015-06-17 22:00:00,0,40.6,10.0,14.8,1918.8999999999999
2015-06-17 23:00:00,0,40.0,10.0,20.4,1854.81
2015-06-18 00:00:00,0,36.7,13.0,14.8,1793.5800000000002
2015-06-18 01:00:00,0,37.2,13.0,14.8,1754.3300000000002
2015-06-18 02:00:00,0,36.1,14.0,14.8,1734.23
2015-06-18 03:00:00,0,35.6,13.0,9.3,1729.4099999999999
2015-06-18 04:00:00,0,31.7,21.0,5.6,1731.7199999999998
2015-06-18 05:00:00,0,31.1,22.0,7.4,1742.7399999999998
2015-06-18 06:00:00,0,31.1,20.0,9.3,1714.78
2015-06-18 07:00:00,0,32.2,19.0,13.0,1737.7299999999998
2015-06-18 08:00:00,0,33.9,18.0,7.4,1728.9300000000003
2015-06-18 09:00:00,0,36.7,14.0,5.6,1736.1499999999999
2015-06-18 10:00:00,0,38.9,12.0,7.4,1732.7899999999997
2015-06-18 11:00:00,0,41.1,10.0,0.0,1733.6
2015-06-18 12:00:00,0,42.8,8.0,5.6,1741.2800000000002
2015-06-18 13:00:00,0,44.4,7.0,7.4,1782.7699999999998
2015-06-18 14:00:00,0,44.0,7.0,9.3,1794.6999999999998
2015-06-18 15:00:00,0,45.6,6.0,20.4,1845.15
2015-06-18 16:00:00,0,45.6,6.0,20.4,1865.5399999999997
2015-06-18 17:00:00,0,45.6,6.0,22.2,1897.79
2015-06-18 18:00:00,0,45.0,7.0,25.9,1947.1500000000005
2015-06-18 19:00:00,0,43.3,8.0,20.4,1982.0699999999997
2015-06-18 20:00:00,0,42.2,9.0,14.8,2018.8999999999999
2015-06-18 21:00:00,0,39.4,10.0,14.8,1961.36
2015-06-18 22:00:00,0,38.3,9.0,13.0,1918.0099999999998
2015-06-18 23:00:00,0,37.8,9.0,11.1,1854.81
2015-06-19 00:00:00,0,37.2,10.0,14.8,1793.5800000000002
2015-06-19 01:00:00,0,35.6,12.0,0.0,1754.3300000000002
2015-06-19 02:00:00,0,36.1,12.0,11.1,1734.23
2015-06-19 03:00:00,0,34.4,13.0,0.0,1729.4099999999999
2015-06-19 04:00:00,0,32.2,17.0,0.0,1731.7199999999998
2015-06-19 05:00:00,0,30.6,21.0,5.6,1742.7399999999998
2015-06-19 06:00:00,0,30.0,25.0,7.4,1714.78
2015-06-19 07:00:00,0,31.1,22.0,13.0,1737.7299999999998
2015-06-19 08:00:00,0,33.0,20.0,13.0,1730.5600000000002
2015-06-19 09:00:00,0,36.1,16.0,13.0,1725.1599999999999
2015-06-19 10:00:00,0,38.3,14.0,14.8,1732.94
2015-06-19 11:00:00,0,41.0,9.0,11.1,1720.06
2015-06-19 12:00:00,0,41.7,7.0,5.6,1735.9
2015-06-19 13:00:00,0,42.8,7.0,0.0,1743.8199999999997
2015-06-19 14:00:00,0,43.9,5.0,18.5,1751.51
2015-06-19 15:00:00,0,46.0,4.0,29.6,1806.3
2015-06-19 16:00:00,0,44.4,4.0,18.5,1883.8899999999996
2015-06-19 17:00:00,0,43.9,4.0,22.2,1888.13
2015-06-19 18:00:00,0,43.3,4.0,20.4,1903.24
2015-06-19 19:00:00,0,42.8,4.0,20.4,1927.1199999999997
2015-06-19 20:00:00,0,40.6,4.0,13.0,1903.78
2015-06-19 21:00:00,0,37.8,4.0,9.3,1890.96
2015-06-19 22:00:00,0,36.7,4.0,0.0,1855.81
2015-06-19 23:00:00,0,37.8,4.0,0.0,1820.0900000000001
2015-06-20 00:00:00,0,32.2,11.0,13.0,1773.58
2015-06-20 01:00:00,0,31.1,12.0,7.4,1749.36
2015-06-20 02:00:00,0,29.4,15.0,7.4,1728.2399999999996
2015-06-20 03:00:00,0,29.4,15.0,5.6,1706.1599999999999
2015-06-20 04:00:00,0,27.8,13.0,5.6,1682.18
2015-06-20 05:00:00,0,27.8,15.0,5.6,1672.48
2015-06-20 06:00:00,0,27.0,16.0,9.3,1646.13
2015-06-20 07:00:00,0,28.9,14.0,18.5,1650.52
2015-06-20 08:00:00,0,31.7,12.0,13.0,1659.1399999999999
2015-06-20 09:00:00,0,33.3,10.0,9.3,1676.1499999999996
2015-06-20 10:00:00,0,36.7,8.0,7.4,1713.5000000000002
2015-06-20 11:00:00,0,38.9,7.0,9.3,1716.2799999999997
2015-06-20 12:00:00,0,40.0,6.0,11.1,1726.1499999999999
2015-06-20 13:00:00,0,41.7,6.0,9.3,1747.9799999999998
2015-06-20 14:00:00,0,42.2,6.0,13.0,1745.5799999999995
2015-06-20 15:00:00,0,44.0,5.0,20.4,1764.34
2015-06-20 16:00:00,0,43.3,4.0,9.3,1789.7800000000002
2015-06-20 17:00:00,0,43.9,5.0,7.4,1830.0000000000002
2015-06-20 18:00:00,0,43.9,4.0,16.7,1854.94
2015-06-20 19:00:00,0,42.8,5.0,13.0,1868.2299999999998
2015-06-20 20:00:00,0,41.7,5.0,7.4,1905.2099999999996
2015-06-20 21:00:00,0,41.7,5.0,7.4,1875.5800000000002
2015-06-20 22:00:00,0,41.7,5.0,7.4,1849.8699999999997
2015-06-20 23:00:00,0,36.1,12.0,9.3,1820.55
2015-06-21 00:00:00,0,36.1,14.0,13.0,1794.28
2015-06-21 01:00:00,0,35.6,18.0,11.1,1771.18
2015-06-21 02:00:00,0,34.4,26.0,16.7,1775.18
2015-06-21 03:00:00,0,32.8,30.0,7.4,1730.08
2015-06-21 04:00:00,0,31.7,27.0,16.7,1741.1599999999999
2015-06-21 05:00:00,0,31.7,29.0,7.4,1717.7399999999996
2015-06-21 06:00:00,0,31.1,32.0,11.1,1677.0200000000002
2015-06-21 07:00:00,0,31.7,29.0,14.8,1673.2
2015-06-21 08:00:00,0,32.2,27.0,9.3,1687.6799999999998
2015-06-21 09:00:00,0,33.3,26.0,0.0,1738.36
2015-06-21 10:00:00,0,34.4,24.0,0.0,1740.32
2015-06-21 11:00:00,0,36.0,23.0,11.1,1775.97
2015-06-21 12:00:00,0,37.8,20.0,5.6,1792.6399999999999
2015-06-21 13:00:00,0,38.9,17.0,0.0,1822.9
2015-06-21 14:00:00,0,40.0,15.0,9.3,1815.74
2015-06-21 15:00:00,0,41.7,15.0,9.3,1862.6899999999998
2015-06-21 16:00:00,0,41.7,15.0,18.5,1889.3199999999997
2015-06-21 17:00:00,0,41.7,14.0,14.8,1923.7600000000002
2015-06-21 18:00:00,0,41.7,13.0,11.1,1957.6999999999998
2015-06-21 19:00:00,0,41.7,11.0,16.7,1962.05
2015-06-21 20:00:00,0,40.6,13.0,18.5,1985.6799999999998
2015-06-21 21:00:00,0,38.9,14.0,11.1,1979.14
2015-06-21 22:00:00,0,36.7,17.0,7.4,1915.4899999999998
2015-06-21 23:00:00,0,37.0,16.0,13.0,1866.1200000000001
2015-06-22 00:00:00,0,35.6,21.0,14.8,1809.7400000000002
2015-06-22 01:00:00,0,35.0,22.0,16.7,1756.0299999999997
2015-06-22 02:00:00,0,34.4,19.0,24.1,1718.04
2015-06-22 03:00:00,0,33.3,21.0,16.7,1726.1400000000003
2015-06-22 04:00:00,0,30.6,25.0,5.6,1733.88
2015-06-22 05:00:00,0,30.6,29.0,0.0,1744.1200000000001
2015-06-22 06:00:00,0,29.4,32.0,0.0,1719.9899999999998
2015-06-22 07:00:00,0,31.1,29.0,0.0,1734.12
2015-06-22 08:00:00,0,32.8,25.0,9.3,1749.34
2015-06-22 09:00:00,0,33.3,25.0,0.0,1753.7199999999996
2015-06-22 10:00:00,0,35.6,22.0,7.4,1749.85
2015-06-22 11:00:00,0,36.1,19.0,5.6,1739.95
2015-06-22 12:00:00,0,38.9,13.0,11.1,1749.46
2015-06-22 13:00:00,0,39.4,12.0,9.3,1756.9599999999996
2015-06-22 14:00:00,0,42.2,10.0,9.3,1758.84
2015-06-22 15:00:00,0,41.7,7.0,22.2,1818.0699999999997
2015-06-22 16:00:00,0,41.7,7.0,14.8,1877.2000000000003
2015-06-22 17:00:00,0,42.2,7.0,24.1,1913.4599999999998
2015-06-22 18:00:00,0,41.7,9.0,18.5,1931.9499999999998
2015-06-22 19:00:00,0,41.1,11.0,25.9,1972.37
2015-06-22 20:00:00,0,40.6,10.0,20.4,1995.4499999999998
2015-06-22 21:00:00,0,38.9,12.0,13.0,1995.64
2015-06-22 22:00:00,0,37.2,14.0,5.6,1938.17
2015-06-22 23:00:00,0,36.7,14.0,0.0,1872.3000000000002
2015-06-23 00:00:00,0,34.0,19.0,0.0,1822.6
2015-06-23 01:00:00,0,35.6,18.0,14.8,1782.06
2015-06-23 02:00:00,0,34.4,21.0,7.4,1755.1200000000001
2015-06-23 03:00:00,0,33.3,22.0,13.0,1745.77
2015-06-23 04:00:00,0,32.2,24.0,0.0,1718.81
2015-06-23 05:00:00,0,31.7,26.0,5.6,1700.83
2015-06-23 06:00:00,0,30.6,29.0,0.0,1664.44
2015-06-23 07:00:00,0,32.2,24.0,13.0,1651.28
2015-06-23 08:00:00,0,33.3,22.0,9.3,1699.3799999999999
2015-06-23 09:00:00,0,34.4,21.0,0.0,1732.1499999999999
2015-06-23 10:00:00,0,36.7,15.0,11.1,1728.5199999999998
2015-06-23 11:00:00,0,37.8,13.0,5.6,1741.2299999999998
2015-06-23 12:00:00,0,38.9,12.0,9.3,1801.9799999999998
2015-06-23 13:00:00,0,41.0,11.0,7.4,1802.7200000000003
2015-06-23 14:00:00,0,41.1,11.0,5.6,1791.02
2015-06-23 15:00:00,0,42.8,9.0,16.7,1847.7900000000002
2015-06-23 16:00:00,0,42.8,8.0,22.2,1900.49
2015-06-23 17:00:00,0,43.3,8.0,27.8,1931.4799999999998
2015-06-23 18:00:00,0,43.3,8.0,25.9,1967.98
2015-06-23 19:00:00,0,42.2,9.0,27.8,1955.06
2015-06-23 20:00:00,0,41.1,9.0,20.4,1983.0600000000002
2015-06-23 21:00:00,0,40.0,9.0,16.7,1964.4199999999998
2015-06-23 22:00:00,0,38.3,11.0,13.0,1939.3100000000002
2015-06-23 23:00:00,0,35.6,14.0,7.4,1870.8400000000001
2015-06-24 00:00:00,0,36.7,12.0,0.0,1816.59
2015-06-24 01:00:00,0,34.0,15.0,5.6,1773.09
2015-06-24 02:00:00,0,35.0,13.0,9.3,1753.8599999999997
2015-06-24 03:00:00,0,34.4,14.0,0.0,1756.8500000000001
2015-06-24 04:00:00,0,34.4,12.0,9.3,1758.25
2015-06-24 05:00:00,0,31.7,19.0,13.0,1766.2800000000002
2015-06-24 06:00:00,0,31.1,22.0,5.6,1725.77
2015-06-24 07:00:00,0,32.2,19.0,14.8,1746.26
2015-06-24 08:00:00,0,34.4,18.0,7.4,1754.2899999999997
2015-06-24 09:00:00,0,36.1,14.0,7.4,1764.6899999999998
2015-06-24 10:00:00,0,38.3,11.0,0.0,1761.3
2015-06-24 11:00:00,0,40.6,8.0,7.4,1758.8600000000001
2015-06-24 12:00:00,0,42.8,6.0,9.3,1786.04
2015-06-24 13:00:00,0,43.9,6.0,14.8,1777.4999999999998
2015-06-24 14:00:00,0,43.3,6.0,14.8,1767.6
2015-06-24 15:00:00,0,42.8,6.0,13.0,1796.54
2015-06-24 16:00:00,0,43.3,7.0,14.8,1839.7900000000002
2015-06-24 17:00:00,0,44.4,7.0,18.5,1887.28
2015-06-24 18:00:00,0,43.3,7.0,16.7,1923.44
2015-06-24 19:00:00,0,42.2,10.0,16.7,1935.52
2015-06-24 20:00:00,0,38.9,17.0,20.4,2015.72
2015-06-24 21:00:00,0,37.8,19.0,9.3,1985.5599999999995
2015-06-24 22:00:00,0,37.2,20.0,7.4,1918.3100000000002
2015-06-24 23:00:00,0,36.7,20.0,11.1,1870.4700000000003
2015-06-25 00:00:00,0,36.1,22.0,9.3,1814.3000000000004
2015-06-25 01:00:00,0,35.6,22.0,7.4,1777.32
2015-06-25 02:00:00,0,36.1,20.0,11.1,1750.4600000000003
2015-06-25 03:00:00,0,33.3,27.0,13.0,1745.9399999999998
2015-06-25 04:00:00,0,33.9,26.0,9.3,1762.9999999999998
2015-06-25 05:00:00,0,32.8,27.0,7.4,1773.4299999999998
2015-06-25 06:00:00,0,33.3,26.0,16.7,1735.0499999999997
2015-06-25 07:00:00,0,33.3,27.0,13.0,1759.02
2015-06-25 08:00:00,0,34.4,26.0,11.1,1770.79
2015-06-25 09:00:00,0,35.6,24.0,11.1,1765.5200000000002
2015-06-25 10:00:00,0,36.1,23.0,9.3,1721.4300000000003
2015-06-25 11:00:00,0,38.3,20.0,13.0,1710.26
2015-06-25 12:00:00,0,38.3,19.0,5.6,1710.9299999999998
2015-06-25 13:00:00,0,40.6,16.0,16.7,1752.95
2015-06-25 14:00:00,0,41.7,16.0,13.0,1764.4199999999998
2015-06-25 15:00:00,0,41.7,13.0,16.7,1787.1799999999998
2015-06-25 16:00:00,0,43.3,11.0,29.6,1857.7000000000003
2015-06-25 17:00:00,0,42.8,12.0,20.4,1909.9799999999998
2015-06-25 18:00:00,0,43.3,10.0,24.1,1929.22
2015-06-25 19:00:00,0,42.8,9.0,22.2,1951.6399999999996
2015-06-25 20:00:00,0,41.7,9.0,22.2,1980.89
2015-06-25 21:00:00,0,39.4,14.0,20.4,1927.0
2015-06-25 22:00:00,0,38.3,17.0,14.8,1862.2800000000002
2015-06-25 23:00:00,0,37.2,18.0,14.8,1810.06
2015-06-26 00:00:00,0,37.2,16.0,14.8,1788.6399999999999
2015-06-26 01:00:00,0,36.7,18.0,11.1,1747.3799999999999
2015-06-26 02:00:00,0,35.6,22.0,9.3,1721.5399999999995
2015-06-26 03:00:00,0,33.9,28.0,13.0,1745.7200000000003
2015-06-26 04:00:00,0,33.3,31.0,14.8,1761.51
2015-06-26 05:00:00,0,32.2,31.0,16.7,1784.88
2015-06-26 06:00:00,0,31.7,34.0,18.5,1755.61
2015-06-26 07:00:00,0,31.7,39.0,22.2,1753.12
2015-06-26 08:00:00,0,32.8,38.0,14.8,1773.64
2015-06-26 09:00:00,0,34.4,33.0,11.1,1776.42
2015-06-26 10:00:00,0,35.6,27.0,7.4,1762.6000000000001
2015-06-26 11:00:00,0,36.7,24.0,16.7,1750.8799999999999
2015-06-26 12:00:00,0,37.8,25.0,13.0,1770.07
2015-06-26 13:00:00,0,38.9,24.0,22.2,1790.32
2015-06-26 14:00:00,0,39.4,22.0,20.4,1807.1999999999998
2015-06-26 15:00:00,0,40.6,19.0,20.4,1820.05
2015-06-26 16:00:00,0,41.7,17.0,18.5,1886.78
2015-06-26 17:00:00,0,41.7,15.0,20.4,1931.2600000000004
2015-06-26 18:00:00,0,41.1,15.0,14.8,1940.0000000000002
2015-06-26 19:00:00,0,41.1,15.0,14.8,1937.08
2015-06-26 20:00:00,0,40.6,17.0,9.3,1942.5900000000001
2015-06-26 21:00:00,0,39.4,19.0,11.1,1911.8
2015-06-26 22:00:00,0,38.3,19.0,25.9,1864.4800000000002
2015-06-26 23:00:00,0,37.2,24.0,25.9,1842.01
2015-06-27 00:00:00,0,36.1,27.0,16.7,1814.6299999999999
2015-06-27 01:00:00,0,35.6,28.0,11.1,1799.02
2015-06-27 02:00:00,0,35.0,29.0,25.9,1776.7099999999998
2015-06-27 03:00:00,0,32.8,44.0,13.0,1764.33
2015-06-27 04:00:00,0,32.2,48.0,0.0,1755.39
2015-06-27 05:00:00,0,32.8,36.0,14.8,1754.1
2015-06-27 06:00:00,0,32.2,38.0,13.0,1714.8999999999999
2015-06-27 07:00:00,0,32.8,35.0,13.0,1715.7600000000002
2015-06-27 08:00:00,0,33.3,34.0,16.7,1731.1700000000003
2015-06-27 09:00:00,0,33.9,33.0,9.3,1770.3899999999999
2015-06-27 10:00:00,0,34.4,32.0,0.0,1763.4900000000002
2015-06-27 11:00:00,0,35.6,30.0,7.4,1781.8600000000001
2015-06-27 12:00:00,0,36.7,26.0,5.6,1769.9100000000003
2015-06-27 13:00:00,0,38.3,23.0,13.0,1788.4600000000003
2015-06-27 14:00:00,0,38.9,22.0,5.6,1794.1399999999999
2015-06-27 15:00:00,0,40.6,19.0,16.7,1805.2599999999998
2015-06-27 16:00:00,0,41.7,17.0,24.1,1838.23
2015-06-27 17:00:00,0,41.7,17.0,13.0,1878.54
2015-06-27 18:00:00,0,41.7,16.0,9.3,1893.0700000000002
2015-06-27 19:00:00,0,50.0,8.0,9.3,1924.8999999999996
2015-06-27 20:00:00,0,36.1,23.0,33.3,1943.5100000000002
2015-06-27 21:00:00,0,35.6,22.0,20.4,1879.4100000000003
2015-06-27 22:00:00,0,33.9,29.0,25.9,1841.58
2015-06-27 23:00:00,0,33.9,29.0,13.0,1811.4499999999998
2015-06-28 00:00:00,0,33.3,32.0,24.1,1799.2500000000002
2015-06-28 01:00:00,0,33.9,30.0,14.8,1791.6199999999994
2015-06-28 02:00:00,0,33.9,30.0,13.0,1763.68
2015-06-28 03:00:00,0,32.8,34.0,7.4,1742.0100000000002
2015-06-28 04:00:00,0,32.2,37.0,0.0,1746.13
2015-06-28 05:00:00,0,31.7,35.0,14.8,1726.7000000000003
2015-06-28 06:00:00,0,31.1,37.0,11.1,1684.5400000000004
2015-06-28 07:00:00,0,31.7,36.0,13.0,1687.4399999999998
2015-06-28 08:00:00,0,33.3,33.0,14.8,1711.8200000000002
2015-06-28 09:00:00,0,35.6,27.0,7.4,1745.79
2015-06-28 10:00:00,0,36.7,25.0,7.4,1742.4600000000003
2015-06-28 11:00:00,0,39.4,20.0,0.0,1754.9599999999996
2015-06-28 12:00:00,0,40.6,18.0,9.3,1814.53
2015-06-28 13:00:00,0,41.7,17.0,14.8,1810.4499999999996
2015-06-28 14:00:00,0,41.7,17.0,5.6,1800.5100000000002
2015-06-28 15:00:00,0,41.7,16.0,0.0,1829.9000000000003
2015-06-28 16:00:00,0,42.2,15.0,5.6,1873.7499999999998
2015-06-28 17:00:00,0,43.3,13.0,11.1,1885.5099999999995
2015-06-28 18:00:00,0,42.8,15.0,14.8,1919.4099999999999
2015-06-28 19:00:00,0,40.0,21.0,18.5,1936.79
2015-06-28 20:00:00,0,39.4,22.0,9.3,1959.5199999999998
2015-06-28 21:00:00,0,37.2,25.0,33.3,1963.9299999999996
2015-06-28 22:00:00,0,35.6,29.0,24.1,1935.3400000000004
2015-06-28 23:00:00,0,34.4,32.0,14.8,1890.52
2015-06-29 00:00:00,0,34.4,33.0,7.4,1821.5200000000004
2015-06-29 01:00:00,0,34.4,33.0,5.6,1776.62
2015-06-29 02:00:00,0,34.4,33.0,5.6,1764.4499999999998
2015-06-29 03:00:00,0,33.3,37.0,7.4,1771.4999999999998
2015-06-29 04:00:00,0,32.8,36.0,7.4,1775.8600000000001
2015-06-29 05:00:00,0,31.1,42.0,13.0,1783.4700000000003
2015-06-29 06:00:00,0,31.1,42.0,5.6,1769.31
2015-06-29 07:00:00,0,32.2,39.0,7.4,1780.3000000000002
2015-06-29 08:00:00,0,33.3,38.0,5.6,1764.0500000000002
2015-06-29 09:00:00,0,35.0,33.0,9.3,1747.71
2015-06-29 10:00:00,0,36.1,29.0,5.6,1743.94
2015-06-29 11:00:00,0,37.2,28.0,9.3,1747.9400000000003
2015-06-29 12:00:00,0,40.0,24.0,13.0,1745.12
2015-06-29 13:00:00,0,41.1,22.0,11.1,1779.9499999999996
2015-06-29 14:00:00,0,41.1,21.0,13.0,1791.21
2015-06-29 15:00:00,0,41.7,19.0,22.2,1822.5999999999997
2015-06-29 16:00:00,0,42.2,18.0,9.3,1851.6600000000003
2015-06-29 17:00:00,0,42.2,17.0,7.4,1912.75
2015-06-29 18:00:00,0,42.2,17.0,18.5,1939.12
2015-06-29 19:00:00,0,42.2,17.0,22.2,1970.93
2015-06-29 20:00:00,0,40.6,20.0,14.8,2035.5800000000002
2015-06-29 21:00:00,0,39.4,21.0,14.8,1965.1
2015-06-29 22:00:00,0,36.7,27.0,22.2,1880.1
2015-06-29 23:00:00,0,32.2,46.0,22.2,1847.6100000000001
2015-06-30 00:00:00,0,33.3,42.0,7.4,1817.75
2015-06-30 01:00:00,0,33.3,39.0,0.0,1794.45
2015-06-30 02:00:00,0,31.1,61.0,9.3,1760.9000000000003
2015-06-30 03:00:00,0,30.6,63.0,11.1,1768.0499999999997
2015-06-30 04:00:00,0,30.0,63.0,9.3,1778.0500000000002
2015-06-30 05:00:00,0,30.0,61.0,11.1,1807.27
2015-06-30 06:00:00,0,30.6,59.0,13.0,1781.9799999999998
2015-06-30 07:00:00,0,32.2,43.0,11.1,1764.3
2015-06-30 08:00:00,0,33.3,38.0,20.4,1766.9299999999996
2015-06-30 09:00:00,0,35.0,33.0,13.0,1753.7099999999998
2015-06-30 10:00:00,0,36.1,28.0,22.2,1755.09
2015-06-30 11:00:00,0,36.7,28.0,25.9,1732.28
2015-06-30 12:00:00,0,37.2,28.0,27.8,1741.13
2015-06-30 13:00:00,0,38.3,27.0,13.0,1753.33
2015-06-30 14:00:00,0,38.9,26.0,14.8,1778.9499999999998
2015-06-30 15:00:00,0,39.4,24.0,18.5,1791.82
2015-06-30 16:00:00,0,41.7,22.0,22.2,1844.54
2015-06-30 17:00:00,0,40.0,23.0,22.2,1888.9999999999998
2015-06-30 18:00:00,0,40.0,22.0,24.1,1923.4499999999998
2015-06-30 19:00:00,0,40.0,21.0,24.1,1969.6899999999996
2015-06-30 20:00:00,0,38.3,25.0,27.8,2002.91
2015-06-30 21:00:00,0,37.8,26.0,16.7,1971.5
2015-06-30 22:00:00,0,37.2,28.0,20.4,1906.9899999999998
2015-06-30 23:00:00,0,36.1,29.0,24.1,1842.4899999999998
2015-07-01 00:00:00,0,35.6,31.0,18.5,1815.68
2015-07-01 01:00:00,0,33.3,38.0,5.6,1784.9500000000003
2015-07-01 02:00:00,0,33.3,35.0,13.0,1774.1599999999999
2015-07-01 03:00:00,0,30.6,51.0,14.8,1777.8999999999999
2015-07-01 04:00:00,0,30.0,53.0,18.5,1763.2099999999998
2015-07-01 05:00:00,0,29.4,55.0,13.0,1777.2900000000004
2015-07-01 06:00:00,0,28.9,55.0,16.7,1759.42
2015-07-01 07:00:00,0,29.4,53.0,14.8,1740.2899999999997
2015-07-01 08:00:00,0,31.1,48.0,9.3,1738.18
2015-07-01 09:00:00,0,32.8,38.0,9.3,1745.9000000000003
2015-07-01 10:00:00,0,33.9,34.0,13.0,1744.0500000000002
2015-07-01 11:00:00,0,34.4,32.0,5.6,1731.49
2015-07-01 12:00:00,0,36.1,29.0,5.6,1723.73
2015-07-01 13:00:00,0,37.8,27.0,24.1,1757.7799999999997
2015-07-01 14:00:00,0,38.9,24.0,24.1,1753.4499999999998
2015-07-01 15:00:00,0,40.0,22.0,27.8,1799.3299999999997
2015-07-01 16:00:00,0,40.0,21.0,25.9,1838.71
2015-07-01 17:00:00,0,40.0,21.0,27.8,1881.45
2015-07-01 18:00:00,0,38.9,22.0,24.1,1952.34
2015-07-01 19:00:00,0,37.8,25.0,27.8,1977.5099999999995
2015-07-01 20:00:00,0,36.1,30.0,25.9,2018.3700000000001
2015-07-01 21:00:00,0,36.1,30.0,22.2,2009.9499999999998
2015-07-01 22:00:00,0,34.4,33.0,24.1,1957.1299999999997
2015-07-01 23:00:00,0,33.9,33.0,22.2,1881.35
2015-07-02 00:00:00,0,33.3,33.0,22.2,1818.1799999999996
2015-07-02 01:00:00,0,33.3,32.0,18.5,1794.9199999999998
2015-07-02 02:00:00,0,32.8,33.0,16.7,1772.3
2015-07-02 03:00:00,0,32.2,34.0,14.8,1762.23
2015-07-02 04:00:00,0,32.2,34.0,18.5,1757.3999999999999
2015-07-02 05:00:00,0,31.1,36.0,13.0,1779.8900000000003
2015-07-02 06:00:00,0,31.1,36.0,20.4,1774.5699999999997
2015-07-02 07:00:00,0,31.7,34.0,18.5,1756.19
2015-07-02 08:00:00,0,32.8,32.0,13.0,1752.07
2015-07-02 09:00:00,0,35.0,28.0,18.5,1764.9800000000002
2015-07-02 10:00:00,0,35.0,28.0,11.1,1765.08
2015-07-02 11:00:00,0,36.7,25.0,9.3,1756.9899999999996
2015-07-02 12:00:00,0,38.3,24.0,16.7,1768.3000000000002
2015-07-02 13:00:00,0,38.3,24.0,13.0,1784.8200000000002
2015-07-02 14:00:00,0,40.0,22.0,18.5,1831.25
2015-07-02 15:00:00,0,40.6,20.0,22.2,1867.95
2015-07-02 16:00:00,0,40.6,19.0,13.0,1912.2499999999998
2015-07-02 17:00:00,0,40.6,18.0,20.4,1904.0799999999997
2015-07-02 18:00:00,0,40.6,16.0,22.2,1916.69
2015-07-02 19:00:00,0,39.4,18.0,22.2,1928.8999999999999
2015-07-02 20:00:00,0,38.9,20.0,16.7,1959.6700000000003
2015-07-02 21:00:00,0,37.8,21.0,11.1,1920.3
2015-07-02 22:00:00,0,37.2,21.0,11.1,1843.65
2015-07-02 23:00:00,0,37.2,21.0,20.4,1788.3000000000002
2015-07-03 00:00:00,1,36.1,24.0,11.1,1786.8500000000001
2015-07-03 01:00:00,1,35.6,26.0,9.3,1781.68
2015-07-03 02:00:00,1,35.0,31.0,9.3,1763.0500000000002
2015-07-03 03:00:00,1,33.9,32.0,11.1,1751.8
2015-07-03 04:00:00,1,31.1,46.0,18.5,1778.43
2015-07-03 05:00:00,1,31.7,40.0,20.4,1785.6799999999998
2015-07-03 06:00:00,1,28.3,63.0,29.6,1751.13
2015-07-03 07:00:00,1,28.3,58.0,18.5,1733.6000000000001
2015-07-03 08:00:00,1,28.9,56.0,24.1,1749.47
2015-07-03 09:00:00,1,30.0,51.0,11.1,1756.6399999999999
2015-07-03 10:00:00,1,31.7,43.0,5.6,1747.5199999999998
2015-07-03 11:00:00,1,32.2,40.0,7.4,1743.5300000000002
2015-07-03 12:00:00,1,33.9,33.0,11.1,1764.48
2015-07-03 13:00:00,1,34.4,31.0,0.0,1760.41
2015-07-03 14:00:00,1,35.0,32.0,5.6,1783.43
2015-07-03 15:00:00,1,35.0,32.0,9.3,1767.91
2015-07-03 16:00:00,1,36.1,25.0,5.6,1772.5599999999997
2015-07-03 17:00:00,1,37.2,24.0,11.1,1806.4699999999998
2015-07-03 18:00:00,1,37.2,23.0,5.6,1833.6000000000001
2015-07-03 19:00:00,1,37.2,25.0,9.3,1840.0199999999998
2015-07-03 20:00:00,1,36.1,29.0,5.6,1870.2699999999998
2015-07-03 21:00:00,1,36.1,29.0,0.0,1829.13
2015-07-03 22:00:00,1,35.6,30.0,33.3,1789.0600000000002
2015-07-03 23:00:00,1,32.8,41.0,13.0,1758.09
2015-07-04 00:00:00,1,31.7,45.0,9.3,1738.13
2015-07-04 01:00:00,1,31.1,46.0,11.1,1721.6200000000001
2015-07-04 02:00:00,1,31.7,45.0,9.3,1724.73
2015-07-04 03:00:00,1,30.0,49.0,9.3,1710.7
2015-07-04 04:00:00,1,30.6,44.0,7.4,1700.8899999999999
2015-07-04 05:00:00,1,30.0,48.0,5.6,1676.5100000000002
2015-07-04 06:00:00,1,29.4,49.0,0.0,1647.3500000000001
2015-07-04 07:00:00,1,31.1,46.0,5.6,1628.2
2015-07-04 08:00:00,1,32.8,38.0,13.0,1642.5499999999997
2015-07-04 09:00:00,1,35.0,32.0,13.0,1707.95
2015-07-04 10:00:00,1,35.6,31.0,9.3,1732.2300000000002
2015-07-04 11:00:00,1,36.7,30.0,14.8,1726.99
2015-07-04 12:00:00,1,37.2,28.0,16.7,1713.4799999999998
2015-07-04 13:00:00,1,38.9,23.0,22.2,1741.1200000000001
2015-07-04 14:00:00,1,40.0,20.0,18.5,1724.93
2015-07-04 15:00:00,1,40.0,17.0,24.1,1730.7900000000002
2015-07-04 16:00:00,1,40.0,18.0,16.7,1763.3799999999999
2015-07-04 17:00:00,1,40.6,18.0,37.0,1812.2
2015-07-04 18:00:00,1,40.6,18.0,37.0,1831.3199999999997
2015-07-04 19:00:00,1,38.9,21.0,24.1,1825.48
2015-07-04 20:00:00,1,38.3,20.0,20.4,1833.1499999999999
2015-07-04 21:00:00,1,37.8,21.0,14.8,1798.69
2015-07-04 22:00:00,1,36.7,24.0,11.1,1775.55
2015-07-04 23:00:00,1,36.1,25.0,0.0,1763.2099999999998
2015-07-05 00:00:00,0,35.6,25.0,14.8,1725.5300000000002
2015-07-05 01:00:00,0,35.0,27.0,18.5,1734.3200000000002
2015-07-05 02:00:00,0,33.9,29.0,18.5,1713.53
2015-07-05 03:00:00,0,33.9,28.0,25.9,1689.73
2015-07-05 04:00:00,0,32.8,32.0,20.4,1681.4899999999998
2015-07-05 05:00:00,0,32.2,35.0,20.4,1689.69
2015-07-05 06:00:00,0,31.7,36.0,14.8,1651.67
2015-07-05 07:00:00,0,31.7,38.0,11.1,1633.3300000000002
2015-07-05 08:00:00,0,31.7,40.0,11.1,1635.29
2015-07-05 09:00:00,0,33.3,35.0,11.1,1677.4399999999998
2015-07-05 10:00:00,0,35.6,30.0,7.4,1690.29
2015-07-05 11:00:00,0,36.1,26.0,5.6,1758.9199999999998
2015-07-05 12:00:00,0,37.2,23.0,9.3,1746.3
2015-07-05 13:00:00,0,37.8,23.0,7.4,1765.92
2015-07-05 14:00:00,0,38.3,21.0,9.3,1801.5100000000002
2015-07-05 15:00:00,0,37.8,22.0,14.8,1783.59
2015-07-05 16:00:00,0,33.9,41.0,35.2,1804.1599999999999
2015-07-05 17:00:00,0,33.3,41.0,35.2,1849.99
2015-07-05 18:00:00,0,33.3,39.0,35.2,1879.53
2015-07-05 19:00:00,0,31.7,46.0,25.9,1912.4499999999998
2015-07-05 20:00:00,0,29.4,55.0,22.2,1896.6000000000004
2015-07-05 21:00:00,0,29.4,53.0,22.2,1884.67
2015-07-05 22:00:00,0,29.4,53.0,13.0,1846.17
2015-07-05 23:00:00,0,29.4,49.0,11.1,1802.3600000000001
2015-07-06 00:00:00,0,28.9,53.0,11.1,1740.4599999999998
2015-07-06 01:00:00,0,28.9,53.0,11.1,1713.6100000000001
2015-07-06 02:00:00,0,29.4,51.0,7.4,1697.7599999999998
2015-07-06 03:00:00,0,29.4,51.0,0.0,1701.5100000000002
2015-07-06 04:00:00,0,29.4,51.0,0.0,1697.02
2015-07-06 05:00:00,0,28.9,55.0,14.8,1705.5400000000002
2015-07-06 06:00:00,0,26.1,69.0,16.7,1688.1399999999999
2015-07-06 07:00:00,0,26.7,67.0,9.3,1703.54
2015-07-06 08:00:00,0,28.3,56.0,7.4,1695.58
2015-07-06 09:00:00,0,30.6,51.0,11.1,1688.2899999999997
2015-07-06 10:00:00,0,30.6,49.0,5.6,1695.04
2015-07-06 11:00:00,0,34.4,37.0,9.3,1663.45
2015-07-06 12:00:00,0,35.0,36.0,14.8,1670.5099999999998
2015-07-06 13:00:00,0,37.8,27.0,14.8,1680.3700000000003
2015-07-06 14:00:00,0,37.8,27.0,5.6,1683.7700000000002
2015-07-06 15:00:00,0,38.9,22.0,14.8,1746.24
2015-07-06 16:00:00,0,39.4,22.0,20.4,1767.94
2015-07-06 17:00:00,0,39.4,20.0,18.5,1834.1899999999998
2015-07-06 18:00:00,0,40.0,20.0,18.5,1905.26
2015-07-06 19:00:00,0,38.9,22.0,9.3,1915.64
2015-07-06 20:00:00,0,38.3,24.0,14.8,1963.7124999999999
2015-07-06 21:00:00,0,36.1,24.0,14.8,1934.39
2015-07-06 22:00:00,0,35.6,23.0,11.1,1843.8500000000004
2015-07-06 23:00:00,0,35.6,23.0,13.0,1783.15
2015-07-07 00:00:00,0,35.0,26.0,11.1,1728.8899999999999
2015-07-07 01:00:00,0,34.4,31.0,14.8,1700.1299999999999
2015-07-07 02:00:00,0,33.9,30.0,16.7,1705.1200000000001
2015-07-07 03:00:00,0,32.8,33.0,5.6,1720.05
2015-07-07 04:00:00,0,30.6,48.0,13.0,1731.4099999999999
2015-07-07 05:00:00,0,30.0,49.0,11.1,1747.8
2015-07-07 06:00:00,0,30.0,49.0,11.1,1724.1799999999996
2015-07-07 07:00:00,0,30.6,44.0,11.1,1705.8899999999999
2015-07-07 08:00:00,0,32.2,40.0,5.6,1709.7899999999997
2015-07-07 09:00:00,0,33.3,35.0,0.0,1699.31
2015-07-07 10:00:00,0,35.0,30.0,9.3,1683.46
2015-07-07 11:00:00,0,36.1,27.0,0.0,1660.6299999999999
2015-07-07 12:00:00,0,37.2,23.0,0.0,1687.71
2015-07-07 13:00:00,0,40.0,20.0,11.1,1695.2999999999997
2015-07-07 14:00:00,0,40.0,20.0,16.7,1732.92
2015-07-07 15:00:00,0,40.6,18.0,18.5,1815.23
2015-07-07 16:00:00,0,41.7,14.0,14.8,1839.9299999999998
2015-07-07 17:00:00,0,41.7,14.0,24.1,1863.6100000000001
2015-07-07 18:00:00,0,40.6,15.0,11.1,1902.8400000000001
2015-07-07 19:00:00,0,40.6,14.0,11.1,1930.3800000000003
2015-07-07 20:00:00,0,40.0,13.0,16.7,1938.9800000000002
2015-07-07 21:00:00,0,39.4,14.0,9.3,1928.7199999999998
2015-07-07 22:00:00,0,36.7,18.0,7.4,1895.9400000000003
2015-07-07 23:00:00,0,36.7,16.0,20.4,1835.84
2015-07-08 00:00:00,0,35.6,16.0,11.1,1765.89
2015-07-08 01:00:00,0,35.0,17.0,14.8,1715.09
2015-07-08 02:00:00,0,33.9,18.0,18.5,1704.9000000000003
2015-07-08 03:00:00,0,33.3,19.0,13.0,1709.7800000000002
2015-07-08 04:00:00,0,33.3,18.0,9.3,1698.78
2015-07-08 05:00:00,0,31.1,25.0,9.3,1716.16
2015-07-08 06:00:00,0,30.6,25.0,13.0,1702.0
2015-07-08 07:00:00,0,30.6,29.0,14.8,1704.98
2015-07-08 08:00:00,0,32.2,25.0,14.8,1693.6100000000001
2015-07-08 09:00:00,0,34.4,21.0,14.8,1690.5099999999998
2015-07-08 10:00:00,0,36.7,18.0,9.3,1708.0700000000002
2015-07-08 11:00:00,0,38.3,14.0,14.8,1715.18
2015-07-08 12:00:00,0,39.4,15.0,25.9,1713.8300000000002
2015-07-08 13:00:00,0,40.6,12.0,13.0,1735.4399999999998
2015-07-08 14:00:00,0,40.6,12.0,18.5,1748.3899999999999
2015-07-08 15:00:00,0,42.2,9.0,18.5,1773.1100000000001
2015-07-08 16:00:00,0,42.2,11.0,25.9,1842.1000000000001
2015-07-08 17:00:00,0,41.7,12.0,25.9,1867.86
2015-07-08 18:00:00,0,41.1,13.0,22.2,1913.11
2015-07-08 19:00:00,0,38.9,14.0,33.3,1977.8
2015-07-08 20:00:00,0,37.8,15.0,20.4,2024.0600000000002
2015-07-08 21:00:00,0,36.7,16.0,16.7,1988.0100000000002
2015-07-08 22:00:00,0,35.6,8.0,20.4,1922.94
2015-07-08 23:00:00,0,33.9,9.0,18.5,1839.2400000000002
2015-07-09 00:00:00,0,33.3,9.0,11.1,1763.99
2015-07-09 01:00:00,0,32.2,10.0,5.6,1720.7000000000003
2015-07-09 02:00:00,0,31.1,11.0,11.1,1705.89
2015-07-09 03:00:00,0,30.6,12.0,11.1,1711.3799999999997
2015-07-09 04:00:00,0,29.4,14.0,7.4,1704.71
2015-07-09 05:00:00,0,29.4,13.0,11.1,1713.08
2015-07-09 06:00:00,0,28.3,15.0,5.6,1672.6000000000001
2015-07-09 07:00:00,0,30.0,15.0,11.1,1666.0100000000002
2015-07-09 08:00:00,0,31.1,18.0,9.3,1694.1200000000001
2015-07-09 09:00:00,0,32.2,22.0,11.1,1722.16
2015-07-09 10:00:00,0,32.8,26.0,25.9,1724.0700000000004
2015-07-09 11:00:00,0,33.9,25.0,20.4,1737.19
2015-07-09 12:00:00,0,35.6,22.0,20.4,1731.6999999999998
2015-07-09 13:00:00,0,36.7,20.0,24.1,1751.0700000000002
2015-07-09 14:00:00,0,38.3,17.0,31.5,1751.65
2015-07-09 15:00:00,0,37.2,18.0,24.1,1776.41
2015-07-09 16:00:00,0,38.9,13.0,24.1,1829.0499999999997
2015-07-09 17:00:00,0,38.3,11.0,29.6,1875.6599999999999
2015-07-09 18:00:00,0,37.8,11.0,31.5,1910.8099999999997
2015-07-09 19:00:00,0,36.7,12.0,27.8,1917.2299999999998
2015-07-09 20:00:00,0,35.0,11.0,20.4,1932.0600000000004
2015-07-09 21:00:00,0,33.3,11.0,14.8,1906.28
2015-07-09 22:00:00,0,32.2,12.0,9.3,1823.6499999999999
2015-07-09 23:00:00,0,31.7,12.0,14.8,1748.29
2015-07-10 00:00:00,0,30.6,13.0,7.4,1708.97
2015-07-10 01:00:00,0,29.4,16.0,7.4,1669.4800000000002
2015-07-10 02:00:00,0,28.9,17.0,9.3,1661.92
2015-07-10 03:00:00,0,28.3,23.0,14.8,1649.66
2015-07-10 04:00:00,0,27.8,23.0,7.4,1638.67
2015-07-10 05:00:00,0,27.2,22.0,0.0,1626.64
2015-07-10 06:00:00,0,26.7,30.0,9.3,1643.6499999999999
2015-07-10 07:00:00,0,28.3,28.0,13.0,1685.89
2015-07-10 08:00:00,0,30.0,28.0,11.1,1714.2300000000002
2015-07-10 09:00:00,0,31.1,27.0,16.7,1709.66
2015-07-10 10:00:00,0,33.3,23.0,25.9,1681.5
2015-07-10 11:00:00,0,35.0,21.0,18.5,1675.7600000000002
2015-07-10 12:00:00,0,35.6,21.0,16.7,1667.13
2015-07-10 13:00:00,0,37.2,18.0,25.9,1690.9600000000005
2015-07-10 14:00:00,0,37.2,16.0,22.2,1676.5100000000004
2015-07-10 15:00:00,0,38.9,15.0,20.4,1714.5699999999997
2015-07-10 16:00:00,0,39.4,16.0,24.1,1736.97
2015-07-10 17:00:00,0,38.9,16.0,24.1,1750.7300000000002
2015-07-10 18:00:00,0,37.8,18.0,24.1,1753.1799999999998
2015-07-10 19:00:00,0,36.7,23.0,38.9,1740.8900000000003
2015-07-10 20:00:00,0,35.0,23.0,33.3,1788.8899999999996
2015-07-10 21:00:00,0,34.4,26.0,31.5,1763.48
2015-07-10 22:00:00,0,33.3,30.0,25.9,1727.75
2015-07-10 23:00:00,0,32.8,29.0,22.2,1707.2
2015-07-11 00:00:00,0,32.2,28.0,16.7,1676.27
2015-07-11 01:00:00,0,31.7,30.0,16.7,1664.4300000000003
2015-07-11 02:00:00,0,31.1,32.0,13.0,1634.44
2015-07-11 03:00:00,0,30.6,32.0,13.0,1623.9499999999998
2015-07-11 04:00:00,0,30.0,35.0,9.3,1635.0899999999997
2015-07-11 05:00:00,0,30.0,35.0,7.4,1633.7799999999997
2015-07-11 06:00:00,0,30.0,33.0,9.3,1619.8200000000002
2015-07-11 07:00:00,0,30.0,31.0,7.4,1649.4399999999996
2015-07-11 08:00:00,0,31.1,30.0,5.6,1656.8400000000001
2015-07-11 09:00:00,0,31.7,29.0,0.0,1668.6599999999999
2015-07-11 10:00:00,0,34.4,27.0,9.3,1674.62
2015-07-11 11:00:00,0,35.0,29.0,9.3,1691.04
2015-07-11 12:00:00,0,36.1,26.0,7.4,1700.3700000000001
2015-07-11 13:00:00,0,37.2,21.0,20.4,1705.8100000000002
2015-07-11 14:00:00,0,38.3,18.0,18.5,1694.68
2015-07-11 15:00:00,0,40.0,13.0,24.1,1726.61
2015-07-11 16:00:00,0,40.6,12.0,11.1,1740.19
2015-07-11 17:00:00,0,40.0,12.0,14.8,1783.7499999999998
2015-07-11 18:00:00,0,39.4,13.0,11.1,1809.98
2015-07-11 19:00:00,0,38.9,13.0,25.9,1779.88
2015-07-11 20:00:00,0,37.2,15.0,24.1,1802.7799999999997
2015-07-11 21:00:00,0,36.1,16.0,24.1,1779.3
2015-07-11 22:00:00,0,35.0,17.0,20.4,1729.53
2015-07-11 23:00:00,0,34.4,15.0,20.4,1690.7600000000002
2015-07-12 00:00:00,0,33.9,15.0,14.8,1672.1899999999998
2015-07-12 01:00:00,0,32.8,16.0,11.1,1655.35
2015-07-12 02:00:00,0,32.2,17.0,7.4,1642.07
2015-07-12 03:00:00,0,31.7,17.0,13.0,1627.1200000000001
2015-07-12 04:00:00,0,30.6,18.0,5.6,1609.5800000000002
2015-07-12 05:00:00,0,29.4,21.0,0.0,1625.97
2015-07-12 06:00:00,0,31.1,13.0,7.4,1657.0099999999998
2015-07-12 07:00:00,0,30.6,16.0,7.4,1647.94
2015-07-12 08:00:00,0,31.7,14.0,9.3,1639.9600000000003
2015-07-12 09:00:00,0,32.8,12.0,0.0,1648.53
2015-07-12 10:00:00,0,34.4,11.0,7.4,1653.52
2015-07-12 11:00:00,0,36.1,11.0,9.3,1686.92
2015-07-12 12:00:00,0,37.8,13.0,11.1,1698.48
2015-07-12 13:00:00,0,39.4,14.0,9.3,1694.5700000000002
2015-07-12 14:00:00,0,39.4,14.0,0.0,1717.9600000000003
2015-07-12 15:00:00,0,40.6,13.0,18.5,1703.2000000000003
2015-07-12 16:00:00,0,38.9,13.0,9.3,1741.3500000000001
2015-07-12 17:00:00,0,40.0,13.0,22.2,1764.9
2015-07-12 18:00:00,0,38.9,13.0,14.8,1763.74
2015-07-12 19:00:00,0,38.9,12.0,14.8,1775.1500000000003
2015-07-12 20:00:00,0,38.3,13.0,7.4,1799.62
2015-07-12 21:00:00,0,37.8,14.0,5.6,1825.1100000000001
2015-07-12 22:00:00,0,37.2,15.0,5.6,1801.0
2015-07-12 23:00:00,0,36.1,17.0,14.8,1785.7900000000002
2015-07-13 00:00:00,0,34.4,28.0,14.8,1751.6999999999998
2015-07-13 01:00:00,0,33.3,32.0,18.5,1749.8200000000002
2015-07-13 02:00:00,0,32.8,34.0,13.0,1729.11
2015-07-13 03:00:00,0,32.2,37.0,9.3,1715.76
2015-07-13 04:00:00,0,32.8,34.0,5.6,1720.21
2015-07-13 05:00:00,0,32.2,37.0,0.0,1705.64
2015-07-13 06:00:00,0,31.7,39.0,9.3,1701.8899999999999
2015-07-13 07:00:00,0,32.2,38.0,9.3,1717.38
2015-07-13 08:00:00,0,32.8,34.0,14.8,1756.3600000000001
2015-07-13 09:00:00,0,33.3,33.0,11.1,1741.86
2015-07-13 10:00:00,0,35.0,26.0,7.4,1743.2399999999998
2015-07-13 11:00:00,0,37.2,24.0,14.8,1735.8700000000001
2015-07-13 12:00:00,0,39.4,21.0,14.8,1730.52
2015-07-13 13:00:00,0,40.0,19.0,7.4,1755.6299999999997
2015-07-13 14:00:00,0,40.6,18.0,11.1,1794.19
2015-07-13 15:00:00,0,41.1,18.0,16.7,1807.63
2015-07-13 16:00:00,0,41.1,18.0,22.2,1839.5500000000002
2015-07-13 17:00:00,0,41.7,14.0,24.1,1853.38
2015-07-13 18:00:00,0,41.1,14.0,20.4,1848.7199999999998
2015-07-13 19:00:00,0,40.6,14.0,22.2,1861.3200000000004
2015-07-13 20:00:00,0,40.0,14.0,20.4,1889.6399999999999
2015-07-13 21:00:00,0,39.4,15.0,16.7,1896.0100000000002
2015-07-13 22:00:00,0,37.2,18.0,7.4,1862.42
2015-07-13 23:00:00,0,35.0,28.0,20.4,1832.42
2015-07-14 00:00:00,0,33.9,31.0,13.0,1817.51
2015-07-14 01:00:00,0,33.9,31.0,14.8,1779.45
2015-07-14 02:00:00,0,33.3,32.0,27.8,1771.6899999999998
2015-07-14 03:00:00,0,32.2,35.0,22.2,1762.67
2015-07-14 04:00:00,0,31.7,36.0,18.5,1754.0699999999997
2015-07-14 05:00:00,0,31.7,35.0,14.8,1743.3799999999997
2015-07-14 06:00:00,0,31.1,36.0,13.0,1701.83
2015-07-14 07:00:00,0,31.1,37.0,9.3,1743.1200000000001
2015-07-14 08:00:00,0,31.7,36.0,14.8,1754.2599999999998
2015-07-14 09:00:00,0,33.9,31.0,14.8,1719.74
2015-07-14 10:00:00,0,35.6,27.0,11.1,1727.93
2015-07-14 11:00:00,0,37.2,24.0,9.3,1727.6
2015-07-14 12:00:00,0,38.9,20.0,5.6,1750.73
2015-07-14 13:00:00,0,40.0,19.0,16.7,1773.7199999999998
2015-07-14 14:00:00,0,41.1,17.0,0.0,1767.5000000000002
2015-07-14 15:00:00,0,41.1,16.0,13.0,1793.87
2015-07-14 16:00:00,0,41.7,16.0,14.8,1803.0600000000004
2015-07-14 17:00:00,0,41.1,15.0,0.0,1831.42
2015-07-14 18:00:00,0,42.2,14.0,24.1,1836.6000000000001
2015-07-14 19:00:00,0,39.4,20.0,24.1,1861.88
2015-07-14 20:00:00,0,37.2,23.0,13.0,1880.24
2015-07-14 21:00:00,0,37.2,23.0,11.1,1904.1399999999999
2015-07-14 22:00:00,0,36.1,25.0,0.0,1862.87
2015-07-14 23:00:00,0,36.7,16.0,5.6,1829.0300000000002
2015-07-15 00:00:00,0,34.4,29.0,13.0,1796.22
2015-07-15 01:00:00,0,33.3,32.0,16.7,1770.3100000000002
2015-07-15 02:00:00,0,32.8,34.0,13.0,1747.77
2015-07-15 03:00:00,0,32.2,35.0,7.4,1738.43
2015-07-15 04:00:00,0,31.7,35.0,9.3,1734.1699999999996
2015-07-15 05:00:00,0,31.7,32.0,13.0,1731.2200000000003
2015-07-15 06:00:00,0,31.1,34.0,11.1,1705.61
2015-07-15 07:00:00,0,31.7,32.0,13.0,1699.1499999999996
2015-07-15 08:00:00,0,32.8,30.0,18.5,1712.1999999999998
2015-07-15 09:00:00,0,33.9,29.0,18.5,1684.4299999999998
2015-07-15 10:00:00,0,36.1,26.0,31.5,1703.8
2015-07-15 11:00:00,0,36.7,26.0,27.8,1696.2900000000002
2015-07-15 12:00:00,0,37.2,23.0,7.4,1704.8200000000002
2015-07-15 13:00:00,0,37.8,21.0,16.7,1727.87
2015-07-15 14:00:00,0,39.4,20.0,13.0,1736.7500000000002
2015-07-15 15:00:00,0,39.4,20.0,5.6,1784.81
2015-07-15 16:00:00,0,39.4,20.0,16.7,1810.1800000000003
2015-07-15 17:00:00,0,40.6,19.0,0.0,1823.2099999999998
2015-07-15 18:00:00,0,40.6,18.0,16.7,1837.5900000000001
2015-07-15 19:00:00,0,40.0,19.0,13.0,1840.46
2015-07-15 20:00:00,0,38.9,20.0,9.3,1879.21
2015-07-15 21:00:00,0,37.8,24.0,13.0,1870.42
2015-07-15 22:00:00,0,37.2,23.0,18.5,1860.4499999999998
2015-07-15 23:00:00,0,36.7,23.0,16.7,1831.7099999999998
2015-07-16 00:00:00,0,35.6,21.0,11.1,1791.6499999999999
2015-07-16 01:00:00,0,35.0,22.0,13.0,1772.4699999999998
2015-07-16 02:00:00,0,34.4,21.0,7.4,1749.2700000000002
2015-07-16 03:00:00,0,33.3,30.0,9.3,1748.7100000000003
2015-07-16 04:00:00,0,32.2,34.0,9.3,1745.41
2015-07-16 05:00:00,0,31.7,36.0,11.1,1750.59
2015-07-16 06:00:00,0,30.6,37.0,14.8,1711.08
2015-07-16 07:00:00,0,31.7,31.0,11.1,1710.4300000000003
2015-07-16 08:00:00,0,32.2,34.0,7.4,1724.7700000000002
2015-07-16 09:00:00,0,33.9,29.0,9.3,1739.0999999999997
2015-07-16 10:00:00,0,36.1,22.0,5.6,1720.9499999999998
2015-07-16 11:00:00,0,37.2,17.0,0.0,1705.11
2015-07-16 12:00:00,0,40.0,15.0,14.8,1712.4799999999998
2015-07-16 13:00:00,0,40.0,15.0,0.0,1736.93
2015-07-16 14:00:00,0,40.6,14.0,5.6,1741.0299999999997
2015-07-16 15:00:00,0,41.7,13.0,24.1,1766.3100000000002
2015-07-16 16:00:00,0,41.1,13.0,9.3,1784.8400000000004
2015-07-16 17:00:00,0,41.1,14.0,22.2,1809.0900000000001
2015-07-16 18:00:00,0,41.1,14.0,13.0,1839.51
2015-07-16 19:00:00,0,40.6,14.0,14.8,1852.05
2015-07-16 20:00:00,0,39.4,16.0,13.0,1882.22
2015-07-16 21:00:00,0,38.3,19.0,9.3,1897.09
2015-07-16 22:00:00,0,37.2,21.0,7.4,1906.78
2015-07-16 23:00:00,0,35.6,29.0,24.1,1858.27
2015-07-17 00:00:00,0,33.3,33.0,22.2,1837.2399999999998
2015-07-17 01:00:00,0,31.7,39.0,16.7,1797.4300000000003
2015-07-17 02:00:00,0,32.2,38.0,13.0,1778.31
2015-07-17 03:00:00,0,31.7,39.0,9.3,1765.9099999999996
2015-07-17 04:00:00,0,31.1,39.0,5.6,1761.21
2015-07-17 05:00:00,0,31.1,39.0,0.0,1750.24
2015-07-17 06:00:00,0,31.1,40.0,7.4,1716.03
2015-07-17 07:00:00,0,31.7,38.0,0.0,1716.3700000000003
2015-07-17 08:00:00,0,32.8,34.0,13.0,1719.42
2015-07-17 09:00:00,0,33.3,33.0,20.4,1737.8400000000001
2015-07-17 10:00:00,0,32.2,39.0,16.7,1727.4399999999998
2015-07-17 11:00:00,0,35.0,30.0,27.8,1713.21
2015-07-17 12:00:00,0,36.7,26.0,25.9,1714.46
2015-07-17 13:00:00,0,37.2,25.0,22.2,1707.09
2015-07-17 14:00:00,0,38.3,24.0,16.7,1728.88
2015-07-17 15:00:00,0,40.0,23.0,14.8,1758.1799999999998
2015-07-17 16:00:00,0,38.3,25.0,18.5,1774.83
2015-07-17 17:00:00,0,37.8,25.0,22.2,1793.7900000000002
2015-07-17 18:00:00,0,38.3,23.0,20.4,1811.25
2015-07-17 19:00:00,0,37.2,25.0,13.0,1818.1599999999999
2015-07-17 20:00:00,0,36.1,27.0,14.8,1856.7199999999998
2015-07-17 21:00:00,0,35.6,28.0,18.5,1854.12
2015-07-17 22:00:00,0,31.1,51.0,16.7,1843.98
2015-07-17 23:00:00,0,28.9,56.0,9.3,1764.8
2015-07-18 00:00:00,0,28.9,58.0,9.3,1758.4
2015-07-18 01:00:00,0,28.9,63.0,11.1,1710.48
2015-07-18 02:00:00,0,28.9,55.0,0.0,1744.1499999999999
2015-07-18 03:00:00,0,29.4,53.0,5.6,1739.1499999999999
2015-07-18 04:00:00,0,28.3,58.0,5.6,1731.1199999999997
2015-07-18 05:00:00,0,28.3,53.0,9.3,1716.8800000000003
2015-07-18 06:00:00,0,27.8,52.0,11.1,1666.5
2015-07-18 07:00:00,0,28.3,53.0,11.1,1667.6100000000001
2015-07-18 08:00:00,0,28.9,51.0,13.0,1677.7
2015-07-18 09:00:00,0,30.0,48.0,11.1,1590.3900000000003
2015-07-18 10:00:00,0,31.7,43.0,13.0,1295.8075000000001
2015-07-18 11:00:00,0,33.9,37.0,14.8,1686.28
2015-07-18 12:00:00,0,34.4,33.0,9.3,1677.2200000000003
2015-07-18 13:00:00,0,36.7,29.0,11.1,1680.47
2015-07-18 14:00:00,0,36.7,28.0,11.1,1770.7700000000002
2015-07-18 15:00:00,0,35.6,30.0,7.4,1778.4299999999998
2015-07-18 16:00:00,0,35.6,30.0,9.3,1774.1200000000001
2015-07-18 17:00:00,0,32.2,40.0,25.9,1781.65
2015-07-18 18:00:00,0,32.8,42.0,24.1,1774.21
2015-07-18 19:00:00,0,30.6,48.0,33.3,1784.4600000000003
2015-07-18 20:00:00,0,29.4,51.0,22.2,1805.98
2015-07-18 21:00:00,0,28.9,55.0,22.2,1808.4099999999999
2015-07-18 22:00:00,0,24.4,87.0,0.0,1780.41
2015-07-18 23:00:00,0,25.0,76.0,11.1,1747.71
2015-07-19 00:00:00,0,25.6,71.0,7.4,1739.3100000000002
2015-07-19 01:00:00,0,25.0,79.0,7.4,1718.2099999999998
2015-07-19 02:00:00,0,25.0,76.0,9.3,1700.9900000000002
2015-07-19 03:00:00,0,25.6,68.0,5.6,1691.6000000000004
2015-07-19 04:00:00,0,25.6,68.0,7.4,1697.36
2015-07-19 05:00:00,0,25.0,74.0,7.4,1693.5
2015-07-19 06:00:00,0,25.6,71.0,9.3,1657.59
2015-07-19 07:00:00,0,25.6,71.0,11.1,1649.4899999999998
2015-07-19 08:00:00,0,27.2,67.0,0.0,1651.54
2015-07-19 09:00:00,0,28.3,60.0,5.6,1652.45
2015-07-19 10:00:00,0,30.0,55.0,0.0,1635.2399999999998
2015-07-19 11:00:00,0,31.1,48.0,0.0,1652.42
2015-07-19 12:00:00,0,32.8,42.0,9.3,1666.98
2015-07-19 13:00:00,0,33.3,39.0,9.3,1677.3500000000004
2015-07-19 14:00:00,0,33.9,37.0,5.6,1682.32
2015-07-19 15:00:00,0,35.0,34.0,9.3,1708.3
2015-07-19 16:00:00,0,35.0,32.0,7.4,1725.54
2015-07-19 17:00:00,0,35.6,31.0,9.3,1755.8100000000002
2015-07-19 18:00:00,0,35.0,33.0,16.7,1765.1800000000003
2015-07-19 19:00:00,0,34.4,36.0,16.7,1785.6100000000001
2015-07-19 20:00:00,0,33.9,37.0,22.2,1829.4299999999998
2015-07-19 21:00:00,0,33.3,41.0,22.2,1832.7799999999997
2015-07-19 22:00:00,0,32.8,41.0,18.5,1787.5600000000002
2015-07-19 23:00:00,0,32.8,39.0,22.2,1758.8
2015-07-20 00:00:00,0,32.2,39.0,18.5,1752.79
2015-07-20 01:00:00,0,31.7,40.0,16.7,1720.63
2015-07-20 02:00:00,0,31.1,42.0,14.8,1719.14
2015-07-20 03:00:00,0,29.4,49.0,0.0,1724.1299999999999
2015-07-20 04:00:00,0,30.6,44.0,9.3,1711.7400000000002
2015-07-20 05:00:00,0,28.9,53.0,5.6,1704.5600000000002
2015-07-20 06:00:00,0,29.4,49.0,5.6,1677.6999999999996
2015-07-20 07:00:00,0,30.0,48.0,5.6,1702.1100000000001
2015-07-20 08:00:00,0,31.1,45.0,5.6,1685.4599999999998
2015-07-20 09:00:00,0,31.7,45.0,11.1,1711.42
2015-07-20 10:00:00,0,32.2,43.0,7.4,1710.0
2015-07-20 11:00:00,0,33.9,38.0,9.3,1707.83
2015-07-20 12:00:00,0,34.4,35.0,7.4,1700.0
2015-07-20 13:00:00,0,35.6,29.0,5.6,1713.8799999999999
2015-07-20 14:00:00,0,37.2,25.0,11.1,1722.7300000000002
2015-07-20 15:00:00,0,37.8,28.0,11.1,1726.41
2015-07-20 16:00:00,0,37.8,27.0,22.2,1748.4000000000003
2015-07-20 17:00:00,0,38.3,26.0,20.4,1773.3100000000002
2015-07-20 18:00:00,0,37.8,26.0,20.4,1819.8199999999997
2015-07-20 19:00:00,0,36.7,25.0,14.8,1825.56
2015-07-20 20:00:00,0,36.1,25.0,13.0,1886.5799999999997
2015-07-20 21:00:00,0,36.1,25.0,11.1,1860.0099999999998
2015-07-20 22:00:00,0,34.4,30.0,7.4,1799.1399999999999
2015-07-20 23:00:00,0,33.3,31.0,9.3,1773.7099999999998
2015-07-21 00:00:00,0,33.3,31.0,9.3,1765.3300000000004
2015-07-21 01:00:00,0,33.3,30.0,11.1,1735.9699999999998
2015-07-21 02:00:00,0,32.2,34.0,9.3,1725.4499999999998
2015-07-21 03:00:00,0,31.1,39.0,9.3,1731.85
2015-07-21 04:00:00,0,30.0,43.0,5.6,1729.8500000000004
2015-07-21 05:00:00,0,30.0,44.0,7.4,1724.3500000000001
2015-07-21 06:00:00,0,31.1,42.0,13.0,1688.7399999999998
2015-07-21 07:00:00,0,31.1,43.0,7.4,1699.9599999999996
2015-07-21 08:00:00,0,32.2,38.0,0.0,1700.7399999999998
2015-07-21 09:00:00,0,32.8,36.0,7.4,1696.5800000000002
2015-07-21 10:00:00,0,35.0,32.0,7.4,1697.5900000000001
2015-07-21 11:00:00,0,36.7,26.0,9.3,1704.71
2015-07-21 12:00:00,0,37.8,24.0,9.3,1713.0800000000002
2015-07-21 13:00:00,0,39.4,22.0,14.8,1753.2499999999998
2015-07-21 14:00:00,0,39.4,21.0,7.4,1743.7
2015-07-21 15:00:00,0,38.9,21.0,0.0,1759.6999999999998
2015-07-21 16:00:00,0,40.6,20.0,18.5,1787.8099999999997
2015-07-21 17:00:00,0,39.4,21.0,14.8,1801.6499999999999
2015-07-21 18:00:00,0,40.6,17.0,18.5,1819.94
2015-07-21 19:00:00,0,38.9,17.0,13.0,1815.3799999999999
2015-07-21 20:00:00,0,38.3,19.0,22.2,1840.6
2015-07-21 21:00:00,0,37.8,19.0,16.7,1834.41
2015-07-21 22:00:00,0,36.1,23.0,5.6,1815.7100000000003
2015-07-21 23:00:00,0,36.1,23.0,9.3,1780.23
2015-07-22 00:00:00,0,35.0,23.0,22.2,1766.3
2015-07-22 01:00:00,0,34.4,21.0,20.4,1728.8200000000002
2015-07-22 02:00:00,0,33.3,22.0,14.8,1707.9800000000002
2015-07-22 03:00:00,0,31.7,26.0,0.0,1704.83
2015-07-22 04:00:00,0,31.1,26.0,0.0,1693.28
2015-07-22 05:00:00,0,30.6,28.0,5.6,1676.1100000000004
2015-07-22 06:00:00,0,30.0,30.0,7.4,1637.5700000000002
2015-07-22 07:00:00,0,31.1,25.0,7.4,1660.62
2015-07-22 08:00:00,0,32.2,23.0,9.3,1651.59
2015-07-22 09:00:00,0,32.8,19.0,5.6,1667.13
2015-07-22 10:00:00,0,35.0,15.0,0.0,1661.6800000000003
2015-07-22 11:00:00,0,35.6,15.0,0.0,1671.39
2015-07-22 12:00:00,0,36.7,15.0,0.0,1673.42
2015-07-22 13:00:00,0,38.9,12.0,0.0,1691.42
2015-07-22 14:00:00,0,39.4,13.0,20.4,1692.06
2015-07-22 15:00:00,0,40.6,11.0,9.3,1734.4000000000003
2015-07-22 16:00:00,0,40.6,11.0,25.9,1736.52
2015-07-22 17:00:00,0,39.4,12.0,13.0,1758.56
2015-07-22 18:00:00,0,40.0,12.0,0.0,1788.74
2015-07-22 19:00:00,0,39.4,14.0,11.1,1796.44
2015-07-22 20:00:00,0,38.9,15.0,13.0,1832.44
2015-07-22 21:00:00,0,36.7,23.0,18.5,1825.32
2015-07-22 22:00:00,0,36.7,16.0,25.9,1786.27
2015-07-22 23:00:00,0,35.6,18.0,25.9,1762.89
2015-07-23 00:00:00,0,34.4,18.0,18.5,1741.0300000000002
2015-07-23 01:00:00,0,32.8,20.0,0.0,1702.2799999999997
2015-07-23 02:00:00,0,32.2,20.0,0.0,1686.29
2015-07-23 03:00:00,0,31.7,19.0,9.3,1667.0700000000002
2015-07-23 04:00:00,0,31.1,17.0,9.3,1659.07
2015-07-23 05:00:00,0,31.1,15.0,5.6,1663.58
2015-07-23 06:00:00,0,29.4,20.0,0.0,1625.14
2015-07-23 07:00:00,0,30.0,21.0,0.0,1645.08
2015-07-23 08:00:00,0,32.8,15.0,5.6,1651.3099999999997
2015-07-23 09:00:00,0,33.3,16.0,7.4,1677.9399999999998
2015-07-23 10:00:00,0,33.9,16.0,0.0,1669.4600000000003
2015-07-23 11:00:00,0,36.1,14.0,9.3,1681.3799999999997
2015-07-23 12:00:00,0,36.7,18.0,9.3,1681.99
2015-07-23 13:00:00,0,37.8,20.0,16.7,1704.88
2015-07-23 14:00:00,0,37.8,18.0,9.3,1728.4400000000003
2015-07-23 15:00:00,0,37.8,18.0,7.4,1753.0300000000002
2015-07-23 16:00:00,0,39.4,16.0,7.4,1771.7800000000002
2015-07-23 17:00:00,0,38.9,16.0,0.0,1780.7
2015-07-23 18:00:00,0,39.4,15.0,9.3,1791.63
2015-07-23 19:00:00,0,38.9,15.0,0.0,1817.6199999999997
2015-07-23 20:00:00,0,38.3,16.0,9.3,1857.62
2015-07-23 21:00:00,0,35.0,31.0,18.5,1884.9500000000003
2015-07-23 22:00:00,0,33.9,34.0,18.5,1859.7
2015-07-23 23:00:00,0,32.8,39.0,13.0,1843.5099999999998
2015-07-24 00:00:00,0,31.1,45.0,20.4,1810.79
2015-07-24 01:00:00,0,30.6,46.0,14.8,1816.9
2015-07-24 02:00:00,0,30.6,46.0,11.1,1792.14
2015-07-24 03:00:00,0,30.6,46.0,11.1,1789.0900000000004
2015-07-24 04:00:00,0,31.1,45.0,9.3,1785.24
2015-07-24 05:00:00,0,30.6,46.0,9.3,1776.97
2015-07-24 06:00:00,0,30.6,46.0,7.4,1745.5100000000002
2015-07-24 07:00:00,0,30.6,44.0,9.3,1723.5299999999997
2015-07-24 08:00:00,0,30.6,48.0,11.1,1735.8799999999999
2015-07-24 09:00:00,0,31.1,46.0,5.6,1776.09
2015-07-24 10:00:00,0,31.7,45.0,7.4,1755.1299999999999
2015-07-24 11:00:00,0,33.9,33.0,5.6,1742.3700000000001
2015-07-24 12:00:00,0,35.0,30.0,9.3,1740.57
2015-07-24 13:00:00,0,35.6,29.0,9.3,1763.15
2015-07-24 14:00:00,0,37.2,24.0,9.3,1743.9399999999998
2015-07-24 15:00:00,0,38.9,19.0,14.8,1738.2799999999997
2015-07-24 16:00:00,0,39.4,20.0,14.8,1765.1599999999999
2015-07-24 17:00:00,0,39.4,18.0,22.2,1787.7900000000002
2015-07-24 18:00:00,0,39.4,18.0,22.2,1808.0000000000002
2015-07-24 19:00:00,0,38.3,18.0,16.7,1797.37
2015-07-24 20:00:00,0,37.8,17.0,14.8,1816.9599999999998
2015-07-24 21:00:00,0,37.2,20.0,9.3,1823.5199999999998
2015-07-24 22:00:00,0,35.6,22.0,9.3,1791.9599999999998
2015-07-24 23:00:00,0,35.0,23.0,9.3,1760.86
2015-07-25 00:00:00,0,35.0,22.0,13.0,1735.7499999999998
2015-07-25 01:00:00,0,34.4,20.0,9.3,1715.08
2015-07-25 02:00:00,0,32.2,26.0,0.0,1705.9100000000003
2015-07-25 03:00:00,0,33.9,21.0,11.1,1697.2700000000002
2015-07-25 04:00:00,0,32.8,23.0,13.0,1690.56
2015-07-25 05:00:00,0,32.2,24.0,11.1,1684.18
2015-07-25 06:00:00,0,31.7,24.0,9.3,1651.28
2015-07-25 07:00:00,0,31.7,22.0,7.4,1633.59
2015-07-25 08:00:00,0,32.2,23.0,9.3,1641.53
2015-07-25 09:00:00,0,33.9,18.0,5.6,1641.3199999999997
2015-07-25 10:00:00,0,35.6,15.0,9.3,1653.6999999999998
2015-07-25 11:00:00,0,37.8,13.0,11.1,1663.8799999999999
2015-07-25 12:00:00,0,39.4,10.0,11.1,1699.8400000000001
2015-07-25 13:00:00,0,40.0,8.0,7.4,1737.7900000000002
2015-07-25 14:00:00,0,41.1,7.0,9.3,1717.98
2015-07-25 15:00:00,0,42.2,7.0,14.8,1737.7800000000002
2015-07-25 16:00:00,0,42.2,6.0,24.1,1750.9799999999998
2015-07-25 17:00:00,0,42.2,6.0,29.6,1762.89
2015-07-25 18:00:00,0,41.7,6.0,22.2,1796.0300000000002
2015-07-25 19:00:00,0,41.1,6.0,25.9,1796.6299999999999
2015-07-25 20:00:00,0,39.4,7.0,13.0,1830.3200000000002
2015-07-25 21:00:00,0,37.8,10.0,9.3,1827.4700000000003
2015-07-25 22:00:00,0,36.1,11.0,11.1,1786.9
2015-07-25 23:00:00,0,36.1,12.0,13.0,1761.72
2015-07-26 00:00:00,0,36.1,11.0,14.8,1754.03
2015-07-26 01:00:00,0,35.6,12.0,11.1,1739.1700000000003
2015-07-26 02:00:00,0,32.2,15.0,7.4,1735.6499999999999
2015-07-26 03:00:00,0,31.1,17.0,5.6,1720.9299999999998
2015-07-26 04:00:00,0,32.2,15.0,0.0,1709.8000000000002
2015-07-26 05:00:00,0,30.6,21.0,9.3,1709.85
2015-07-26 06:00:00,0,30.6,21.0,5.6,1671.6499999999999
2015-07-26 07:00:00,0,30.6,24.0,9.3,1644.4399999999998
2015-07-26 08:00:00,0,31.1,19.0,9.3,1633.0000000000002
2015-07-26 09:00:00,0,32.8,19.0,9.3,1652.65
2015-07-26 10:00:00,0,35.6,15.0,9.3,1641.65
2015-07-26 11:00:00,0,38.3,11.0,9.3,1634.9
2015-07-26 12:00:00,0,40.6,9.0,16.7,1653.6900000000003
2015-07-26 13:00:00,0,41.1,8.0,22.2,1679.1200000000003
2015-07-26 14:00:00,0,41.1,8.0,25.9,1702.1499999999999
2015-07-26 15:00:00,0,40.6,10.0,13.0,1723.7999999999997
2015-07-26 16:00:00,0,41.7,7.0,20.4,1763.86
2015-07-26 17:00:00,0,41.7,7.0,22.2,1774.7299999999998
2015-07-26 18:00:00,0,41.7,7.0,24.1,1796.7099999999998
2015-07-26 19:00:00,0,40.6,8.0,25.9,1796.8500000000001
2015-07-26 20:00:00,0,38.9,12.0,16.7,1850.5999999999997
2015-07-26 21:00:00,0,37.8,12.0,16.7,1844.43
2015-07-26 22:00:00,0,37.2,11.0,13.0,1805.66
2015-07-26 23:00:00,0,36.7,14.0,14.8,1788.4
2015-07-27 00:00:00,0,35.0,21.0,14.8,1778.1600000000003
2015-07-27 01:00:00,0,35.0,23.0,25.9,1798.9000000000003
2015-07-27 02:00:00,0,33.9,25.0,14.8,1777.76
2015-07-27 03:00:00,0,32.8,27.0,13.0,1775.44
2015-07-27 04:00:00,0,31.7,29.0,7.4,1752.8500000000001
2015-07-27 05:00:00,0,30.6,32.0,5.6,1746.36
2015-07-27 06:00:00,0,30.6,33.0,0.0,1703.2299999999998
2015-07-27 07:00:00,0,31.7,30.0,7.4,1716.9399999999998
2015-07-27 08:00:00,0,32.2,30.0,11.1,1726.9899999999998
2015-07-27 09:00:00,0,33.9,27.0,14.8,1739.39
2015-07-27 10:00:00,0,35.6,22.0,5.6,1735.2500000000002
2015-07-27 11:00:00,0,36.1,20.0,9.3,1748.24
2015-07-27 12:00:00,0,38.9,17.0,9.3,1751.1299999999997
2015-07-27 13:00:00,0,40.0,17.0,5.6,1768.23
2015-07-27 14:00:00,0,38.9,17.0,7.4,1780.82
2015-07-27 15:00:00,0,40.0,16.0,14.8,1796.3200000000002
2015-07-27 16:00:00,0,40.6,16.0,18.5,1827.13
2015-07-27 17:00:00,0,40.0,18.0,14.8,1855.3799999999999
2015-07-27 18:00:00,0,40.6,17.0,18.5,1876.82
2015-07-27 19:00:00,0,40.0,17.0,18.5,1891.34
2015-07-27 20:00:00,0,39.4,18.0,18.5,1896.6899999999998
2015-07-27 21:00:00,0,38.9,19.0,16.7,1892.39
2015-07-27 22:00:00,0,38.3,19.0,18.5,1853.2500000000002
2015-07-27 23:00:00,0,36.7,25.0,22.2,1829.4399999999998
2015-07-28 00:00:00,0,36.1,26.0,22.2,1809.5099999999998
2015-07-28 01:00:00,0,35.0,27.0,20.4,1799.6399999999999
2015-07-28 02:00:00,0,33.9,30.0,18.5,1785.6699999999998
2015-07-28 03:00:00,0,33.3,33.0,20.4,1782.0800000000004
2015-07-28 04:00:00,0,32.8,33.0,16.7,1776.7200000000003
2015-07-28 05:00:00,0,32.2,34.0,13.0,1759.2199999999998
2015-07-28 06:00:00,0,31.1,37.0,0.0,1725.5200000000002
2015-07-28 07:00:00,0,32.2,34.0,0.0,1761.6399999999999
2015-07-28 08:00:00,0,33.3,32.0,9.3,1784.4199999999998
2015-07-28 09:00:00,0,34.4,30.0,0.0,1814.05
2015-07-28 10:00:00,0,35.0,29.0,9.3,1787.4
2015-07-28 11:00:00,0,35.6,26.0,7.4,1823.0499999999997
2015-07-28 12:00:00,0,37.2,23.0,5.6,1828.6900000000003
2015-07-28 13:00:00,0,37.8,21.0,5.6,1800.76
2015-07-28 14:00:00,0,39.4,20.0,16.7,1820.47
2015-07-28 15:00:00,0,39.4,18.0,7.4,1854.8499999999997
2015-07-28 16:00:00,0,40.6,16.0,18.5,1882.06
2015-07-28 17:00:00,0,40.0,17.0,14.8,1928.0600000000002
2015-07-28 18:00:00,0,39.4,19.0,11.1,1911.87
2015-07-28 19:00:00,0,39.4,20.0,13.0,1926.75
2015-07-28 20:00:00,0,38.9,21.0,9.3,1948.22
2015-07-28 21:00:00,0,38.3,22.0,13.0,1940.8
2015-07-28 22:00:00,0,33.3,37.0,48.2,1910.66
2015-07-28 23:00:00,0,32.2,39.0,31.5,1869.6200000000001
2015-07-29 00:00:00,0,32.2,40.0,14.8,1843.7100000000003
2015-07-29 01:00:00,0,32.2,37.0,16.7,1827.2899999999997
2015-07-29 02:00:00,0,31.1,42.0,9.3,1825.8699999999997
2015-07-29 03:00:00,0,31.1,40.0,13.0,1808.47
2015-07-29 04:00:00,0,30.6,41.0,9.3,1798.2499999999998
2015-07-29 05:00:00,0,30.6,41.0,0.0,1801.35
2015-07-29 06:00:00,0,31.1,40.0,9.3,1767.8500000000001
2015-07-29 07:00:00,0,31.1,40.0,11.1,1756.21
2015-07-29 08:00:00,0,31.1,42.0,13.0,1785.66
2015-07-29 09:00:00,0,32.2,39.0,9.3,1812.74
2015-07-29 10:00:00,0,33.3,37.0,7.4,1803.48
2015-07-29 11:00:00,0,33.9,36.0,9.3,1838.73
2015-07-29 12:00:00,0,34.4,35.0,5.6,1803.48
2015-07-29 13:00:00,0,35.0,34.0,5.6,1870.1825
2015-07-29 14:00:00,0,35.6,33.0,7.4,1849.3799999999997
2015-07-29 15:00:00,0,37.2,28.0,24.1,1853.8300000000002
2015-07-29 16:00:00,0,37.2,28.0,20.4,1890.5199999999998
2015-07-29 17:00:00,0,37.2,28.0,22.2,1910.6399999999996
2015-07-29 18:00:00,0,37.8,27.0,18.5,1928.22
2015-07-29 19:00:00,0,36.7,28.0,14.8,1955.6800000000003
2015-07-29 20:00:00,0,33.3,34.0,37.0,1947.93
2015-07-29 21:00:00,0,32.8,34.0,18.5,1920.7899999999997
2015-07-29 22:00:00,0,31.7,42.0,24.1,1884.73
2015-07-29 23:00:00,0,31.1,42.0,29.6,1862.5400000000002
2015-07-30 00:00:00,0,31.1,42.0,14.8,1825.21
2015-07-30 01:00:00,0,30.6,41.0,11.1,1814.0399999999997
2015-07-30 02:00:00,0,30.6,43.0,18.5,1803.0499999999997
2015-07-30 03:00:00,0,30.0,44.0,9.3,1791.82
2015-07-30 04:00:00,0,29.4,48.0,7.4,1792.07
2015-07-30 05:00:00,0,30.0,46.0,14.8,1777.68
2015-07-30 06:00:00,0,29.4,49.0,13.0,1792.2825
2015-07-30 07:00:00,0,29.4,49.0,16.7,1806.5125
2015-07-30 08:00:00,0,31.1,43.0,16.7,1800.7575000000002
2015-07-30 09:00:00,0,33.3,35.0,16.7,1781.0700000000002
2015-07-30 10:00:00,0,33.9,34.0,9.3,1821.5800000000002
2015-07-30 11:00:00,0,35.0,32.0,11.1,1859.1200000000001
2015-07-30 12:00:00,0,36.7,28.0,9.3,1899.0600000000002
2015-07-30 13:00:00,0,36.7,27.0,7.4,1915.5900000000001
2015-07-30 14:00:00,0,39.4,23.0,13.0,1929.7699999999998
2015-07-30 15:00:00,0,40.0,20.0,11.1,1939.21
2015-07-30 16:00:00,0,39.4,20.0,11.1,1968.5800000000002
2015-07-30 17:00:00,0,40.0,18.0,5.6,1988.82
2015-07-30 18:00:00,0,39.4,20.0,0.0,1992.1000000000001
2015-07-30 19:00:00,0,39.4,20.0,7.4,1992.6299999999997
2015-07-30 20:00:00,0,38.9,21.0,7.4,2001.9
2015-07-30 21:00:00,0,38.9,22.0,7.4,2006.2
2015-07-30 22:00:00,0,37.8,23.0,18.5,1973.3400000000001
2015-07-30 23:00:00,0,36.7,26.0,18.5,1938.76
2015-07-31 00:00:00,0,36.1,28.0,7.4,1941.4699999999998
2015-07-31 01:00:00,0,35.0,30.0,5.6,1928.92
2015-07-31 02:00:00,0,35.0,30.0,14.8,1914.6
2015-07-31 03:00:00,0,33.9,32.0,13.0,1903.3299999999997
2015-07-31 04:00:00,0,33.3,34.0,11.1,1900.72
2015-07-31 05:00:00,0,32.2,37.0,0.0,1896.9999999999998
2015-07-31 06:00:00,0,31.7,39.0,7.4,1888.21
2015-07-31 07:00:00,0,32.8,35.0,7.4,1902.9599999999998
2015-07-31 08:00:00,0,33.9,33.0,0.0,1904.05
2015-07-31 09:00:00,0,35.6,29.0,9.3,1908.4899999999998
2015-07-31 10:00:00,0,37.2,26.0,7.4,1919.54
2015-07-31 11:00:00,0,38.9,23.0,16.7,1914.88
2015-07-31 12:00:00,0,40.0,21.0,14.8,1945.9800000000002
2015-07-31 13:00:00,0,40.6,20.0,7.4,1937.4899999999998
2015-07-31 14:00:00,0,41.7,19.0,11.1,1939.6100000000001
2015-07-31 15:00:00,0,42.2,18.0,14.8,1969.7399999999998
2015-07-31 16:00:00,0,36.1,30.0,42.6,1997.6
2015-07-31 17:00:00,0,31.1,59.0,13.0,1971.81
2015-07-31 18:00:00,0,26.1,79.0,22.2,1988.87
2015-07-31 19:00:00,0,28.3,65.0,25.9,1988.6800000000003
2015-07-31 20:00:00,0,26.7,74.0,16.7,1967.15
2015-07-31 21:00:00,0,27.8,67.0,16.7,1961.1899999999998
2015-07-31 22:00:00,0,27.2,74.0,11.1,1933.2499999999998
2015-07-31 23:00:00,0,27.8,69.0,16.7,1895.7
2015-08-01 00:00:00,0,27.2,72.0,7.4,1882.78
2015-08-01 01:00:00,0,27.2,74.0,5.6,1892.9499999999998
2015-08-01 02:00:00,0,27.8,69.0,0.0,1874.49
2015-08-01 03:00:00,0,27.8,69.0,11.1,1875.77
2015-08-01 04:00:00,0,27.8,67.0,5.6,1869.81
2015-08-01 05:00:00,0,28.3,63.0,9.3,1856.52
2015-08-01 06:00:00,0,28.3,63.0,11.1,1820.1999999999998
2015-08-01 07:00:00,0,28.3,65.0,11.1,1801.2300000000002
2015-08-01 08:00:00,0,28.3,65.0,9.3,1789.0400000000002
2015-08-01 09:00:00,0,30.0,57.0,5.6,1817.21
2015-08-01 10:00:00,0,32.2,45.0,5.6,1826.8100000000004
2015-08-01 11:00:00,0,34.4,43.0,11.1,1839.5200000000002
2015-08-01 12:00:00,0,35.0,36.0,0.0,1847.8099999999997
2015-08-01 13:00:00,0,36.7,33.0,0.0,1841.71
2015-08-01 14:00:00,0,37.8,29.0,13.0,1834.23
2015-08-01 15:00:00,0,38.3,29.0,11.1,1839.6899999999998
2015-08-01 16:00:00,0,38.9,26.0,11.1,1883.49
2015-08-01 17:00:00,0,39.4,23.0,14.8,1914.8
2015-08-01 18:00:00,0,39.4,21.0,13.0,1940.8600000000001
2015-08-01 19:00:00,0,38.3,25.0,9.3,1927.6200000000001
2015-08-01 20:00:00,0,37.2,28.0,13.0,1938.4299999999998
2015-08-01 21:00:00,0,36.7,28.0,9.3,1946.2700000000002
2015-08-01 22:00:00,0,34.4,38.0,7.4,1937.96
2015-08-01 23:00:00,0,33.9,39.0,7.4,1906.8099999999997
2015-08-02 00:00:00,0,33.9,36.0,11.1,1902.3200000000002
2015-08-02 01:00:00,0,33.3,39.0,5.6,1891.28
2015-08-02 02:00:00,0,31.7,45.0,16.7,1870.8899999999999
2015-08-02 03:00:00,0,31.1,45.0,11.1,1868.91
2015-08-02 04:00:00,0,31.1,45.0,9.3,1858.9
2015-08-02 05:00:00,0,30.6,48.0,11.1,1852.0
2015-08-02 06:00:00,0,30.0,51.0,11.1,1820.35
2015-08-02 07:00:00,0,30.6,48.0,13.0,1826.1699999999996
2015-08-02 08:00:00,0,31.7,45.0,11.1,1810.97
2015-08-02 09:00:00,0,33.9,36.0,13.0,1815.12
2015-08-02 10:00:00,0,35.0,34.0,11.1,1841.1900000000003
2015-08-02 11:00:00,0,36.7,28.0,11.1,1870.47
2015-08-02 12:00:00,0,38.3,21.0,5.6,1874.1600000000003
2015-08-02 13:00:00,0,39.4,20.0,18.5,1882.5300000000002
2015-08-02 14:00:00,0,40.6,17.0,14.8,1896.7100000000003
2015-08-02 15:00:00,0,41.7,17.0,22.2,1932.4699999999998
2015-08-02 16:00:00,0,41.7,14.0,14.8,1938.34
2015-08-02 17:00:00,0,42.2,13.0,22.2,1974.95
2015-08-02 18:00:00,0,42.2,13.0,25.9,1988.9800000000002
2015-08-02 19:00:00,0,41.1,13.0,18.5,1982.87
2015-08-02 20:00:00,0,38.9,16.0,11.1,1939.3
2015-08-02 21:00:00,0,37.2,21.0,9.3,1948.5100000000002
2015-08-02 22:00:00,0,36.1,23.0,9.3,1945.03
2015-08-02 23:00:00,0,35.6,25.0,7.4,1926.91
2015-08-03 00:00:00,0,35.6,24.0,9.3,1884.13
2015-08-03 01:00:00,0,35.6,23.0,14.8,1849.2199999999998
2015-08-03 02:00:00,0,35.0,25.0,7.4,1839.0
2015-08-03 03:00:00,0,33.3,31.0,7.4,1822.7100000000003
2015-08-03 04:00:00,0,31.7,35.0,5.6,1810.4
2015-08-03 05:00:00,0,31.7,35.0,13.0,1796.71
2015-08-03 06:00:00,0,30.6,36.0,11.1,1794.89
2015-08-03 07:00:00,0,31.1,35.0,9.3,1820.7
2015-08-03 08:00:00,0,33.3,29.0,9.3,1850.1999999999996
2015-08-03 09:00:00,0,35.0,27.0,9.3,1830.36
2015-08-03 10:00:00,0,36.7,23.0,0.0,1819.14
2015-08-03 11:00:00,0,38.3,20.0,9.3,1834.2
2015-08-03 12:00:00,0,39.4,16.0,5.6,1849.19
2015-08-03 13:00:00,0,40.6,15.0,5.6,1859.47
2015-08-03 14:00:00,0,41.7,13.0,14.8,1893.0400000000002
2015-08-03 15:00:00,0,42.2,13.0,9.3,1916.9300000000003
2015-08-03 16:00:00,0,42.8,11.0,18.5,1940.61
2015-08-03 17:00:00,0,42.2,12.0,16.7,1964.4900000000002
2015-08-03 18:00:00,0,42.2,11.0,22.2,1992.9499999999998
2015-08-03 19:00:00,0,42.2,11.0,22.2,1991.2899999999995
2015-08-03 20:00:00,0,41.1,11.0,11.1,2001.8999999999999
2015-08-03 21:00:00,0,39.4,15.0,9.3,1980.62
2015-08-03 22:00:00,0,36.7,22.0,11.1,1956.08
2015-08-03 23:00:00,0,35.6,24.0,7.4,1927.4
2015-08-04 00:00:00,0,34.4,26.0,11.1,1911.34
2015-08-04 01:00:00,0,35.0,23.0,9.3,1903.7400000000002
2015-08-04 02:00:00,0,35.6,20.0,16.7,1894.6000000000001
2015-08-04 03:00:00,0,35.0,22.0,14.8,1882.8400000000001
2015-08-04 04:00:00,0,34.4,21.0,14.8,1858.52
2015-08-04 05:00:00,0,33.9,22.0,13.0,1850.9400000000003
2015-08-04 06:00:00,0,31.7,30.0,5.6,1820.42
2015-08-04 07:00:00,0,32.8,27.0,9.3,1821.2799999999997
2015-08-04 08:00:00,0,33.3,27.0,9.3,1822.16
2015-08-04 09:00:00,0,35.0,23.0,7.4,1841.7000000000003
2015-08-04 10:00:00,0,37.2,20.0,7.4,1833.11
2015-08-04 11:00:00,0,38.9,17.0,5.6,1844.7
2015-08-04 12:00:00,0,40.6,15.0,5.6,1870.5600000000002
2015-08-04 13:00:00,0,41.7,11.0,14.8,1901.76
2015-08-04 14:00:00,0,42.8,12.0,16.7,1924.1299999999999
2015-08-04 15:00:00,0,43.3,11.0,20.4,1936.1499999999999
2015-08-04 16:00:00,0,43.3,9.0,9.3,1948.4500000000005
2015-08-04 17:00:00,0,42.8,9.0,11.1,1970.5900000000001
2015-08-04 18:00:00,0,42.8,10.0,13.0,1989.7199999999998
2015-08-04 19:00:00,0,42.2,10.0,22.2,2004.9499999999998
2015-08-04 20:00:00,0,41.7,11.0,16.7,1987.5200000000002
2015-08-04 21:00:00,0,38.9,15.0,11.1,1966.98
2015-08-04 22:00:00,0,37.2,18.0,7.4,1961.0900000000001
2015-08-04 23:00:00,0,37.8,17.0,9.3,1935.42
2015-08-05 00:00:00,0,36.1,19.0,5.6,1878.07
2015-08-05 01:00:00,0,36.7,18.0,9.3,1860.3400000000004
2015-08-05 02:00:00,0,36.1,18.0,7.4,1848.06
2015-08-05 03:00:00,0,36.1,16.0,13.0,1840.29
2015-08-05 04:00:00,0,35.0,18.0,16.7,1820.14
2015-08-05 05:00:00,0,34.4,19.0,11.1,1802.77
2015-08-05 06:00:00,0,33.3,22.0,9.3,1803.0
2015-08-05 07:00:00,0,32.8,26.0,5.6,1810.83
2015-08-05 08:00:00,0,34.4,21.0,0.0,1838.42
2015-08-05 09:00:00,0,36.1,19.0,5.6,1838.71
2015-08-05 10:00:00,0,37.2,17.0,7.4,1854.7300000000002
2015-08-05 11:00:00,0,38.9,14.0,7.4,1863.25
2015-08-05 12:00:00,0,41.1,12.0,11.1,1877.8799999999999
2015-08-05 13:00:00,0,42.8,10.0,14.8,1886.4300000000003
2015-08-05 14:00:00,0,42.8,9.0,16.7,1886.37
2015-08-05 15:00:00,0,43.3,8.0,16.7,1916.9399999999998
2015-08-05 16:00:00,0,42.8,10.0,11.1,1962.9799999999998
2015-08-05 17:00:00,0,43.3,11.0,18.5,1994.4299999999998
2015-08-05 18:00:00,0,42.8,12.0,11.1,2015.9799999999998
2015-08-05 19:00:00,0,42.2,13.0,16.7,2006.57
2015-08-05 20:00:00,0,41.7,13.0,14.8,2002.035
2015-08-05 21:00:00,0,39.4,17.0,11.1,1992.89
2015-08-05 22:00:00,0,37.8,21.0,9.3,1977.4399999999998
2015-08-05 23:00:00,0,38.3,19.0,9.3,1935.2999999999997
2015-08-06 00:00:00,0,38.9,21.0,11.1,1939.0100000000002
2015-08-06 01:00:00,0,37.8,24.0,16.7,1910.21
2015-08-06 02:00:00,0,37.2,26.0,16.7,1904.6399999999999
2015-08-06 03:00:00,0,34.4,33.0,0.0,1900.58
2015-08-06 04:00:00,0,35.0,34.0,16.7,1902.69
2015-08-06 05:00:00,0,34.4,37.0,14.8,1897.0799999999997
2015-08-06 06:00:00,0,33.3,41.0,5.6,1869.46
2015-08-06 07:00:00,0,33.9,38.0,5.6,1873.8699999999997
2015-08-06 08:00:00,0,34.4,36.0,24.1,1903.41
2015-08-06 09:00:00,0,35.0,34.0,13.0,1910.54
2015-08-06 10:00:00,0,34.4,33.0,16.7,1920.8700000000001
2015-08-06 11:00:00,0,35.0,32.0,14.8,1937.62
2015-08-06 12:00:00,0,36.1,30.0,13.0,1957.7699999999998
2015-08-06 13:00:00,0,36.7,27.0,22.2,1980.3700000000001
2015-08-06 14:00:00,0,37.2,25.0,7.4,1955.3200000000002
2015-08-06 15:00:00,0,37.8,23.0,5.6,1896.5700000000002
2015-08-06 16:00:00,0,39.4,20.0,0.0,1934.23
2015-08-06 17:00:00,0,40.0,16.0,7.4,1975.84
2015-08-06 18:00:00,0,40.0,15.0,9.3,2005.44
2015-08-06 19:00:00,0,39.4,17.0,7.4,1969.1999999999998
2015-08-06 20:00:00,0,37.8,19.0,5.6,1947.29
2015-08-06 21:00:00,0,37.2,20.0,0.0,1966.1499999999999
2015-08-06 22:00:00,0,35.6,25.0,5.6,1966.9200000000003
2015-08-06 23:00:00,0,35.0,27.0,0.0,1887.9299999999998
2015-08-07 00:00:00,0,34.4,27.0,5.6,1886.0
2015-08-07 01:00:00,0,33.9,31.0,0.0,1844.17
2015-08-07 02:00:00,0,33.3,32.0,7.4,1824.04
2015-08-07 03:00:00,0,32.8,32.0,13.0,1807.31
2015-08-07 04:00:00,0,32.2,34.0,11.1,1799.6899999999998
2015-08-07 05:00:00,0,32.2,34.0,9.3,1808.4699999999998
2015-08-07 06:00:00,0,32.2,38.0,5.6,1830.6900000000007
2015-08-07 07:00:00,0,32.2,42.0,14.8,1849.35
2015-08-07 08:00:00,0,32.8,42.0,18.5,1865.6
2015-08-07 09:00:00,0,33.9,41.0,18.5,1878.98
2015-08-07 10:00:00,0,35.0,36.0,20.4,1920.5399999999997
2015-08-07 11:00:00,0,36.1,31.0,16.7,1896.5100000000002
2015-08-07 12:00:00,0,37.8,25.0,11.1,1875.7600000000002
2015-08-07 13:00:00,0,38.9,25.0,5.6,1894.3000000000002
2015-08-07 14:00:00,0,41.1,21.0,9.3,1902.98
2015-08-07 15:00:00,0,39.4,23.0,16.7,1955.8599999999997
2015-08-07 16:00:00,0,40.0,23.0,13.0,1993.3099999999997
2015-08-07 17:00:00,0,34.4,40.0,31.5,2027.64
2015-08-07 18:00:00,0,29.4,67.0,22.2,2009.71
2015-08-07 19:00:00,0,27.8,71.0,22.2,1982.5800000000002
2015-08-07 20:00:00,0,28.3,69.0,20.4,1934.3300000000004
2015-08-07 21:00:00,0,28.3,67.0,13.0,1926.01
2015-08-07 22:00:00,0,28.3,65.0,14.8,1859.3000000000002
2015-08-07 23:00:00,0,28.3,65.0,13.0,1851.2100000000003
2015-08-08 00:00:00,0,28.3,60.0,7.4,1829.23
2015-08-08 01:00:00,0,27.8,65.0,11.1,1800.2000000000003
2015-08-08 02:00:00,0,27.8,69.0,14.8,1781.39
2015-08-08 03:00:00,0,27.2,69.0,13.0,1765.41
2015-08-08 04:00:00,0,27.2,69.0,7.4,1769.9
2015-08-08 05:00:00,0,27.2,72.0,13.0,1771.9499999999998
2015-08-08 06:00:00,0,26.7,71.0,9.3,1761.69
2015-08-08 07:00:00,0,27.2,69.0,11.1,1765.5700000000002
2015-08-08 08:00:00,0,28.3,58.0,20.4,1797.3300000000002
2015-08-08 09:00:00,0,30.0,53.0,16.7,1817.29
2015-08-08 10:00:00,0,31.7,52.0,14.8,1860.9499999999998
2015-08-08 11:00:00,0,33.3,44.0,11.1,1892.9900000000002
2015-08-08 12:00:00,0,35.0,37.0,7.4,1898.6100000000001
2015-08-08 13:00:00,0,36.1,29.0,0.0,1897.16
2015-08-08 14:00:00,0,37.2,30.0,0.0,1882.2299999999998
2015-08-08 15:00:00,0,37.8,28.0,0.0,1912.2499999999998
2015-08-08 16:00:00,0,38.3,26.0,9.3,1942.5599999999997
2015-08-08 17:00:00,0,38.3,25.0,13.0,1991.3700000000003
2015-08-08 18:00:00,0,38.3,24.0,0.0,1991.95
2015-08-08 19:00:00,0,37.8,25.0,0.0,2018.6199999999997
2015-08-08 20:00:00,0,36.7,33.0,9.3,2008.25
2015-08-08 21:00:00,0,35.0,37.0,7.4,2003.65
2015-08-08 22:00:00,0,35.0,37.0,5.6,1990.98
2015-08-08 23:00:00,0,35.0,37.0,5.6,1948.23
2015-08-09 00:00:00,0,34.4,37.0,7.4,1915.3300000000002
2015-08-09 01:00:00,0,34.4,35.0,0.0,1907.3899999999999
2015-08-09 02:00:00,0,32.8,42.0,7.4,1888.05
2015-08-09 03:00:00,0,32.2,43.0,9.3,1893.47
2015-08-09 04:00:00,0,31.7,46.0,9.3,1884.83
2015-08-09 05:00:00,0,30.6,53.0,11.1,1866.5599999999997
2015-08-09 06:00:00,0,30.6,49.0,7.4,1857.1399999999999
2015-08-09 07:00:00,0,31.1,46.0,11.1,1855.43
2015-08-09 08:00:00,0,32.2,43.0,14.8,1839.3700000000001
2015-08-09 09:00:00,0,32.8,39.0,9.3,1858.3300000000002
2015-08-09 10:00:00,0,35.0,36.0,5.6,1874.07
2015-08-09 11:00:00,0,35.6,32.0,5.6,1887.2599999999998
2015-08-09 12:00:00,0,38.3,26.0,13.0,1900.82
2015-08-09 13:00:00,0,38.3,25.0,7.4,1899.0
2015-08-09 14:00:00,0,38.9,23.0,5.6,1908.8699999999997
2015-08-09 15:00:00,0,39.4,23.0,9.3,1967.8200000000002
2015-08-09 16:00:00,0,41.1,19.0,14.8,1998.02
2015-08-09 17:00:00,0,40.0,22.0,13.0,2065.3
2015-08-09 18:00:00,0,40.6,20.0,9.3,2074.65
2015-08-09 19:00:00,0,40.0,21.0,7.4,2076.2499999999995
2015-08-09 20:00:00,0,39.4,20.0,16.7,2068.89
2015-08-09 21:00:00,0,39.4,18.0,16.7,2056.89
2015-08-09 22:00:00,0,32.8,36.0,31.5,2007.01
2015-08-09 23:00:00,0,35.0,25.0,13.0,1975.29
2015-08-10 00:00:00,0,33.9,31.0,13.0,1937.9699999999998
2015-08-10 01:00:00,0,32.2,39.0,22.2,1908.91
2015-08-10 02:00:00,0,32.2,38.0,13.0,1875.13
2015-08-10 03:00:00,0,32.2,39.0,13.0,1858.4600000000003
2015-08-10 04:00:00,0,31.1,43.0,7.4,1844.9399999999998
2015-08-10 05:00:00,0,30.6,44.0,5.6,1845.74
2015-08-10 06:00:00,0,30.6,46.0,11.1,1870.71
2015-08-10 07:00:00,0,31.1,45.0,9.3,1868.03
2015-08-10 08:00:00,0,31.1,45.0,11.1,1892.3
2015-08-10 09:00:00,0,32.2,40.0,18.5,1906.11
2015-08-10 10:00:00,0,32.8,41.0,11.1,1901.8900000000003
2015-08-10 11:00:00,0,35.0,33.0,9.3,1925.9
2015-08-10 12:00:00,0,36.1,30.0,5.6,1908.46
2015-08-10 13:00:00,0,37.2,25.0,5.6,1935.17
2015-08-10 14:00:00,0,38.3,22.0,14.8,1916.1100000000001
2015-08-10 15:00:00,0,38.9,22.0,5.6,1920.54
2015-08-10 16:00:00,0,39.4,21.0,9.3,1988.1
2015-08-10 17:00:00,0,40.0,20.0,9.3,2010.34
2015-08-10 18:00:00,0,39.4,22.0,7.4,2037.9299999999998
2015-08-10 19:00:00,0,38.9,22.0,5.6,2069.69
2015-08-10 20:00:00,0,38.3,22.0,9.3,2093.85
2015-08-10 21:00:00,0,37.2,25.0,7.4,2076.5099999999998
2015-08-10 22:00:00,0,37.2,26.0,5.6,2012.3599999999997
2015-08-10 23:00:00,0,36.7,25.0,9.3,1983.51
2015-08-11 00:00:00,0,35.6,30.0,5.6,1938.68
2015-08-11 01:00:00,0,34.4,33.0,7.4,1899.8399999999995
2015-08-11 02:00:00,0,33.9,37.0,0.0,1863.52
2015-08-11 03:00:00,0,33.9,38.0,7.4,1857.3799999999999
2015-08-11 04:00:00,0,32.8,41.0,9.3,1835.6799999999998
2015-08-11 05:00:00,0,32.8,41.0,7.4,1841.74
2015-08-11 06:00:00,0,32.2,43.0,9.3,1861.8799999999997
2015-08-11 07:00:00,0,32.2,43.0,13.0,1875.3399999999997
2015-08-11 08:00:00,0,32.2,42.0,16.7,1879.3500000000001
2015-08-11 09:00:00,0,34.4,37.0,16.7,1948.53
2015-08-11 10:00:00,0,32.2,43.0,59.3,1945.7800000000002
2015-08-11 11:00:00,0,25.0,82.0,7.4,1940.57
2015-08-11 12:00:00,0,27.2,67.0,13.0,1950.6799999999998
2015-08-11 13:00:00,0,29.4,51.0,13.0,1925.8500000000001
2015-08-11 14:00:00,0,31.7,43.0,9.3,1926.77
2015-08-11 15:00:00,0,34.4,32.0,5.6,1979.1700000000005
2015-08-11 16:00:00,0,35.0,32.0,0.0,2008.5900000000001
2015-08-11 17:00:00,0,35.6,29.0,7.4,1986.2600000000002
2015-08-11 18:00:00,0,35.0,30.0,9.3,2016.19
2015-08-11 19:00:00,0,35.6,26.0,7.4,2051.43
2015-08-11 20:00:00,0,35.6,26.0,5.6,2036.77
2015-08-11 21:00:00,0,32.2,48.0,7.4,2018.52
2015-08-11 22:00:00,0,28.3,56.0,38.9,1957.9199999999996
2015-08-11 23:00:00,0,26.1,72.0,14.8,1937.6100000000001
2015-08-12 00:00:00,0,28.3,54.0,25.9,1901.48
2015-08-12 01:00:00,0,27.8,58.0,11.1,1879.3100000000002
2015-08-12 02:00:00,0,28.9,49.0,14.8,1853.6
2015-08-12 03:00:00,0,27.2,67.0,9.3,1832.91
2015-08-12 04:00:00,0,26.7,69.0,7.4,1833.01
2015-08-12 05:00:00,0,26.7,69.0,5.6,1848.5000000000005
2015-08-12 06:00:00,0,26.7,69.0,5.6,1858.18
2015-08-12 07:00:00,0,27.2,65.0,7.4,1853.8999999999999
2015-08-12 08:00:00,0,29.4,55.0,0.0,1878.1699999999998
2015-08-12 09:00:00,0,33.3,35.0,18.5,1905.6399999999996
2015-08-12 10:00:00,0,34.4,33.0,14.8,1915.8999999999999
2015-08-12 11:00:00,0,36.1,29.0,13.0,1916.9200000000003
2015-08-12 12:00:00,0,37.2,26.0,5.6,1949.1100000000001
2015-08-12 13:00:00,0,39.4,24.0,7.4,1975.1599999999999
2015-08-12 14:00:00,0,41.7,19.0,7.4,1953.0799999999997
2015-08-12 15:00:00,0,40.6,20.0,7.4,1977.0700000000002
2015-08-12 16:00:00,0,41.1,19.0,9.3,1995.78
2015-08-12 17:00:00,0,41.1,19.0,0.0,2045.94
2015-08-12 18:00:00,0,40.6,18.0,0.0,2076.19
2015-08-12 19:00:00,0,40.6,19.0,0.0,2088.41
2015-08-12 20:00:00,0,39.4,22.0,13.0,2100.44
2015-08-12 21:00:00,0,36.7,28.0,16.7,2053.91
2015-08-12 22:00:00,0,37.2,28.0,7.4,2022.2899999999997
2015-08-12 23:00:00,0,35.6,33.0,18.5,1971.4800000000002
2015-08-13 00:00:00,0,34.4,35.0,11.1,1929.6000000000001
2015-08-13 01:00:00,0,34.4,32.0,0.0,1877.73
2015-08-13 02:00:00,0,32.2,43.0,7.4,1848.0699999999997
2015-08-13 03:00:00,0,32.8,42.0,0.0,1841.5800000000002
2015-08-13 04:00:00,0,32.8,39.0,13.0,1834.8700000000006
2015-08-13 05:00:00,0,32.2,42.0,5.6,1824.4599999999998
2015-08-13 06:00:00,0,31.7,43.0,7.4,1827.1799999999998
2015-08-13 07:00:00,0,31.7,42.0,11.1,1849.77
2015-08-13 08:00:00,0,32.8,39.0,11.1,1907.6399999999999
2015-08-13 09:00:00,0,35.0,31.0,11.1,1914.14
2015-08-13 10:00:00,0,37.2,26.0,11.1,1910.03
2015-08-13 11:00:00,0,39.4,24.0,5.6,1913.5499999999997
2015-08-13 12:00:00,0,41.1,20.0,11.1,1935.4700000000003
2015-08-13 13:00:00,0,43.9,15.0,14.8,1958.1599999999999
2015-08-13 14:00:00,0,43.9,13.0,18.5,1958.4099999999999
2015-08-13 15:00:00,0,45.0,10.0,18.5,1999.34
2015-08-13 16:00:00,0,44.4,12.0,13.0,2056.04
2015-08-13 17:00:00,0,44.4,11.0,9.3,2126.8300000000004
2015-08-13 18:00:00,0,43.9,12.0,7.4,2130.310000000001
2015-08-13 19:00:00,0,42.8,13.0,9.3,2135.4599999999996
2015-08-13 20:00:00,0,41.7,14.0,0.0,2171.02
2015-08-13 21:00:00,0,40.0,18.0,5.6,2097.5799999999995
2015-08-13 22:00:00,0,41.1,14.0,9.3,2091.0
2015-08-13 23:00:00,0,37.2,25.0,7.4,1996.8
2015-08-14 00:00:00,0,36.1,25.0,9.3,1962.9200000000005
2015-08-14 01:00:00,0,36.7,25.0,7.4,1917.12
2015-08-14 02:00:00,0,37.8,18.0,11.1,1879.08
2015-08-14 03:00:00,0,36.7,22.0,7.4,1870.3199999999997
2015-08-14 04:00:00,0,35.0,28.0,5.6,1876.4699999999998
2015-08-14 05:00:00,0,34.4,32.0,5.6,1907.3000000000002
2015-08-14 06:00:00,0,35.0,30.0,14.8,1920.5899999999997
2015-08-14 07:00:00,0,35.0,28.0,14.8,1935.34
2015-08-14 08:00:00,0,34.4,33.0,11.1,1946.19
2015-08-14 09:00:00,0,36.7,30.0,11.1,1970.02
2015-08-14 10:00:00,0,38.3,26.0,9.3,1950.5399999999997
2015-08-14 11:00:00,0,40.0,23.0,13.0,1978.7500000000002
2015-08-14 12:00:00,0,42.2,19.0,14.8,1998.83
2015-08-14 13:00:00,0,43.3,17.0,14.8,2034.9099999999999
2015-08-14 14:00:00,0,44.4,14.0,9.3,2058.0
2015-08-14 15:00:00,0,45.6,13.0,9.3,2109.1699999999996
2015-08-14 16:00:00,0,46.7,12.0,14.8,2114.94
2015-08-14 17:00:00,0,45.6,12.0,5.6,2178.78
2015-08-14 18:00:00,0,45.0,12.0,13.0,2182.21
2015-08-14 19:00:00,0,43.9,13.0,7.4,2196.89
2015-08-14 20:00:00,0,40.0,20.0,20.4,2222.4700000000003
2015-08-14 21:00:00,0,40.6,18.0,14.8,2195.04
2015-08-14 22:00:00,0,41.1,17.0,9.3,2156.5899999999997
2015-08-14 23:00:00,0,40.6,18.0,5.6,2113.0
2015-08-15 00:00:00,0,38.3,22.0,11.1,2048.32
2015-08-15 01:00:00,0,38.9,21.0,7.4,1978.3600000000001
2015-08-15 02:00:00,0,35.6,28.0,7.4,1924.63
2015-08-15 03:00:00,0,35.6,29.0,14.8,1894.95
2015-08-15 04:00:00,0,34.4,32.0,9.3,1877.42
2015-08-15 05:00:00,0,33.9,30.0,7.4,1895.89
2015-08-15 06:00:00,0,33.9,29.0,7.4,1898.4499999999998
2015-08-15 07:00:00,0,34.4,27.0,13.0,1938.8999999999999
2015-08-15 08:00:00,0,35.6,26.0,11.1,1986.23
2015-08-15 09:00:00,0,37.8,22.0,7.4,2034.18
2015-08-15 10:00:00,0,38.9,21.0,0.0,2091.02
2015-08-15 11:00:00,0,41.1,19.0,7.4,2147.0299999999997
2015-08-15 12:00:00,0,41.7,19.0,5.6,2184.0
2015-08-15 13:00:00,0,42.2,17.0,9.3,2211.39
2015-08-15 14:00:00,0,43.3,17.0,0.0,2222.93
2015-08-15 15:00:00,0,44.4,14.0,0.0,2288.85
2015-08-15 16:00:00,0,45.6,13.0,13.0,2308.7400000000007
2015-08-15 17:00:00,0,45.6,11.0,14.8,2329.24
2015-08-15 18:00:00,0,45.0,12.0,14.8,2362.57
2015-08-15 19:00:00,0,44.4,11.0,11.1,2355.5800000000004
2015-08-15 20:00:00,0,43.9,13.0,13.0,2324.21
2015-08-15 21:00:00,0,41.1,18.0,5.6,2285.94
2015-08-15 22:00:00,0,40.6,19.0,9.3,2254.0
2015-08-15 23:00:00,0,39.4,22.0,5.6,2244.97
2015-08-16 00:00:00,0,38.9,22.0,9.3,2166.33
2015-08-16 01:00:00,0,37.2,25.0,0.0,2091.59
2015-08-16 02:00:00,0,36.7,25.0,0.0,2036.9499999999996
2015-08-16 03:00:00,0,36.1,28.0,0.0,1985.1899999999998
2015-08-16 04:00:00,0,36.1,27.0,11.1,1958.53
2015-08-16 05:00:00,0,35.6,28.0,22.2,1971.98
2015-08-16 06:00:00,0,34.4,33.0,20.4,1979.7900000000002
2015-08-16 07:00:00,0,33.9,41.0,16.7,2012.6300000000003
2015-08-16 08:00:00,0,33.9,42.0,7.4,2075.05
2015-08-16 09:00:00,0,35.0,38.0,7.4,2147.24
2015-08-16 10:00:00,0,36.7,35.0,0.0,2229.32
2015-08-16 11:00:00,0,38.3,28.0,11.1,2244.5499999999997
2015-08-16 12:00:00,0,39.4,24.0,20.4,2328.51
2015-08-16 13:00:00,0,41.1,20.0,18.5,2337.26
2015-08-16 14:00:00,0,41.7,18.0,14.8,2377.37
2015-08-16 15:00:00,0,43.3,16.0,9.3,2430.6800000000003
2015-08-16 16:00:00,0,43.3,17.0,16.7,2454.27
2015-08-16 17:00:00,0,43.9,16.0,22.2,2458.5499999999997
2015-08-16 18:00:00,0,43.9,16.0,25.9,2480.2000000000003
2015-08-16 19:00:00,0,43.3,17.0,24.1,2551.5600000000004
2015-08-16 20:00:00,0,42.2,17.0,16.7,2577.2100000000005
2015-08-16 21:00:00,0,40.6,20.0,11.1,2501.3400000000006
2015-08-16 22:00:00,0,40.6,23.0,29.6,2431.64
2015-08-16 23:00:00,0,39.4,26.0,25.9,2432.4500000000003
2015-08-17 00:00:00,0,37.8,29.0,24.1,2371.98
2015-08-17 01:00:00,0,36.7,30.0,22.2,2246.4700000000003
2015-08-17 02:00:00,0,36.1,31.0,20.4,2139.62
2015-08-17 03:00:00,0,35.6,31.0,14.8,2058.7799999999997
2015-08-17 04:00:00,0,35.6,31.0,11.1,2022.9800000000002
2015-08-17 05:00:00,0,35.0,31.0,7.4,2017.18
2015-08-17 06:00:00,0,33.3,37.0,13.0,2034.03
2015-08-17 07:00:00,0,33.3,35.0,9.3,2066.63
2015-08-17 08:00:00,0,33.9,34.0,5.6,2133.29
2015-08-17 09:00:00,0,34.4,37.0,18.5,2134.19
2015-08-17 10:00:00,0,35.6,36.0,20.4,2202.1299999999997
2015-08-17 11:00:00,0,36.1,35.0,20.4,2313.01
2015-08-17 12:00:00,0,37.2,34.0,16.7,2382.8000000000006
2015-08-17 13:00:00,0,37.8,32.0,7.4,2436.58
2015-08-17 14:00:00,0,39.4,28.0,13.0,2433.37
2015-08-17 15:00:00,0,40.6,25.0,11.1,2429.95
2015-08-17 16:00:00,0,42.2,22.0,18.5,2483.7900000000004
2015-08-17 17:00:00,0,41.7,20.0,24.1,2476.15
2015-08-17 18:00:00,0,41.7,21.0,29.6,2530.17
2015-08-17 19:00:00,0,41.1,21.0,31.5,2590.98
2015-08-17 20:00:00,0,38.9,27.0,25.9,2533.62
2015-08-17 21:00:00,0,38.3,26.0,18.5,2440.2400000000007
2015-08-17 22:00:00,0,37.2,28.0,24.1,2464.16
2015-08-17 23:00:00,0,36.1,29.0,24.1,2475.3500000000004
2015-08-18 00:00:00,0,35.0,27.0,20.4,2346.59
2015-08-18 01:00:00,0,34.4,26.0,20.4,2235.7900000000004
2015-08-18 02:00:00,0,33.3,27.0,11.1,2124.03
2015-08-18 03:00:00,0,33.3,27.0,20.4,2048.13
2015-08-18 04:00:00,0,31.7,30.0,9.3,1998.14
2015-08-18 05:00:00,0,31.1,31.0,7.4,1984.6399999999999
2015-08-18 06:00:00,0,31.1,34.0,5.6,2019.6100000000001
2015-08-18 07:00:00,0,31.7,36.0,13.0,2036.8000000000002
2015-08-18 08:00:00,0,32.2,35.0,7.4,2116.7200000000003
2015-08-18 09:00:00,0,33.3,31.0,9.3,2166.38
2015-08-18 10:00:00,0,34.4,28.0,0.0,2220.25
2015-08-18 11:00:00,0,36.1,24.0,9.3,2187.9599999999996
2015-08-18 12:00:00,0,36.7,20.0,7.4,2230.79
2015-08-18 13:00:00,0,38.9,18.0,13.0,2274.69
2015-08-18 14:00:00,0,39.4,19.0,9.3,2270.52
2015-08-18 15:00:00,0,40.6,17.0,24.1,2447.4900000000002
2015-08-18 16:00:00,0,41.7,17.0,27.8,2518.2599999999998
2015-08-18 17:00:00,0,40.6,18.0,24.1,2541.4075
2015-08-18 18:00:00,0,40.6,18.0,24.1,2562.56
2015-08-18 19:00:00,0,40.0,18.0,18.5,2568.24
2015-08-18 20:00:00,0,38.3,19.0,13.0,2587.63
2015-08-18 21:00:00,0,37.2,20.0,9.3,2523.44
2015-08-18 22:00:00,0,36.1,23.0,13.0,2505.32
2015-08-18 23:00:00,0,35.6,22.0,13.0,2424.1799999999994
2015-08-19 00:00:00,0,35.6,22.0,13.0,2325.5199999999995
2015-08-19 01:00:00,0,35.0,23.0,16.7,2212.3399999999997
2015-08-19 02:00:00,0,33.9,24.0,13.0,2112.92
2015-08-19 03:00:00,0,32.8,26.0,0.0,2020.9199999999996
2015-08-19 04:00:00,0,32.8,25.0,5.6,1839.9400000000003
2015-08-19 05:00:00,0,32.2,26.0,7.4,1915.35
2015-08-19 06:00:00,0,30.0,36.0,11.1,1966.57
2015-08-19 07:00:00,0,30.0,33.0,13.0,1905.6600000000003
2015-08-19 08:00:00,0,31.7,29.0,9.3,1993.4900000000002
2015-08-19 09:00:00,0,33.3,27.0,9.3,2101.73
2015-08-19 10:00:00,0,34.4,24.0,11.1,2162.0499999999997
2015-08-19 11:00:00,0,35.6,22.0,7.4,2220.9925
2015-08-19 12:00:00,0,37.2,21.0,0.0,2155.93
2015-08-19 13:00:00,0,38.9,18.0,9.3,2453.9700000000003
2015-08-19 14:00:00,0,40.0,16.0,14.8,2451.2
2015-08-19 15:00:00,0,40.0,17.0,11.1,2515.4999999999995
2015-08-19 16:00:00,0,40.0,17.0,18.5,2567.2099999999996
2015-08-19 17:00:00,0,40.6,17.0,11.1,2589.8575
2015-08-19 18:00:00,0,40.6,18.0,18.5,2566.8900000000003
2015-08-19 19:00:00,0,40.0,18.0,16.7,2452.42
2015-08-19 20:00:00,0,39.4,20.0,18.5,2516.8
2015-08-19 21:00:00,0,38.3,21.0,11.1,2610.7099999999996
2015-08-19 22:00:00,0,36.7,25.0,11.1,2621.7999999999997
2015-08-19 23:00:00,0,35.6,30.0,11.1,2503.0
2015-08-20 00:00:00,0,35.6,29.0,20.4,2293.71
2015-08-20 01:00:00,0,35.0,30.0,13.0,2156.12
2015-08-20 02:00:00,0,33.9,31.0,13.0,2073.98
2015-08-20 03:00:00,0,33.3,32.0,13.0,2002.8500000000001
2015-08-20 04:00:00,0,31.7,38.0,0.0,1987.7000000000003
2015-08-20 05:00:00,0,31.1,39.0,0.0,1983.1599999999999
2015-08-20 06:00:00,0,31.1,40.0,5.6,2017.8600000000001
2015-08-20 07:00:00,0,31.7,39.0,9.3,2076.5699999999997
2015-08-20 08:00:00,0,32.8,36.0,11.1,2183.1600000000003
2015-08-20 09:00:00,0,33.9,34.0,16.7,2188.37
2015-08-20 10:00:00,0,35.6,32.0,9.3,2268.23
2015-08-20 11:00:00,0,36.1,31.0,0.0,2370.8799999999997
2015-08-20 12:00:00,0,38.9,27.0,7.4,2397.23
2015-08-20 13:00:00,0,40.6,24.0,14.8,2440.4800000000005
2015-08-20 14:00:00,0,40.6,24.0,14.8,2480.61
2015-08-20 15:00:00,0,40.0,24.0,9.3,2502.9900000000007
2015-08-20 16:00:00,0,40.6,22.0,14.8,2546.93
2015-08-20 17:00:00,0,40.6,23.0,14.8,2552.93
2015-08-20 18:00:00,0,40.6,20.0,22.2,2568.5299999999993
2015-08-20 19:00:00,0,40.0,18.0,22.2,2648.2
2015-08-20 20:00:00,0,39.4,18.0,20.4,2703.29
2015-08-20 21:00:00,0,38.3,19.0,9.3,2672.9225
2015-08-20 22:00:00,0,36.7,24.0,9.3,2621.05
2015-08-20 23:00:00,0,35.6,29.0,7.4,2445.81
2015-08-21 00:00:00,0,35.0,34.0,9.3,2297.16
2015-08-21 01:00:00,0,34.4,37.0,5.6,2157.18
2015-08-21 02:00:00,0,33.9,38.0,5.6,2061.44
2015-08-21 03:00:00,0,33.9,39.0,11.1,1991.0400000000002
2015-08-21 04:00:00,0,32.8,44.0,9.3,1960.7299999999998
2015-08-21 05:00:00,0,32.2,43.0,11.1,1965.06
2015-08-21 06:00:00,0,31.7,43.0,5.6,1995.9499999999998
2015-08-21 07:00:00,0,32.2,42.0,13.0,2036.08
2015-08-21 08:00:00,0,32.8,41.0,9.3,2111.91
2015-08-21 09:00:00,0,33.9,37.0,9.3,2198.82
2015-08-21 10:00:00,0,35.0,37.0,9.3,2326.2100000000005
2015-08-21 11:00:00,0,37.2,35.0,11.1,2462.46
2015-08-21 12:00:00,0,37.8,33.0,9.3,2446.35
2015-08-21 13:00:00,0,37.8,32.0,13.0,2519.2299999999996
2015-08-21 14:00:00,0,38.9,30.0,0.0,2563.74
2015-08-21 15:00:00,0,40.0,25.0,13.0,2566.13
2015-08-21 16:00:00,0,39.4,25.0,7.4,2560.1775000000002
2015-08-21 17:00:00,0,40.0,23.0,20.4,2619.3900000000003
2015-08-21 18:00:00,0,40.6,20.0,20.4,2559.370000000001
2015-08-21 19:00:00,0,40.0,20.0,25.9,2573.2500000000005
2015-08-21 20:00:00,0,39.4,22.0,24.1,2554.7400000000002
2015-08-21 21:00:00,0,37.8,25.0,22.2,2447.9100000000003
2015-08-21 22:00:00,0,37.2,26.0,20.4,2424.96
2015-08-21 23:00:00,0,35.6,30.0,16.7,2401.2200000000003
2015-08-22 00:00:00,0,35.0,31.0,18.5,2306.7899999999995
2015-08-22 01:00:00,0,34.4,33.0,25.9,2263.9199999999996
2015-08-22 02:00:00,0,33.9,37.0,25.9,2173.6
2015-08-22 03:00:00,0,32.8,41.0,22.2,2100.2899999999995
2015-08-22 04:00:00,0,32.2,43.0,11.1,2047.8399999999997
2015-08-22 05:00:00,0,31.7,46.0,7.4,2010.89
2015-08-22 06:00:00,0,31.1,48.0,5.6,1992.4699999999998
2015-08-22 07:00:00,0,31.1,48.0,7.4,1978.9599999999998
2015-08-22 08:00:00,0,32.2,43.0,5.6,2004.3900000000006
2015-08-22 09:00:00,0,33.3,41.0,7.4,2041.8999999999999
2015-08-22 10:00:00,0,34.4,36.0,9.3,2152.92
2015-08-22 11:00:00,0,36.7,33.0,11.1,2295.7599999999998
2015-08-22 12:00:00,0,36.1,31.0,5.6,2391.2799999999997
2015-08-22 13:00:00,0,37.8,28.0,11.1,2490.1000000000004
2015-08-22 14:00:00,0,38.9,25.0,9.3,2532.9500000000003
2015-08-22 15:00:00,0,39.4,23.0,9.3,2516.38
2015-08-22 16:00:00,0,40.6,21.0,13.0,2517.0400000000004
2015-08-22 17:00:00,0,40.0,21.0,13.0,2532.1099999999997
2015-08-22 18:00:00,0,40.0,21.0,18.5,2512.1
2015-08-22 19:00:00,0,39.4,19.0,13.0,2561.32
2015-08-22 20:00:00,0,38.9,20.0,13.0,2551.47
2015-08-22 21:00:00,0,38.3,22.0,11.1,2521.2475
2015-08-22 22:00:00,0,35.6,28.0,14.8,2426.8599999999997
2015-08-22 23:00:00,0,35.0,31.0,13.0,2359.71
2015-08-23 00:00:00,0,33.3,37.0,11.1,2303.7000000000003
2015-08-23 01:00:00,0,33.3,35.0,14.8,2227.12
2015-08-23 02:00:00,0,32.2,40.0,13.0,2145.07
2015-08-23 03:00:00,0,31.7,40.0,11.1,2073.61
2015-08-23 04:00:00,0,31.1,42.0,7.4,2002.0
2015-08-23 05:00:00,0,30.6,43.0,9.3,1965.72
2015-08-23 06:00:00,0,30.6,44.0,7.4,1940.4
2015-08-23 07:00:00,0,30.6,44.0,9.3,1936.8
2015-08-23 08:00:00,0,31.7,42.0,7.4,1966.8200000000002
2015-08-23 09:00:00,0,34.4,36.0,0.0,2031.64
2015-08-23 10:00:00,0,34.4,35.0,0.0,2149.9
2015-08-23 11:00:00,0,36.7,29.0,0.0,2205.6900000000005
2015-08-23 12:00:00,0,37.8,28.0,13.0,2371.3900000000003
2015-08-23 13:00:00,0,39.4,24.0,0.0,2443.1400000000003
2015-08-23 14:00:00,0,40.6,22.0,7.4,2476.1149999999993
2015-08-23 15:00:00,0,40.6,20.0,9.3,2588.25
2015-08-23 16:00:00,0,41.7,19.0,13.0,2618.709999999999
2015-08-23 17:00:00,0,40.6,20.0,20.4,2632.8025000000002
2015-08-23 18:00:00,0,41.1,19.0,9.3,2651.15
2015-08-23 19:00:00,0,39.4,20.0,13.0,2702.5700000000006
2015-08-23 20:00:00,0,38.9,22.0,7.4,2764.49
2015-08-23 21:00:00,0,36.7,24.0,18.5,2771.73
2015-08-23 22:00:00,0,33.9,38.0,20.4,2663.8075000000003
2015-08-23 23:00:00,0,33.3,41.0,24.1,2533.42
2015-08-24 00:00:00,0,32.8,42.0,13.0,2345.75
2015-08-24 01:00:00,0,32.8,41.0,11.1,2169.99
2015-08-24 02:00:00,0,32.2,42.0,13.0,2051.49
2015-08-24 03:00:00,0,32.2,38.0,13.0,1972.1999999999996
2015-08-24 04:00:00,0,31.1,43.0,9.3,1957.9299999999996
2015-08-24 05:00:00,0,31.7,40.0,9.3,1956.3099999999997
2015-08-24 06:00:00,0,31.1,40.0,9.3,1996.21
2015-08-24 07:00:00,0,31.7,40.0,14.8,2044.4299999999996
2015-08-24 08:00:00,0,32.8,35.0,13.0,2137.88
2015-08-24 09:00:00,0,33.9,32.0,9.3,2159.6900000000005
2015-08-24 10:00:00,0,35.6,28.0,18.5,2259.2425000000003
2015-08-24 11:00:00,0,36.7,27.0,14.8,2347.3525
2015-08-24 12:00:00,0,37.8,25.0,16.7,2384.96
2015-08-24 13:00:00,0,39.4,23.0,7.4,2414.5800000000004
2015-08-24 14:00:00,0,41.1,20.0,13.0,2449.17
2015-08-24 15:00:00,0,41.1,19.0,11.1,2453.6399999999994
2015-08-24 16:00:00,0,41.1,19.0,7.4,2507.95
2015-08-24 17:00:00,0,40.6,19.0,9.3,2565.6400000000003
2015-08-24 18:00:00,0,40.0,20.0,0.0,2604.3700000000003
2015-08-24 19:00:00,0,40.0,20.0,11.1,2665.79
2015-08-24 20:00:00,0,38.9,20.0,16.7,2731.94
2015-08-24 21:00:00,0,36.1,28.0,9.3,2727.1500000000005
2015-08-24 22:00:00,0,36.7,23.0,16.7,2698.505
2015-08-24 23:00:00,0,35.6,25.0,7.4,2558.21
2015-08-25 00:00:00,0,35.0,27.0,5.6,2350.3900000000003
2015-08-25 01:00:00,0,31.7,42.0,13.0,2163.78
2015-08-25 02:00:00,0,30.0,57.0,22.2,2053.24
2015-08-25 03:00:00,0,32.2,42.0,20.4,1978.42
2015-08-25 04:00:00,0,28.9,63.0,11.1,1959.1399999999999
2015-08-25 05:00:00,0,28.9,61.0,13.0,1966.3799999999999
2015-08-25 06:00:00,0,28.9,61.0,7.4,2004.3000000000004
2015-08-25 07:00:00,0,30.0,55.0,7.4,2052.4500000000003
2015-08-25 08:00:00,0,30.6,53.0,5.6,2138.87
2015-08-25 09:00:00,0,32.2,45.0,0.0,2170.5400000000004
2015-08-25 10:00:00,0,32.2,42.0,5.6,2263.7999999999997
2015-08-25 11:00:00,0,33.3,39.0,5.6,2317.78
2015-08-25 12:00:00,0,33.3,39.0,0.0,2342.7850000000008
2015-08-25 13:00:00,0,35.0,33.0,9.3,2333.7200000000003
2015-08-25 14:00:00,0,36.7,30.0,13.0,2394.36
2015-08-25 15:00:00,0,36.7,29.0,11.1,2450.0600000000004
2015-08-25 16:00:00,0,37.2,28.0,13.0,2480.77
2015-08-25 17:00:00,0,36.7,29.0,14.8,2563.0299999999997
2015-08-25 18:00:00,0,31.1,53.0,35.2,2614.06
2015-08-25 19:00:00,0,30.0,65.0,9.3,2651.2899999999995
2015-08-25 20:00:00,0,29.4,65.0,11.1,2699.7000000000003
2015-08-25 21:00:00,0,29.4,67.0,14.8,2747.52
2015-08-25 22:00:00,0,30.0,59.0,14.8,2675.7799999999997
2015-08-25 23:00:00,0,29.4,61.0,13.0,2528.3599999999997
2015-08-26 00:00:00,0,30.6,49.0,18.5,2307.640000000001
2015-08-26 01:00:00,0,30.0,53.0,11.1,2111.87
2015-08-26 02:00:00,0,30.0,49.0,9.3,1990.77
2015-08-26 03:00:00,0,29.4,51.0,9.3,1939.0599999999997
2015-08-26 04:00:00,0,28.9,53.0,7.4,1901.6199999999997
2015-08-26 05:00:00,0,29.4,49.0,13.0,1912.3499999999997
2015-08-26 06:00:00,0,29.4,49.0,11.1,1961.4199999999998
2015-08-26 07:00:00,0,29.4,49.0,13.0,2011.3600000000001
2015-08-26 08:00:00,0,30.6,46.0,11.1,2094.75
2015-08-26 09:00:00,0,32.8,39.0,13.0,2132.4500000000003
2015-08-26 10:00:00,0,33.3,38.0,7.4,2220.93
2015-08-26 11:00:00,0,35.6,32.0,9.3,2297.2200000000003
2015-08-26 12:00:00,0,36.7,30.0,9.3,2332.37
2015-08-26 13:00:00,0,37.8,29.0,11.1,2369.44
2015-08-26 14:00:00,0,38.9,26.0,9.3,2389.23
2015-08-26 15:00:00,0,40.0,21.0,7.4,2384.0800000000004
2015-08-26 16:00:00,0,39.4,23.0,9.3,2434.68
2015-08-26 17:00:00,0,40.0,22.0,7.4,2499.14
2015-08-26 18:00:00,0,39.4,22.0,14.8,2534.2200000000003
2015-08-26 19:00:00,0,38.9,21.0,16.7,2620.1800000000003
2015-08-26 20:00:00,0,38.3,22.0,9.3,2700.0299999999997
2015-08-26 21:00:00,0,37.2,25.0,5.6,2731.5700000000006
2015-08-26 22:00:00,0,36.7,26.0,13.0,2674.86
2015-08-26 23:00:00,0,34.4,33.0,16.7,2584.53
2015-08-27 00:00:00,0,33.9,33.0,7.4,2401.52
2015-08-27 01:00:00,0,33.3,34.0,11.1,2209.5999999999995
2015-08-27 02:00:00,0,32.8,36.0,7.4,2037.6399999999999
2015-08-27 03:00:00,0,32.2,38.0,14.8,1959.11
2015-08-27 04:00:00,0,31.7,39.0,11.1,1944.32
2015-08-27 05:00:00,0,31.1,42.0,11.1,1941.6400000000003
2015-08-27 06:00:00,0,30.6,44.0,13.0,1988.7599999999998
2015-08-27 07:00:00,0,31.1,43.0,9.3,2046.4800000000002
2015-08-27 08:00:00,0,32.2,40.0,7.4,2125.77
2015-08-27 09:00:00,0,34.4,33.0,11.1,2158.2000000000003
2015-08-27 10:00:00,0,35.6,30.0,7.4,2243.33
2015-08-27 11:00:00,0,37.8,27.0,9.3,2286.6100000000006
2015-08-27 12:00:00,0,40.6,23.0,7.4,2357.9199999999996
2015-08-27 13:00:00,0,40.6,23.0,13.0,2431.46
2015-08-27 14:00:00,0,41.1,20.0,20.4,2450.51
2015-08-27 15:00:00,0,41.7,19.0,11.1,2495.9299999999994
2015-08-27 16:00:00,0,41.1,19.0,18.5,2556.17
2015-08-27 17:00:00,0,27.8,69.0,37.0,2601.2800000000007
2015-08-27 18:00:00,0,28.9,65.0,13.0,2595.89
2015-08-27 19:00:00,0,31.7,46.0,5.6,2619.67
2015-08-27 20:00:00,0,31.1,61.0,0.0,2635.6075
2015-08-27 21:00:00,0,31.7,52.0,5.6,2621.41
2015-08-27 22:00:00,0,30.6,57.0,7.4,2573.9300000000003
2015-08-27 23:00:00,0,30.0,67.0,7.4,2482.9099999999994
2015-08-28 00:00:00,0,29.4,65.0,9.3,2329.08
2015-08-28 01:00:00,0,30.6,55.0,9.3,2184.2499999999995
2015-08-28 02:00:00,0,28.9,58.0,7.4,2036.4099999999999
2015-08-28 03:00:00,0,28.3,56.0,9.3,1933.08
2015-08-28 04:00:00,0,28.3,56.0,9.3,1891.0700000000002
2015-08-28 05:00:00,0,27.8,58.0,7.4,1908.44
2015-08-28 06:00:00,0,27.8,56.0,9.3,1946.4299999999998
2015-08-28 07:00:00,0,28.3,56.0,9.3,1965.4099999999999
2015-08-28 08:00:00,0,30.0,49.0,11.1,2034.3000000000002
2015-08-28 09:00:00,0,31.7,43.0,11.1,2113.28
2015-08-28 10:00:00,0,33.3,37.0,11.1,2218.3900000000003
2015-08-28 11:00:00,0,36.1,30.0,0.0,2361.81
2015-08-28 12:00:00,0,36.7,27.0,0.0,2390.8900000000003
2015-08-28 13:00:00,0,38.3,24.0,9.3,2480.9999999999995
2015-08-28 14:00:00,0,40.0,20.0,7.4,2527.2899999999995
2015-08-28 15:00:00,0,41.7,17.0,7.4,2554.61
2015-08-28 16:00:00,0,42.2,15.0,0.0,2579.1600000000003
2015-08-28 17:00:00,0,41.7,16.0,7.4,2664.3574999999996
2015-08-28 18:00:00,0,41.1,15.0,16.7,2603.6400000000003
2015-08-28 19:00:00,0,40.6,16.0,14.8,2598.16
2015-08-28 20:00:00,0,39.4,18.0,9.3,2560.1299999999997
2015-08-28 21:00:00,0,37.2,24.0,5.6,2532.11
2015-08-28 22:00:00,0,37.2,24.0,0.0,2511.07
2015-08-28 23:00:00,0,35.6,32.0,0.0,2427.7799999999997
2015-08-29 00:00:00,0,35.6,31.0,0.0,2378.19
2015-08-29 01:00:00,0,35.0,30.0,0.0,2293.1
2015-08-29 02:00:00,0,33.3,44.0,9.3,2187.52
2015-08-29 03:00:00,0,32.8,38.0,5.6,2090.9399999999996
2015-08-29 04:00:00,0,31.7,40.0,9.3,2012.9400000000003
2015-08-29 05:00:00,0,31.1,42.0,11.1,1975.3899999999999
2015-08-29 06:00:00,0,30.6,37.0,9.3,1933.38
2015-08-29 07:00:00,0,31.1,35.0,11.1,1957.66
2015-08-29 08:00:00,0,32.2,34.0,13.0,2000.8500000000001
2015-08-29 09:00:00,0,34.4,31.0,14.8,2037.2200000000003
2015-08-29 10:00:00,0,36.7,28.0,14.8,2162.24
2015-08-29 11:00:00,0,38.3,25.0,11.1,2243.1950000000006
2015-08-29 12:00:00,0,40.0,22.0,11.1,2365.27
2015-08-29 13:00:00,0,40.6,20.0,9.3,2465.5975
2015-08-29 14:00:00,0,42.8,18.0,0.0,2535.8499999999995
2015-08-29 15:00:00,0,42.8,16.0,7.4,2574.54
2015-08-29 16:00:00,0,43.3,16.0,13.0,2592.7
2015-08-29 17:00:00,0,43.9,15.0,14.8,2626.6
2015-08-29 18:00:00,0,42.2,17.0,7.4,2611.0000000000005
2015-08-29 19:00:00,0,42.2,16.0,13.0,2615.100000000001
2015-08-29 20:00:00,0,39.4,21.0,7.4,2599.65
2015-08-29 21:00:00,0,27.8,67.0,20.4,2560.0899999999997
2015-08-29 22:00:00,0,30.6,53.0,13.0,2512.2500000000005
2015-08-29 23:00:00,0,30.0,59.0,13.0,2437.6974999999998
2015-08-30 00:00:00,0,30.0,57.0,7.4,2339.98
2015-08-30 01:00:00,0,30.0,57.0,9.3,2253.29
2015-08-30 02:00:00,0,30.0,57.0,14.8,2160.5800000000004
2015-08-30 03:00:00,0,29.4,59.0,13.0,2088.6400000000003
2015-08-30 04:00:00,0,29.4,55.0,9.3,2021.7700000000002
2015-08-30 05:00:00,0,28.9,61.0,14.8,1984.4300000000003
2015-08-30 06:00:00,0,28.3,63.0,9.3,1943.6000000000001
2015-08-30 07:00:00,0,28.9,56.0,11.1,1951.19
2015-08-30 08:00:00,0,31.7,46.0,11.1,2006.29
2015-08-30 09:00:00,0,33.3,42.0,13.0,2058.87
2015-08-30 10:00:00,0,35.0,31.0,11.1,2123.53
2015-08-30 11:00:00,0,37.2,28.0,14.8,2248.9800000000005
2015-08-30 12:00:00,0,37.8,24.0,9.3,2343.79
2015-08-30 13:00:00,0,40.6,20.0,13.0,2467.07
2015-08-30 14:00:00,0,39.4,22.0,5.6,2553.7300000000005
2015-08-30 15:00:00,0,41.1,20.0,13.0,2588.82
2015-08-30 16:00:00,0,40.6,20.0,5.6,2599.76
2015-08-30 17:00:00,0,41.7,19.0,13.0,2663.1800000000003
2015-08-30 18:00:00,0,40.6,20.0,7.4,2662.43
2015-08-30 19:00:00,0,34.4,38.0,37.0,2726.7000000000003
2015-08-30 20:00:00,0,33.9,33.0,24.1,2766.5775
2015-08-30 21:00:00,0,35.0,27.0,16.7,2773.36
2015-08-30 22:00:00,0,32.8,41.0,11.1,2754.425
2015-08-30 23:00:00,0,33.3,37.0,18.5,2625.7425000000003
2015-08-31 00:00:00,0,32.8,41.0,20.4,2429.175
2015-08-31 01:00:00,0,31.7,45.0,13.0,2239.17
2015-08-31 02:00:00,0,31.1,46.0,9.3,2108.42
2015-08-31 03:00:00,0,31.7,43.0,9.3,2018.6
2015-08-31 04:00:00,0,30.6,48.0,13.0,1985.77
2015-08-31 05:00:00,0,30.0,51.0,11.1,2010.01
2015-08-31 06:00:00,0,30.0,49.0,11.1,2025.3300000000002
2015-08-31 07:00:00,0,30.6,48.0,11.1,2081.41
2015-08-31 08:00:00,0,32.2,43.0,14.8,2162.3599999999997
2015-08-31 09:00:00,0,33.3,39.0,13.0,2206.46
2015-08-31 10:00:00,0,35.0,36.0,14.8,2312.2999999999997
2015-08-31 11:00:00,0,36.1,32.0,13.0,2364.69
2015-08-31 12:00:00,0,37.8,29.0,11.1,2421.46
2015-08-31 13:00:00,0,38.9,24.0,5.6,2430.9800000000005
2015-08-31 14:00:00,0,40.0,21.0,20.4,2457.82
2015-08-31 15:00:00,0,40.6,20.0,14.8,2477.5300000000007
2015-08-31 16:00:00,0,40.6,21.0,11.1,2489.35
2015-08-31 17:00:00,0,40.0,21.0,9.3,2600.14
2015-08-31 18:00:00,0,40.0,22.0,7.4,2653.1900000000005
2015-08-31 19:00:00,0,39.4,22.0,13.0,2736.4100000000003
2015-08-31 20:00:00,0,25.6,71.0,48.2,2111.93
2015-08-31 21:00:00,0,28.0,66.0,20.4,2598.035
2015-08-31 22:00:00,0,28.0,66.0,16.7,2591.1549999999997
2015-08-31 23:00:00,0,28.0,66.0,16.7,2479.115
2015-09-01 00:00:00,0,28.0,66.0,16.7,2319.1325
2015-09-01 01:00:00,0,22.8,26.0,9.3,2304.8849999999998
2015-09-01 02:00:00,0,22.8,26.0,9.3,2126.83
2015-09-01 03:00:00,0,26.9,61.0,11.1,2028.9775
2015-09-01 04:00:00,0,26.9,61.0,11.1,1980.6475000000003
2015-09-01 05:00:00,0,26.9,61.0,11.1,1947.1100000000001
2015-09-01 06:00:00,0,26.1,66.0,5.6,2014.2800000000002
2015-09-01 07:00:00,0,26.7,69.0,0.0,2074.08
2015-09-01 08:00:00,0,28.3,53.0,0.0,2126.58
2015-09-01 09:00:00,0,28.9,53.0,7.4,2141.8900000000003
2015-09-01 10:00:00,0,30.6,46.0,16.7,2182.55
2015-09-01 11:00:00,0,32.2,42.0,14.8,2306.44
2015-09-01 12:00:00,0,32.8,41.0,7.4,2322.54
2015-09-01 13:00:00,0,35.0,37.0,13.0,2372.99
2015-09-01 14:00:00,0,36.1,32.0,13.0,2418.33
2015-09-01 15:00:00,0,36.1,31.0,11.1,2419.71
2015-09-01 16:00:00,0,37.2,28.0,7.4,2466.1600000000003
2015-09-01 17:00:00,0,36.1,28.0,0.0,2531.96
2015-09-01 18:00:00,0,36.7,27.0,9.3,2584.4300000000003
2015-09-01 19:00:00,0,36.1,28.0,7.4,2640.9800000000005
2015-09-01 20:00:00,0,35.6,29.0,13.0,2700.4900000000002
2015-09-01 21:00:00,0,35.0,30.0,11.1,2683.23
2015-09-01 22:00:00,0,33.9,36.0,7.4,2645.0599999999995
2015-09-01 23:00:00,0,32.2,43.0,0.0,2524.57
2015-09-02 00:00:00,0,32.2,43.0,5.6,2372.38
2015-09-02 01:00:00,0,32.2,40.0,0.0,2038.2499999999998
2015-09-02 02:00:00,0,32.8,38.0,7.4,1888.62
2015-09-02 03:00:00,0,31.7,43.0,13.0,1818.33
2015-09-02 04:00:00,0,30.0,53.0,9.3,1764.7099999999998
2015-09-02 05:00:00,0,30.6,49.0,11.1,1773.9499999999998
2015-09-02 06:00:00,0,28.9,58.0,9.3,1830.2799999999997
2015-09-02 07:00:00,0,29.4,51.0,9.3,1882.0499999999997
2015-09-02 08:00:00,0,30.0,41.0,9.3,1949.84
2015-09-02 09:00:00,0,30.6,40.0,5.6,2000.7199999999998
2015-09-02 10:00:00,0,31.1,39.0,7.4,2189.86
2015-09-02 11:00:00,0,32.8,34.0,9.3,2243.19
2015-09-02 12:00:00,0,35.0,27.0,5.6,2198.6099999999997
2015-09-02 13:00:00,0,35.6,22.0,11.1,2472.5699999999997
2015-09-02 14:00:00,0,37.2,18.0,0.0,2438.95
2015-09-02 15:00:00,0,37.2,20.0,11.1,2388.2799999999993
2015-09-02 16:00:00,0,37.8,18.0,14.8,2435.79
2015-09-02 17:00:00,0,37.8,18.0,18.5,2478.33
2015-09-02 18:00:00,0,37.2,18.0,20.4,2520.79
2015-09-02 19:00:00,0,36.7,19.0,14.8,2635.37
2015-09-02 20:00:00,0,36.1,20.0,11.1,2644.7200000000003
2015-09-02 21:00:00,0,34.4,25.0,9.3,2616.5299999999997
2015-09-02 22:00:00,0,33.3,27.0,7.4,2601.18
2015-09-02 23:00:00,0,31.7,36.0,7.4,2528.2300000000005
2015-09-03 00:00:00,0,32.2,29.0,0.0,2355.8599999999997
2015-09-03 01:00:00,0,30.6,41.0,9.3,2159.33
2015-09-03 02:00:00,0,30.6,37.0,7.4,1987.0100000000002
2015-09-03 03:00:00,0,28.3,44.0,0.0,1910.46
2015-09-03 04:00:00,0,29.4,37.0,7.4,1887.0600000000004
2015-09-03 05:00:00,0,28.9,37.0,9.3,1874.4700000000003
2015-09-03 06:00:00,0,28.3,41.0,9.3,1928.17
2015-09-03 07:00:00,0,28.9,43.0,7.4,1987.68
2015-09-03 08:00:00,0,30.0,43.0,13.0,2085.1
2015-09-03 09:00:00,0,31.1,36.0,7.4,2132.88
2015-09-03 10:00:00,0,32.8,32.0,11.1,2193.31
2015-09-03 11:00:00,0,34.4,28.0,9.3,2284.67
2015-09-03 12:00:00,0,35.0,25.0,7.4,2322.8799999999997
2015-09-03 13:00:00,0,36.7,15.0,9.3,2397.7599999999993
2015-09-03 14:00:00,0,37.2,19.0,16.7,2444.3799999999997
2015-09-03 15:00:00,0,33.9,38.0,27.8,2416.11
2015-09-03 16:00:00,0,35.0,33.0,22.2,2439.62
2015-09-03 17:00:00,0,35.0,26.0,24.1,2519.28
2015-09-03 18:00:00,0,26.7,64.0,44.4,2516.1400000000003
2015-09-03 19:00:00,0,26.1,64.0,40.7,2569.43
2015-09-03 20:00:00,0,25.0,69.0,18.5,2589.78
2015-09-03 21:00:00,0,25.6,62.0,13.0,2575.8700000000003
2015-09-03 22:00:00,0,25.6,64.0,20.4,2551.08
2015-09-03 23:00:00,0,25.6,64.0,11.1,2423.2900000000004
2015-09-04 00:00:00,0,25.6,66.0,11.1,2280.59
2015-09-04 01:00:00,0,26.1,62.0,0.0,2144.8700000000003
2015-09-04 02:00:00,0,26.1,62.0,5.6,2019.05
2015-09-04 03:00:00,0,25.6,62.0,5.6,1933.73
2015-09-04 04:00:00,0,25.6,62.0,5.6,1873.61
2015-09-04 05:00:00,0,25.0,64.0,9.3,1864.39
2015-09-04 06:00:00,0,25.0,66.0,9.3,1887.35
2015-09-04 07:00:00,0,25.0,66.0,11.1,1911.76
2015-09-04 08:00:00,0,26.1,62.0,9.3,1988.9099999999999
2015-09-04 09:00:00,0,28.3,51.0,16.7,2059.49
2015-09-04 10:00:00,0,30.6,44.0,13.0,2186.5499999999997
2015-09-04 11:00:00,0,31.7,40.0,16.7,2320.4399999999996
2015-09-04 12:00:00,0,32.8,38.0,11.1,2354.8399999999997
2015-09-04 13:00:00,0,33.9,33.0,11.1,2408.1400000000003
2015-09-04 14:00:00,0,35.0,32.0,18.5,2441.52
2015-09-04 15:00:00,0,35.6,28.0,7.4,2515.67
2015-09-04 16:00:00,0,34.4,30.0,18.5,2509.0700000000006
2015-09-04 17:00:00,0,33.9,31.0,18.5,2498.52
2015-09-04 18:00:00,0,33.9,31.0,18.5,2540.79
2015-09-04 19:00:00,0,33.3,32.0,13.0,2510.33
2015-09-04 20:00:00,0,32.2,39.0,20.4,2441.2
2015-09-04 21:00:00,0,31.1,37.0,0.0,2443.8100000000004
2015-09-04 22:00:00,0,30.6,41.0,11.1,2401.67
2015-09-04 23:00:00,0,29.4,48.0,11.1,2302.4599999999996
2015-09-05 00:00:00,0,28.3,53.0,20.4,2244.99
2015-09-05 01:00:00,0,28.3,54.0,11.1,2182.5899999999992
2015-09-05 02:00:00,0,28.3,54.0,11.1,2074.9300000000003
2015-09-05 03:00:00,0,27.8,58.0,9.3,1973.9499999999998
2015-09-05 04:00:00,0,27.8,58.0,9.3,1916.2800000000002
2015-09-05 05:00:00,0,27.2,60.0,5.6,1893.8199999999997
2015-09-05 06:00:00,0,27.2,60.0,5.6,1869.1399999999999
2015-09-05 07:00:00,0,27.8,60.0,9.3,1898.35
2015-09-05 08:00:00,0,27.8,60.0,9.3,1942.5900000000001
2015-09-05 09:00:00,0,28.9,55.0,13.0,1960.48
2015-09-05 10:00:00,0,29.4,53.0,18.5,2041.9099999999999
2015-09-05 11:00:00,0,30.0,51.0,18.5,2139.78
2015-09-05 12:00:00,0,31.7,45.0,25.9,2233.87
2015-09-05 13:00:00,0,32.8,41.0,13.0,2304.85
2015-09-05 14:00:00,0,33.9,36.0,20.4,2337.49
2015-09-05 15:00:00,0,33.9,37.0,13.0,2345.5800000000004
2015-09-05 16:00:00,0,34.4,33.0,22.2,2300.3799999999997
2015-09-05 17:00:00,0,33.9,33.0,18.5,2275.9900000000002
2015-09-05 18:00:00,0,33.3,35.0,18.5,2292.9900000000002
2015-09-05 19:00:00,0,32.8,36.0,11.1,2310.1899999999996
2015-09-05 20:00:00,0,32.2,39.0,13.0,2293.96
2015-09-05 21:00:00,0,31.7,39.0,16.7,2281.35
2015-09-05 22:00:00,0,31.7,42.0,13.0,2281.6
2015-09-05 23:00:00,0,30.6,46.0,11.1,2255.8
2015-09-06 00:00:00,0,30.6,46.0,11.1,2199.24
2015-09-06 01:00:00,0,30.0,48.0,14.8,2109.58
2015-09-06 02:00:00,0,30.0,46.0,11.1,2019.3400000000001
2015-09-06 03:00:00,0,29.4,49.0,9.3,1953.3
2015-09-06 04:00:00,0,29.4,48.0,11.1,1905.9999999999998
2015-09-06 05:00:00,0,28.9,51.0,14.8,1878.44
2015-09-06 06:00:00,0,28.3,54.0,9.3,1853.1000000000001
2015-09-06 07:00:00,0,28.9,53.0,7.4,1878.9399999999998
2015-09-06 08:00:00,0,30.0,46.0,7.4,1888.3899999999999
2015-09-06 09:00:00,0,31.7,40.0,9.3,1941.2399999999998
2015-09-06 10:00:00,0,33.3,35.0,0.0,2034.3300000000002
2015-09-06 11:00:00,0,35.0,31.0,7.4,2112.8500000000004
2015-09-06 12:00:00,0,35.6,30.0,0.0,2161.53
2015-09-06 13:00:00,0,36.7,27.0,9.3,2276.79
2015-09-06 14:00:00,0,37.2,25.0,5.6,2317.48
2015-09-06 15:00:00,0,37.2,25.0,9.3,2325.8400000000006
2015-09-06 16:00:00,0,38.3,23.0,5.6,2384.1
2015-09-06 17:00:00,0,38.9,21.0,0.0,2433.92
2015-09-06 18:00:00,0,38.3,22.0,7.4,2472.83
2015-09-06 19:00:00,0,37.2,25.0,16.7,2530.68
2015-09-06 20:00:00,0,36.7,25.0,11.1,2482.9
2015-09-06 21:00:00,0,36.7,24.0,7.4,2349.85
2015-09-06 22:00:00,0,36.1,25.0,5.6,2264.35
2015-09-06 23:00:00,0,33.3,37.0,7.4,2227.52
2015-09-07 00:00:00,1,33.3,38.0,5.6,2158.04
2015-09-07 01:00:00,1,35.0,29.0,7.4,2054.11
2015-09-07 02:00:00,1,33.9,32.0,0.0,1958.23
2015-09-07 03:00:00,1,32.2,39.0,7.4,1904.0
2015-09-07 04:00:00,1,31.1,39.0,9.3,1833.19
2015-09-07 05:00:00,1,31.1,36.0,7.4,1811.9199999999996
2015-09-07 06:00:00,1,30.0,43.0,11.1,1829.0200000000002
2015-09-07 07:00:00,1,30.0,43.0,13.0,1851.6999999999998
2015-09-07 08:00:00,1,30.6,40.0,11.1,1876.0
2015-09-07 09:00:00,1,31.7,38.0,14.8,1994.1299999999999
2015-09-07 10:00:00,1,32.2,39.0,5.6,2202.3199999999997
2015-09-07 11:00:00,1,35.0,33.0,13.0,2292.9700000000003
2015-09-07 12:00:00,1,35.0,32.0,9.3,2375.9100000000003
2015-09-07 13:00:00,1,35.6,30.0,13.0,2500.2300000000005
2015-09-07 14:00:00,1,35.6,29.0,7.4,2468.96
2015-09-07 15:00:00,1,33.3,42.0,0.0,2363.21
2015-09-07 16:00:00,1,35.0,32.0,7.4,2393.5500000000006
2015-09-07 17:00:00,1,36.7,25.0,0.0,2396.7799999999997
2015-09-07 18:00:00,1,36.1,25.0,0.0,2630.4400000000005
2015-09-07 19:00:00,1,35.6,30.0,7.4,2684.42
2015-09-07 20:00:00,1,34.4,33.0,0.0,2590.4825000000005
2015-09-07 21:00:00,1,33.9,34.0,7.4,2682.29
2015-09-07 22:00:00,1,33.9,29.0,20.4,2633.9700000000003
2015-09-07 23:00:00,1,33.9,30.0,14.8,2529.45
2015-09-08 00:00:00,0,33.3,32.0,9.3,2285.11
2015-09-08 01:00:00,0,31.1,43.0,5.6,2032.3800000000003
2015-09-08 02:00:00,0,31.7,42.0,7.4,1897.5
2015-09-08 03:00:00,0,30.6,48.0,11.1,1818.0900000000001
2015-09-08 04:00:00,0,30.0,46.0,7.4,1774.3800000000003
2015-09-08 05:00:00,0,30.6,41.0,7.4,1754.2900000000002
2015-09-08 06:00:00,0,29.4,48.0,5.6,1835.9299999999998
2015-09-08 07:00:00,0,30.0,46.0,5.6,1856.92
2015-09-08 08:00:00,0,31.7,34.0,5.6,1975.5800000000004
2015-09-08 09:00:00,0,33.9,29.0,5.6,2006.2199999999998
2015-09-08 10:00:00,0,35.6,27.0,14.8,2110.95
2015-09-08 11:00:00,0,35.6,27.0,13.0,2162.85
2015-09-08 12:00:00,0,36.7,25.0,16.7,2333.9799999999996
2015-09-08 13:00:00,0,38.3,22.0,13.0,2486.6600000000003
2015-09-08 14:00:00,0,39.4,20.0,9.3,2483.21
2015-09-08 15:00:00,0,40.0,20.0,13.0,2436.43
2015-09-08 16:00:00,0,40.0,18.0,0.0,2485.5499999999997
2015-09-08 17:00:00,0,39.4,19.0,0.0,2566.65
2015-09-08 18:00:00,0,38.9,20.0,9.3,2572.0
2015-09-08 19:00:00,0,37.2,24.0,18.5,2652.97
2015-09-08 20:00:00,0,36.7,24.0,11.1,2735.705
2015-09-08 21:00:00,0,32.8,33.0,29.6,2636.2000000000003
2015-09-08 22:00:00,0,32.2,35.0,9.3,2631.3500000000004
2015-09-08 23:00:00,0,33.9,29.0,16.7,2583.81
2015-09-09 00:00:00,0,31.1,51.0,33.3,2442.0200000000004
2015-09-09 01:00:00,0,30.0,51.0,22.2,2247.91
2015-09-09 02:00:00,0,29.4,53.0,13.0,2112.68
2015-09-09 03:00:00,0,28.9,55.0,11.1,1988.19
2015-09-09 04:00:00,0,28.9,53.0,7.4,1942.99
2015-09-09 05:00:00,0,29.4,51.0,0.0,1952.8
2015-09-09 06:00:00,0,29.4,51.0,0.0,1989.73
2015-09-09 07:00:00,0,28.9,53.0,9.3,2031.23
2015-09-09 08:00:00,0,29.4,51.0,7.4,2102.07
2015-09-09 09:00:00,0,30.0,51.0,13.0,2159.8875
2015-09-09 10:00:00,0,30.6,48.0,7.4,2231.5225
2015-09-09 11:00:00,0,31.1,46.0,0.0,2316.8349999999996
2015-09-09 12:00:00,0,31.7,45.0,0.0,2331.8849999999998
2015-09-09 13:00:00,0,33.3,39.0,7.4,2385.56
2015-09-09 14:00:00,0,33.9,37.0,9.3,2412.5574999999994
2015-09-09 15:00:00,0,35.0,34.0,13.0,2428.4700000000003
2015-09-09 16:00:00,0,35.0,33.0,16.7,2433.43
2015-09-09 17:00:00,0,35.0,33.0,16.7,2500.0525000000002
2015-09-09 18:00:00,0,35.0,30.0,18.5,2545.7075000000004
2015-09-09 19:00:00,0,35.0,31.0,20.4,2633.295
2015-09-09 20:00:00,0,33.3,37.0,11.1,2649.3075
2015-09-09 21:00:00,0,32.8,39.0,11.1,2635.7975
2015-09-09 22:00:00,0,32.8,38.0,9.3,2593.9025
2015-09-09 23:00:00,0,32.8,36.0,9.3,2469.8300000000004
2015-09-10 00:00:00,0,32.8,36.0,9.3,2312.4325000000003
2015-09-10 01:00:00,0,31.7,39.0,7.4,2223.2775
2015-09-10 02:00:00,0,31.7,40.0,9.3,2003.66
2015-09-10 03:00:00,0,31.1,45.0,16.7,1947.8075000000001
2015-09-10 04:00:00,0,31.1,45.0,13.0,1887.8
2015-09-10 05:00:00,0,30.6,49.0,7.4,1921.5875
2015-09-10 06:00:00,0,30.0,53.0,18.5,1964.64
2015-09-10 07:00:00,0,29.4,57.0,0.0,1993.5
2015-09-10 08:00:00,0,29.4,59.0,13.0,2100.1225
2015-09-10 09:00:00,0,30.0,57.0,7.4,2097.4599999999996
2015-09-10 10:00:00,0,31.1,51.0,7.4,2186.0575000000003
2015-09-10 11:00:00,0,32.2,48.0,9.3,2269.335
2015-09-10 12:00:00,0,33.3,42.0,5.6,2280.0400000000004
2015-09-10 13:00:00,0,33.3,41.0,14.8,2397.0400000000004
2015-09-10 14:00:00,0,33.3,39.0,16.7,2405.9999999999995
2015-09-10 15:00:00,0,33.3,37.0,27.8,2382.88
2015-09-10 16:00:00,0,33.3,34.0,29.6,2438.59
2015-09-10 17:00:00,0,32.8,35.0,20.4,2477.8599999999997
2015-09-10 18:00:00,0,31.1,39.0,14.8,2501.2499999999995
2015-09-10 19:00:00,0,30.6,40.0,9.3,2544.8500000000004
2015-09-10 20:00:00,0,30.0,44.0,11.1,2617.19
2015-09-10 21:00:00,0,28.9,47.0,13.0,2572.0799999999995
2015-09-10 22:00:00,0,27.8,56.0,14.8,2507.15
2015-09-10 23:00:00,0,27.8,56.0,11.1,2381.29
2015-09-11 00:00:00,0,27.2,58.0,13.0,2264.0
2015-09-11 01:00:00,0,27.2,56.0,5.6,2106.72
2015-09-11 02:00:00,0,26.7,58.0,7.4,1991.42
2015-09-11 03:00:00,0,26.7,60.0,7.4,1895.58
2015-09-11 04:00:00,0,26.1,62.0,7.4,1850.1699999999996
2015-09-11 05:00:00,0,26.1,64.0,9.3,1840.08
2015-09-11 06:00:00,0,25.6,66.0,5.6,1897.88
2015-09-11 07:00:00,0,26.1,64.0,5.6,1923.97
2015-09-11 08:00:00,0,27.2,60.0,9.3,2006.1200000000001
2015-09-11 09:00:00,0,28.9,55.0,9.3,2057.23
2015-09-11 10:00:00,0,31.1,45.0,0.0,2166.48
2015-09-11 11:00:00,0,32.8,36.0,0.0,2274.7499999999995
2015-09-11 12:00:00,0,35.6,30.0,13.0,2290.7100000000005
2015-09-11 13:00:00,0,36.1,26.0,13.0,2328.62
2015-09-11 14:00:00,0,36.7,25.0,14.8,2438.3799999999997
2015-09-11 15:00:00,0,37.2,25.0,9.3,2465.855
2015-09-11 16:00:00,0,38.3,22.0,14.8,2493.5099999999998
2015-09-11 17:00:00,0,38.3,23.0,20.4,2501.9
2015-09-11 18:00:00,0,37.8,23.0,18.5,2470.8
2015-09-11 19:00:00,0,36.7,24.0,11.1,2543.067499999999
2015-09-11 20:00:00,0,36.1,26.0,7.4,2516.14
2015-09-11 21:00:00,0,34.4,31.0,9.3,2415.9800000000005
2015-09-11 22:00:00,0,34.4,31.0,9.3,2377.71
2015-09-11 23:00:00,0,34.4,31.0,7.4,2284.1099999999997
2015-09-12 00:00:00,0,33.9,32.0,9.3,2260.41
2015-09-12 01:00:00,0,32.8,41.0,11.1,2194.0099999999998
2015-09-12 02:00:00,0,32.2,39.0,11.1,2090.9700000000003
2015-09-12 03:00:00,0,31.1,43.0,9.3,2014.27
2015-09-12 04:00:00,0,30.6,41.0,9.3,1945.36
2015-09-12 05:00:00,0,30.0,43.0,5.6,1916.23
2015-09-12 06:00:00,0,28.3,51.0,7.4,1865.34
2015-09-12 07:00:00,0,28.9,46.0,7.4,1854.33
2015-09-12 08:00:00,0,30.6,41.0,9.3,1927.8400000000001
2015-09-12 09:00:00,0,32.2,38.0,0.0,2001.24
2015-09-12 10:00:00,0,34.4,31.0,0.0,2108.74
2015-09-12 11:00:00,0,35.6,28.0,5.6,2214.4300000000003
2015-09-12 12:00:00,0,37.2,25.0,0.0,2318.34
2015-09-12 13:00:00,0,40.0,21.0,11.1,2391.6400000000003
2015-09-12 14:00:00,0,39.4,21.0,11.1,2357.3700000000003
2015-09-12 15:00:00,0,40.6,18.0,7.4,2436.72
2015-09-12 16:00:00,0,40.0,19.0,5.6,2542.13
2015-09-12 17:00:00,0,40.6,19.0,11.1,2521.2099999999996
2015-09-12 18:00:00,0,40.0,20.0,13.0,2450.84
2015-09-12 19:00:00,0,38.9,21.0,13.0,2372.9000000000005
2015-09-12 20:00:00,0,37.2,25.0,5.6,2309.5799999999995
2015-09-12 21:00:00,0,35.0,31.0,24.1,2324.05
2015-09-12 22:00:00,0,33.9,29.0,27.8,2325.8900000000003
2015-09-12 23:00:00,0,33.3,29.0,14.8,2316.8300000000004
2015-09-13 00:00:00,0,32.8,29.0,5.6,2315.23
2015-09-13 01:00:00,0,33.3,27.0,0.0,2219.32
2015-09-13 02:00:00,0,33.3,31.0,0.0,2154.11
2015-09-13 03:00:00,0,31.1,36.0,11.1,2045.6299999999999
2015-09-13 04:00:00,0,32.2,34.0,7.4,1973.8800000000003
2015-09-13 05:00:00,0,30.6,39.0,9.3,1941.3199999999997
2015-09-13 06:00:00,0,30.0,41.0,9.3,1906.5800000000004
2015-09-13 07:00:00,0,30.6,41.0,9.3,1883.07
2015-09-13 08:00:00,0,30.6,43.0,9.3,1927.8600000000001
2015-09-13 09:00:00,0,32.8,36.0,9.3,1993.8000000000002
2015-09-13 10:00:00,0,35.0,30.0,9.3,2096.7200000000003
2015-09-13 11:00:00,0,36.1,27.0,9.3,2227.59
2015-09-13 12:00:00,0,37.2,25.0,13.0,2363.21
2015-09-13 13:00:00,0,37.2,24.0,14.8,2473.5299999999997
2015-09-13 14:00:00,0,38.9,21.0,16.7,2567.0199999999995
2015-09-13 15:00:00,0,38.9,19.0,11.1,2549.6300000000006
2015-09-13 16:00:00,0,39.4,18.0,20.4,2563.04
2015-09-13 17:00:00,0,38.9,18.0,14.8,2606.59
2015-09-13 18:00:00,0,38.3,20.0,11.1,2606.2499999999995
2015-09-13 19:00:00,0,37.8,21.0,11.1,2706.2
2015-09-13 20:00:00,0,33.9,32.0,33.3,2745.0474999999997
2015-09-13 21:00:00,0,31.7,39.0,20.4,2729.33
2015-09-13 22:00:00,0,26.1,69.0,20.4,2712.41
2015-09-13 23:00:00,0,26.1,69.0,7.4,2615.25
2015-09-14 00:00:00,0,26.1,72.0,14.8,2442.8700000000003
2015-09-14 01:00:00,0,26.1,72.0,13.0,2274.0400000000004
2015-09-14 02:00:00,0,24.4,85.0,13.0,2079.3
2015-09-14 03:00:00,0,25.0,79.0,11.1,1947.29
2015-09-14 04:00:00,0,24.4,79.0,11.1,1913.0299999999997
2015-09-14 05:00:00,0,25.0,71.0,5.6,1906.8200000000002
2015-09-14 06:00:00,0,25.0,69.0,5.6,1940.5
2015-09-14 07:00:00,0,25.6,68.0,5.6,1975.87
2015-09-14 08:00:00,0,26.1,69.0,16.7,2070.85
2015-09-14 09:00:00,0,27.2,65.0,16.7,2091.9
2015-09-14 10:00:00,0,28.9,56.0,13.0,2187.45
2015-09-14 11:00:00,0,30.6,48.0,13.0,2271.5499999999997
2015-09-14 12:00:00,0,33.3,39.0,14.8,2340.6200000000003
2015-09-14 13:00:00,0,34.4,37.0,13.0,2393.48
2015-09-14 14:00:00,0,35.6,33.0,9.3,2402.21
2015-09-14 15:00:00,0,36.1,29.0,5.6,2399.21
2015-09-14 16:00:00,0,36.1,28.0,7.4,2459.58
2015-09-14 17:00:00,0,36.1,30.0,9.3,2530.54
2015-09-14 18:00:00,0,35.0,33.0,13.0,2619.66
2015-09-14 19:00:00,0,33.3,41.0,5.6,2651.4
2015-09-14 20:00:00,0,26.1,66.0,16.7,2717.9500000000003
2015-09-14 21:00:00,0,27.2,74.0,9.3,2679.16
2015-09-14 22:00:00,0,26.7,71.0,13.0,2638.6100000000006
2015-09-14 23:00:00,0,26.7,71.0,16.7,2520.19
2015-09-15 00:00:00,0,26.1,74.0,7.4,2374.73
2015-09-15 01:00:00,0,26.7,74.0,7.4,2190.62
2015-09-15 02:00:00,0,27.2,69.0,0.0,2023.3500000000001
2015-09-15 03:00:00,0,27.8,65.0,9.3,1919.2100000000005
2015-09-15 04:00:00,0,27.2,65.0,9.3,1882.86
2015-09-15 05:00:00,0,27.2,62.0,18.5,1897.59
2015-09-15 06:00:00,0,26.7,64.0,16.7,1928.02
2015-09-15 07:00:00,0,26.1,66.0,14.8,1938.89
2015-09-15 08:00:00,0,27.8,60.0,13.0,2010.0600000000002
2015-09-15 09:00:00,0,29.4,51.0,11.1,2073.89
2015-09-15 10:00:00,0,31.7,39.0,11.1,2136.96
2015-09-15 11:00:00,0,32.8,34.0,7.4,2208.4100000000003
2015-09-15 12:00:00,0,33.3,34.0,13.0,2247.4
2015-09-15 13:00:00,0,34.4,31.0,16.7,2255.92
2015-09-15 14:00:00,0,34.4,27.0,14.8,2316.99
2015-09-15 15:00:00,0,34.4,27.0,11.1,2364.37
2015-09-15 16:00:00,0,35.6,25.0,9.3,2423.73
2015-09-15 17:00:00,0,35.0,27.0,13.0,2485.91
2015-09-15 18:00:00,0,35.0,27.0,7.4,2523.0200000000004
2015-09-15 19:00:00,0,33.9,30.0,7.4,2591.1200000000003
2015-09-15 20:00:00,0,33.3,33.0,9.3,2651.6499999999996
2015-09-15 21:00:00,0,32.8,35.0,7.4,2644.23
2015-09-15 22:00:00,0,31.7,30.0,13.0,2577.28
2015-09-15 23:00:00,0,30.6,33.0,0.0,2475.4799999999996
2015-09-16 00:00:00,0,30.0,31.0,11.1,2318.91
2015-09-16 01:00:00,0,28.9,32.0,11.1,2166.83
2015-09-16 02:00:00,0,28.3,36.0,9.3,1994.6100000000001
2015-09-16 03:00:00,0,26.7,45.0,14.8,1892.99
2015-09-16 04:00:00,0,26.7,47.0,9.3,1863.7
2015-09-16 05:00:00,0,26.1,52.0,11.1,1899.3600000000001
2015-09-16 06:00:00,0,25.6,56.0,11.1,1930.48
2015-09-16 07:00:00,0,26.1,54.0,13.0,1950.6
2015-09-16 08:00:00,0,27.8,51.0,16.7,2000.0900000000001
2015-09-16 09:00:00,0,29.4,46.0,24.1,2022.6
2015-09-16 10:00:00,0,31.1,40.0,18.5,2137.46
2015-09-16 11:00:00,0,32.8,35.0,24.1,2216.51
2015-09-16 12:00:00,0,34.4,30.0,22.2,2291.2799999999997
2015-09-16 13:00:00,0,34.4,29.0,14.8,2332.2799999999997
2015-09-16 14:00:00,0,35.6,26.0,18.5,2377.6299999999997
2015-09-16 15:00:00,0,35.0,26.0,0.0,2340.9399999999996
2015-09-16 16:00:00,0,35.6,24.0,9.3,2455.49
2015-09-16 17:00:00,0,36.1,23.0,16.7,2449.0200000000004
2015-09-16 18:00:00,0,35.6,24.0,14.8,2538.1
2015-09-16 19:00:00,0,34.4,26.0,11.1,2606.79
2015-09-16 20:00:00,0,34.4,25.0,14.8,2662.97
2015-09-16 21:00:00,0,31.7,31.0,9.3,2611.2899999999995
2015-09-16 22:00:00,0,31.7,28.0,11.1,2523.37
2015-09-16 23:00:00,0,31.1,30.0,11.1,2433.9900000000002
2015-09-17 00:00:00,0,30.6,31.0,0.0,1998.2299999999998
2015-09-17 01:00:00,0,29.4,33.0,0.0,2146.27
2015-09-17 02:00:00,0,28.3,39.0,0.0,2036.1499999999999
2015-09-17 03:00:00,0,27.2,45.0,9.3,1939.23
2015-09-17 04:00:00,0,26.1,48.0,5.6,1870.68
2015-09-17 05:00:00,0,25.6,48.0,11.1,1855.52
2015-09-17 06:00:00,0,25.0,52.0,11.1,1888.78
2015-09-17 07:00:00,0,25.6,46.0,11.1,1913.75
2015-09-17 08:00:00,0,26.7,43.0,13.0,2000.41
2015-09-17 09:00:00,0,28.9,37.0,7.4,2046.92
2015-09-17 10:00:00,0,30.6,35.0,11.1,2123.47
2015-09-17 11:00:00,0,32.8,28.0,11.1,2214.7999999999997
2015-09-17 12:00:00,0,33.3,25.0,0.0,2285.34
2015-09-17 13:00:00,0,34.4,23.0,5.6,2312.44
2015-09-17 14:00:00,0,33.9,24.0,0.0,2342.0599999999995
2015-09-17 15:00:00,0,35.6,22.0,0.0,2388.72
2015-09-17 16:00:00,0,36.7,20.0,13.0,2484.4399999999996
2015-09-17 17:00:00,0,35.6,22.0,16.7,2494.2999999999997
2015-09-17 18:00:00,0,35.0,22.0,13.0,2487.8700000000003
2015-09-17 19:00:00,0,33.9,25.0,16.7,2560.49
2015-09-17 20:00:00,0,33.9,24.0,9.3,2589.8199999999997
2015-09-17 21:00:00,0,33.3,26.0,7.4,2568.5899999999997
2015-09-17 22:00:00,0,31.1,31.0,0.0,2558.127499999999
2015-09-17 23:00:00,0,30.0,37.0,0.0,2451.2999999999997
2015-09-18 00:00:00,0,29.4,38.0,0.0,2315.865
2015-09-18 01:00:00,0,30.0,33.0,7.4,2211.3599999999997
2015-09-18 02:00:00,0,28.3,38.0,5.6,2050.4
2015-09-18 03:00:00,0,28.9,28.0,7.4,1929.4799999999998
2015-09-18 04:00:00,0,26.1,44.0,5.6,1873.8000000000002
2015-09-18 05:00:00,0,25.6,42.0,5.6,1873.34
2015-09-18 06:00:00,0,25.6,43.0,5.6,1910.8600000000001
2015-09-18 07:00:00,0,26.1,44.0,7.4,1910.5500000000002
2015-09-18 08:00:00,0,27.2,38.0,0.0,1980.6499999999996
2015-09-18 09:00:00,0,30.0,29.0,5.6,2065.42
2015-09-18 10:00:00,0,31.1,27.0,0.0,2129.96
2015-09-18 11:00:00,0,32.8,24.0,9.3,2253.6599999999994
2015-09-18 12:00:00,0,33.9,23.0,0.0,2324.33
2015-09-18 13:00:00,0,35.6,19.0,7.4,2361.66
2015-09-18 14:00:00,0,37.2,17.0,13.0,2417.74
2015-09-18 15:00:00,0,37.8,14.0,14.8,2462.57
2015-09-18 16:00:00,0,37.2,14.0,9.3,2492.31
2015-09-18 17:00:00,0,37.2,13.0,9.3,2506.87
2015-09-18 18:00:00,0,36.7,12.0,11.1,2408.43
2015-09-18 19:00:00,0,35.6,14.0,13.0,2382.93
2015-09-18 20:00:00,0,35.0,15.0,9.3,2369.2199999999993
2015-09-18 21:00:00,0,32.2,22.0,7.4,2294.25
2015-09-18 22:00:00,0,32.2,22.0,5.6,2296.3800000000006
2015-09-18 23:00:00,0,30.6,26.0,7.4,2260.69
2015-09-19 00:00:00,0,30.0,22.0,9.3,2230.0099999999998
2015-09-19 01:00:00,0,28.9,28.0,0.0,2147.9500000000003
2015-09-19 02:00:00,0,28.3,25.0,5.6,2049.0600000000004
2015-09-19 03:00:00,0,27.8,25.0,11.1,1974.68
2015-09-19 04:00:00,0,27.8,23.0,5.6,1883.6399999999999
2015-09-19 05:00:00,0,27.2,25.0,0.0,1860.4300000000003
2015-09-19 06:00:00,0,26.7,25.0,7.4,1829.1799999999996
2015-09-19 07:00:00,0,26.7,26.0,5.6,1815.4199999999998
2015-09-19 08:00:00,0,28.9,24.0,5.6,1825.8199999999997
2015-09-19 09:00:00,0,30.0,22.0,9.3,1900.9499999999996
2015-09-19 10:00:00,0,33.3,18.0,11.1,1986.1899999999998
2015-09-19 11:00:00,0,35.0,14.0,7.4,2101.09
2015-09-19 12:00:00,0,36.1,13.0,7.4,2196.52
2015-09-19 13:00:00,0,37.2,13.0,5.6,2276.3
2015-09-19 14:00:00,0,37.8,13.0,5.6,2364.97
2015-09-19 15:00:00,0,38.3,14.0,18.5,2422.3300000000004
2015-09-19 16:00:00,0,38.9,14.0,14.8,2494.17
2015-09-19 17:00:00,0,36.7,16.0,9.3,2474.39
2015-09-19 18:00:00,0,37.8,15.0,9.3,2483.83
2015-09-19 19:00:00,0,36.7,17.0,9.3,2500.8799999999997
2015-09-19 20:00:00,0,36.1,18.0,7.4,2444.9300000000003
2015-09-19 21:00:00,0,33.9,31.0,24.1,2425.4
2015-09-19 22:00:00,0,32.8,33.0,25.9,2379.78
2015-09-19 23:00:00,0,32.2,34.0,22.2,2355.8
2015-09-20 00:00:00,0,31.1,36.0,20.4,2274.93
2015-09-20 01:00:00,0,31.1,37.0,25.9,2213.92
2015-09-20 02:00:00,0,30.6,40.0,16.7,2115.99
2015-09-20 03:00:00,0,30.0,41.0,14.8,2026.8699999999997
2015-09-20 04:00:00,0,29.4,43.0,11.1,1974.58
2015-09-20 05:00:00,0,28.3,47.0,11.1,1924.8600000000001
2015-09-20 06:00:00,0,27.8,49.0,13.0,1888.9699999999998
2015-09-20 07:00:00,0,28.3,46.0,13.0,1893.8300000000004
2015-09-20 08:00:00,0,29.4,44.0,11.1,1917.83
2015-09-20 09:00:00,0,31.1,37.0,13.0,1986.1499999999999
2015-09-20 10:00:00,0,33.9,32.0,7.4,2068.51
2015-09-20 11:00:00,0,34.4,30.0,7.4,2200.2499999999995
2015-09-20 12:00:00,0,36.7,24.0,11.1,2254.6200000000003
2015-09-20 13:00:00,0,36.1,24.0,9.3,2394.9299999999994
2015-09-20 14:00:00,0,37.2,22.0,5.6,2470.19
2015-09-20 15:00:00,0,38.9,20.0,14.8,2501.7699999999995
2015-09-20 16:00:00,0,38.3,21.0,7.4,2546.62
2015-09-20 17:00:00,0,38.9,19.0,9.3,2566.1099999999997
2015-09-20 18:00:00,0,37.8,21.0,11.1,2624.6899999999996
2015-09-20 19:00:00,0,37.2,21.0,13.0,2633.29
2015-09-20 20:00:00,0,36.7,22.0,13.0,2677.31
2015-09-20 21:00:00,0,36.1,23.0,11.1,2656.96
2015-09-20 22:00:00,0,33.3,31.0,7.4,2642.98
2015-09-20 23:00:00,0,34.4,28.0,0.0,2571.0
2015-09-21 00:00:00,0,32.8,33.0,5.6,2419.3999999999996
2015-09-21 01:00:00,0,31.7,50.0,18.5,2259.72
2015-09-21 02:00:00,0,30.6,55.0,11.1,2109.44
2015-09-21 03:00:00,0,30.6,55.0,7.4,1991.5199999999998
2015-09-21 04:00:00,0,30.0,59.0,14.8,1959.4100000000003
2015-09-21 05:00:00,0,28.9,65.0,13.0,1969.8899999999999
2015-09-21 06:00:00,0,28.9,67.0,11.1,2014.6499999999996
2015-09-21 07:00:00,0,28.9,67.0,11.1,2054.69
2015-09-21 08:00:00,0,28.9,65.0,11.1,2149.35
2015-09-21 09:00:00,0,30.0,61.0,7.4,2201.25
2015-09-21 10:00:00,0,30.0,59.0,0.0,2279.25
2015-09-21 11:00:00,0,29.4,67.0,7.4,2380.63
2015-09-21 12:00:00,0,30.0,59.0,9.3,2396.91
2015-09-21 13:00:00,0,30.0,59.0,13.0,2446.7700000000004
2015-09-21 14:00:00,0,30.6,49.0,5.6,2479.23
2015-09-21 15:00:00,0,31.7,40.0,13.0,2431.3799999999997
2015-09-21 16:00:00,0,27.2,60.0,13.0,2474.2999999999997
2015-09-21 17:00:00,0,28.3,53.0,22.2,2498.6199999999994
2015-09-21 18:00:00,0,26.1,58.0,33.3,2535.07
2015-09-21 19:00:00,0,25.6,58.0,11.1,2617.1000000000004
2015-09-21 20:00:00,0,25.0,62.0,20.4,2620.1400000000003
2015-09-21 21:00:00,0,25.0,64.0,13.0,2607.06
2015-09-21 22:00:00,0,25.0,64.0,11.1,2549.1299999999997
2015-09-21 23:00:00,0,25.0,66.0,7.4,2453.4575000000004
2015-09-22 00:00:00,0,24.4,69.0,7.4,2306.66
2015-09-22 01:00:00,0,24.4,69.0,9.3,2134.4100000000003
2015-09-22 02:00:00,0,23.9,73.0,11.1,1994.8300000000002
2015-09-22 03:00:00,0,23.3,76.0,13.0,1895.77
2015-09-22 04:00:00,0,23.3,76.0,14.8,1845.97
2015-09-22 05:00:00,0,23.9,71.0,11.1,1832.1899999999998
2015-09-22 06:00:00,0,23.3,76.0,7.4,1895.2749999999999
2015-09-22 07:00:00,0,23.3,79.0,11.1,1932.7100000000003
2015-09-22 08:00:00,0,23.9,76.0,13.0,2040.73
2015-09-22 09:00:00,0,25.0,69.0,14.8,2092.89
2015-09-22 10:00:00,0,26.7,62.0,9.3,2132.96
2015-09-22 11:00:00,0,28.3,54.0,5.6,2215.22
2015-09-22 12:00:00,0,30.0,48.0,0.0,2282.8100000000004
2015-09-22 13:00:00,0,30.0,46.0,5.6,2345.78
2015-09-22 14:00:00,0,32.2,40.0,7.4,2320.6000000000004
2015-09-22 15:00:00,0,32.2,39.0,13.0,2353.2700000000004
2015-09-22 16:00:00,0,31.7,40.0,11.1,2459.71
2015-09-22 17:00:00,0,32.2,39.0,9.3,2456.06
2015-09-22 18:00:00,0,31.7,40.0,11.1,2527.7299999999996
2015-09-22 19:00:00,0,26.1,62.0,9.3,2574.81
2015-09-22 20:00:00,0,24.4,76.0,20.4,2589.82
2015-09-22 21:00:00,0,25.0,66.0,14.8,2566.7400000000002
2015-09-22 22:00:00,0,24.4,71.0,11.1,2569.4400000000005
2015-09-22 23:00:00,0,23.9,73.0,11.1,2429.69
2015-09-23 00:00:00,0,24.4,69.0,11.1,2325.97
2015-09-23 01:00:00,0,23.9,66.0,11.1,2133.0400000000004
2015-09-23 02:00:00,0,23.3,68.0,7.4,1980.9299999999996
2015-09-23 03:00:00,0,22.8,71.0,7.4,1895.9899999999998
2015-09-23 04:00:00,0,23.9,62.0,7.4,1833.0599999999997
2015-09-23 05:00:00,0,23.3,68.0,7.4,1797.23
2015-09-23 06:00:00,0,22.8,71.0,5.6,1878.9099999999999
2015-09-23 07:00:00,0,23.3,76.0,0.0,1905.8700000000001
2015-09-23 08:00:00,0,25.0,60.0,5.6,1956.74
2015-09-23 09:00:00,0,26.1,56.0,0.0,2019.08
2015-09-23 10:00:00,0,28.3,49.0,5.6,2109.7500000000005
2015-09-23 11:00:00,0,29.4,43.0,0.0,2172.3199999999997
2015-09-23 12:00:00,0,31.1,37.0,0.0,2230.6600000000003
2015-09-23 13:00:00,0,32.2,34.0,9.3,2291.52
2015-09-23 14:00:00,0,33.3,31.0,0.0,2304.2499999999995
2015-09-23 15:00:00,0,34.4,29.0,5.6,2328.03
2015-09-23 16:00:00,0,35.0,27.0,11.1,2398.48
2015-09-23 17:00:00,0,35.6,25.0,7.4,2475.1800000000007
2015-09-23 18:00:00,0,34.4,27.0,9.3,2544.46
2015-09-23 19:00:00,0,32.8,33.0,7.4,2619.8700000000003
2015-09-23 20:00:00,0,31.7,39.0,5.6,2634.38
2015-09-23 21:00:00,0,31.7,34.0,0.0,2652.8100000000004
2015-09-23 22:00:00,0,32.8,30.0,0.0,2551.2000000000003
2015-09-23 23:00:00,0,30.0,46.0,7.4,2500.1400000000003
2015-09-24 00:00:00,0,28.9,47.0,7.4,2366.89
2015-09-24 01:00:00,0,28.3,49.0,9.3,2189.4800000000005
2015-09-24 02:00:00,0,28.3,49.0,9.3,2029.98
2015-09-24 03:00:00,0,26.7,56.0,9.3,1939.2800000000002
2015-09-24 04:00:00,0,27.8,49.0,7.4,1879.1199999999997
2015-09-24 05:00:00,0,26.1,54.0,0.0,1859.91
2015-09-24 06:00:00,0,26.1,52.0,5.6,1894.66
2015-09-24 07:00:00,0,25.6,58.0,7.4,1933.4599999999998
2015-09-24 08:00:00,0,27.8,45.0,13.0,2010.53
2015-09-24 09:00:00,0,29.4,46.0,11.1,2037.9899999999998
2015-09-24 10:00:00,0,31.7,39.0,5.6,2109.7500000000005
2015-09-24 11:00:00,0,33.9,30.0,7.4,2172.3199999999997
2015-09-24 12:00:00,0,35.0,27.0,5.6,2230.6600000000003
2015-09-24 13:00:00,0,36.7,23.0,7.4,2291.52
2015-09-24 14:00:00,0,38.3,19.0,9.3,2304.2499999999995
2015-09-24 15:00:00,0,40.0,18.0,16.7,2328.03
2015-09-24 16:00:00,0,40.0,17.0,14.8,2468.85
2015-09-24 17:00:00,0,39.4,18.0,11.1,2620.1800000000007
2015-09-24 18:00:00,0,38.3,19.0,9.3,2590.1299999999997
2015-09-24 19:00:00,0,37.2,21.0,5.6,2550.9599999999996
2015-09-24 20:00:00,0,37.2,20.0,7.4,2570.41
2015-09-24 21:00:00,0,36.7,20.0,0.0,2631.6699999999996
2015-09-24 22:00:00,0,32.8,35.0,0.0,2582.609999999999
2015-09-24 23:00:00,0,31.7,42.0,0.0,2487.0699999999997
2015-09-25 00:00:00,0,32.2,34.0,5.6,2367.7799999999993
2015-09-25 01:00:00,0,30.0,43.0,7.4,2231.96
2015-09-25 02:00:00,0,30.0,36.0,16.7,2112.73
2015-09-25 03:00:00,0,29.4,41.0,13.0,1980.9300000000003
2015-09-25 04:00:00,0,28.9,41.0,11.1,1922.7500000000005
2015-09-25 05:00:00,0,28.3,41.0,11.1,1900.66
2015-09-25 06:00:00,0,28.3,38.0,9.3,1945.79
2015-09-25 07:00:00,0,27.8,41.0,9.3,1970.4900000000002
2015-09-25 08:00:00,0,29.4,34.0,16.7,2042.24
2015-09-25 09:00:00,0,32.2,30.0,9.3,2129.0799999999995
2015-09-25 10:00:00,0,34.4,22.0,11.1,2221.92
2015-09-25 11:00:00,0,36.1,16.0,22.2,2303.3599999999997
2015-09-25 12:00:00,0,36.7,18.0,22.2,2402.3799999999997
2015-09-25 13:00:00,0,38.3,18.0,18.5,2439.62
2015-09-25 14:00:00,0,38.3,19.0,14.8,2444.94
2015-09-25 15:00:00,0,38.9,18.0,18.5,2505.61
2015-09-25 16:00:00,0,38.9,17.0,20.4,2564.8299999999995
2015-09-25 17:00:00,0,38.3,19.0,24.1,2557.78
2015-09-25 18:00:00,0,37.2,21.0,25.9,2526.11
2015-09-25 19:00:00,0,36.1,22.0,9.3,2552.9100000000003
2015-09-25 20:00:00,0,35.0,25.0,13.0,2482.16
2015-09-25 21:00:00,0,33.9,27.0,14.8,2452.1
2015-09-25 22:00:00,0,33.3,29.0,14.8,2436.34
2015-09-25 23:00:00,0,32.2,29.0,16.7,2374.2999999999997
2015-09-26 00:00:00,0,31.7,29.0,9.3,2314.5
2015-09-26 01:00:00,0,30.6,32.0,11.1,2221.48
2015-09-26 02:00:00,0,29.4,36.0,11.1,2127.7400000000002
2015-09-26 03:00:00,0,30.0,33.0,11.1,2036.2900000000002
2015-09-26 04:00:00,0,28.9,37.0,9.3,1955.2999999999997
2015-09-26 05:00:00,0,28.9,37.0,13.0,1910.7200000000003
2015-09-26 06:00:00,0,28.3,38.0,11.1,1892.92
2015-09-26 07:00:00,0,28.3,38.0,7.4,1877.8200000000002
2015-09-26 08:00:00,0,30.0,35.0,9.3,1914.9200000000003
2015-09-26 09:00:00,0,32.2,30.0,9.3,2028.25
2015-09-26 10:00:00,0,33.9,27.0,13.0,2106.12
2015-09-26 11:00:00,0,36.7,21.0,20.4,2223.35
2015-09-26 12:00:00,0,37.2,19.0,25.9,2268.56
2015-09-26 13:00:00,0,38.3,19.0,22.2,2333.1
2015-09-26 14:00:00,0,39.4,17.0,18.5,2370.7
2015-09-26 15:00:00,0,39.4,16.0,9.3,2431.8799999999997
2015-09-26 16:00:00,0,39.4,16.0,13.0,2411.1
2015-09-26 17:00:00,0,39.4,16.0,9.3,2370.1900000000005
2015-09-26 18:00:00,0,38.3,15.0,18.5,2382.6700000000005
2015-09-26 19:00:00,0,36.7,16.0,9.3,2337.6300000000006
2015-09-26 20:00:00,0,35.6,19.0,5.6,2273.9700000000003
2015-09-26 21:00:00,0,33.9,24.0,5.6,2283.1749999999997
2015-09-26 22:00:00,0,33.3,25.0,0.0,2301.0475
2015-09-26 23:00:00,0,32.2,26.0,11.1,2312.2
2015-09-27 00:00:00,0,31.7,27.0,7.4,2248.7675000000004
2015-09-27 01:00:00,0,30.6,28.0,11.1,2168.5275000000006
2015-09-27 02:00:00,0,30.6,27.0,14.8,2082.7825
2015-09-27 03:00:00,0,30.0,29.0,9.3,1983.565
2015-09-27 04:00:00,0,28.9,29.0,11.1,1899.4475
2015-09-27 05:00:00,0,28.3,31.0,5.6,1867.2575
2015-09-27 06:00:00,0,27.8,31.0,5.6,1861.6549999999997
2015-09-27 07:00:00,0,27.8,31.0,7.4,1869.6875000000002
2015-09-27 08:00:00,0,28.9,28.0,11.1,1879.3750000000002
2015-09-27 09:00:00,0,30.6,27.0,11.1,1930.04
2015-09-27 10:00:00,0,32.8,23.0,11.1,2053.6600000000003
2015-09-27 11:00:00,0,33.9,22.0,9.3,2186.69
2015-09-27 12:00:00,0,36.7,20.0,5.6,2258.28
2015-09-27 13:00:00,0,37.8,20.0,13.0,2368.61
2015-09-27 14:00:00,0,38.3,19.0,7.4,2419.1900000000005
2015-09-27 15:00:00,0,39.4,15.0,5.6,2509.1899999999996
2015-09-27 16:00:00,0,39.4,17.0,7.4,2535.22
2015-09-27 17:00:00,0,38.9,16.0,9.3,2587.6499999999996
2015-09-27 18:00:00,0,38.3,17.0,14.8,2580.91
2015-09-27 19:00:00,0,37.8,18.0,7.4,2667.5899999999997
2015-09-27 20:00:00,0,37.2,18.0,7.4,2679.1675000000005
2015-09-27 21:00:00,0,35.0,22.0,5.6,2662.0625
2015-09-27 22:00:00,0,33.9,26.0,0.0,2570.7149999999997
2015-09-27 23:00:00,0,32.8,29.0,0.0,2552.8075
2015-09-28 00:00:00,0,31.7,31.0,9.3,2405.5550000000003
2015-09-28 01:00:00,0,30.6,30.0,5.6,2194.94
2015-09-28 02:00:00,0,30.0,32.0,0.0,2039.6100000000001
2015-09-28 03:00:00,0,28.9,37.0,7.4,1926.6999999999998
2015-09-28 04:00:00,0,28.3,34.0,9.3,1883.1100000000004
2015-09-28 05:00:00,0,27.8,35.0,11.1,1884.63
2015-09-28 06:00:00,0,26.7,38.0,11.1,1926.4400000000003
2015-09-28 07:00:00,0,27.2,38.0,7.4,1964.91
2015-09-28 08:00:00,0,28.9,34.0,13.0,2055.0299999999997
2015-09-28 09:00:00,0,30.6,33.0,9.3,2104.7599999999998
2015-09-28 10:00:00,0,32.8,30.0,9.3,2213.1699999999996
2015-09-28 11:00:00,0,34.4,27.0,5.6,2277.9500000000003
2015-09-28 12:00:00,0,35.6,24.0,0.0,2396.97
2015-09-28 13:00:00,0,37.2,21.0,14.8,2429.17
2015-09-28 14:00:00,0,38.9,18.0,9.3,2470.09
2015-09-28 15:00:00,0,38.9,18.0,13.0,2429.39
2015-09-28 16:00:00,0,39.4,16.0,16.7,2458.62
2015-09-28 17:00:00,0,37.8,18.0,16.7,2505.04
2015-09-28 18:00:00,0,37.8,16.0,14.8,2570.57
2015-09-28 19:00:00,0,36.1,22.0,7.4,2684.2400000000002
2015-09-28 20:00:00,0,34.4,25.0,5.6,2726.5400000000004
2015-09-28 21:00:00,0,33.3,30.0,5.6,2602.3875
2015-09-28 22:00:00,0,33.3,27.0,0.0,2626.13
2015-09-28 23:00:00,0,31.7,32.0,7.4,2556.2799999999997
2015-09-29 00:00:00,0,30.0,36.0,7.4,2434.2999999999997
2015-09-29 01:00:00,0,29.4,37.0,0.0,2244.41
2015-09-29 02:00:00,0,30.0,35.0,5.6,2084.6
2015-09-29 03:00:00,0,28.3,42.0,7.4,1976.6200000000001
2015-09-29 04:00:00,0,27.8,39.0,7.4,1917.1499999999999
2015-09-29 05:00:00,0,27.2,42.0,9.3,1902.9800000000002
2015-09-29 06:00:00,0,26.7,43.0,9.3,1942.8
2015-09-29 07:00:00,0,26.7,43.0,11.1,1970.71
2015-09-29 08:00:00,0,28.3,37.0,13.0,2041.1299999999999
2015-09-29 09:00:00,0,30.6,32.0,11.1,2081.1
2015-09-29 10:00:00,0,32.8,28.0,5.6,2188.6000000000004
2015-09-29 11:00:00,0,33.9,26.0,0.0,2235.3199999999993
2015-09-29 12:00:00,0,36.7,22.0,11.1,2331.49
2015-09-29 13:00:00,0,37.8,19.0,7.4,2389.86
2015-09-29 14:00:00,0,38.3,18.0,0.0,2418.98
2015-09-29 15:00:00,0,38.9,16.0,13.0,2399.9300000000003
2015-09-29 16:00:00,0,39.4,16.0,13.0,2445.7399999999993
2015-09-29 17:00:00,0,38.9,16.0,11.1,2538.73
2015-09-29 18:00:00,0,38.3,17.0,13.0,2601.7
2015-09-29 19:00:00,0,37.2,17.0,11.1,2695.1000000000004
2015-09-29 20:00:00,0,35.0,22.0,5.6,2645.265
2015-09-29 21:00:00,0,34.4,24.0,0.0,2624.8599999999997
2015-09-29 22:00:00,0,33.9,25.0,0.0,2669.5600000000004
2015-09-29 23:00:00,0,32.2,29.0,0.0,2544.06
2015-09-30 00:00:00,0,31.1,32.0,9.3,2342.359999999999
2015-09-30 01:00:00,0,30.0,33.0,11.1,2198.15
2015-09-30 02:00:00,0,29.4,34.0,9.3,2070.73
2015-09-30 03:00:00,0,28.9,35.0,7.4,1967.6000000000004
2015-09-30 04:00:00,0,27.8,39.0,11.1,1908.33
2015-09-30 05:00:00,0,27.2,39.0,11.1,1899.89
2015-09-30 06:00:00,0,26.1,40.0,14.8,1920.8999999999999
2015-09-30 07:00:00,0,25.6,42.0,13.0,1970.5500000000002
2015-09-30 08:00:00,0,27.2,38.0,13.0,2037.41
2015-09-30 09:00:00,0,30.0,32.0,11.1,2056.55
2015-09-30 10:00:00,0,32.8,25.0,11.1,2180.02
2015-09-30 11:00:00,0,35.0,22.0,0.0,2293.5800000000004
2015-09-30 12:00:00,0,37.2,18.0,5.6,2356.0099999999998
2015-09-30 13:00:00,0,38.3,17.0,0.0,2396.4000000000005
2015-09-30 14:00:00,0,40.0,13.0,7.4,2373.6800000000003
2015-09-30 15:00:00,0,40.0,12.0,13.0,2444.51
2015-09-30 16:00:00,0,40.6,11.0,9.3,2473.1900000000005
2015-09-30 17:00:00,0,40.6,11.0,7.4,2533.9900000000002
2015-09-30 18:00:00,0,39.4,12.0,11.1,2573.9900000000002
2015-09-30 19:00:00,0,38.9,11.0,9.3,2664.46
2015-09-30 20:00:00,0,37.2,14.0,9.3,2660.52
2015-09-30 21:00:00,0,34.4,18.0,5.6,2623.82
2015-09-30 22:00:00,0,32.8,22.0,5.6,2589.3
2015-09-30 23:00:00,0,32.2,24.0,5.6,2512.6
2015-10-01 00:00:00,0,31.7,22.0,0.0,2393.61
2015-10-01 01:00:00,0,30.0,28.0,5.6,2175.0099999999998
2015-10-01 02:00:00,0,28.9,26.0,13.0,2045.74
2015-10-01 03:00:00,0,28.3,27.0,11.1,1954.0300000000002
2015-10-01 04:00:00,0,27.2,29.0,14.8,1891.01
2015-10-01 05:00:00,0,26.7,31.0,9.3,1886.1799999999998
2015-10-01 06:00:00,0,26.1,29.0,14.8,1910.4399999999998
2015-10-01 07:00:00,0,25.6,32.0,14.8,1939.9599999999998
2015-10-01 08:00:00,0,27.8,28.0,14.8,2021.88
2015-10-01 09:00:00,0,30.0,25.0,14.8,2050.62
2015-10-01 10:00:00,0,32.8,21.0,14.8,2128.18
2015-10-01 11:00:00,0,35.0,19.0,13.0,2239.35
2015-10-01 12:00:00,0,37.2,15.0,9.3,2303.74
2015-10-01 13:00:00,0,38.3,13.0,16.7,2393.7200000000003
2015-10-01 14:00:00,0,39.4,12.0,11.1,2385.8500000000004
2015-10-01 15:00:00,0,41.1,10.0,7.4,2448.36
2015-10-01 16:00:00,0,40.6,10.0,7.4,2524.32
2015-10-01 17:00:00,0,40.0,10.0,13.0,2548.9400000000005
2015-10-01 18:00:00,0,38.9,10.0,22.2,2580.96
2015-10-01 19:00:00,0,36.7,11.0,13.0,2624.22
2015-10-01 20:00:00,0,34.4,14.0,9.3,2637.57
2015-10-01 21:00:00,0,34.4,15.0,9.3,2617.075
2015-10-01 22:00:00,0,33.9,19.0,14.8,2573.45
2015-10-01 23:00:00,0,33.3,19.0,5.6,2441.54
2015-10-02 00:00:00,0,31.1,22.0,7.4,2368.1600000000003
2015-10-02 01:00:00,0,30.0,23.0,7.4,2210.4399999999996
2015-10-02 02:00:00,0,27.8,29.0,0.0,2067.38
2015-10-02 03:00:00,0,27.8,29.0,5.6,1941.4600000000003
2015-10-02 04:00:00,0,26.1,34.0,5.6,1876.05
2015-10-02 05:00:00,0,26.1,30.0,11.1,1881.5300000000004
2015-10-02 06:00:00,0,25.0,33.0,13.0,1910.4800000000002
2015-10-02 07:00:00,0,23.9,36.0,9.3,1938.08
2015-10-02 08:00:00,0,26.1,34.0,7.4,1988.1100000000004
2015-10-02 09:00:00,0,28.9,29.0,7.4,2045.8700000000003
2015-10-02 10:00:00,0,30.6,22.0,5.6,2111.55
2015-10-02 11:00:00,0,33.3,20.0,7.4,2187.27
2015-10-02 12:00:00,0,33.3,16.0,0.0,2280.0699999999997
2015-10-02 13:00:00,0,33.9,16.0,9.3,2323.3200000000006
2015-10-02 14:00:00,0,35.0,15.0,11.1,2391.74
2015-10-02 15:00:00,0,36.7,13.0,14.8,2458.7999999999997
2015-10-02 16:00:00,0,35.6,12.0,27.8,2514.6199999999994
2015-10-02 17:00:00,0,35.0,13.0,22.2,2484.5499999999997
2015-10-02 18:00:00,0,33.9,13.0,24.1,2455.8399999999997
2015-10-02 19:00:00,0,32.8,13.0,25.9,2432.9200000000005
2015-10-02 20:00:00,0,32.8,13.0,25.9,2343.3100000000004
2015-10-02 21:00:00,0,32.8,13.0,25.9,2274.1200000000003
2015-10-02 22:00:00,0,22.8,26.0,9.3,2256.3399999999997
2015-10-02 23:00:00,0,22.8,26.0,9.3,2179.24
2015-10-03 00:00:00,0,22.8,26.0,9.3,2139.2000000000003
2015-10-03 01:00:00,0,26.7,20.0,0.0,2096.01
2015-10-03 02:00:00,0,25.6,25.0,7.4,2026.3499999999997
2015-10-03 03:00:00,0,23.9,31.0,0.0,1907.0200000000002
2015-10-03 04:00:00,0,22.8,35.0,9.3,1835.3600000000004
2015-10-03 05:00:00,0,21.7,38.0,7.4,1792.9
2015-10-03 06:00:00,0,21.7,38.0,7.4,1774.73
2015-10-03 07:00:00,0,21.7,32.0,13.0,1757.4199999999998
2015-10-03 08:00:00,0,22.8,31.0,13.0,1797.9599999999998
2015-10-03 09:00:00,0,25.6,25.0,11.1,1853.1200000000001
2015-10-03 10:00:00,0,27.8,20.0,9.3,1919.37
2015-10-03 11:00:00,0,29.4,18.0,9.3,1992.9800000000002
2015-10-03 12:00:00,0,31.1,15.0,9.3,2077.71
2015-10-03 13:00:00,0,32.2,13.0,5.6,2217.4799999999996
2015-10-03 14:00:00,0,32.8,12.0,9.3,2233.1199999999994
2015-10-03 15:00:00,0,33.3,12.0,13.0,2305.5299999999993
2015-10-03 16:00:00,0,33.9,12.0,11.1,2289.3700000000003
2015-10-03 17:00:00,0,33.3,11.0,0.0,2334.0
2015-10-03 18:00:00,0,32.8,12.0,7.4,2340.17
2015-10-03 19:00:00,0,32.2,12.0,11.1,2294.29
2015-10-03 20:00:00,0,31.1,13.0,9.3,2277.8399999999997
2015-10-03 21:00:00,0,28.3,19.0,7.4,2230.9900000000002
2015-10-03 22:00:00,0,27.2,23.0,0.0,2199.73
2015-10-03 23:00:00,0,27.2,25.0,9.3,2185.29
2015-10-04 00:00:00,0,27.8,18.0,11.1,2108.96
2015-10-04 01:00:00,0,28.9,20.0,20.4,2041.34
2015-10-04 02:00:00,0,26.7,24.0,20.4,1947.5600000000002
2015-10-04 03:00:00,0,25.6,27.0,7.4,1864.28
2015-10-04 04:00:00,0,25.6,30.0,13.0,1822.53
2015-10-04 05:00:00,0,24.4,36.0,13.0,1797.29
2015-10-04 06:00:00,0,23.9,37.0,14.8,1783.4399999999998
2015-10-04 07:00:00,0,24.4,36.0,11.1,1772.7900000000002
2015-10-04 08:00:00,0,25.0,39.0,9.3,1807.9200000000003
2015-10-04 09:00:00,0,21.7,78.0,13.0,1866.5
2015-10-04 10:00:00,0,25.0,62.0,13.0,1994.6000000000001
2015-10-04 11:00:00,0,27.2,54.0,11.1,2030.49
2015-10-04 12:00:00,0,32.2,30.0,27.8,2126.95
2015-10-04 13:00:00,0,33.9,26.0,33.3,2250.31
2015-10-04 14:00:00,0,33.9,25.0,33.3,2275.25
2015-10-04 15:00:00,0,34.4,21.0,25.9,2360.8499999999995
2015-10-04 16:00:00,0,34.4,21.0,31.5,2407.96
2015-10-04 17:00:00,0,33.9,22.0,27.8,2447.63
2015-10-04 18:00:00,0,32.2,25.0,22.2,2510.5499999999993
2015-10-04 19:00:00,0,31.7,26.0,16.7,2504.6425
2015-10-04 20:00:00,0,29.4,34.0,25.9,2502.01
2015-10-04 21:00:00,0,27.8,42.0,25.9,2534.2624999999994
2015-10-04 22:00:00,0,26.7,47.0,25.9,2617.7200000000003
2015-10-04 23:00:00,0,26.1,48.0,14.8,2459.15
2015-10-05 00:00:00,0,26.1,47.0,9.3,2299.55
2015-10-05 01:00:00,0,25.6,48.0,5.6,2135.49
2015-10-05 02:00:00,0,25.6,50.0,13.0,1955.09
2015-10-05 03:00:00,0,24.4,52.0,11.1,1848.3200000000002
2015-10-05 04:00:00,0,23.9,53.0,11.1,1816.6399999999999
2015-10-05 05:00:00,0,23.9,53.0,0.0,1820.6299999999999
2015-10-05 06:00:00,0,23.9,53.0,0.0,1878.23
2015-10-05 07:00:00,0,24.4,54.0,0.0,1919.26
2015-10-05 08:00:00,0,23.9,60.0,14.8,1982.8100000000002
2015-10-05 09:00:00,0,24.4,60.0,14.8,2051.5200000000004
2015-10-05 10:00:00,0,25.0,58.0,9.3,2176.9
2015-10-05 11:00:00,0,26.1,50.0,25.9,2190.5
2015-10-05 12:00:00,0,28.9,38.0,20.4,2255.72
2015-10-05 13:00:00,0,30.0,31.0,27.8,2308.7000000000003
2015-10-05 14:00:00,0,30.6,31.0,29.6,2264.42
2015-10-05 15:00:00,0,30.0,33.0,33.3,2265.7900000000004
2015-10-05 16:00:00,0,28.9,35.0,25.9,2346.84
2015-10-05 17:00:00,0,28.3,34.0,25.9,2427.49
2015-10-05 18:00:00,0,27.8,34.0,20.4,2487.6200000000003
2015-10-05 19:00:00,0,27.2,35.0,22.2,2536.72
2015-10-05 20:00:00,0,26.1,38.0,22.2,2588.5
2015-10-05 21:00:00,0,25.6,40.0,16.7,2590.2200000000003
2015-10-05 22:00:00,0,25.0,43.0,16.7,2500.2374999999997
2015-10-05 23:00:00,0,23.9,50.0,7.4,2421.2200000000003
2015-10-06 00:00:00,0,20.6,75.0,22.2,2337.9000000000005
2015-10-06 01:00:00,0,21.1,76.0,7.4,2114.79
2015-10-06 02:00:00,0,21.1,76.0,9.3,1927.4599999999998
2015-10-06 03:00:00,0,21.7,68.0,0.0,1807.6800000000003
2015-10-06 04:00:00,0,21.7,66.0,5.6,1769.42
2015-10-06 05:00:00,0,20.6,78.0,9.3,1777.6399999999999
2015-10-06 06:00:00,0,20.0,76.0,16.7,1824.57
2015-10-06 07:00:00,0,20.6,73.0,14.8,1873.6899999999998
2015-10-06 08:00:00,0,21.1,68.0,14.8,1923.7
2015-10-06 09:00:00,0,22.8,64.0,14.8,1985.56
2015-10-06 10:00:00,0,25.0,54.0,11.1,2074.4100000000003
2015-10-06 11:00:00,0,25.6,48.0,0.0,2116.1399999999994
2015-10-06 12:00:00,0,26.1,47.0,9.3,2248.48
2015-10-06 13:00:00,0,21.1,71.0,13.0,2287.48
2015-10-06 14:00:00,0,21.1,76.0,20.4,2256.98
2015-10-06 15:00:00,0,20.0,68.0,27.8,2232.5899999999997
2015-10-06 16:00:00,0,20.6,63.0,14.8,2281.2400000000002
2015-10-06 17:00:00,0,20.6,61.0,20.4,2338.2100000000005
2015-10-06 18:00:00,0,19.4,73.0,11.1,2359.8900000000003
2015-10-06 19:00:00,0,18.9,87.0,5.6,2417.2299999999996
2015-10-06 20:00:00,0,19.4,81.0,0.0,2391.3300000000004
2015-10-06 21:00:00,0,18.9,81.0,11.1,2418.21
2015-10-06 22:00:00,0,18.9,81.0,0.0,2352.47
2015-10-06 23:00:00,0,18.9,84.0,11.1,2281.62
2015-10-07 00:00:00,0,18.9,78.0,0.0,2130.99
2015-10-07 01:00:00,0,19.4,73.0,5.6,1962.1600000000003
2015-10-07 02:00:00,0,18.3,87.0,0.0,1785.8899999999999
2015-10-07 03:00:00,0,18.3,87.0,0.0,1693.4399999999998
2015-10-07 04:00:00,0,18.3,87.0,0.0,1655.22
2015-10-07 05:00:00,0,17.8,87.0,5.6,1668.8100000000002
2015-10-07 06:00:00,0,18.3,84.0,0.0,1729.83
2015-10-07 07:00:00,0,17.8,87.0,0.0,1765.38
2015-10-07 08:00:00,0,19.4,79.0,0.0,1854.3400000000001
2015-10-07 09:00:00,0,20.6,73.0,0.0,1875.2399999999998
2015-10-07 10:00:00,0,22.2,59.0,7.4,1961.2999999999997
2015-10-07 11:00:00,0,23.9,53.0,11.1,2043.4700000000003
2015-10-07 12:00:00,0,24.4,50.0,9.3,2069.08
2015-10-07 13:00:00,0,25.6,45.0,5.6,2146.57
2015-10-07 14:00:00,0,26.7,40.0,7.4,2208.8100000000004
2015-10-07 15:00:00,0,27.2,38.0,5.6,2208.83
2015-10-07 16:00:00,0,27.8,38.0,14.8,2219.6400000000003
2015-10-07 17:00:00,0,27.2,39.0,13.0,2254.7799999999997
2015-10-07 18:00:00,0,26.7,40.0,11.1,2349.2300000000005
2015-10-07 19:00:00,0,26.1,42.0,5.6,2446.99
2015-10-07 20:00:00,0,26.1,39.0,11.1,2446.69
2015-10-07 21:00:00,0,26.1,40.0,9.3,2456.0999999999995
2015-10-07 22:00:00,0,25.0,45.0,7.4,2380.88
2015-10-07 23:00:00,0,25.0,45.0,7.4,2280.7499999999995
2015-10-08 00:00:00,0,23.9,48.0,7.4,2122.71
2015-10-08 01:00:00,0,22.2,59.0,0.0,1970.15
2015-10-08 02:00:00,0,21.7,63.0,7.4,1855.9600000000003
2015-10-08 03:00:00,0,21.1,65.0,5.6,1748.4399999999998
2015-10-08 04:00:00,0,20.6,68.0,0.0,1681.77
2015-10-08 05:00:00,0,20.0,70.0,9.3,1688.22
2015-10-08 06:00:00,0,19.4,73.0,7.4,1738.24
2015-10-08 07:00:00,0,19.4,73.0,0.0,1778.6699999999998
2015-10-08 08:00:00,0,20.6,68.0,9.3,1836.6
2015-10-08 09:00:00,0,22.8,57.0,5.6,1878.0800000000002
2015-10-08 10:00:00,0,25.0,47.0,0.0,1969.27
2015-10-08 11:00:00,0,26.7,40.0,0.0,2056.7900000000004
2015-10-08 12:00:00,0,27.8,35.0,5.6,2130.5299999999997
2015-10-08 13:00:00,0,30.6,29.0,5.6,2214.4799999999996
2015-10-08 14:00:00,0,31.7,27.0,9.3,2207.12
2015-10-08 15:00:00,0,32.8,23.0,11.1,2217.08
2015-10-08 16:00:00,0,33.3,23.0,9.3,2271.2599999999998
2015-10-08 17:00:00,0,32.8,23.0,9.3,2400.91
2015-10-08 18:00:00,0,31.7,25.0,7.4,2431.73
2015-10-08 19:00:00,0,30.0,30.0,9.3,2432.12
2015-10-08 20:00:00,0,29.4,32.0,5.6,2444.0800000000004
2015-10-08 21:00:00,0,28.3,36.0,0.0,2441.5799999999995
2015-10-08 22:00:00,0,27.2,39.0,9.3,2381.49
2015-10-08 23:00:00,0,26.7,40.0,11.1,2317.2599999999998
2015-10-09 00:00:00,0,26.1,39.0,7.4,2204.5400000000004
2015-10-09 01:00:00,0,25.0,45.0,11.1,2026.9
2015-10-09 02:00:00,0,24.4,48.0,11.1,1884.6400000000003
2015-10-09 03:00:00,0,23.9,51.0,11.1,1804.3400000000004
2015-10-09 04:00:00,0,23.9,51.0,9.3,1741.6100000000001
2015-10-09 05:00:00,0,24.4,50.0,9.3,1727.3799999999999
2015-10-09 06:00:00,0,23.3,53.0,11.1,1777.66
2015-10-09 07:00:00,0,23.9,50.0,9.3,1812.88
2015-10-09 08:00:00,0,26.1,44.0,9.3,1859.8899999999999
2015-10-09 09:00:00,0,28.3,36.0,11.1,1932.24
2015-10-09 10:00:00,0,29.4,32.0,9.3,1982.7499999999998
2015-10-09 11:00:00,0,30.6,29.0,11.1,2107.97
2015-10-09 12:00:00,0,31.7,26.0,0.0,2157.39
2015-10-09 13:00:00,0,33.9,22.0,24.1,2228.2400000000002
2015-10-09 14:00:00,0,34.4,21.0,20.4,2230.53
2015-10-09 15:00:00,0,34.4,21.0,25.9,2222.6299999999997
2015-10-09 16:00:00,0,35.0,20.0,13.0,2237.88
2015-10-09 17:00:00,0,33.9,20.0,18.5,2258.7900000000004
2015-10-09 18:00:00,0,33.3,21.0,16.7,2275.9500000000003
2015-10-09 19:00:00,0,32.2,23.0,16.7,2223.5299999999997
2015-10-09 20:00:00,0,31.1,24.0,11.1,2186.7499999999995
2015-10-09 21:00:00,0,30.0,28.0,9.3,2086.6499999999996
2015-10-09 22:00:00,0,29.4,28.0,9.3,2043.57
2015-10-09 23:00:00,0,28.3,31.0,13.0,1971.72
2015-10-10 00:00:00,0,27.8,31.0,5.6,1952.4099999999999
2015-10-10 01:00:00,0,27.2,34.0,11.1,1886.6399999999999
2015-10-10 02:00:00,0,26.1,38.0,11.1,1820.78
2015-10-10 03:00:00,0,25.0,42.0,7.4,1767.2800000000002
2015-10-10 04:00:00,0,25.0,42.0,5.6,1717.52
2015-10-10 05:00:00,0,25.6,40.0,11.1,1707.0
2015-10-10 06:00:00,0,23.9,48.0,5.6,1711.7299999999998
2015-10-10 07:00:00,0,23.9,48.0,5.6,1692.4100000000003
2015-10-10 08:00:00,0,27.8,39.0,16.7,1694.92
2015-10-10 09:00:00,0,28.3,37.0,20.4,1758.0
2015-10-10 10:00:00,0,30.6,31.0,20.4,1849.9900000000002
2015-10-10 11:00:00,0,30.6,31.0,11.1,1911.2900000000002
2015-10-10 12:00:00,0,31.1,31.0,9.3,1939.3
2015-10-10 13:00:00,0,31.7,29.0,11.1,2026.64
2015-10-10 14:00:00,0,33.3,26.0,5.6,2054.1200000000003
2015-10-10 15:00:00,0,33.9,25.0,0.0,2059.94
2015-10-10 16:00:00,0,33.9,24.0,0.0,2030.82
2015-10-10 17:00:00,0,33.9,24.0,5.6,2033.45
2015-10-10 18:00:00,0,33.3,26.0,0.0,2090.61
2015-10-10 19:00:00,0,32.8,26.0,5.6,2073.62
2015-10-10 20:00:00,0,31.7,29.0,0.0,2013.5200000000002
2015-10-10 21:00:00,0,30.0,33.0,0.0,1961.5300000000002
2015-10-10 22:00:00,0,28.9,37.0,0.0,1924.64
2015-10-10 23:00:00,0,27.8,39.0,0.0,1906.6000000000001
2015-10-11 00:00:00,0,26.7,45.0,5.6,1876.76
2015-10-11 01:00:00,0,26.7,42.0,0.0,1830.5100000000002
2015-10-11 02:00:00,0,25.6,45.0,9.3,1792.45
2015-10-11 03:00:00,0,25.6,45.0,0.0,1733.45
2015-10-11 04:00:00,0,25.6,45.0,0.0,1713.55
2015-10-11 05:00:00,0,24.4,48.0,9.3,1688.1900000000003
2015-10-11 06:00:00,0,23.9,48.0,11.1,1681.5499999999997
2015-10-11 07:00:00,0,24.4,48.0,9.3,1666.99
2015-10-11 08:00:00,0,25.6,46.0,14.8,1655.32
2015-10-11 09:00:00,0,27.8,41.0,9.3,1699.6100000000004
2015-10-11 10:00:00,0,30.0,35.0,14.8,1746.5200000000002
2015-10-11 11:00:00,0,31.7,31.0,11.1,1803.4399999999996
2015-10-11 12:00:00,0,32.2,29.0,0.0,1860.9600000000003
2015-10-11 13:00:00,0,35.0,25.0,11.1,1918.5200000000002
2015-10-11 14:00:00,0,35.0,22.0,11.1,2000.45
2015-10-11 15:00:00,0,36.1,22.0,7.4,1993.79
2015-10-11 16:00:00,0,36.1,19.0,16.7,2035.3999999999999
2015-10-11 17:00:00,0,35.6,19.0,7.4,2021.94
2015-10-11 18:00:00,0,35.0,21.0,13.0,2093.1899999999996
2015-10-11 19:00:00,0,33.9,22.0,11.1,2130.5
2015-10-11 20:00:00,0,31.7,27.0,0.0,2079.64
2015-10-11 21:00:00,0,31.7,28.0,5.6,2062.5699999999997
2015-10-11 22:00:00,0,31.7,27.0,5.6,2013.93
2015-10-11 23:00:00,0,30.6,30.0,5.6,1951.7999999999997
2015-10-12 00:00:00,1,27.2,41.0,5.6,1871.22
2015-10-12 01:00:00,1,27.2,42.0,5.6,1834.19
2015-10-12 02:00:00,1,26.1,47.0,0.0,1805.4699999999996
2015-10-12 03:00:00,1,26.1,45.0,0.0,1748.6699999999998
2015-10-12 04:00:00,1,24.4,50.0,0.0,1708.06
2015-10-12 05:00:00,1,23.9,51.0,7.4,1701.36
2015-10-12 06:00:00,1,26.1,42.0,9.3,1719.7099999999998
2015-10-12 07:00:00,1,24.4,46.0,5.6,1702.1899999999996
2015-10-12 08:00:00,1,26.7,40.0,11.1,1718.26
2015-10-12 09:00:00,1,28.3,37.0,13.0,1775.69
2015-10-12 10:00:00,1,30.6,33.0,7.4,1832.7599999999998
2015-10-12 11:00:00,1,31.1,31.0,0.0,1908.2099999999998
2015-10-12 12:00:00,1,32.8,28.0,5.6,1975.9799999999998
2015-10-12 13:00:00,1,35.0,24.0,7.4,2004.9499999999998
2015-10-12 14:00:00,1,34.4,25.0,9.3,2075.73
2015-10-12 15:00:00,1,35.0,22.0,13.0,2144.29
2015-10-12 16:00:00,1,35.6,22.0,16.7,2145.58
2015-10-12 17:00:00,1,35.0,23.0,13.0,2205.29
2015-10-12 18:00:00,1,33.9,25.0,11.1,2231.2799999999997
2015-10-12 19:00:00,1,33.9,24.0,7.4,2277.07
2015-10-12 20:00:00,1,31.7,29.0,0.0,2242.7799999999993
2015-10-12 21:00:00,1,31.1,31.0,0.0,2142.4100000000003
2015-10-12 22:00:00,1,30.0,35.0,0.0,2126.8900000000003
2015-10-12 23:00:00,1,29.4,37.0,0.0,2065.71
2015-10-13 00:00:00,0,29.4,37.0,0.0,2010.8300000000002
2015-10-13 01:00:00,0,27.2,41.0,0.0,1947.38
2015-10-13 02:00:00,0,26.7,42.0,7.4,1869.18
2015-10-13 03:00:00,0,25.0,48.0,5.6,1793.2000000000003
2015-10-13 04:00:00,0,26.1,44.0,9.3,1756.83
2015-10-13 05:00:00,0,24.4,46.0,11.1,1727.4
2015-10-13 06:00:00,0,24.4,48.0,7.4,1741.3500000000001
2015-10-13 07:00:00,0,23.9,50.0,7.4,1742.0099999999998
2015-10-13 08:00:00,0,26.1,44.0,7.4,1752.5199999999998
2015-10-13 09:00:00,0,28.3,39.0,5.6,1833.5200000000002
2015-10-13 10:00:00,0,30.0,37.0,0.0,1902.2799999999995
2015-10-13 11:00:00,0,30.6,36.0,0.0,1965.08
2015-10-13 12:00:00,0,32.2,33.0,7.4,2110.75
2015-10-13 13:00:00,0,33.9,29.0,0.0,2184.7500000000005
2015-10-13 14:00:00,0,35.6,24.0,18.5,2230.57
2015-10-13 15:00:00,0,35.6,23.0,16.7,2300.9400000000005
2015-10-13 16:00:00,0,36.1,21.0,14.8,2299.83
2015-10-13 17:00:00,0,35.6,21.0,13.0,2327.13
2015-10-13 18:00:00,0,35.0,22.0,16.7,2388.2900000000004
2015-10-13 19:00:00,0,33.9,24.0,11.1,2525.3500000000004
2015-10-13 20:00:00,0,31.7,29.0,0.0,2509.66
2015-10-13 21:00:00,0,32.2,27.0,0.0,2504.88
2015-10-13 22:00:00,0,30.6,31.0,0.0,2479.05
2015-10-13 23:00:00,0,29.4,36.0,0.0,2343.9800000000005
2015-10-14 00:00:00,0,28.3,39.0,5.6,2234.82
2015-10-14 01:00:00,0,27.8,39.0,0.0,2060.9600000000005
2015-10-14 02:00:00,0,26.7,45.0,9.3,1937.38
2015-10-14 03:00:00,0,26.1,45.0,5.6,1845.97
2015-10-14 04:00:00,0,25.6,46.0,9.3,1789.7000000000003
2015-10-14 05:00:00,0,25.0,47.0,9.3,1795.0299999999997
2015-10-14 06:00:00,0,25.0,45.0,13.0,1840.7800000000002
2015-10-14 07:00:00,0,25.0,45.0,7.4,1894.1899999999998
2015-10-14 08:00:00,0,26.7,42.0,9.3,1945.3600000000001
2015-10-14 09:00:00,0,28.3,37.0,14.8,1971.4800000000005
2015-10-14 10:00:00,0,31.1,31.0,11.1,2083.54
2015-10-14 11:00:00,0,32.2,30.0,9.3,2132.68
2015-10-14 12:00:00,0,34.4,26.0,5.6,2215.0200000000004
2015-10-14 13:00:00,0,34.4,25.0,0.0,2278.28
2015-10-14 14:00:00,0,35.0,22.0,5.6,2307.55
2015-10-14 15:00:00,0,36.7,19.0,0.0,2303.27
2015-10-14 16:00:00,0,37.2,18.0,5.6,2359.58
2015-10-14 17:00:00,0,37.2,20.0,11.1,2389.39
2015-10-14 18:00:00,0,36.1,19.0,14.8,2540.42
2015-10-14 19:00:00,0,34.4,24.0,11.1,2616.4799999999996
2015-10-14 20:00:00,0,32.2,28.0,5.6,2591.91
2015-10-14 21:00:00,0,33.3,25.0,5.6,2566.5499999999997
2015-10-14 22:00:00,0,32.8,28.0,0.0,2441.8999999999996
2015-10-14 23:00:00,0,31.1,29.0,7.4,2350.8700000000003
2015-10-15 00:00:00,0,27.8,39.0,5.6,2229.6200000000003
2015-10-15 01:00:00,0,27.2,39.0,11.1,2087.61
2015-10-15 02:00:00,0,27.2,33.0,7.4,1959.9099999999999
2015-10-15 03:00:00,0,26.1,36.0,7.4,1869.6800000000003
2015-10-15 04:00:00,0,26.1,39.0,11.1,1817.6100000000001
2015-10-15 05:00:00,0,24.4,43.0,0.0,1798.3100000000002
2015-10-15 06:00:00,0,25.0,37.0,7.4,1833.3400000000001
2015-10-15 07:00:00,0,25.0,37.0,9.3,1849.33
2015-10-15 08:00:00,0,27.2,29.0,11.1,1927.8899999999999
2015-10-15 09:00:00,0,29.4,25.0,5.6,1976.8400000000001
2015-10-15 10:00:00,0,31.7,21.0,9.3,2058.82
2015-10-15 11:00:00,0,33.9,20.0,9.3,2137.16
2015-10-15 12:00:00,0,34.4,19.0,5.6,2222.45
2015-10-15 13:00:00,0,35.0,20.0,11.1,2329.5800000000004
2015-10-15 14:00:00,0,34.4,21.0,9.3,2290.5000000000005
2015-10-15 15:00:00,0,33.9,25.0,14.8,2325.69
2015-10-15 16:00:00,0,33.9,24.0,13.0,2374.0899999999997
2015-10-15 17:00:00,0,33.9,24.0,14.8,2449.06
2015-10-15 18:00:00,0,32.8,25.0,11.1,2484.22
2015-10-15 19:00:00,0,32.2,26.0,11.1,2491.8799999999997
2015-10-15 20:00:00,0,31.7,27.0,11.1,2496.68
2015-10-15 21:00:00,0,30.0,32.0,7.4,2484.03
2015-10-15 22:00:00,0,30.6,30.0,13.0,2442.75
2015-10-15 23:00:00,0,30.0,31.0,13.0,2318.8100000000004
2015-10-16 00:00:00,0,29.4,33.0,5.6,2217.35
2015-10-16 01:00:00,0,29.4,32.0,11.1,2127.09
2015-10-16 02:00:00,0,28.9,33.0,7.4,2012.4799999999998
2015-10-16 03:00:00,0,28.3,34.0,14.8,1887.06
2015-10-16 04:00:00,0,27.2,35.0,9.3,1817.5100000000002
2015-10-16 05:00:00,0,25.6,40.0,11.1,1808.88
2015-10-16 06:00:00,0,26.1,38.0,11.1,1836.06
2015-10-16 07:00:00,0,25.0,42.0,16.7,1840.2800000000004
2015-10-16 08:00:00,0,26.1,40.0,11.1,1905.7599999999998
2015-10-16 09:00:00,0,27.8,37.0,16.7,1947.1899999999998
2015-10-16 10:00:00,0,30.0,32.0,18.5,2058.48
2015-10-16 11:00:00,0,32.8,26.0,20.4,2143.95
2015-10-16 12:00:00,0,33.9,24.0,11.1,2247.0199999999995
2015-10-16 13:00:00,0,35.0,22.0,18.5,2359.56
2015-10-16 14:00:00,0,35.0,21.0,16.7,2474.29
2015-10-16 15:00:00,0,26.1,56.0,29.6,2486.2699999999995
2015-10-16 16:00:00,0,26.1,58.0,27.8,2478.29
2015-10-16 17:00:00,0,23.9,71.0,16.7,2413.95
2015-10-16 18:00:00,0,24.4,64.0,14.8,2394.8699999999994
2015-10-16 19:00:00,0,24.4,62.0,16.7,2388.4700000000003
2015-10-16 20:00:00,0,25.0,60.0,18.5,2307.15
2015-10-16 21:00:00,0,25.0,58.0,7.4,2232.83
2015-10-16 22:00:00,0,25.0,60.0,5.6,2226.635
2015-10-16 23:00:00,0,23.9,66.0,9.3,2181.5074999999997
2015-10-17 00:00:00,0,24.4,64.0,13.0,2129.1800000000003
2015-10-17 01:00:00,0,23.9,64.0,5.6,2029.0
2015-10-17 02:00:00,0,23.9,66.0,0.0,1949.4175000000002
2015-10-17 03:00:00,0,25.0,54.0,5.6,1855.6324999999997
2015-10-17 04:00:00,0,24.4,56.0,5.6,1795.5025
2015-10-17 05:00:00,0,23.3,68.0,9.3,1768.66
2015-10-17 06:00:00,0,23.3,62.0,11.1,1763.1325
2015-10-17 07:00:00,0,22.8,64.0,11.1,1732.9224999999997
2015-10-17 08:00:00,0,23.3,57.0,13.0,1750.125
2015-10-17 09:00:00,0,25.0,52.0,9.3,1829.4799999999996
2015-10-17 10:00:00,0,27.8,41.0,18.5,1887.45
2015-10-17 11:00:00,0,28.3,39.0,24.1,2052.7799999999997
2015-10-17 12:00:00,0,28.9,37.0,16.7,2157.7600000000007
2015-10-17 13:00:00,0,29.4,33.0,9.3,2231.11
2015-10-17 14:00:00,0,30.6,32.0,18.5,2243.3900000000003
2015-10-17 15:00:00,0,30.6,32.0,14.8,2240.75
2015-10-17 16:00:00,0,31.1,31.0,25.9,2298.05
2015-10-17 17:00:00,0,30.0,33.0,22.2,2263.8700000000003
2015-10-17 18:00:00,0,29.4,36.0,16.7,2291.61
2015-10-17 19:00:00,0,28.9,37.0,9.3,2283.8399999999997
2015-10-17 20:00:00,0,27.2,47.0,22.2,2242.815
2015-10-17 21:00:00,0,26.7,47.0,18.5,2191.5924999999993
2015-10-17 22:00:00,0,25.6,54.0,18.5,2161.925
2015-10-17 23:00:00,0,25.6,52.0,20.4,2124.38
2015-10-18 00:00:00,0,25.0,56.0,20.4,2071.555
2015-10-18 01:00:00,0,24.4,58.0,13.0,2050.39
2015-10-18 02:00:00,0,23.9,60.0,7.4,1954.2024999999999
2015-10-18 03:00:00,0,23.9,60.0,9.3,1859.3375000000003
2015-10-18 04:00:00,0,23.3,59.0,5.6,1799.305
2015-10-18 05:00:00,0,22.8,64.0,9.3,1754.1775000000002
2015-10-18 06:00:00,0,22.8,66.0,7.4,1724.2650000000003
2015-10-18 07:00:00,0,22.2,68.0,5.6,1721.99
2015-10-18 08:00:00,0,23.3,64.0,7.4,1721.8500000000001
2015-10-18 09:00:00,0,25.6,54.0,13.0,1785.5500000000002
2015-10-18 10:00:00,0,27.8,45.0,16.7,1868.2124999999999
2015-10-18 11:00:00,0,29.4,40.0,18.5,1977.6225000000004
2015-10-18 12:00:00,0,30.6,33.0,24.1,2064.3975
2015-10-18 13:00:00,0,32.2,33.0,16.7,2214.3075000000003
2015-10-18 14:00:00,0,32.2,34.0,11.1,2303.3325
2015-10-18 15:00:00,0,31.7,36.0,11.1,2370.47
2015-10-18 16:00:00,0,30.6,40.0,20.4,2423.3899999999994
2015-10-18 17:00:00,0,25.6,64.0,11.1,2443.85
2015-10-18 18:00:00,0,26.1,62.0,7.4,2501.2800000000007
2015-10-18 19:00:00,0,21.7,73.0,11.1,2475.52
2015-10-18 20:00:00,0,22.2,78.0,13.0,2528.77
2015-10-18 21:00:00,0,22.8,79.0,0.0,2513.19
2015-10-18 22:00:00,0,22.8,81.0,11.1,2459.5600000000004
2015-10-18 23:00:00,0,23.3,82.0,7.4,2363.97
2015-10-19 00:00:00,0,22.8,81.0,14.8,2251.61
2015-10-19 01:00:00,0,22.8,84.0,14.8,2058.4300000000003
2015-10-19 02:00:00,0,22.8,81.0,11.1,1918.6299999999999
2015-10-19 03:00:00,0,21.1,90.0,7.4,1830.4299999999998
2015-10-19 04:00:00,0,21.7,84.0,0.0,1762.5299999999997
2015-10-19 05:00:00,0,21.7,87.0,7.4,1740.0500000000004
2015-10-19 06:00:00,0,21.1,90.0,0.0,1774.76
2015-10-19 07:00:00,0,20.0,93.0,0.0,1813.01
2015-10-19 08:00:00,0,22.2,81.0,7.4,1871.4599999999998
2015-10-19 09:00:00,0,23.3,73.0,0.0,1950.4899999999998
2015-10-19 10:00:00,0,25.6,62.0,0.0,2013.5300000000002
2015-10-19 11:00:00,0,27.2,54.0,9.3,2100.91
2015-10-19 12:00:00,0,27.2,50.0,7.4,2197.47
2015-10-19 13:00:00,0,28.9,43.0,13.0,2227.56
2015-10-19 14:00:00,0,29.4,38.0,14.8,2210.3999999999996
2015-10-19 15:00:00,0,30.0,37.0,7.4,2256.5499999999997
2015-10-19 16:00:00,0,30.0,32.0,9.3,2304.75
2015-10-19 17:00:00,0,28.9,34.0,9.3,2349.68
2015-10-19 18:00:00,0,28.3,37.0,0.0,2457.39
2015-10-19 19:00:00,0,27.8,42.0,0.0,2554.19
2015-10-19 20:00:00,0,27.2,41.0,7.4,2503.79
2015-10-19 21:00:00,0,25.6,54.0,0.0,2528.4300000000003
2015-10-19 22:00:00,0,25.0,60.0,9.3,2439.5899999999997
2015-10-19 23:00:00,0,25.0,58.0,13.0,2373.04
2015-10-20 00:00:00,0,25.0,58.0,11.1,2249.06
2015-10-20 01:00:00,0,24.4,60.0,9.3,2080.68
2015-10-20 02:00:00,0,23.3,68.0,0.0,1925.9699999999998
2015-10-20 03:00:00,0,23.3,68.0,9.3,1819.3899999999996
2015-10-20 04:00:00,0,22.2,73.0,11.1,1780.44
2015-10-20 05:00:00,0,22.2,71.0,5.6,1769.0499999999997
2015-10-20 06:00:00,0,22.8,68.0,0.0,1803.6200000000003
2015-10-20 07:00:00,0,22.2,66.0,0.0,1848.7399999999998
2015-10-20 08:00:00,0,22.2,66.0,13.0,1899.97
2015-10-20 09:00:00,0,23.3,62.0,16.7,1934.49
2015-10-20 10:00:00,0,24.4,58.0,16.7,2018.8299999999997
2015-10-20 11:00:00,0,25.6,48.0,18.5,2126.29
2015-10-20 12:00:00,0,26.1,39.0,20.4,2188.68
2015-10-20 13:00:00,0,20.6,61.0,31.5,2201.4
2015-10-20 14:00:00,0,22.8,44.0,18.5,2167.3500000000004
2015-10-20 15:00:00,0,24.4,37.0,11.1,2216.13
2015-10-20 16:00:00,0,23.9,40.0,5.6,2214.62
2015-10-20 17:00:00,0,24.4,38.0,0.0,2305.1099999999997
2015-10-20 18:00:00,0,24.4,40.0,5.6,2287.0
2015-10-20 19:00:00,0,23.3,48.0,16.7,2334.9
2015-10-20 20:00:00,0,22.2,57.0,9.3,2358.14
2015-10-20 21:00:00,0,21.7,59.0,5.6,2390.4999999999995
2015-10-20 22:00:00,0,22.8,48.0,7.4,2368.81
2015-10-20 23:00:00,0,22.2,51.0,7.4,2338.2100000000005
2015-10-21 00:00:00,0,20.6,63.0,22.2,2170.51
2015-10-21 01:00:00,0,20.6,54.0,5.6,1987.26
2015-10-21 02:00:00,0,19.4,73.0,7.4,1849.5200000000002
2015-10-21 03:00:00,0,19.4,70.0,0.0,1751.6
2015-10-21 04:00:00,0,20.0,68.0,5.6,1706.4900000000005
2015-10-21 05:00:00,0,18.9,78.0,13.0,1699.2999999999997
2015-10-21 06:00:00,0,17.8,87.0,11.1,1734.2100000000003
2015-10-21 07:00:00,0,17.8,80.0,5.6,1792.86
2015-10-21 08:00:00,0,19.4,68.0,5.6,1855.2200000000003
2015-10-21 09:00:00,0,18.9,73.0,20.4,1866.09
2015-10-21 10:00:00,0,20.6,58.0,18.5,1935.64
2015-10-21 11:00:00,0,21.7,55.0,14.8,2002.8200000000002
2015-10-21 12:00:00,0,22.8,49.0,13.0,2116.9
2015-10-21 13:00:00,0,23.3,45.0,22.2,2141.98
2015-10-21 14:00:00,0,22.8,42.0,11.1,2140.5599999999995
2015-10-21 15:00:00,0,24.4,35.0,9.3,2152.4300000000003
2015-10-21 16:00:00,0,23.9,38.0,11.1,2198.8199999999997
2015-10-21 17:00:00,0,23.3,40.0,9.3,2271.51
2015-10-21 18:00:00,0,22.8,41.0,7.4,2369.4199999999996
2015-10-21 19:00:00,0,21.7,49.0,7.4,2402.45
2015-10-21 20:00:00,0,20.6,57.0,13.0,2397.15
2015-10-21 21:00:00,0,20.0,61.0,7.4,2364.12
2015-10-21 22:00:00,0,19.4,63.0,0.0,2342.7100000000005
2015-10-21 23:00:00,0,18.9,59.0,7.4,2255.9900000000002
2015-10-22 00:00:00,0,18.3,63.0,9.3,2109.8999999999996
2015-10-22 01:00:00,0,17.8,65.0,9.3,1934.9800000000002
2015-10-22 02:00:00,0,17.2,70.0,7.4,1831.2800000000002
2015-10-22 03:00:00,0,17.2,67.0,7.4,1714.2399999999998
2015-10-22 04:00:00,0,16.7,72.0,9.3,1668.7999999999997
2015-10-22 05:00:00,0,16.1,75.0,0.0,1654.32
2015-10-22 06:00:00,0,16.7,72.0,5.6,1695.48
2015-10-22 07:00:00,0,16.1,72.0,7.4,1740.68
2015-10-22 08:00:00,0,17.2,67.0,9.3,1788.8700000000001
2015-10-22 09:00:00,0,18.9,60.0,9.3,1853.3499999999997
2015-10-22 10:00:00,0,21.1,51.0,7.4,1874.43
2015-10-22 11:00:00,0,22.8,44.0,5.6,1961.1799999999998
2015-10-22 12:00:00,0,23.9,41.0,5.6,2039.7100000000003
2015-10-22 13:00:00,0,25.0,37.0,7.4,2134.04
2015-10-22 14:00:00,0,25.6,36.0,7.4,2172.77
2015-10-22 15:00:00,0,26.1,35.0,11.1,2141.6400000000003
2015-10-22 16:00:00,0,25.6,33.0,7.4,2238.91
2015-10-22 17:00:00,0,25.6,35.0,11.1,2279.8500000000004
2015-10-22 18:00:00,0,25.0,37.0,7.4,2353.13
2015-10-22 19:00:00,0,23.9,41.0,9.3,2361.43
2015-10-22 20:00:00,0,22.8,48.0,5.6,2388.5000000000005
2015-10-22 21:00:00,0,22.8,46.0,0.0,2356.89
2015-10-22 22:00:00,0,22.8,46.0,0.0,2302.07
2015-10-22 23:00:00,0,21.0,60.0,0.0,2262.92
2015-10-23 00:00:00,0,21.1,55.0,0.0,2173.77
2015-10-23 01:00:00,0,20.0,59.0,0.0,1851.22
2015-10-23 02:00:00,0,19.4,61.0,5.6,1835.3600000000001
2015-10-23 03:00:00,0,18.9,63.0,0.0,1736.88
2015-10-23 04:00:00,0,18.3,68.0,0.0,1677.0800000000002
2015-10-23 05:00:00,0,17.8,73.0,0.0,1650.6199999999997
2015-10-23 06:00:00,0,17.8,70.0,0.0,1693.76
2015-10-23 07:00:00,0,17.2,72.0,7.4,1737.5599999999997
2015-10-23 08:00:00,0,18.9,65.0,5.6,1788.35
2015-10-23 09:00:00,0,21.1,53.0,13.0,1851.9699999999998
2015-10-23 10:00:00,0,22.8,48.0,9.3,1926.95
2015-10-23 11:00:00,0,24.4,42.0,5.6,2025.51
2015-10-23 12:00:00,0,25.6,39.0,0.0,2076.24
2015-10-23 13:00:00,0,26.7,34.0,5.6,2185.52
2015-10-23 14:00:00,0,27.2,33.0,5.6,2221.2400000000002
2015-10-23 15:00:00,0,28.3,31.0,11.1,2275.86
2015-10-23 16:00:00,0,28.9,28.0,13.0,2269.8999999999996
2015-10-23 17:00:00,0,28.3,29.0,20.4,2292.53
2015-10-23 18:00:00,0,27.2,34.0,7.4,2336.62
2015-10-23 19:00:00,0,26.1,38.0,5.6,2267.0499999999997
2015-10-23 20:00:00,0,25.0,43.0,0.0,2225.44
2015-10-23 21:00:00,0,24.4,46.0,5.6,2230.3799999999997
2015-10-23 22:00:00,0,25.0,42.0,9.3,2156.4700000000003
2015-10-23 23:00:00,0,24.4,42.0,13.0,2100.9500000000003
2015-10-24 00:00:00,0,22.2,49.0,0.0,2023.3500000000001
2015-10-24 01:00:00,0,21.1,51.0,0.0,1969.03
2015-10-24 02:00:00,0,21.7,47.0,0.0,1903.1299999999999
2015-10-24 03:00:00,0,20.0,52.0,0.0,1780.6399999999999
2015-10-24 04:00:00,0,21.1,47.0,7.4,1704.1999999999998
2015-10-24 05:00:00,0,17.8,65.0,13.0,1689.09
2015-10-24 06:00:00,0,18.3,56.0,9.3,1682.6100000000001
2015-10-24 07:00:00,0,17.8,63.0,0.0,1677.78
2015-10-24 08:00:00,0,21.1,46.0,0.0,1677.34
2015-10-24 09:00:00,0,23.3,41.0,5.6,1737.32
2015-10-24 10:00:00,0,26.7,28.0,13.0,1832.67
2015-10-24 11:00:00,0,28.9,23.0,18.5,1880.0900000000004
2015-10-24 12:00:00,0,29.4,21.0,7.4,2002.31
2015-10-24 13:00:00,0,31.1,19.0,7.4,2144.44
2015-10-24 14:00:00,0,31.1,18.0,13.0,2177.24
2015-10-24 15:00:00,0,31.7,16.0,7.4,2264.47
2015-10-24 16:00:00,0,32.2,17.0,13.0,2249.09
2015-10-24 17:00:00,0,31.7,18.0,7.4,2242.35
2015-10-24 18:00:00,0,30.0,20.0,5.6,2299.55
2015-10-24 19:00:00,0,28.3,24.0,11.1,2256.11
2015-10-24 20:00:00,0,27.2,27.0,7.4,2248.8199999999993
2015-10-24 21:00:00,0,25.6,31.0,11.1,2213.04
2015-10-24 22:00:00,0,25.6,31.0,11.1,2178.01
2015-10-24 23:00:00,0,23.9,33.0,11.1,2100.2799999999997
2015-10-25 00:00:00,0,23.3,35.0,7.4,2058.52
2015-10-25 01:00:00,0,23.3,35.0,0.0,1963.6
2015-10-25 02:00:00,0,23.9,33.0,5.6,1902.9299999999998
2015-10-25 03:00:00,0,22.8,38.0,0.0,1810.12
2015-10-25 04:00:00,0,21.7,41.0,0.0,1736.75
2015-10-25 05:00:00,0,21.1,46.0,11.1,1695.8400000000001
2015-10-25 06:00:00,0,21.7,44.0,16.7,1688.3600000000001
2015-10-25 07:00:00,0,22.2,43.0,14.8,1673.2900000000002
2015-10-25 08:00:00,0,23.3,40.0,5.6,1679.69
2015-10-25 09:00:00,0,26.1,34.0,14.8,1762.1299999999999
2015-10-25 10:00:00,0,27.2,30.0,13.0,1856.36
2015-10-25 11:00:00,0,27.8,29.0,13.0,1965.8999999999999
2015-10-25 12:00:00,0,29.4,26.0,18.5,2059.56
2015-10-25 13:00:00,0,30.6,25.0,18.5,2130.44
2015-10-25 14:00:00,0,30.6,24.0,13.0,2252.5499999999997
2015-10-25 15:00:00,0,31.1,23.0,18.5,2299.57
2015-10-25 16:00:00,0,30.0,26.0,7.4,2330.04
2015-10-25 17:00:00,0,30.0,26.0,9.3,2355.6099999999997
2015-10-25 18:00:00,0,29.4,27.0,0.0,2381.2100000000005
2015-10-25 19:00:00,0,28.3,31.0,11.1,2447.22
2015-10-25 20:00:00,0,27.2,33.0,5.6,2412.87
2015-10-25 21:00:00,0,26.1,34.0,7.4,2405.2300000000005
2015-10-25 22:00:00,0,24.4,43.0,0.0,2361.29
2015-10-25 23:00:00,0,24.4,42.0,0.0,2260.34
2015-10-26 00:00:00,0,23.3,46.0,0.0,2200.06
2015-10-26 01:00:00,0,22.8,48.0,0.0,2032.89
2015-10-26 02:00:00,0,21.7,53.0,0.0,1868.4399999999996
2015-10-26 03:00:00,0,21.7,49.0,5.6,1780.47
2015-10-26 04:00:00,0,20.0,61.0,5.6,1726.7199999999998
2015-10-26 05:00:00,0,21.1,53.0,5.6,1711.1999999999996
2015-10-26 06:00:00,0,19.4,63.0,0.0,1777.45
2015-10-26 07:00:00,0,20.6,54.0,0.0,1786.18
2015-10-26 08:00:00,0,21.7,51.0,0.0,1851.7800000000002
2015-10-26 09:00:00,0,24.4,42.0,7.4,1898.75
2015-10-26 10:00:00,0,26.7,35.0,11.1,2040.6699999999996
2015-10-26 11:00:00,0,27.8,30.0,7.4,2072.13
2015-10-26 12:00:00,0,29.4,27.0,13.0,2144.7900000000004
2015-10-26 13:00:00,0,30.6,24.0,7.4,2188.17
2015-10-26 14:00:00,0,31.1,23.0,0.0,2220.8499999999995
2015-10-26 15:00:00,0,31.7,22.0,5.6,2238.7299999999996
2015-10-26 16:00:00,0,31.7,21.0,9.3,2250.9600000000005
2015-10-26 17:00:00,0,31.1,22.0,13.0,2328.56
2015-10-26 18:00:00,0,30.6,21.0,11.1,2418.78
2015-10-26 19:00:00,0,30.0,22.0,11.1,2456.28
2015-10-26 20:00:00,0,26.7,32.0,7.4,2461.1
2015-10-26 21:00:00,0,25.6,36.0,5.6,2473.4000000000005
2015-10-26 22:00:00,0,26.1,34.0,0.0,2442.43
2015-10-26 23:00:00,0,22.8,48.0,7.4,2337.96
2015-10-27 00:00:00,0,22.8,41.0,9.3,2213.4000000000005
2015-10-27 01:00:00,0,23.3,38.0,5.6,2043.4999999999998
2015-10-27 02:00:00,0,22.8,38.0,5.6,1861.0800000000004
2015-10-27 03:00:00,0,20.6,45.0,0.0,1766.39
2015-10-27 04:00:00,0,20.0,45.0,5.6,1716.9599999999998
2015-10-27 05:00:00,0,18.9,52.0,0.0,1701.58
2015-10-27 06:00:00,0,18.9,50.0,11.1,1735.16
2015-10-27 07:00:00,0,18.9,50.0,7.4,1756.3300000000002
2015-10-27 08:00:00,0,20.6,45.0,11.1,1811.6000000000001
2015-10-27 09:00:00,0,22.8,38.0,13.0,1892.8200000000002
2015-10-27 10:00:00,0,25.6,33.0,16.7,1994.7
2015-10-27 11:00:00,0,26.7,31.0,13.0,2037.81
2015-10-27 12:00:00,0,28.9,27.0,9.3,2098.5499999999997
2015-10-27 13:00:00,0,29.4,23.0,0.0,2141.1600000000003
2015-10-27 14:00:00,0,30.6,20.0,7.4,2219.2799999999993
2015-10-27 15:00:00,0,30.6,18.0,11.1,2173.5999999999995
2015-10-27 16:00:00,0,31.1,15.0,9.3,2287.39
2015-10-27 17:00:00,0,30.6,16.0,11.1,2303.9500000000003
2015-10-27 18:00:00,0,28.9,20.0,9.3,2374.21
2015-10-27 19:00:00,0,28.9,20.0,5.6,2416.9499999999994
2015-10-27 20:00:00,0,27.2,25.0,0.0,2421.7000000000003
2015-10-27 21:00:00,0,26.7,26.0,7.4,2400.1300000000006
2015-10-27 22:00:00,0,25.6,30.0,7.4,2361.7200000000003
2015-10-27 23:00:00,0,23.3,38.0,5.6,2302.93
2015-10-28 00:00:00,0,23.3,37.0,0.0,2122.37
2015-10-28 01:00:00,0,23.3,37.0,0.0,2007.6
2015-10-28 02:00:00,0,21.7,41.0,0.0,1865.68
2015-10-28 03:00:00,0,20.6,45.0,11.1,1787.5
2015-10-28 04:00:00,0,20.0,49.0,9.3,1717.3
2015-10-28 05:00:00,0,20.6,44.0,13.0,1710.14
2015-10-28 06:00:00,0,20.0,42.0,13.0,1732.7099999999998
2015-10-28 07:00:00,0,20.0,40.0,14.8,1769.1899999999998
2015-10-28 08:00:00,0,20.6,40.0,11.1,1839.87
2015-10-28 09:00:00,0,21.7,38.0,11.1,1866.0200000000002
2015-10-28 10:00:00,0,22.8,35.0,14.8,1924.7800000000002
2015-10-28 11:00:00,0,25.0,31.0,11.1,1988.1399999999999
2015-10-28 12:00:00,0,26.7,29.0,11.1,2048.08
2015-10-28 13:00:00,0,28.3,23.0,11.1,2073.84
2015-10-28 14:00:00,0,28.3,24.0,0.0,2153.38
2015-10-28 15:00:00,0,29.4,22.0,5.6,2197.43
2015-10-28 16:00:00,0,29.4,20.0,9.3,2256.01
2015-10-28 17:00:00,0,28.9,19.0,5.6,2270.4199999999996
2015-10-28 18:00:00,0,27.8,22.0,5.6,2364.32
2015-10-28 19:00:00,0,27.2,25.0,5.6,2375.34
2015-10-28 20:00:00,0,26.7,26.0,5.6,2402.26
2015-10-28 21:00:00,0,25.0,34.0,0.0,2386.74
2015-10-28 22:00:00,0,25.0,32.0,5.6,2360.1000000000004
2015-10-28 23:00:00,0,24.4,33.0,9.3,2224.2549999999997
2015-10-29 00:00:00,0,24.4,32.0,11.1,2125.73
2015-10-29 01:00:00,0,23.3,38.0,11.1,1992.4800000000002
2015-10-29 02:00:00,0,21.7,47.0,14.8,1844.55
2015-10-29 03:00:00,0,21.7,45.0,13.0,1738.98
2015-10-29 04:00:00,0,20.6,58.0,11.1,1702.7000000000003
2015-10-29 05:00:00,0,20.6,54.0,18.5,1668.58
2015-10-29 06:00:00,0,20.0,59.0,13.0,1703.37
2015-10-29 07:00:00,0,18.9,68.0,18.5,1729.0100000000002
2015-10-29 08:00:00,0,20.0,59.0,18.5,1807.7499999999998
2015-10-29 09:00:00,0,21.1,55.0,11.1,1867.3799999999999
2015-10-29 10:00:00,0,23.3,46.0,9.3,1964.89
2015-10-29 11:00:00,0,25.0,37.0,16.7,2072.8100000000004
2015-10-29 12:00:00,0,26.1,34.0,11.1,2168.72
2015-10-29 13:00:00,0,27.2,33.0,14.8,2204.14
2015-10-29 14:00:00,0,26.7,27.0,24.1,2198.8199999999997
2015-10-29 15:00:00,0,25.0,29.0,14.8,2184.6300000000006
2015-10-29 16:00:00,0,24.4,31.0,16.7,2278.4
2015-10-29 17:00:00,0,23.3,34.0,25.9,2316.790000000001
2015-10-29 18:00:00,0,21.1,41.0,20.4,2334.29
2015-10-29 19:00:00,0,20.0,49.0,18.5,2271.56
2015-10-29 20:00:00,0,18.3,61.0,16.7,2269.6
2015-10-29 21:00:00,0,18.9,54.0,13.0,2273.06
2015-10-29 22:00:00,0,18.9,54.0,11.1,2205.56
2015-10-29 23:00:00,0,18.3,56.0,9.3,2112.82
2015-10-30 00:00:00,0,18.3,63.0,0.0,2034.39
2015-10-30 01:00:00,0,17.8,67.0,5.6,1910.3800000000003
2015-10-30 02:00:00,0,17.2,75.0,9.3,1825.8899999999999
2015-10-30 03:00:00,0,16.7,78.0,7.4,1737.5699999999997
2015-10-30 04:00:00,0,15.6,93.0,5.6,1687.0299999999997
2015-10-30 05:00:00,0,16.1,83.0,0.0,1656.24
2015-10-30 06:00:00,0,16.1,81.0,0.0,1712.11
2015-10-30 07:00:00,0,16.1,78.0,0.0,1736.6699999999998
2015-10-30 08:00:00,0,16.7,72.0,11.1,1756.9599999999998
2015-10-30 09:00:00,0,18.9,59.0,11.1,1805.7000000000003
2015-10-30 10:00:00,0,19.4,57.0,13.0,1898.1100000000001
2015-10-30 11:00:00,0,21.1,47.0,5.6,1982.88
2015-10-30 12:00:00,0,22.2,44.0,5.6,2026.89
2015-10-30 13:00:00,0,22.8,39.0,7.4,2095.61
2015-10-30 14:00:00,0,24.4,33.0,11.1,2135.88
2015-10-30 15:00:00,0,25.6,27.0,16.7,2166.01
2015-10-30 16:00:00,0,25.6,25.0,22.2,2231.77
2015-10-30 17:00:00,0,25.6,24.0,14.8,2220.25
2015-10-30 18:00:00,0,25.0,24.0,13.0,2265.98
2015-10-30 19:00:00,0,24.4,24.0,11.1,2246.2400000000002
2015-10-30 20:00:00,0,23.3,28.0,5.6,2205.3300000000004
2015-10-30 21:00:00,0,22.2,31.0,0.0,2147.67
2015-10-30 22:00:00,0,22.2,33.0,5.6,2023.16
2015-10-30 23:00:00,0,21.1,33.0,13.0,1995.0699999999997
2015-10-31 00:00:00,0,18.3,47.0,0.0,1913.9699999999998
2015-10-31 01:00:00,0,17.8,50.0,5.6,1874.6000000000001
2015-10-31 02:00:00,0,17.2,56.0,0.0,1817.73
2015-10-31 03:00:00,0,16.7,52.0,0.0,1739.58
2015-10-31 04:00:00,0,16.1,52.0,7.4,1669.27
2015-10-31 05:00:00,0,15.6,55.0,0.0,1574.2
2015-10-31 06:00:00,0,15.0,55.0,5.6,1523.9700000000003
2015-10-31 07:00:00,0,14.4,56.0,7.4,1524.5299999999997
2015-10-31 08:00:00,0,16.1,62.0,5.6,1554.1599999999999
2015-10-31 09:00:00,0,17.8,41.0,7.4,1668.8300000000002
2015-10-31 10:00:00,0,21.1,31.0,7.4,1752.9
2015-10-31 11:00:00,0,22.8,26.0,0.0,1802.1399999999999
2015-10-31 12:00:00,0,25.0,23.0,0.0,1888.6399999999999
2015-10-31 13:00:00,0,25.6,19.0,5.6,1980.33
2015-10-31 14:00:00,0,26.7,17.0,5.6,2070.3900000000003
2015-10-31 15:00:00,0,26.7,17.0,9.3,2103.42
2015-10-31 16:00:00,0,27.8,18.0,14.8,2163.9
2015-10-31 17:00:00,0,27.2,20.0,11.1,2203.7000000000003
2015-10-31 18:00:00,0,25.6,24.0,9.3,2239.6999999999994
2015-10-31 19:00:00,0,23.3,30.0,9.3,2203.58
2015-10-31 20:00:00,0,25.0,24.0,7.4,2124.9900000000002
2015-10-31 21:00:00,0,22.8,30.0,5.6,2072.45
2015-10-31 22:00:00,0,21.1,35.0,9.3,1989.9099999999996
2015-10-31 23:00:00,0,20.6,36.0,9.3,1886.4800000000002
2015-11-01 00:00:00,0,18.9,43.0,13.0,1863.82
2015-11-01 01:00:00,0,18.3,47.0,11.1,1873.2300000000002
2015-11-01 02:00:00,0,17.8,46.0,13.0,1814.71
2015-11-01 03:00:00,0,17.2,48.0,11.1,1754.18
2015-11-01 04:00:00,0,16.1,54.0,13.0,1685.87
2015-11-01 05:00:00,0,16.1,52.0,16.7,1624.3399999999997
2015-11-01 06:00:00,0,15.0,58.0,13.0,1583.4599999999998
2015-11-01 07:00:00,0,15.0,58.0,14.8,1584.89
2015-11-01 08:00:00,0,16.7,53.0,11.1,1591.89
2015-11-01 09:00:00,0,18.9,45.0,16.7,1637.5500000000002
2015-11-01 10:00:00,0,21.1,38.0,11.1,1722.7399999999998
2015-11-01 11:00:00,0,23.3,30.0,0.0,1794.18
2015-11-01 12:00:00,0,25.0,28.0,5.6,1926.76
2015-11-01 13:00:00,0,26.1,24.0,5.6,2040.9299999999998
2015-11-01 14:00:00,0,27.8,22.0,7.4,2124.8399999999997
2015-11-01 15:00:00,0,28.9,20.0,5.6,2203.04
2015-11-01 16:00:00,0,28.9,19.0,0.0,2255.5800000000004
2015-11-01 17:00:00,0,28.3,21.0,0.0,2280.4200000000005
2015-11-01 18:00:00,0,27.8,22.0,0.0,2308.08
2015-11-01 19:00:00,0,26.7,24.0,0.0,2404.83
2015-11-01 20:00:00,0,23.3,35.0,0.0,2398.96
2015-11-01 21:00:00,0,23.3,34.0,5.6,2381.9300000000003
2015-11-01 22:00:00,0,21.7,39.0,9.3,2349.2700000000004
2015-11-01 23:00:00,0,20.6,42.0,14.8,2294.17
2015-11-02 00:00:00,0,19.4,44.0,13.0,2176.47
2015-11-02 01:00:00,0,18.9,45.0,7.4,1978.74
2015-11-02 02:00:00,0,17.8,52.0,11.1,1852.3599999999997
2015-11-02 03:00:00,0,17.8,50.0,9.3,1763.13
2015-11-02 04:00:00,0,17.8,48.0,11.1,1713.2500000000002
2015-11-02 05:00:00,0,17.2,54.0,9.3,1673.59
2015-11-02 06:00:00,0,17.2,54.0,11.1,1723.1699999999998
2015-11-02 07:00:00,0,16.1,58.0,7.4,1749.9900000000002
2015-11-02 08:00:00,0,17.2,56.0,11.1,1832.02
2015-11-02 09:00:00,0,20.0,45.0,14.8,1860.19
2015-11-02 10:00:00,0,22.2,40.0,13.0,1994.73
2015-11-02 11:00:00,0,24.4,35.0,16.7,2026.3500000000004
2015-11-02 12:00:00,0,26.7,28.0,16.7,2117.5
2015-11-02 13:00:00,0,28.9,25.0,11.1,2194.3500000000004
2015-11-02 14:00:00,0,30.0,20.0,0.0,2222.76
2015-11-02 15:00:00,0,30.0,20.0,13.0,2287.51
2015-11-02 16:00:00,0,30.6,17.0,7.4,2312.74
2015-11-02 17:00:00,0,30.0,18.0,9.3,2425.99
2015-11-02 18:00:00,0,28.3,19.0,7.4,2494.97
2015-11-02 19:00:00,0,26.7,22.0,7.4,2560.3
2015-11-02 20:00:00,0,25.0,24.0,11.1,2530.1000000000004
2015-11-02 21:00:00,0,24.4,26.0,9.3,2444.6275000000005
2015-11-02 22:00:00,0,23.3,28.0,13.0,2333.5125
2015-11-02 23:00:00,0,22.2,31.0,16.7,2392.4300000000003
2015-11-03 00:00:00,0,21.7,30.0,9.3,2204.0799999999995
2015-11-03 01:00:00,0,22.2,28.0,13.0,1995.9400000000003
2015-11-03 02:00:00,0,22.8,30.0,25.9,1829.6499999999999
2015-11-03 03:00:00,0,20.0,37.0,13.0,1749.83
2015-11-03 04:00:00,0,18.9,42.0,16.7,1727.1000000000001
2015-11-03 05:00:00,0,17.8,45.0,5.6,1696.3999999999999
2015-11-03 06:00:00,0,18.3,43.0,5.6,1736.99
2015-11-03 07:00:00,0,18.3,43.0,11.1,1755.1200000000001
2015-11-03 08:00:00,0,20.0,39.0,14.8,1935.1499999999996
2015-11-03 09:00:00,0,21.7,35.0,22.2,1918.18
2015-11-03 10:00:00,0,24.4,31.0,20.4,2012.64
2015-11-03 11:00:00,0,26.7,28.0,22.2,2067.69
2015-11-03 12:00:00,0,26.7,29.0,24.1,2128.0899999999997
2015-11-03 13:00:00,0,28.3,27.0,20.4,2239.3499999999995
2015-11-03 14:00:00,0,25.6,37.0,24.1,2256.9100000000003
2015-11-03 15:00:00,0,25.0,34.0,37.0,2258.88
2015-11-03 16:00:00,0,23.9,29.0,37.0,2279.7000000000003
2015-11-03 17:00:00,0,22.8,30.0,38.9,2355.06
2015-11-03 18:00:00,0,21.7,32.0,29.6,2444.68
2015-11-03 19:00:00,0,20.6,26.0,22.2,2498.6200000000003
2015-11-03 20:00:00,0,20.0,27.0,14.8,2465.85
2015-11-03 21:00:00,0,20.0,28.0,16.7,2465.1200000000003
2015-11-03 22:00:00,0,19.4,30.0,16.7,2433.3100000000004
2015-11-03 23:00:00,0,18.3,42.0,9.3,2297.5099999999993
2015-11-04 00:00:00,0,17.8,43.0,16.7,2102.8300000000004
2015-11-04 01:00:00,0,16.1,56.0,14.8,1904.0400000000004
2015-11-04 02:00:00,0,15.6,67.0,14.8,1779.37
2015-11-04 03:00:00,0,15.0,67.0,11.1,1670.12
2015-11-04 04:00:00,0,15.0,69.0,9.3,1627.97
2015-11-04 05:00:00,0,14.4,72.0,5.6,1615.4300000000003
2015-11-04 06:00:00,0,13.9,64.0,11.1,1680.26
2015-11-04 07:00:00,0,13.9,74.0,11.1,1712.0500000000002
2015-11-04 08:00:00,0,13.9,83.0,11.1,1739.1100000000004
2015-11-04 09:00:00,0,15.0,62.0,9.3,1822.2000000000003
2015-11-04 10:00:00,0,14.4,60.0,9.3,1880.85
2015-11-04 11:00:00,0,16.7,56.0,18.5,1839.39
2015-11-04 12:00:00,0,18.3,43.0,7.4,1975.75
2015-11-04 13:00:00,0,18.3,40.0,20.4,2126.2
2015-11-04 14:00:00,0,18.3,40.0,11.1,2176.9700000000003
2015-11-04 15:00:00,0,18.9,36.0,24.1,2177.25
2015-11-04 16:00:00,0,19.4,32.0,14.8,2210.5475
2015-11-04 17:00:00,0,19.4,32.0,20.4,2295.3900000000003
2015-11-04 18:00:00,0,15.6,55.0,22.2,2339.9999999999995
2015-11-04 19:00:00,0,14.4,62.0,13.0,2315.33
2015-11-04 20:00:00,0,13.3,69.0,14.8,2351.2
2015-11-04 21:00:00,0,12.8,72.0,11.1,2314.99
2015-11-04 22:00:00,0,12.8,69.0,5.6,2294.33
2015-11-04 23:00:00,0,12.2,72.0,9.3,2211.9900000000002
2015-11-05 00:00:00,0,12.2,75.0,5.6,2079.67
2015-11-05 01:00:00,0,12.8,72.0,5.6,1903.91
2015-11-05 02:00:00,0,12.2,77.0,11.1,1757.8100000000002
2015-11-05 03:00:00,0,11.7,80.0,7.4,1647.36
2015-11-05 04:00:00,0,11.1,86.0,5.6,1587.3000000000002
2015-11-05 05:00:00,0,11.1,80.0,5.6,1561.4899999999998
2015-11-05 06:00:00,0,10.6,86.0,0.0,1605.38
2015-11-05 07:00:00,0,10.0,89.0,5.6,1650.22
2015-11-05 08:00:00,0,11.1,77.0,7.4,1707.1
2015-11-05 09:00:00,0,12.8,72.0,9.3,1735.8
2015-11-05 10:00:00,0,13.3,69.0,7.4,1850.3
2015-11-05 11:00:00,0,13.9,59.0,9.3,1878.26
2015-11-05 12:00:00,0,16.1,50.0,0.0,2016.22
2015-11-05 13:00:00,0,17.2,43.0,9.3,2110.95
2015-11-05 14:00:00,0,17.8,37.0,5.6,2099.27
2015-11-05 15:00:00,0,18.3,33.0,5.6,2136.44
2015-11-05 16:00:00,0,18.9,30.0,14.8,2180.68
2015-11-05 17:00:00,0,18.3,33.0,7.4,2217.2099999999996
2015-11-05 18:00:00,0,17.8,35.0,7.4,2309.8800000000006
2015-11-05 19:00:00,0,17.8,34.0,13.0,2296.7099999999996
2015-11-05 20:00:00,0,17.2,35.0,13.0,2278.9099999999994
2015-11-05 21:00:00,0,13.9,53.0,7.4,2244.6899999999996
2015-11-05 22:00:00,0,15.6,42.0,9.3,2233.27
2015-11-05 23:00:00,0,12.8,57.0,9.3,2120.9000000000005
2015-11-06 00:00:00,0,12.2,59.0,7.4,2007.6299999999999
2015-11-06 01:00:00,0,12.2,57.0,7.4,1858.23
2015-11-06 02:00:00,0,10.6,66.0,5.6,1710.4600000000003
2015-11-06 03:00:00,0,10.0,68.0,7.4,1625.2900000000004
2015-11-06 04:00:00,0,10.0,68.0,5.6,1560.4799999999998
2015-11-06 05:00:00,0,10.6,66.0,9.3,1535.26
2015-11-06 06:00:00,0,9.4,71.0,5.6,1589.25
2015-11-06 07:00:00,0,10.0,68.0,7.4,1627.64
2015-11-06 08:00:00,0,10.6,66.0,0.0,1654.72
2015-11-06 09:00:00,0,12.2,59.0,0.0,1677.9749999999997
2015-11-06 10:00:00,0,15.0,46.0,0.0,1777.05
2015-11-06 11:00:00,0,16.1,41.0,5.6,1862.0499999999997
2015-11-06 12:00:00,0,18.9,33.0,5.6,1921.5900000000004
2015-11-06 13:00:00,0,19.4,27.0,9.3,2016.93
2015-11-06 14:00:00,0,21.1,18.0,11.1,2008.0199999999998
2015-11-06 15:00:00,0,21.7,17.0,7.4,2078.89
2015-11-06 16:00:00,0,22.8,18.0,16.7,2079.59
2015-11-06 17:00:00,0,22.8,20.0,14.8,2133.03
2015-11-06 18:00:00,0,20.6,24.0,16.7,2134.8300000000004
2015-11-06 19:00:00,0,19.4,31.0,13.0,2102.5800000000004
2015-11-06 20:00:00,0,18.9,30.0,7.4,2019.24
2015-11-06 21:00:00,0,18.9,28.0,7.4,1972.67
2015-11-06 22:00:00,0,16.7,38.0,5.6,1935.5700000000002
2015-11-06 23:00:00,0,15.6,39.0,0.0,1955.95
2015-11-07 00:00:00,0,15.6,38.0,7.4,1867.98
2015-11-07 01:00:00,0,13.3,47.0,7.4,1809.91
2015-11-07 02:00:00,0,12.8,47.0,5.6,1666.08
2015-11-07 03:00:00,0,11.7,55.0,0.0,1628.5300000000002
2015-11-07 04:00:00,0,12.2,49.0,0.0,1566.48
2015-11-07 05:00:00,0,11.7,55.0,5.6,1526.8400000000001
2015-11-07 06:00:00,0,11.7,52.0,0.0,1521.0200000000002
2015-11-07 07:00:00,0,10.6,56.0,5.6,1517.7199999999998
2015-11-07 08:00:00,0,12.2,51.0,0.0,1498.89
2015-11-07 09:00:00,0,15.0,38.0,7.4,1544.7499999999998
2015-11-07 10:00:00,0,17.8,30.0,7.4,1615.6800000000003
2015-11-07 11:00:00,0,20.6,23.0,0.0,1696.35
2015-11-07 12:00:00,0,22.8,20.0,0.0,1779.1300000000003
2015-11-07 13:00:00,0,24.4,18.0,18.5,1864.7400000000002
2015-11-07 14:00:00,0,25.6,17.0,16.7,2014.4499999999998
2015-11-07 15:00:00,0,26.1,17.0,5.6,2058.65
2015-11-07 16:00:00,0,26.1,17.0,0.0,2073.8399999999997
2015-11-07 17:00:00,0,26.7,17.0,0.0,2067.9100000000003
2015-11-07 18:00:00,0,23.9,23.0,7.4,2062.71
2015-11-07 19:00:00,0,21.7,28.0,5.6,2058.51
2015-11-07 20:00:00,0,22.2,24.0,5.6,2048.5899999999997
2015-11-07 21:00:00,0,18.3,39.0,7.4,2049.5000000000005
2015-11-07 22:00:00,0,18.9,33.0,0.0,1977.6899999999996
2015-11-07 23:00:00,0,17.8,35.0,0.0,1932.24
2015-11-08 00:00:00,0,16.7,41.0,5.6,1862.69
2015-11-08 01:00:00,0,16.1,44.0,7.4,1772.1399999999999
2015-11-08 02:00:00,0,17.8,34.0,7.4,1717.64
2015-11-08 03:00:00,0,16.7,38.0,5.6,1641.7799999999997
2015-11-08 04:00:00,0,16.7,38.0,0.0,1564.09
2015-11-08 05:00:00,0,16.7,38.0,0.0,1532.6000000000001
2015-11-08 06:00:00,0,15.6,44.0,5.6,1523.6100000000001
2015-11-08 07:00:00,0,15.0,46.0,5.6,1514.57
2015-11-08 08:00:00,0,16.7,43.0,0.0,1507.1
2015-11-08 09:00:00,0,19.4,37.0,13.0,1566.06
2015-11-08 10:00:00,0,21.7,30.0,5.6,1628.06
2015-11-08 11:00:00,0,23.9,26.0,9.3,1695.09
2015-11-08 12:00:00,0,25.0,25.0,7.4,1826.43
2015-11-08 13:00:00,0,26.1,23.0,0.0,1914.52
2015-11-08 14:00:00,0,27.8,19.0,16.7,1993.79
2015-11-08 15:00:00,0,26.7,20.0,5.6,2051.75
2015-11-08 16:00:00,0,26.7,20.0,0.0,2175.2599999999998
2015-11-08 17:00:00,0,27.2,21.0,0.0,2221.72
2015-11-08 18:00:00,0,25.0,25.0,0.0,2204.2975
2015-11-08 19:00:00,0,22.8,30.0,9.3,2287.9399999999996
2015-11-08 20:00:00,0,21.1,35.0,9.3,2272.07
2015-11-08 21:00:00,0,20.6,38.0,0.0,2269.12
2015-11-08 22:00:00,0,19.4,37.0,0.0,2214.26
2015-11-08 23:00:00,0,17.8,46.0,5.6,2117.6600000000003
2015-11-09 00:00:00,0,16.7,48.0,7.4,1995.9599999999996
2015-11-09 01:00:00,0,16.7,50.0,0.0,1822.7600000000002
2015-11-09 02:00:00,0,16.1,54.0,9.3,1666.4399999999998
2015-11-09 03:00:00,0,15.6,53.0,5.6,1568.8700000000003
2015-11-09 04:00:00,0,14.4,56.0,11.1,1536.6900000000003
2015-11-09 05:00:00,0,13.9,55.0,11.1,1522.3500000000001
2015-11-09 06:00:00,0,13.3,60.0,11.1,1560.02
2015-11-09 07:00:00,0,13.9,57.0,13.0,1605.58
2015-11-09 08:00:00,0,15.0,53.0,14.8,1653.39
2015-11-09 09:00:00,0,17.2,45.0,11.1,1719.3099999999997
2015-11-09 10:00:00,0,19.4,37.0,9.3,1814.8999999999999
2015-11-09 11:00:00,0,21.7,30.0,9.3,1878.1200000000003
2015-11-09 12:00:00,0,23.3,26.0,9.3,1911.7199999999996
2015-11-09 13:00:00,0,25.0,24.0,7.4,1966.7900000000002
2015-11-09 14:00:00,0,26.1,21.0,13.0,1970.8199999999997
2015-11-09 15:00:00,0,25.6,17.0,0.0,2008.1675
2015-11-09 16:00:00,0,26.7,14.0,13.0,2059.8900000000003
2015-11-09 17:00:00,0,26.1,15.0,7.4,2191.2599999999998
2015-11-09 18:00:00,0,25.0,19.0,16.7,2270.3100000000004
2015-11-09 19:00:00,0,23.3,24.0,11.1,2226.1699999999996
2015-11-09 20:00:00,0,21.1,29.0,0.0,2299.47
2015-11-09 21:00:00,0,19.4,34.0,5.6,2254.07
2015-11-09 22:00:00,0,18.3,37.0,7.4,2257.9000000000005
2015-11-09 23:00:00,0,17.8,41.0,9.3,2104.3799999999997
2015-11-10 00:00:00,0,16.7,39.0,11.1,1922.0700000000002
2015-11-10 01:00:00,0,15.6,44.0,14.8,1785.61
2015-11-10 02:00:00,0,15.6,42.0,13.0,1672.16
2015-11-10 03:00:00,0,14.4,46.0,14.8,1598.4799999999998
2015-11-10 04:00:00,0,13.9,45.0,13.0,1542.5300000000002
2015-11-10 05:00:00,0,13.3,49.0,11.1,1521.8299999999997
2015-11-10 06:00:00,0,13.3,51.0,11.1,1564.31
2015-11-10 07:00:00,0,13.9,49.0,5.6,1617.24
2015-11-10 08:00:00,0,14.4,49.0,9.3,1670.79
2015-11-10 09:00:00,0,15.6,49.0,7.4,1728.79
2015-11-10 10:00:00,0,17.2,50.0,11.1,1817.0599999999997
2015-11-10 11:00:00,0,17.2,46.0,7.4,1931.63
2015-11-10 12:00:00,0,18.3,33.0,24.1,1952.2899999999995
2015-11-10 13:00:00,0,20.6,29.0,13.0,2015.0400000000002
2015-11-10 14:00:00,0,21.7,26.0,31.5,2033.4099999999999
2015-11-10 15:00:00,0,21.1,27.0,25.9,2021.8
2015-11-10 16:00:00,0,21.7,24.0,24.1,2069.5800000000004
2015-11-10 17:00:00,0,20.6,22.0,35.2,2164.06
2015-11-10 18:00:00,0,18.9,25.0,20.4,2172.3100000000004
2015-11-10 19:00:00,0,18.3,25.0,20.4,2180.32
2015-11-10 20:00:00,0,17.2,23.0,22.2,2184.84
2015-11-10 21:00:00,0,16.7,22.0,22.2,2132.8099999999995
2015-11-10 22:00:00,0,15.0,25.0,7.4,2042.07
2015-11-10 23:00:00,0,14.4,26.0,9.3,1956.16
2015-11-11 00:00:00,1,13.9,28.0,11.1,1925.1600000000003
2015-11-11 01:00:00,1,11.7,37.0,7.4,1812.29
2015-11-11 02:00:00,1,12.8,30.0,7.4,1701.3000000000004
2015-11-11 03:00:00,1,12.2,31.0,5.6,1613.69
2015-11-11 04:00:00,1,11.7,32.0,11.1,1539.1
2015-11-11 05:00:00,1,9.4,43.0,0.0,1495.05
2015-11-11 06:00:00,1,8.9,46.0,9.3,1536.1300000000003
2015-11-11 07:00:00,1,10.0,41.0,0.0,1535.63
2015-11-11 08:00:00,1,10.0,43.0,7.4,1505.12
2015-11-11 09:00:00,1,11.7,37.0,0.0,1515.77
2015-11-11 10:00:00,1,14.4,31.0,5.6,1587.8
2015-11-11 11:00:00,1,15.6,28.0,5.6,1705.9999999999998
2015-11-11 12:00:00,1,16.7,26.0,0.0,1776.3100000000002
2015-11-11 13:00:00,1,17.8,23.0,11.1,1880.8300000000002
2015-11-11 14:00:00,1,18.3,21.0,5.6,1953.3499999999997
2015-11-11 15:00:00,1,19.4,18.0,5.6,2013.93
2015-11-11 16:00:00,1,19.4,17.0,9.3,2100.4400000000005
2015-11-11 17:00:00,1,18.9,18.0,13.0,2167.0299999999997
2015-11-11 18:00:00,1,17.8,23.0,7.4,2191.1
2015-11-11 19:00:00,1,16.1,27.0,7.4,2208.28
2015-11-11 20:00:00,1,15.6,28.0,5.6,2207.4
2015-11-11 21:00:00,1,15.6,27.0,0.0,2149.0099999999998
2015-11-11 22:00:00,1,13.9,33.0,0.0,2077.2599999999998
2015-11-11 23:00:00,1,12.8,38.0,7.4,2031.04
2015-11-12 00:00:00,0,11.1,49.0,7.4,1923.71
2015-11-12 01:00:00,0,11.7,43.0,0.0,1746.65
2015-11-12 02:00:00,0,10.6,46.0,0.0,1629.0699999999997
2015-11-12 03:00:00,0,9.4,52.0,5.6,1556.56
2015-11-12 04:00:00,0,9.4,48.0,0.0,1498.9299999999998
2015-11-12 05:00:00,0,8.9,52.0,0.0,1492.1999999999998
2015-11-12 06:00:00,0,8.3,54.0,0.0,1554.8899999999999
2015-11-12 07:00:00,0,8.9,52.0,5.6,1568.7899999999997
2015-11-12 08:00:00,0,11.1,43.0,0.0,1587.94
2015-11-12 09:00:00,0,13.9,34.0,7.4,1658.22
2015-11-12 10:00:00,0,16.7,23.0,0.0,1706.8700000000001
2015-11-12 11:00:00,0,20.0,14.0,18.5,1806.0399999999997
2015-11-12 12:00:00,0,21.7,13.0,16.7,1895.9799999999998
2015-11-12 13:00:00,0,22.8,11.0,18.5,1989.6099999999997
2015-11-12 14:00:00,0,23.9,11.0,9.3,1973.9975
2015-11-12 15:00:00,0,24.4,10.0,5.6,2031.1299999999994
2015-11-12 16:00:00,0,24.4,10.0,0.0,2084.47
2015-11-12 17:00:00,0,24.4,10.0,0.0,2180.31
2015-11-12 18:00:00,0,21.7,15.0,5.6,2286.5699999999997
2015-11-12 19:00:00,0,22.2,11.0,11.1,2246.2799999999997
2015-11-12 20:00:00,0,18.3,19.0,7.4,2227.8999999999996
2015-11-12 21:00:00,0,17.2,21.0,0.0,2208.24
2015-11-12 22:00:00,0,15.6,25.0,5.6,2117.63
2015-11-12 23:00:00,0,13.9,30.0,0.0,1997.99
2015-11-13 00:00:00,0,13.3,30.0,7.4,1881.4999999999998
2015-11-13 01:00:00,0,12.8,33.0,0.0,1761.2199999999998
2015-11-13 02:00:00,0,12.8,31.0,7.4,1625.45
2015-11-13 03:00:00,0,11.7,37.0,7.4,1551.67
2015-11-13 04:00:00,0,11.7,37.0,7.4,1507.82
2015-11-13 05:00:00,0,11.1,40.0,0.0,1490.4199999999996
2015-11-13 06:00:00,0,11.7,40.0,0.0,1574.12
2015-11-13 07:00:00,0,11.7,37.0,0.0,1575.8899999999999
2015-11-13 08:00:00,0,12.2,40.0,7.4,1638.9600000000003
2015-11-13 09:00:00,0,19.4,17.0,20.4,1665.4000000000003
2015-11-13 10:00:00,0,21.1,14.0,29.6,1750.5600000000002
2015-11-13 11:00:00,0,22.8,13.0,22.2,1834.3700000000001
2015-11-13 12:00:00,0,24.4,11.0,29.6,1894.1699999999998
2015-11-13 13:00:00,0,24.4,11.0,9.3,1944.28
2015-11-13 14:00:00,0,26.1,10.0,7.4,2053.94
2015-11-13 15:00:00,0,26.7,9.0,9.3,2251.83
2015-11-13 16:00:00,0,26.7,9.0,11.1,2231.75
2015-11-13 17:00:00,0,26.7,9.0,9.3,2242.04
2015-11-13 18:00:00,0,25.0,11.0,7.4,2271.1299999999997
2015-11-13 19:00:00,0,21.1,17.0,7.4,2206.87
2015-11-13 20:00:00,0,20.6,18.0,5.6,2118.52
2015-11-13 21:00:00,0,18.9,20.0,7.4,2096.83
2015-11-13 22:00:00,0,18.3,20.0,0.0,2091.48
2015-11-13 23:00:00,0,18.3,20.0,7.4,2049.6600000000003
2015-11-14 00:00:00,0,16.7,24.0,7.4,1967.8299999999997
2015-11-14 01:00:00,0,13.9,33.0,7.4,1867.3400000000001
2015-11-14 02:00:00,0,13.9,33.0,0.0,1748.05
2015-11-14 03:00:00,0,13.9,33.0,0.0,1670.39
2015-11-14 04:00:00,0,12.2,40.0,0.0,1568.99
2015-11-14 05:00:00,0,12.8,35.0,7.4,1538.3799999999999
2015-11-14 06:00:00,0,12.2,37.0,7.4,1527.38
2015-11-14 07:00:00,0,11.7,37.0,9.3,1569.3100000000004
2015-11-14 08:00:00,0,12.2,38.0,11.1,1548.5600000000002
2015-11-14 09:00:00,0,15.0,28.0,11.1,1568.0600000000002
2015-11-14 10:00:00,0,17.8,24.0,11.1,1637.26
2015-11-14 11:00:00,0,20.0,21.0,7.4,1709.0799999999997
2015-11-14 12:00:00,0,22.2,17.0,9.3,1759.35
2015-11-14 13:00:00,0,24.4,14.0,7.4,1950.4200000000003
2015-11-14 14:00:00,0,24.4,14.0,9.3,1988.5700000000002
2015-11-14 15:00:00,0,25.6,13.0,5.6,2051.06
2015-11-14 16:00:00,0,25.0,13.0,5.6,2089.46
2015-11-14 17:00:00,0,24.4,13.0,5.6,2134.2799999999997
2015-11-14 18:00:00,0,22.2,17.0,0.0,2167.7499999999995
2015-11-14 19:00:00,0,20.0,21.0,0.0,2159.8
2015-11-14 20:00:00,0,18.9,24.0,0.0,2157.7099999999996
2015-11-14 21:00:00,0,17.2,28.0,0.0,2108.52
2015-11-14 22:00:00,0,16.7,31.0,9.3,1994.5200000000002
2015-11-14 23:00:00,0,15.0,33.0,7.4,1911.8
2015-11-15 00:00:00,0,15.6,30.0,11.1,1827.26
2015-11-15 01:00:00,0,15.0,31.0,9.3,1760.2599999999998
2015-11-15 02:00:00,0,14.4,32.0,7.4,1678.4599999999996
2015-11-15 03:00:00,0,15.0,29.0,7.4,1630.4699999999998
2015-11-15 04:00:00,0,14.4,31.0,11.1,1559.6700000000003
2015-11-15 05:00:00,0,13.9,34.0,11.1,1518.85
2015-11-15 06:00:00,0,13.9,33.0,11.1,1501.9800000000002
2015-11-15 07:00:00,0,13.9,34.0,11.1,1515.4200000000003
2015-11-15 08:00:00,0,15.0,38.0,13.0,1510.34
2015-11-15 09:00:00,0,15.6,39.0,13.0,1560.02
2015-11-15 10:00:00,0,17.2,45.0,13.0,1598.5100000000002
2015-11-15 11:00:00,0,18.3,43.0,18.5,1775.2599999999998
2015-11-15 12:00:00,0,17.2,54.0,20.4,2046.2000000000003
2015-11-15 13:00:00,0,16.7,62.0,7.4,2099.51
2015-11-15 14:00:00,0,16.1,70.0,18.5,2060.91
2015-11-15 15:00:00,0,14.4,84.0,0.0,2100.89
2015-11-15 16:00:00,0,15.0,81.0,7.4,2105.81
2015-11-15 17:00:00,0,15.0,81.0,7.4,2108.88
2015-11-15 18:00:00,0,15.0,81.0,13.0,2184.5899999999997
2015-11-15 19:00:00,0,14.4,87.0,11.1,2213.3800000000006
2015-11-15 20:00:00,0,14.4,90.0,5.6,2207.5800000000004
2015-11-15 21:00:00,0,14.4,90.0,0.0,2205.85
2015-11-15 22:00:00,0,14.4,90.0,9.3,2192.56
2015-11-15 23:00:00,0,14.4,90.0,14.8,2081.39
2015-11-16 00:00:00,0,14.4,90.0,7.4,2017.9
2015-11-16 01:00:00,0,15.0,83.0,14.8,1832.75
2015-11-16 02:00:00,0,15.6,72.0,29.6,1692.38
2015-11-16 03:00:00,0,15.0,67.0,25.9,1599.33
2015-11-16 04:00:00,0,14.4,62.0,25.9,1519.35
2015-11-16 05:00:00,0,13.3,57.0,22.2,1484.35
2015-11-16 06:00:00,0,12.8,51.0,24.1,1526.7699999999998
2015-11-16 07:00:00,0,12.2,53.0,25.9,1588.9699999999998
2015-11-16 08:00:00,0,12.2,55.0,22.2,1643.15
2015-11-16 09:00:00,0,13.3,49.0,24.1,1720.8199999999997
2015-11-16 10:00:00,0,11.1,57.0,18.5,1797.96
2015-11-16 11:00:00,0,12.2,53.0,20.4,1835.9299999999998
2015-11-16 12:00:00,0,13.9,40.0,38.9,1891.67
2015-11-16 13:00:00,0,13.9,42.0,37.0,1956.54
2015-11-16 14:00:00,0,13.9,40.0,38.9,2034.4099999999999
2015-11-16 15:00:00,0,13.9,39.0,24.1,2037.6699999999998
2015-11-16 16:00:00,0,14.4,33.0,22.2,2153.5474999999997
2015-11-16 17:00:00,0,14.4,33.0,25.9,2241.15
2015-11-16 18:00:00,0,14.4,35.0,13.0,2192.94
2015-11-16 19:00:00,0,13.9,40.0,7.4,2172.26
2015-11-16 20:00:00,0,13.3,37.0,14.8,2182.7899999999995
2015-11-16 21:00:00,0,12.2,38.0,16.7,2179.0800000000004
2015-11-16 22:00:00,0,10.6,46.0,11.1,2168.37
2015-11-16 23:00:00,0,11.7,38.0,16.7,2109.77
2015-11-17 00:00:00,0,11.1,37.0,14.8,1942.73
2015-11-17 01:00:00,0,10.6,41.0,7.4,1772.4499999999996
2015-11-17 02:00:00,0,8.3,54.0,7.4,1643.7099999999998
2015-11-17 03:00:00,0,7.2,63.0,14.8,1543.99
2015-11-17 04:00:00,0,8.3,50.0,9.3,1501.8000000000002
2015-11-17 05:00:00,0,8.3,48.0,5.6,1484.4099999999999
2015-11-17 06:00:00,0,8.3,48.0,5.6,1552.89
2015-11-17 07:00:00,0,8.3,46.0,7.4,1579.2299999999998
2015-11-17 08:00:00,0,8.3,50.0,5.6,1616.8800000000003
2015-11-17 09:00:00,0,10.0,44.0,5.6,1623.02
2015-11-17 10:00:00,0,11.1,38.0,0.0,1662.6200000000003
2015-11-17 11:00:00,0,12.2,35.0,0.0,1758.2600000000002
2015-11-17 12:00:00,0,13.9,32.0,9.3,1805.47
2015-11-17 13:00:00,0,14.4,31.0,5.6,1817.175
2015-11-17 14:00:00,0,16.1,27.0,13.0,1949.0974999999999
2015-11-17 15:00:00,0,16.7,25.0,14.8,2081.3050000000003
2015-11-17 16:00:00,0,16.1,26.0,14.8,2103.84
2015-11-17 17:00:00,0,16.1,29.0,14.8,2174.56
2015-11-17 18:00:00,0,15.0,32.0,0.0,2225.71
2015-11-17 19:00:00,0,14.4,36.0,0.0,2164.71
2015-11-17 20:00:00,0,13.3,40.0,7.4,2209.9200000000005
2015-11-17 21:00:00,0,12.2,47.0,5.6,2211.5099999999998
2015-11-17 22:00:00,0,11.7,48.0,7.4,2169.95
2015-11-17 23:00:00,0,11.7,45.0,13.0,1998.7799999999997
2015-11-18 00:00:00,0,10.0,61.0,13.0,1911.2800000000002
2015-11-18 01:00:00,0,9.4,59.0,13.0,1774.3499999999997
2015-11-18 02:00:00,0,9.4,59.0,13.0,1641.1399999999999
2015-11-18 03:00:00,0,8.3,63.0,11.1,1581.35
2015-11-18 04:00:00,0,7.8,66.0,9.3,1507.5500000000002
2015-11-18 05:00:00,0,7.2,74.0,9.3,1472.5600000000002
2015-11-18 06:00:00,0,7.2,68.0,13.0,1545.05
2015-11-18 07:00:00,0,7.2,71.0,9.3,1582.97
2015-11-18 08:00:00,0,8.3,68.0,9.3,1631.4199999999998
2015-11-18 09:00:00,0,10.6,54.0,13.0,1663.4599999999998
2015-11-18 10:00:00,0,12.2,45.0,7.4,1708.2999999999997
2015-11-18 11:00:00,0,14.4,33.0,0.0,1772.39
2015-11-18 12:00:00,0,16.1,29.0,9.3,1836.2800000000002
2015-11-18 13:00:00,0,16.7,26.0,5.6,1930.09
2015-11-18 14:00:00,0,17.8,25.0,0.0,1978.22
2015-11-18 15:00:00,0,18.3,24.0,9.3,2090.4399999999996
2015-11-18 16:00:00,0,18.3,24.0,0.0,2121.56
2015-11-18 17:00:00,0,18.9,25.0,0.0,2207.3399999999997
2015-11-18 18:00:00,0,17.2,34.0,5.6,2249.2999999999997
2015-11-18 19:00:00,0,15.6,41.0,0.0,2189.5599999999995
2015-11-18 20:00:00,0,14.4,44.0,0.0,2214.78
2015-11-18 21:00:00,0,13.3,53.0,5.6,2198.55
2015-11-18 22:00:00,0,12.8,51.0,5.6,2166.89
2015-11-18 23:00:00,0,12.2,55.0,13.0,2073.38
2015-11-19 00:00:00,0,11.1,61.0,7.4,1934.98
2015-11-19 01:00:00,0,10.6,66.0,0.0,1778.9799999999998
2015-11-19 02:00:00,0,10.6,66.0,9.3,1636.4399999999998
2015-11-19 03:00:00,0,10.0,66.0,7.4,1539.81
2015-11-19 04:00:00,0,9.4,69.0,5.6,1502.0800000000002
2015-11-19 05:00:00,0,8.9,71.0,7.4,1487.91
2015-11-19 06:00:00,0,7.8,73.0,13.0,1530.5800000000002
2015-11-19 07:00:00,0,8.3,71.0,14.8,1585.5099999999998
2015-11-19 08:00:00,0,8.9,68.0,11.1,1642.67
2015-11-19 09:00:00,0,11.7,59.0,0.0,1659.5199999999998
2015-11-19 10:00:00,0,14.4,47.0,0.0,1731.1699999999998
2015-11-19 11:00:00,0,16.1,39.0,9.3,1821.3599999999997
2015-11-19 12:00:00,0,18.3,34.0,5.6,1881.55
2015-11-19 13:00:00,0,20.6,30.0,5.6,2016.87
2015-11-19 14:00:00,0,22.8,24.0,5.6,2135.85
2015-11-19 15:00:00,0,23.9,22.0,11.1,2112.3300000000004
2015-11-19 16:00:00,0,23.9,22.0,11.1,2160.8399999999997
2015-11-19 17:00:00,0,23.3,24.0,11.1,2282.9900000000002
2015-11-19 18:00:00,0,20.6,31.0,9.3,2339.55
2015-11-19 19:00:00,0,20.0,33.0,0.0,2275.11
2015-11-19 20:00:00,0,18.3,36.0,5.6,2280.1999999999994
2015-11-19 21:00:00,0,17.2,41.0,5.6,2239.43
2015-11-19 22:00:00,0,16.1,44.0,0.0,2194.5500000000006
2015-11-19 23:00:00,0,15.0,49.0,0.0,2072.81
2015-11-20 00:00:00,0,14.4,53.0,0.0,1939.88
2015-11-20 01:00:00,0,13.3,60.0,7.4,1796.24
2015-11-20 02:00:00,0,12.2,59.0,5.6,1693.73
2015-11-20 03:00:00,0,13.3,51.0,9.3,1610.6200000000001
2015-11-20 04:00:00,0,12.2,55.0,9.3,1528.1799999999998
2015-11-20 05:00:00,0,12.2,53.0,5.6,1503.3500000000001
2015-11-20 06:00:00,0,11.7,55.0,11.1,1534.3099999999997
2015-11-20 07:00:00,0,11.7,55.0,0.0,1533.9799999999998
2015-11-20 08:00:00,0,11.7,57.0,13.0,1447.0000000000002
2015-11-20 09:00:00,0,14.4,47.0,11.1,1662.9899999999998
2015-11-20 10:00:00,0,18.3,34.0,13.0,1748.5400000000002
2015-11-20 11:00:00,0,20.6,30.0,13.0,1834.2
2015-11-20 12:00:00,0,21.7,26.0,5.6,2001.7
2015-11-20 13:00:00,0,23.3,24.0,0.0,2159.48
2015-11-20 14:00:00,0,24.4,21.0,5.6,2134.0899999999997
2015-11-20 15:00:00,0,25.0,17.0,0.0,2198.34
2015-11-20 16:00:00,0,25.6,16.0,0.0,2176.8399999999997
2015-11-20 17:00:00,0,25.6,17.0,7.4,2189.66
2015-11-20 18:00:00,0,22.8,25.0,5.6,2160.26
2015-11-20 19:00:00,0,21.1,29.0,0.0,2151.31
2015-11-20 20:00:00,0,19.4,32.0,5.6,2114.26
2015-11-20 21:00:00,0,18.9,34.0,0.0,2029.8500000000001
2015-11-20 22:00:00,0,16.7,48.0,7.4,2016.7900000000002
2015-11-20 23:00:00,0,16.1,50.0,0.0,1978.38
2015-11-21 00:00:00,0,16.1,46.0,0.0,1936.7700000000002
2015-11-21 01:00:00,0,15.6,46.0,5.6,1799.0600000000002
2015-11-21 02:00:00,0,13.9,55.0,0.0,1672.08
2015-11-21 03:00:00,0,14.4,51.0,0.0,1630.6599999999999
2015-11-21 04:00:00,0,12.2,64.0,0.0,1543.6200000000001
2015-11-21 05:00:00,0,13.3,57.0,0.0,1512.5800000000002
2015-11-21 06:00:00,0,10.6,71.0,0.0,1518.9299999999998
2015-11-21 07:00:00,0,10.6,66.0,5.6,1543.0399999999995
2015-11-21 08:00:00,0,14.4,47.0,5.6,1593.3800000000003
2015-11-21 09:00:00,0,18.3,32.0,5.6,1649.17
2015-11-21 10:00:00,0,22.2,17.0,11.1,1775.6
2015-11-21 11:00:00,0,23.3,15.0,18.5,1838.3700000000001
2015-11-21 12:00:00,0,24.4,13.0,22.2,1840.35
2015-11-21 13:00:00,0,26.1,13.0,25.9,1793.4900000000002
2015-11-21 14:00:00,0,26.7,12.0,22.2,1798.8600000000001
2015-11-21 15:00:00,0,27.2,11.0,20.4,1866.7700000000002
2015-11-21 16:00:00,0,27.2,11.0,18.5,1973.3700000000003
2015-11-21 17:00:00,0,26.7,13.0,13.0,2054.48
2015-11-21 18:00:00,0,25.0,16.0,14.8,2108.29
2015-11-21 19:00:00,0,22.8,20.0,14.8,2130.21
2015-11-21 20:00:00,0,23.3,19.0,14.8,2117.61
2015-11-21 21:00:00,0,23.3,18.0,25.9,2056.2400000000007
2015-11-21 22:00:00,0,22.2,17.0,24.1,2017.15
2015-11-21 23:00:00,0,21.1,17.0,20.4,1918.7
2015-11-22 00:00:00,0,20.0,17.0,14.8,1872.2800000000002
2015-11-22 01:00:00,0,18.9,19.0,11.1,1799.78
2015-11-22 02:00:00,0,16.1,26.0,0.0,1722.8799999999999
2015-11-22 03:00:00,0,14.4,33.0,0.0,1644.01
2015-11-22 04:00:00,0,16.1,25.0,7.4,1578.69
2015-11-22 05:00:00,0,17.8,20.0,16.7,1533.1399999999996
2015-11-22 06:00:00,0,17.2,20.0,14.8,1521.61
2015-11-22 07:00:00,0,16.7,21.0,5.6,1528.11
2015-11-22 08:00:00,0,17.8,18.0,20.4,1550.95
2015-11-22 09:00:00,0,19.4,17.0,22.2,1608.2599999999998
2015-11-22 10:00:00,0,20.6,15.0,27.8,1659.3000000000002
2015-11-22 11:00:00,0,22.8,15.0,18.5,1774.99
2015-11-22 12:00:00,0,23.3,16.0,14.8,1880.81
2015-11-22 13:00:00,0,24.4,15.0,14.8,2012.1800000000003
2015-11-22 14:00:00,0,25.6,14.0,14.8,2096.27
2015-11-22 15:00:00,0,26.1,14.0,14.8,2133.83
2015-11-22 16:00:00,0,26.1,14.0,13.0,2177.44
2015-11-22 17:00:00,0,25.6,15.0,11.1,2240.7599999999998
2015-11-22 18:00:00,0,24.4,17.0,11.1,2278.8099999999995
2015-11-22 19:00:00,0,21.7,22.0,7.4,2292.44
2015-11-22 20:00:00,0,20.0,26.0,5.6,2286.18
2015-11-22 21:00:00,0,18.3,31.0,0.0,2318.5699999999997
2015-11-22 22:00:00,0,16.7,37.0,5.6,2224.68
2015-11-22 23:00:00,0,16.7,34.0,5.6,2175.25
2015-11-23 00:00:00,0,15.0,44.0,0.0,2022.85
2015-11-23 01:00:00,0,15.0,39.0,0.0,1867.91
2015-11-23 02:00:00,0,15.0,36.0,0.0,1697.75
2015-11-23 03:00:00,0,14.4,41.0,0.0,1547.22
2015-11-23 04:00:00,0,13.3,45.0,0.0,1526.09
2015-11-23 05:00:00,0,13.3,45.0,0.0,1521.4900000000002
2015-11-23 06:00:00,0,12.8,47.0,0.0,1575.23
2015-11-23 07:00:00,0,12.8,43.0,0.0,1629.2600000000002
2015-11-23 08:00:00,0,13.9,39.0,0.0,1660.5399999999997
2015-11-23 09:00:00,0,17.2,33.0,5.6,1724.3299999999997
2015-11-23 10:00:00,0,20.6,22.0,22.2,1958.35
2015-11-23 11:00:00,0,22.2,20.0,11.1,1998.8899999999999
2015-11-23 12:00:00,0,22.8,18.0,0.0,2050.5099999999998
2015-11-23 13:00:00,0,25.0,16.0,7.4,2156.97
2015-11-23 14:00:00,0,26.1,15.0,7.4,2180.46
2015-11-23 15:00:00,0,26.1,15.0,5.6,2150.56
2015-11-23 16:00:00,0,26.7,15.0,7.4,2177.3299999999995
2015-11-23 17:00:00,0,26.1,16.0,5.6,2291.92
2015-11-23 18:00:00,0,23.3,21.0,0.0,2336.83
2015-11-23 19:00:00,0,21.1,27.0,5.6,2371.5699999999997
2015-11-23 20:00:00,0,19.4,33.0,0.0,2394.45
2015-11-23 21:00:00,0,18.3,36.0,0.0,2386.36
2015-11-23 22:00:00,0,17.2,38.0,7.4,2331.77
2015-11-23 23:00:00,0,16.7,39.0,9.3,2187.7400000000002
2015-11-24 00:00:00,0,14.4,49.0,7.4,2053.46
2015-11-24 01:00:00,0,14.4,46.0,9.3,1890.03
2015-11-24 02:00:00,0,13.3,49.0,7.4,1700.7
2015-11-24 03:00:00,0,12.8,51.0,11.1,1617.9099999999999
2015-11-24 04:00:00,0,12.2,51.0,9.3,1569.76
2015-11-24 05:00:00,0,12.2,53.0,13.0,1535.1200000000001
2015-11-24 06:00:00,0,11.7,52.0,14.8,1564.8700000000001
2015-11-24 07:00:00,0,12.2,51.0,5.6,1600.09
2015-11-24 08:00:00,0,12.8,49.0,11.1,1658.7400000000005
2015-11-24 09:00:00,0,15.0,42.0,16.7,1715.15
2015-11-24 10:00:00,0,18.3,33.0,11.1,1772.4
2015-11-24 11:00:00,0,20.6,31.0,7.4,1926.3200000000002
2015-11-24 12:00:00,0,22.2,26.0,7.4,2172.0299999999997
2015-11-24 13:00:00,0,23.3,23.0,5.6,2148.76
2015-11-24 14:00:00,0,25.0,21.0,9.3,2156.95
2015-11-24 15:00:00,0,25.0,20.0,11.1,2129.4800000000005
2015-11-24 16:00:00,0,26.1,17.0,11.1,2192.09
2015-11-24 17:00:00,0,25.6,17.0,9.3,2295.9
2015-11-24 18:00:00,0,23.3,21.0,0.0,2376.7200000000003
2015-11-24 19:00:00,0,21.1,27.0,0.0,2361.9400000000005
2015-11-24 20:00:00,0,20.6,29.0,0.0,2332.0600000000004
2015-11-24 21:00:00,0,17.2,38.0,7.4,2331.01
2015-11-24 22:00:00,0,17.2,38.0,11.1,2283.2700000000004
2015-11-24 23:00:00,0,15.6,42.0,13.0,2154.39
2015-11-25 00:00:00,0,16.7,35.0,18.5,1969.44
2015-11-25 01:00:00,0,16.1,35.0,18.5,1894.3599999999997
2015-11-25 02:00:00,0,15.6,38.0,20.4,1761.67
2015-11-25 03:00:00,0,14.4,42.0,9.3,1604.96
2015-11-25 04:00:00,0,15.0,41.0,11.1,1535.3400000000001
2015-11-25 05:00:00,0,15.0,41.0,11.1,1519.1599999999996
2015-11-25 06:00:00,0,15.6,38.0,22.2,1569.42
2015-11-25 07:00:00,0,15.6,35.0,14.8,1628.2099999999998
2015-11-25 08:00:00,0,15.6,38.0,16.7,1671.43
2015-11-25 09:00:00,0,16.7,34.0,14.8,1741.09
2015-11-25 10:00:00,0,18.9,26.0,14.8,1857.0800000000002
2015-11-25 11:00:00,0,19.4,26.0,13.0,2084.9400000000005
2015-11-25 12:00:00,0,20.0,27.0,11.1,2053.4199999999996
2015-11-25 13:00:00,0,21.1,28.0,18.5,2091.15
2015-11-25 14:00:00,0,20.6,32.0,13.0,2096.8900000000003
2015-11-25 15:00:00,0,21.1,33.0,9.3,2102.19
2015-11-25 16:00:00,0,21.1,36.0,13.0,1975.2099999999998
2015-11-25 17:00:00,0,21.1,31.0,14.8,1938.4399999999998
2015-11-25 18:00:00,0,21.1,28.0,0.0,1877.4899999999998
2015-11-25 19:00:00,0,20.0,26.0,9.3,1822.57
2015-11-25 20:00:00,0,19.4,34.0,13.0,1786.62
2015-11-25 21:00:00,0,18.3,31.0,14.8,1734.4799999999998
2015-11-25 22:00:00,0,17.8,30.0,16.7,1702.8799999999999
2015-11-25 23:00:00,0,17.2,28.0,14.8,1666.0100000000002
2015-11-26 00:00:00,1,17.2,27.0,14.8,1642.4700000000003
2015-11-26 01:00:00,1,15.0,33.0,0.0,1514.6399999999999
2015-11-26 02:00:00,1,15.0,33.0,7.4,1492.2
2015-11-26 03:00:00,1,12.2,57.0,7.4,1458.2199999999998
2015-11-26 04:00:00,1,11.7,61.0,7.4,1449.0199999999998
2015-11-26 05:00:00,1,11.1,63.0,0.0,1434.5
2015-11-26 06:00:00,1,12.2,43.0,9.3,1441.8899999999999
2015-11-26 07:00:00,1,12.2,43.0,11.1,1449.1100000000001
2015-11-26 08:00:00,1,11.1,57.0,0.0,1416.35
2015-11-26 09:00:00,1,12.8,47.0,0.0,1405.0500000000002
2015-11-26 10:00:00,1,13.3,42.0,0.0,1413.25
2015-11-26 11:00:00,1,15.0,38.0,0.0,1430.9899999999998
2015-11-26 12:00:00,1,15.0,36.0,13.0,1579.22
2015-11-26 13:00:00,1,15.6,36.0,11.1,1536.2099999999998
2015-11-26 14:00:00,1,16.1,34.0,5.6,1537.7800000000002
2015-11-26 15:00:00,1,16.7,31.0,9.3,1524.98
2015-11-26 16:00:00,1,17.2,29.0,7.4,1563.92
2015-11-26 17:00:00,1,17.2,28.0,18.5,1570.6299999999999
2015-11-26 18:00:00,1,16.1,30.0,16.7,1601.27
2015-11-26 19:00:00,1,15.6,31.0,11.1,1491.38
2015-11-26 20:00:00,1,13.9,36.0,7.4,1535.4399999999998
2015-11-26 21:00:00,1,12.8,42.0,5.6,1544.89
2015-11-26 22:00:00,1,12.2,45.0,0.0,1517.9399999999998
2015-11-26 23:00:00,1,11.1,50.0,9.3,1504.3600000000004
2015-11-27 00:00:00,1,10.0,57.0,0.0,1506.2600000000002
2015-11-27 01:00:00,1,9.4,54.0,9.3,1481.21
2015-11-27 02:00:00,1,8.9,56.0,9.3,1447.1499999999999
2015-11-27 03:00:00,1,8.3,56.0,5.6,1439.7399999999998
2015-11-27 04:00:00,1,7.2,63.0,7.4,1422.51
2015-11-27 05:00:00,1,7.2,60.0,7.4,1417.4099999999999
2015-11-27 06:00:00,1,5.6,65.0,13.0,1406.9499999999998
2015-11-27 07:00:00,1,6.7,63.0,5.6,1400.3899999999999
2015-11-27 08:00:00,1,6.7,63.0,5.6,1371.6299999999999
2015-11-27 09:00:00,1,8.9,54.0,9.3,1356.81
2015-11-27 10:00:00,1,11.7,41.0,5.6,1349.8099999999997
2015-11-27 11:00:00,1,13.3,34.0,0.0,1356.99
2015-11-27 12:00:00,1,15.0,31.0,5.6,1378.24
2015-11-27 13:00:00,1,15.6,28.0,14.8,1399.0400000000002
2015-11-27 14:00:00,1,15.6,27.0,14.8,1491.8100000000002
2015-11-27 15:00:00,1,16.1,26.0,9.3,1583.7600000000002
2015-11-27 16:00:00,1,16.1,26.0,13.0,1599.46
2015-11-27 17:00:00,1,15.6,27.0,11.1,1642.78
2015-11-27 18:00:00,1,15.0,27.0,13.0,1581.7400000000002
2015-11-27 19:00:00,1,15.0,28.0,7.4,1560.7400000000002
2015-11-27 20:00:00,1,13.9,32.0,0.0,1564.95
2015-11-27 21:00:00,1,12.2,37.0,0.0,1565.39
2015-11-27 22:00:00,1,11.1,41.0,0.0,1527.8300000000002
2015-11-27 23:00:00,1,10.6,44.0,13.0,1518.44
2015-11-28 00:00:00,0,9.4,46.0,9.3,1510.9400000000003
2015-11-28 01:00:00,0,8.9,50.0,9.3,1501.5199999999998
2015-11-28 02:00:00,0,8.9,48.0,7.4,1478.98
2015-11-28 03:00:00,0,8.9,48.0,9.3,1441.0
2015-11-28 04:00:00,0,8.3,50.0,7.4,1412.0100000000002
2015-11-28 05:00:00,0,7.2,53.0,11.1,1402.18
2015-11-28 06:00:00,0,6.7,55.0,5.6,1405.0400000000002
2015-11-28 07:00:00,0,6.1,60.0,0.0,1394.1299999999999
2015-11-28 08:00:00,0,6.1,60.0,0.0,1370.53
2015-11-28 09:00:00,0,9.4,46.0,0.0,1372.56
2015-11-28 10:00:00,0,11.7,38.0,0.0,1380.4000000000003
2015-11-28 11:00:00,0,12.8,34.0,0.0,1422.8799999999999
2015-11-28 12:00:00,0,13.9,33.0,7.4,1447.6200000000001
2015-11-28 13:00:00,0,15.0,29.0,7.4,1463.4499999999998
2015-11-28 14:00:00,0,16.1,26.0,5.6,1657.38
2015-11-28 15:00:00,0,16.7,25.0,7.4,1610.3899999999996
2015-11-28 16:00:00,0,17.2,25.0,11.1,1658.19
2015-11-28 17:00:00,0,16.1,26.0,13.0,1701.31
2015-11-28 18:00:00,0,15.0,28.0,13.0,1723.4500000000003
2015-11-28 19:00:00,0,14.4,33.0,11.1,1597.8999999999999
2015-11-28 20:00:00,0,12.2,40.0,0.0,1620.85
2015-11-28 21:00:00,0,12.8,38.0,0.0,1620.2300000000002
2015-11-28 22:00:00,0,11.7,41.0,7.4,1619.5500000000002
2015-11-28 23:00:00,0,10.0,46.0,7.4,1596.7000000000003
2015-11-29 00:00:00,0,9.4,46.0,7.4,1573.3799999999999
2015-11-29 01:00:00,0,9.4,44.0,0.0,1530.46
2015-11-29 02:00:00,0,8.3,52.0,7.4,1489.2199999999998
2015-11-29 03:00:00,0,8.3,50.0,0.0,1461.3799999999999
2015-11-29 04:00:00,0,6.7,60.0,7.4,1444.02
2015-11-29 05:00:00,0,6.7,58.0,7.4,1430.9
2015-11-29 06:00:00,0,6.1,62.0,0.0,1417.6799999999998
2015-11-29 07:00:00,0,5.6,65.0,0.0,1403.14
2015-11-29 08:00:00,0,6.7,55.0,0.0,1389.6
2015-11-29 09:00:00,0,8.3,50.0,5.6,1386.4299999999998
2015-11-29 10:00:00,0,9.4,46.0,7.4,1433.3
2015-11-29 11:00:00,0,11.1,41.0,5.6,1468.15
2015-11-29 12:00:00,0,12.2,38.0,0.0,1540.5399999999997
2015-11-29 13:00:00,0,14.4,32.0,5.6,1625.77
2015-11-29 14:00:00,0,15.6,27.0,18.5,1750.4399999999996
2015-11-29 15:00:00,0,15.0,26.0,13.0,1830.17
2015-11-29 16:00:00,0,16.7,22.0,13.0,1898.2599999999998
2015-11-29 17:00:00,0,15.6,23.0,11.1,1975.2099999999998
2015-11-29 18:00:00,0,13.9,27.0,7.4,1998.5300000000002
2015-11-29 19:00:00,0,12.2,34.0,5.6,2034.3800000000003
2015-11-29 20:00:00,0,11.7,32.0,0.0,2032.35
2015-11-29 21:00:00,0,12.8,23.0,14.8,2013.53
2015-11-29 22:00:00,0,9.4,35.0,9.3,1993.16
2015-11-29 23:00:00,0,8.9,36.0,0.0,1923.8000000000002
2015-11-30 00:00:00,0,9.4,32.0,0.0,1810.3000000000002
2015-11-30 01:00:00,0,7.8,39.0,0.0,1694.8399999999997
2015-11-30 02:00:00,0,7.2,40.0,7.4,1574.2699999999998
2015-11-30 03:00:00,0,6.1,43.0,5.6,1513.1599999999999
2015-11-30 04:00:00,0,5.6,49.0,7.4,1463.8500000000004
2015-11-30 05:00:00,0,5.0,53.0,5.6,1457.5000000000002
2015-11-30 06:00:00,0,5.6,55.0,5.6,1505.4399999999998
2015-11-30 07:00:00,0,4.4,60.0,0.0,1567.3699999999997
2015-11-30 08:00:00,0,5.0,57.0,5.6,1623.42
2015-11-30 09:00:00,0,6.7,51.0,0.0,1665.6799999999998
2015-11-30 10:00:00,0,10.0,36.0,0.0,1749.16
2015-11-30 11:00:00,0,11.1,32.0,5.6,1791.4225
2015-11-30 12:00:00,0,13.9,25.0,7.4,1837.3199999999997
2015-11-30 13:00:00,0,13.9,25.0,0.0,1880.0200000000002
2015-11-30 14:00:00,0,15.0,22.0,9.3,1992.3100000000002
2015-11-30 15:00:00,0,15.6,19.0,9.3,1988.2800000000004
2015-11-30 16:00:00,0,15.6,17.0,11.1,2043.44
2015-11-30 17:00:00,0,15.6,18.0,7.4,2116.4799999999996
2015-11-30 18:00:00,0,13.3,24.0,5.6,2091.47
2015-11-30 19:00:00,0,12.2,26.0,7.4,2131.6600000000003
2015-11-30 20:00:00,0,11.7,26.0,5.6,2125.17
2015-11-30 21:00:00,0,10.0,35.0,5.6,2133.6600000000003
2015-11-30 22:00:00,0,9.4,35.0,0.0,2122.7599999999998
2015-11-30 23:00:00,0,8.9,39.0,7.4,2006.04
2015-12-01 00:00:00,0,8.3,37.0,0.0,1896.9800000000002
2015-12-01 01:00:00,0,7.2,46.0,0.0,1762.9499999999998
2015-12-01 02:00:00,0,6.7,53.0,9.3,1632.7299999999998
2015-12-01 03:00:00,0,6.1,49.0,0.0,1546.4000000000003
2015-12-01 04:00:00,0,5.6,51.0,5.6,1497.8600000000001
2015-12-01 05:00:00,0,5.0,51.0,0.0,1483.7599999999998
2015-12-01 06:00:00,0,5.0,51.0,5.6,1534.56
2015-12-01 07:00:00,0,5.0,51.0,9.3,1585.9699999999998
2015-12-01 08:00:00,0,5.0,51.0,7.4,1637.1500000000003
2015-12-01 09:00:00,0,7.2,44.0,5.6,1692.1599999999999
2015-12-01 10:00:00,0,9.4,33.0,0.0,1765.8700000000003
2015-12-01 11:00:00,0,11.7,27.0,7.4,1802.8100000000004
2015-12-01 12:00:00,0,13.9,24.0,5.6,1850.95
2015-12-01 13:00:00,0,14.4,22.0,5.6,1926.32
2015-12-01 14:00:00,0,16.7,18.0,5.6,2062.0699999999997
2015-12-01 15:00:00,0,17.8,17.0,9.3,2013.5799999999997
2015-12-01 16:00:00,0,17.8,17.0,9.3,2109.05
2015-12-01 17:00:00,0,17.2,18.0,9.3,2177.3
2015-12-01 18:00:00,0,15.0,22.0,7.4,2226.47
2015-12-01 19:00:00,0,13.3,26.0,5.6,2196.9400000000005
2015-12-01 20:00:00,0,13.3,25.0,0.0,2229.27
2015-12-01 21:00:00,0,13.9,25.0,5.6,2206.6299999999997
2015-12-01 22:00:00,0,12.8,27.0,0.0,2162.07
2015-12-01 23:00:00,0,8.3,41.0,7.4,2087.58
2015-12-02 00:00:00,0,8.9,37.0,5.6,1935.4400000000003
2015-12-02 01:00:00,0,8.3,44.0,0.0,1795.8600000000001
2015-12-02 02:00:00,0,6.7,47.0,5.6,1677.65
2015-12-02 03:00:00,0,6.1,53.0,5.6,1589.67
2015-12-02 04:00:00,0,6.1,47.0,9.3,1537.8900000000003
2015-12-02 05:00:00,0,5.6,49.0,5.6,1563.26
2015-12-02 06:00:00,0,5.0,53.0,7.4,1619.0900000000001
2015-12-02 07:00:00,0,4.4,55.0,5.6,1651.0799999999997
2015-12-02 08:00:00,0,5.0,53.0,0.0,1653.95
2015-12-02 09:00:00,0,8.9,37.0,7.4,1593.4399999999998
2015-12-02 10:00:00,0,11.1,26.0,9.3,1456.4500000000003
2015-12-02 11:00:00,0,13.3,24.0,5.6,1738.245
2015-12-02 12:00:00,0,16.1,19.0,0.0,1855.0424999999998
2015-12-02 13:00:00,0,18.3,15.0,5.6,1893.1
2015-12-02 14:00:00,0,19.4,12.0,0.0,1885.3400000000001
2015-12-02 15:00:00,0,20.6,11.0,0.0,2043.9
2015-12-02 16:00:00,0,21.1,9.0,0.0,2150.9
2015-12-02 17:00:00,0,20.6,10.0,9.3,2220.56
2015-12-02 18:00:00,0,19.4,11.0,7.4,2243.6200000000003
2015-12-02 19:00:00,0,16.7,17.0,5.6,2250.25
2015-12-02 20:00:00,0,13.9,22.0,0.0,2225.8099999999995
2015-12-02 21:00:00,0,13.3,23.0,0.0,2149.29
2015-12-02 22:00:00,0,12.2,28.0,11.1,2112.15
2015-12-02 23:00:00,0,12.2,28.0,0.0,2055.9100000000003
2015-12-03 00:00:00,0,11.1,31.0,0.0,1966.02
2015-12-03 01:00:00,0,9.4,36.0,7.4,1841.5699999999997
2015-12-03 02:00:00,0,10.0,31.0,0.0,1715.47
2015-12-03 03:00:00,0,7.2,44.0,5.6,1656.6
2015-12-03 04:00:00,0,6.7,43.0,7.4,1587.17
2015-12-03 05:00:00,0,6.7,43.0,7.4,1569.72
2015-12-03 06:00:00,0,7.8,37.0,5.6,1643.93
2015-12-03 07:00:00,0,8.3,34.0,5.6,1675.7699999999998
2015-12-03 08:00:00,0,8.3,34.0,5.6,1716.85
2015-12-03 09:00:00,0,11.1,28.0,0.0,1742.6500000000003
2015-12-03 10:00:00,0,13.9,22.0,0.0,1774.97
2015-12-03 11:00:00,0,16.1,18.0,5.6,1850.71
2015-12-03 12:00:00,0,18.3,15.0,0.0,1909.38
2015-12-03 13:00:00,0,20.6,13.0,0.0,2047.98
2015-12-03 14:00:00,0,22.8,10.0,0.0,2102.1899999999996
2015-12-03 15:00:00,0,24.4,8.0,7.4,2127.035
2015-12-03 16:00:00,0,25.0,8.0,5.6,2217.9999999999995
2015-12-03 17:00:00,0,23.9,9.0,5.6,2230.56
2015-12-03 18:00:00,0,19.4,16.0,9.3,2257.4700000000003
2015-12-03 19:00:00,0,20.6,13.0,9.3,2261.9
2015-12-03 20:00:00,0,17.2,18.0,5.6,2232.52
2015-12-03 21:00:00,0,15.0,24.0,0.0,2164.75
2015-12-03 22:00:00,0,15.6,22.0,9.3,2119.36
2015-12-03 23:00:00,0,14.4,23.0,5.6,2066.1600000000003
2015-12-04 00:00:00,0,12.8,30.0,5.6,1984.4099999999999
2015-12-04 01:00:00,0,11.7,34.0,9.3,1834.79
2015-12-04 02:00:00,0,11.1,35.0,11.1,1735.35
2015-12-04 03:00:00,0,11.7,30.0,0.0,1623.3099999999997
2015-12-04 04:00:00,0,10.0,35.0,14.8,1567.64
2015-12-04 05:00:00,0,10.0,33.0,14.8,1556.4600000000003
2015-12-04 06:00:00,0,10.0,32.0,9.3,1592.1100000000001
2015-12-04 07:00:00,0,9.4,36.0,11.1,1610.1200000000001
2015-12-04 08:00:00,0,8.9,39.0,9.3,1674.01
2015-12-04 09:00:00,0,13.3,26.0,0.0,1692.4800000000002
2015-12-04 10:00:00,0,16.1,21.0,13.0,1749.47
2015-12-04 11:00:00,0,17.2,21.0,9.3,1842.2099999999998
2015-12-04 12:00:00,0,20.0,15.0,11.1,2017.8600000000001
2015-12-04 13:00:00,0,21.1,14.0,5.6,2060.09
2015-12-04 14:00:00,0,22.2,14.0,5.6,2124.01
2015-12-04 15:00:00,0,22.2,14.0,0.0,2194.89
2015-12-04 16:00:00,0,22.2,14.0,0.0,2194.99
2015-12-04 17:00:00,0,21.7,15.0,0.0,2259.71
2015-12-04 18:00:00,0,18.3,21.0,5.6,2283.7499999999995
2015-12-04 19:00:00,0,17.8,22.0,0.0,2214.3700000000003
2015-12-04 20:00:00,0,15.0,33.0,9.3,2118.7000000000003
2015-12-04 21:00:00,0,16.1,23.0,9.3,2072.43
2015-12-04 22:00:00,0,15.0,29.0,0.0,2082.88
2015-12-04 23:00:00,0,15.0,31.0,13.0,1949.33
2015-12-05 00:00:00,0,14.4,35.0,0.0,1852.4499999999998
2015-12-05 01:00:00,0,12.8,35.0,0.0,1814.94
2015-12-05 02:00:00,0,11.7,41.0,7.4,1739.7099999999998
2015-12-05 03:00:00,0,10.6,44.0,7.4,1631.0599999999997
2015-12-05 04:00:00,0,10.0,43.0,9.3,1557.42
2015-12-05 05:00:00,0,7.8,50.0,11.1,1525.0900000000001
2015-12-05 06:00:00,0,9.4,43.0,5.6,1534.4700000000003
2015-12-05 07:00:00,0,8.3,41.0,7.4,1576.1000000000001
2015-12-05 08:00:00,0,7.8,46.0,5.6,1602.17
2015-12-05 09:00:00,0,10.6,38.0,5.6,1629.99
2015-12-05 10:00:00,0,14.4,23.0,7.4,1652.5499999999997
2015-12-05 11:00:00,0,16.1,21.0,7.4,1703.1100000000001
2015-12-05 12:00:00,0,18.3,17.0,5.6,1842.3700000000001
2015-12-05 13:00:00,0,20.0,14.0,5.6,1977.2699999999998
2015-12-05 14:00:00,0,22.2,12.0,5.6,2115.75
2015-12-05 15:00:00,0,23.3,11.0,0.0,2137.75
2015-12-05 16:00:00,0,23.3,11.0,5.6,2186.2200000000003
2015-12-05 17:00:00,0,22.8,11.0,11.1,2244.46
2015-12-05 18:00:00,0,21.1,13.0,9.3,2287.5699999999997
2015-12-05 19:00:00,0,17.8,19.0,7.4,2245.71
2015-12-05 20:00:00,0,16.1,21.0,7.4,2152.34
2015-12-05 21:00:00,0,15.6,22.0,0.0,2105.9600000000005
2015-12-05 22:00:00,0,13.9,33.0,11.1,2040.1000000000001
2015-12-05 23:00:00,0,13.3,29.0,0.0,2004.48
2015-12-06 00:00:00,0,11.7,35.0,7.4,1966.86
2015-12-06 01:00:00,0,12.2,33.0,5.6,1853.64
2015-12-06 02:00:00,0,10.6,36.0,0.0,1770.11
2015-12-06 03:00:00,0,11.1,37.0,5.6,1695.73
2015-12-06 04:00:00,0,10.0,39.0,0.0,1633.31
2015-12-06 05:00:00,0,10.0,33.0,7.4,1580.33
2015-12-06 06:00:00,0,9.4,35.0,5.6,1581.69
2015-12-06 07:00:00,0,8.9,37.0,0.0,1573.3500000000001
2015-12-06 08:00:00,0,7.8,44.0,5.6,1558.4900000000002
2015-12-06 09:00:00,0,11.7,32.0,0.0,1574.08
2015-12-06 10:00:00,0,13.9,27.0,5.6,1639.66
2015-12-06 11:00:00,0,18.3,19.0,0.0,1690.7999999999997
2015-12-06 12:00:00,0,21.1,15.0,5.6,1835.9699999999998
2015-12-06 13:00:00,0,24.4,10.0,7.4,2083.41
2015-12-06 14:00:00,0,25.6,10.0,9.3,2150.93
2015-12-06 15:00:00,0,25.6,10.0,5.6,2137.830000000001
2015-12-06 16:00:00,0,25.0,11.0,5.6,2173.22
2015-12-06 17:00:00,0,24.4,12.0,0.0,2274.76
2015-12-06 18:00:00,0,20.0,21.0,5.6,2290.8
2015-12-06 19:00:00,0,18.3,24.0,5.6,2328.1500000000005
2015-12-06 20:00:00,0,16.7,28.0,5.6,2302.8
2015-12-06 21:00:00,0,17.2,25.0,0.0,2282.3900000000003
2015-12-06 22:00:00,0,15.0,29.0,0.0,2245.56
2015-12-06 23:00:00,0,16.1,26.0,5.6,2139.0899999999997
2015-12-07 00:00:00,0,13.3,34.0,0.0,2079.14
2015-12-07 01:00:00,0,13.3,34.0,0.0,1857.82
2015-12-07 02:00:00,0,13.3,39.0,9.3,1756.0599999999997
2015-12-07 03:00:00,0,12.2,40.0,0.0,1670.4700000000003
2015-12-07 04:00:00,0,11.7,45.0,5.6,1585.0699999999997
2015-12-07 05:00:00,0,12.8,34.0,7.4,1579.2499999999998
2015-12-07 06:00:00,0,12.2,37.0,0.0,1619.0900000000001
2015-12-07 07:00:00,0,11.1,38.0,0.0,1645.04
2015-12-07 08:00:00,0,11.7,34.0,0.0,1679.9099999999999
2015-12-07 09:00:00,0,13.3,36.0,0.0,1717.62
2015-12-07 10:00:00,0,16.7,28.0,0.0,1725.06
2015-12-07 11:00:00,0,21.1,19.0,0.0,1838.1699999999998
2015-12-07 12:00:00,0,23.3,13.0,18.5,2053.58
2015-12-07 13:00:00,0,24.4,12.0,16.7,2043.49
2015-12-07 14:00:00,0,25.6,11.0,11.1,2139.43
2015-12-07 15:00:00,0,26.1,11.0,0.0,2163.91
2015-12-07 16:00:00,0,25.0,11.0,11.1,2287.45
2015-12-07 17:00:00,0,23.9,14.0,13.0,2283.4599999999996
2015-12-07 18:00:00,0,22.8,15.0,9.3,2295.1699999999996
2015-12-07 19:00:00,0,18.9,21.0,9.3,2244.9
2015-12-07 20:00:00,0,17.8,24.0,0.0,2277.27
2015-12-07 21:00:00,0,17.2,25.0,0.0,2235.6400000000003
2015-12-07 22:00:00,0,15.6,28.0,0.0,2225.02
2015-12-07 23:00:00,0,13.9,33.0,0.0,2041.4099999999999
2015-12-08 00:00:00,0,11.7,41.0,5.6,1946.1399999999999
2015-12-08 01:00:00,0,11.7,41.0,9.3,1845.7700000000002
2015-12-08 02:00:00,0,11.1,47.0,9.3,1701.46
2015-12-08 03:00:00,0,11.1,45.0,9.3,1638.0700000000002
2015-12-08 04:00:00,0,11.7,37.0,11.1,1563.94
2015-12-08 05:00:00,0,10.6,41.0,11.1,1531.9
2015-12-08 06:00:00,0,10.0,44.0,9.3,1577.0800000000002
2015-12-08 07:00:00,0,10.0,43.0,9.3,1604.0900000000004
2015-12-08 08:00:00,0,10.0,44.0,7.4,1627.7099999999998
2015-12-08 09:00:00,0,12.8,34.0,13.0,1673.61
2015-12-08 10:00:00,0,15.0,27.0,7.4,1712.0500000000002
2015-12-08 11:00:00,0,16.1,26.0,7.4,1808.34
2015-12-08 12:00:00,0,19.4,21.0,7.4,1930.5899999999997
2015-12-08 13:00:00,0,21.1,18.0,0.0,2039.3499999999997
2015-12-08 14:00:00,0,22.2,17.0,5.6,2138.94
2015-12-08 15:00:00,0,23.3,14.0,0.0,2216.0000000000005
2015-12-08 16:00:00,0,23.3,14.0,0.0,2268.51
2015-12-08 17:00:00,0,22.8,15.0,9.3,2333.4700000000003
2015-12-08 18:00:00,0,21.1,18.0,0.0,2315.71
2015-12-08 19:00:00,0,18.9,23.0,0.0,2264.02
2015-12-08 20:00:00,0,17.2,28.0,0.0,2225.41
2015-12-08 21:00:00,0,16.1,31.0,0.0,2253.34
2015-12-08 22:00:00,0,15.6,31.0,5.6,2180.43
2015-12-08 23:00:00,0,15.0,36.0,7.4,2087.7200000000003
2015-12-09 00:00:00,0,13.3,40.0,7.4,2017.49
2015-12-09 01:00:00,0,12.8,40.0,9.3,1891.96
2015-12-09 02:00:00,0,12.8,37.0,9.3,1759.87
2015-12-09 03:00:00,0,12.2,41.0,9.3,1647.71
2015-12-09 04:00:00,0,11.7,43.0,5.6,1576.1399999999999
2015-12-09 05:00:00,0,11.1,43.0,9.3,1548.53
2015-12-09 06:00:00,0,11.1,41.0,14.8,1591.7599999999998
2015-12-09 07:00:00,0,10.0,46.0,9.3,1622.89
2015-12-09 08:00:00,0,11.1,41.0,9.3,1663.8600000000001
2015-12-09 09:00:00,0,13.9,34.0,9.3,1709.8300000000002
2015-12-09 10:00:00,0,16.7,28.0,9.3,1734.3200000000002
2015-12-09 11:00:00,0,17.8,26.0,7.4,1842.62
2015-12-09 12:00:00,0,20.0,21.0,0.0,2049.1600000000003
2015-12-09 13:00:00,0,21.1,20.0,0.0,2122.61
2015-12-09 14:00:00,0,22.2,18.0,5.6,2142.69
2015-12-09 15:00:00,0,22.2,18.0,0.0,2204.4100000000003
2015-12-09 16:00:00,0,22.2,20.0,0.0,2254.7400000000002
2015-12-09 17:00:00,0,21.1,24.0,5.6,2244.49
2015-12-09 18:00:00,0,18.9,28.0,0.0,2200.57
2015-12-09 19:00:00,0,18.3,31.0,0.0,2201.17
2015-12-09 20:00:00,0,16.7,37.0,0.0,2171.36
2015-12-09 21:00:00,0,16.1,36.0,9.3,2141.7100000000005
2015-12-09 22:00:00,0,15.6,38.0,14.8,2051.8
2015-12-09 23:00:00,0,13.9,44.0,11.1,1980.1200000000001
2015-12-10 00:00:00,0,13.3,42.0,5.6,1902.96
2015-12-10 01:00:00,0,12.2,51.0,9.3,1825.9100000000003
2015-12-10 02:00:00,0,11.1,54.0,9.3,1674.7499999999998
2015-12-10 03:00:00,0,10.6,56.0,5.6,1606.26
2015-12-10 04:00:00,0,12.8,43.0,14.8,1535.8500000000001
2015-12-10 05:00:00,0,11.7,45.0,9.3,1518.27
2015-12-10 06:00:00,0,10.0,54.0,11.1,1552.0000000000002
2015-12-10 07:00:00,0,11.1,49.0,9.3,1570.55
2015-12-10 08:00:00,0,11.7,47.0,13.0,1571.62
2015-12-10 09:00:00,0,13.9,40.0,13.0,1665.5499999999997
2015-12-10 10:00:00,0,15.6,35.0,14.8,1760.25
2015-12-10 11:00:00,0,17.8,29.0,7.4,1885.86
2015-12-10 12:00:00,0,20.0,23.0,5.6,1910.5700000000002
2015-12-10 13:00:00,0,22.2,22.0,7.4,1972.6899999999996
2015-12-10 14:00:00,0,23.3,21.0,9.3,2105.6499999999996
2015-12-10 15:00:00,0,24.4,19.0,9.3,2136.5
2015-12-10 16:00:00,0,25.0,17.0,0.0,2183.0200000000004
2015-12-10 17:00:00,0,24.4,19.0,0.0,2172.28
2015-12-10 18:00:00,0,22.2,22.0,0.0,2171.03
2015-12-10 19:00:00,0,20.0,27.0,0.0,2084.09
2015-12-10 20:00:00,0,18.3,32.0,0.0,2070.04
2015-12-10 21:00:00,0,17.8,34.0,11.1,2091.86
2015-12-10 22:00:00,0,15.6,41.0,11.1,2027.1700000000003
2015-12-10 23:00:00,0,15.6,39.0,13.0,1895.87
2015-12-11 00:00:00,0,14.4,41.0,16.7,1842.8699999999997
2015-12-11 01:00:00,0,13.9,40.0,13.0,1745.5399999999997
2015-12-11 02:00:00,0,13.9,40.0,14.8,1645.9400000000003
2015-12-11 03:00:00,0,13.9,39.0,9.3,1573.29
2015-12-11 04:00:00,0,13.3,42.0,11.1,1523.66
2015-12-11 05:00:00,0,13.3,42.0,11.1,1498.75
2015-12-11 06:00:00,0,13.3,40.0,13.0,1523.95
2015-12-11 07:00:00,0,12.8,45.0,7.4,1494.6600000000003
2015-12-11 08:00:00,0,12.2,49.0,7.4,1524.44
2015-12-11 09:00:00,0,13.3,45.0,7.4,1591.8899999999999
2015-12-11 10:00:00,0,14.4,41.0,7.4,1701.52
2015-12-11 11:00:00,0,15.0,36.0,7.4,1805.61
2015-12-11 12:00:00,0,15.6,36.0,7.4,1863.36
2015-12-11 13:00:00,0,18.3,37.0,5.6,1866.99
2015-12-11 14:00:00,0,18.9,38.0,7.4,2029.8200000000002
2015-12-11 15:00:00,0,18.3,40.0,11.1,2054.47
2015-12-11 16:00:00,0,18.3,40.0,0.0,2066.1800000000003
2015-12-11 17:00:00,0,18.3,42.0,5.6,2021.15
2015-12-11 18:00:00,0,18.3,42.0,0.0,1955.4599999999998
2015-12-11 19:00:00,0,17.8,38.0,9.3,1911.56
2015-12-11 20:00:00,0,17.2,35.0,18.5,1813.4
2015-12-11 21:00:00,0,17.2,34.0,22.2,1754.6399999999999
2015-12-11 22:00:00,0,16.7,37.0,13.0,1736.46
2015-12-11 23:00:00,0,15.0,44.0,20.4,1652.98
2015-12-12 00:00:00,0,12.2,69.0,13.0,1635.87
2015-12-12 01:00:00,0,11.7,83.0,7.4,1587.5400000000002
2015-12-12 02:00:00,0,11.1,86.0,7.4,1540.46
2015-12-12 03:00:00,0,11.1,80.0,11.1,1439.6699999999998
2015-12-12 04:00:00,0,11.1,83.0,0.0,1413.62
2015-12-12 05:00:00,0,11.1,69.0,24.1,1395.9800000000002
2015-12-12 06:00:00,0,10.6,68.0,16.7,1394.7500000000002
2015-12-12 07:00:00,0,10.6,63.0,11.1,1430.59
2015-12-12 08:00:00,0,10.6,52.0,16.7,1430.0200000000002
2015-12-12 09:00:00,0,10.6,54.0,14.8,1456.54
2015-12-12 10:00:00,0,10.6,56.0,13.0,1453.2
2015-12-12 11:00:00,0,13.3,51.0,20.4,1508.21
2015-12-12 12:00:00,0,13.3,49.0,20.4,1560.88
2015-12-12 13:00:00,0,15.0,44.0,20.4,1556.8099999999997
2015-12-12 14:00:00,0,16.1,39.0,18.5,1660.3699999999994
2015-12-12 15:00:00,0,15.6,39.0,38.9,1640.6700000000003
2015-12-12 16:00:00,0,12.8,67.0,25.9,1562.4900000000002
2015-12-12 17:00:00,0,11.7,71.0,14.8,1501.5600000000002
2015-12-12 18:00:00,0,11.1,74.0,16.7,1527.19
2015-12-12 19:00:00,0,10.6,74.0,16.7,1517.62
2015-12-12 20:00:00,0,10.6,74.0,13.0,1495.5600000000002
2015-12-12 21:00:00,0,9.4,80.0,11.1,1495.9599999999998
2015-12-12 22:00:00,0,9.4,77.0,11.1,1460.0299999999997
2015-12-12 23:00:00,0,8.3,83.0,11.1,1443.5499999999997
2015-12-13 00:00:00,0,8.3,83.0,9.3,1408.29
2015-12-13 01:00:00,0,7.8,83.0,0.0,1385.09
2015-12-13 02:00:00,0,7.2,86.0,0.0,1346.8799999999999
2015-12-13 03:00:00,0,6.7,85.0,0.0,1334.0000000000002
2015-12-13 04:00:00,0,5.6,92.0,9.3,1323.96
2015-12-13 05:00:00,0,5.0,93.0,7.4,1325.6799999999998
2015-12-13 06:00:00,0,5.0,89.0,5.6,1301.12
2015-12-13 07:00:00,0,5.0,89.0,0.0,1299.0200000000002
2015-12-13 08:00:00,0,5.0,93.0,0.0,1272.5599999999997
2015-12-13 09:00:00,0,7.2,80.0,11.1,1262.05
2015-12-13 10:00:00,0,8.3,68.0,13.0,1257.36
2015-12-13 11:00:00,0,10.6,59.0,11.1,1283.58
2015-12-13 12:00:00,0,12.8,49.0,9.3,1289.02
2015-12-13 13:00:00,0,13.9,44.0,7.4,1327.6700000000003
2015-12-13 14:00:00,0,15.0,38.0,7.4,1334.27
2015-12-13 15:00:00,0,16.1,27.0,11.1,1524.13
2015-12-13 16:00:00,0,15.6,32.0,5.6,1533.48
2015-12-13 17:00:00,0,15.0,29.0,11.1,1463.7
2015-12-13 18:00:00,0,13.9,33.0,7.4,1501.79
2015-12-13 19:00:00,0,12.2,43.0,7.4,1501.5399999999997
2015-12-13 20:00:00,0,11.1,47.0,7.4,1472.19
2015-12-13 21:00:00,0,10.0,52.0,9.3,1470.41
2015-12-13 22:00:00,0,10.0,52.0,11.1,1464.6100000000001
2015-12-13 23:00:00,0,8.9,58.0,11.1,1427.02
2015-12-14 00:00:00,0,8.9,56.0,9.3,1401.67
2015-12-14 01:00:00,0,7.8,61.0,13.0,1390.07
2015-12-14 02:00:00,0,7.8,61.0,13.0,1361.65
2015-12-14 03:00:00,0,7.8,61.0,13.0,1339.4599999999998
2015-12-14 04:00:00,0,8.9,54.0,13.0,1330.2799999999997
2015-12-14 05:00:00,0,8.3,56.0,11.1,1317.49
2015-12-14 06:00:00,0,8.9,54.0,13.0,1326.3200000000002
2015-12-14 07:00:00,0,9.4,46.0,20.4,1336.4899999999998
2015-12-14 08:00:00,0,7.8,76.0,16.7,1338.97
2015-12-14 09:00:00,0,7.2,90.0,13.0,1351.21
2015-12-14 10:00:00,0,7.2,86.0,7.4,1361.6799999999998
2015-12-14 11:00:00,0,8.3,86.0,9.3,1317.77
2015-12-14 12:00:00,0,10.0,77.0,5.6,1350.8500000000001
2015-12-14 13:00:00,0,11.7,55.0,16.7,1425.1100000000001
2015-12-14 14:00:00,0,11.7,55.0,16.7,1426.5
2015-12-14 15:00:00,0,12.2,49.0,20.4,1408.45
2015-12-14 16:00:00,0,11.7,55.0,14.8,1408.1999999999998
2015-12-14 17:00:00,0,12.2,40.0,24.1,1450.14
2015-12-14 18:00:00,0,11.1,45.0,20.4,1465.3000000000002
2015-12-14 19:00:00,0,11.1,41.0,24.1,1471.6
2015-12-14 20:00:00,0,10.6,48.0,13.0,1440.3199999999997
2015-12-14 21:00:00,0,7.8,63.0,5.6,1439.91
2015-12-14 22:00:00,0,6.7,73.0,0.0,1412.45
2015-12-14 23:00:00,0,7.8,63.0,0.0,1378.8000000000002
2015-12-15 00:00:00,0,6.1,74.0,9.3,1377.3300000000002
2015-12-15 01:00:00,0,6.1,71.0,11.1,1354.4
2015-12-15 02:00:00,0,5.6,76.0,5.6,1333.39
2015-12-15 03:00:00,0,5.0,79.0,9.3,1318.14
2015-12-15 04:00:00,0,3.9,89.0,5.6,1318.22
2015-12-15 05:00:00,0,3.9,86.0,11.1,1317.71
2015-12-15 06:00:00,0,3.3,86.0,9.3,1337.1799999999998
2015-12-15 07:00:00,0,2.8,86.0,0.0,1325.1399999999999
2015-12-15 08:00:00,0,2.8,89.0,5.6,1312.57
2015-12-15 09:00:00,0,4.4,77.0,5.6,1303.0500000000002
2015-12-15 10:00:00,0,6.7,65.0,5.6,1291.4599999999998
2015-12-15 11:00:00,0,8.3,61.0,0.0,1285.6200000000001
2015-12-15 12:00:00,0,10.0,54.0,5.6,1293.0
2015-12-15 13:00:00,0,10.0,50.0,5.6,1308.4399999999998
2015-12-15 14:00:00,0,11.7,35.0,14.8,1311.72
2015-12-15 15:00:00,0,11.7,37.0,5.6,1334.77
2015-12-15 16:00:00,0,12.2,34.0,13.0,1382.04
2015-12-15 17:00:00,0,12.2,31.0,11.1,1417.92
2015-12-15 18:00:00,0,10.6,41.0,0.0,1423.15
2015-12-15 19:00:00,0,10.0,41.0,0.0,1444.6200000000001
2015-12-15 20:00:00,0,8.9,46.0,5.6,1423.29
2015-12-15 21:00:00,0,8.3,44.0,5.6,1403.9299999999998
2015-12-15 22:00:00,0,6.7,55.0,7.4,1390.8400000000004
2015-12-15 23:00:00,0,5.6,62.0,7.4,1356.91
2015-12-16 00:00:00,0,6.7,55.0,5.6,1335.4599999999998
2015-12-16 01:00:00,0,5.0,67.0,9.3,1338.8999999999999
2015-12-16 02:00:00,0,4.4,73.0,11.1,1323.76
2015-12-16 03:00:00,0,4.4,70.0,9.3,1310.8900000000003
2015-12-16 04:00:00,0,3.9,73.0,0.0,1310.4599999999998
2015-12-16 05:00:00,0,3.3,76.0,0.0,1305.0
2015-12-16 06:00:00,0,2.2,82.0,0.0,1320.51
2015-12-16 07:00:00,0,2.8,76.0,0.0,1327.34
2015-12-16 08:00:00,0,2.2,82.0,5.6,1308.54
2015-12-16 09:00:00,0,5.0,65.0,5.6,1316.61
2015-12-16 10:00:00,0,7.2,56.0,7.4,1297.83
2015-12-16 11:00:00,0,8.9,46.0,9.3,1255.1100000000001
2015-12-16 12:00:00,0,10.6,43.0,0.0,1272.9099999999999
2015-12-16 13:00:00,0,10.6,38.0,5.6,1271.1299999999999
2015-12-16 14:00:00,0,11.1,35.0,0.0,1449.0
2015-12-16 15:00:00,0,12.8,30.0,7.4,1417.6400000000003
2015-12-16 16:00:00,0,12.8,29.0,11.1,1410.82
2015-12-16 17:00:00,0,12.2,30.0,9.3,1427.7600000000002
2015-12-16 18:00:00,0,11.7,29.0,14.8,1428.75
2015-12-16 19:00:00,0,9.4,46.0,7.4,1414.1799999999998
2015-12-16 20:00:00,0,8.9,46.0,7.4,1412.3899999999999
2015-12-16 21:00:00,0,7.8,50.0,0.0,1429.2199999999998
2015-12-16 22:00:00,0,7.2,53.0,0.0,1419.1299999999999
2015-12-16 23:00:00,0,5.6,65.0,9.3,1382.7600000000002
2015-12-17 00:00:00,0,5.6,65.0,7.4,1355.46
2015-12-17 01:00:00,0,5.0,65.0,0.0,1326.21
2015-12-17 02:00:00,0,4.4,68.0,11.1,1306.8300000000002
2015-12-17 03:00:00,0,3.9,70.0,9.3,1296.88
2015-12-17 04:00:00,0,3.3,70.0,7.4,1296.18
2015-12-17 05:00:00,0,3.3,70.0,5.6,1297.65
2015-12-17 06:00:00,0,3.3,70.0,5.6,1297.79
2015-12-17 07:00:00,0,2.8,70.0,13.0,1307.31
2015-12-17 08:00:00,0,2.8,70.0,9.3,1306.69
2015-12-17 09:00:00,0,4.4,65.0,0.0,1277.8300000000002
2015-12-17 10:00:00,0,6.7,53.0,5.6,1251.8300000000002
2015-12-17 11:00:00,0,8.9,44.0,7.4,1252.99
2015-12-17 12:00:00,0,10.0,39.0,0.0,1253.17
2015-12-17 13:00:00,0,11.7,34.0,5.6,1279.6999999999998
2015-12-17 14:00:00,0,13.3,30.0,5.6,1274.8799999999999
2015-12-17 15:00:00,0,12.8,29.0,5.6,1425.13
2015-12-17 16:00:00,0,13.9,27.0,5.6,1390.8500000000001
2015-12-17 17:00:00,0,13.9,27.0,0.0,1371.43
2015-12-17 18:00:00,0,13.3,29.0,7.4,1381.55
2015-12-17 19:00:00,0,11.1,40.0,5.6,1405.55
2015-12-17 20:00:00,0,10.0,46.0,0.0,1401.05
2015-12-17 21:00:00,0,8.9,52.0,5.6,1380.3500000000004
2015-12-17 22:00:00,0,8.3,54.0,0.0,1359.65
2015-12-17 23:00:00,0,7.2,58.0,0.0,1358.32
2015-12-18 00:00:00,0,7.2,58.0,0.0,1349.88
2015-12-18 01:00:00,0,6.1,65.0,7.4,1334.9099999999999
2015-12-18 02:00:00,0,5.6,67.0,5.6,1322.6799999999998
2015-12-18 03:00:00,0,6.1,62.0,5.6,1312.1800000000003
2015-12-18 04:00:00,0,5.6,65.0,5.6,1306.76
2015-12-18 05:00:00,0,4.4,68.0,7.4,1314.6900000000003
2015-12-18 06:00:00,0,4.4,70.0,5.6,1324.29
2015-12-18 07:00:00,0,4.4,68.0,5.6,1327.45
2015-12-18 08:00:00,0,5.0,65.0,5.6,1335.8100000000002
2015-12-18 09:00:00,0,7.8,54.0,7.4,1308.0500000000002
2015-12-18 10:00:00,0,9.4,46.0,0.0,1297.36
2015-12-18 11:00:00,0,12.2,35.0,7.4,1278.7799999999997
2015-12-18 12:00:00,0,15.0,31.0,0.0,1281.1599999999999
2015-12-18 13:00:00,0,18.3,21.0,0.0,1437.3300000000002
2015-12-18 14:00:00,0,20.6,18.0,14.8,1395.3000000000002
2015-12-18 15:00:00,0,21.1,17.0,13.0,1423.2800000000002
2015-12-18 16:00:00,0,21.7,16.0,9.3,1487.44
2015-12-18 17:00:00,0,21.1,18.0,5.6,1474.45
2015-12-18 18:00:00,0,16.7,32.0,7.4,1498.37
2015-12-18 19:00:00,0,17.8,25.0,5.6,1484.0400000000004
2015-12-18 20:00:00,0,14.4,35.0,0.0,1403.6499999999999
2015-12-18 21:00:00,0,12.2,43.0,0.0,1417.73
2015-12-18 22:00:00,0,13.3,36.0,0.0,1402.9700000000003
2015-12-18 23:00:00,0,12.2,41.0,5.6,1385.65
2015-12-19 00:00:00,0,10.0,54.0,5.6,1373.56
2015-12-19 01:00:00,0,11.1,45.0,5.6,1365.3899999999999
2015-12-19 02:00:00,0,9.4,52.0,5.6,1342.24
2015-12-19 03:00:00,0,8.9,54.0,7.4,1336.8799999999997
2015-12-19 04:00:00,0,10.0,44.0,7.4,1322.72
2015-12-19 05:00:00,0,8.9,50.0,7.4,1318.17
2015-12-19 06:00:00,0,9.4,48.0,7.4,1334.3100000000004
2015-12-19 07:00:00,0,11.1,40.0,9.3,1329.6200000000001
2015-12-19 08:00:00,0,10.0,44.0,9.3,1316.48
2015-12-19 09:00:00,0,10.0,46.0,14.8,1302.8499999999997
2015-12-19 10:00:00,0,12.2,41.0,5.6,1293.85
2015-12-19 11:00:00,0,14.4,31.0,9.3,1318.9999999999998
2015-12-19 12:00:00,0,15.6,28.0,5.6,1318.13
2015-12-19 13:00:00,0,16.1,30.0,5.6,1324.9399999999998
2015-12-19 14:00:00,0,16.7,30.0,7.4,1459.8200000000002
2015-12-19 15:00:00,0,16.7,30.0,0.0,1390.9699999999998
2015-12-19 16:00:00,0,18.9,25.0,7.4,1371.9999999999998
2015-12-19 17:00:00,0,17.2,31.0,5.6,1408.44
2015-12-19 18:00:00,0,15.6,33.0,0.0,1436.5900000000001
2015-12-19 19:00:00,0,15.0,35.0,0.0,1448.02
2015-12-19 20:00:00,0,15.0,33.0,7.4,1416.67
2015-12-19 21:00:00,0,14.4,35.0,7.4,1355.16
2015-12-19 22:00:00,0,13.3,40.0,5.6,1382.8
2015-12-19 23:00:00,0,13.3,39.0,13.0,1349.59
2015-12-20 00:00:00,0,12.2,41.0,7.4,1360.3999999999999
2015-12-20 01:00:00,0,10.6,52.0,0.0,1352.0700000000002
2015-12-20 02:00:00,0,9.4,56.0,13.0,1333.0599999999997
2015-12-20 03:00:00,0,8.9,61.0,11.1,1335.1900000000003
2015-12-20 04:00:00,0,9.4,52.0,9.3,1336.49
2015-12-20 05:00:00,0,7.8,63.0,5.6,1323.6000000000001
2015-12-20 06:00:00,0,7.8,63.0,0.0,1320.23
2015-12-20 07:00:00,0,8.3,63.0,9.3,1324.9499999999998
2015-12-20 08:00:00,0,9.4,52.0,11.1,1312.71
2015-12-20 09:00:00,0,9.4,56.0,7.4,1286.5699999999997
2015-12-20 10:00:00,0,12.2,51.0,5.6,1242.76
2015-12-20 11:00:00,0,13.9,55.0,9.3,1234.49
2015-12-20 12:00:00,0,16.1,50.0,9.3,1245.4299999999998
2015-12-20 13:00:00,0,16.1,41.0,9.3,1258.49
2015-12-20 14:00:00,0,16.7,37.0,7.4,1400.98
2015-12-20 15:00:00,0,17.2,35.0,9.3,1357.45
2015-12-20 16:00:00,0,17.2,34.0,13.0,1406.87
2015-12-20 17:00:00,0,16.7,35.0,9.3,1431.62
2015-12-20 18:00:00,0,16.1,36.0,14.8,1459.5900000000001
2015-12-20 19:00:00,0,15.6,38.0,11.1,1468.1799999999998
2015-12-20 20:00:00,0,14.4,42.0,9.3,1459.6299999999999
2015-12-20 21:00:00,0,13.9,47.0,5.6,1419.1499999999999
2015-12-20 22:00:00,0,13.3,49.0,0.0,1423.9499999999998
2015-12-20 23:00:00,0,11.7,55.0,0.0,1381.2099999999998
2015-12-21 00:00:00,0,10.6,59.0,5.6,1353.11
2015-12-21 01:00:00,0,10.0,59.0,5.6,1362.97
2015-12-21 02:00:00,0,8.9,66.0,0.0,1329.5900000000001
2015-12-21 03:00:00,0,7.8,71.0,0.0,1308.7399999999998
2015-12-21 04:00:00,0,7.2,74.0,9.3,1308.45
2015-12-21 05:00:00,0,7.2,71.0,7.4,1305.4499999999998
2015-12-21 06:00:00,0,6.7,73.0,5.6,1320.7400000000002
2015-12-21 07:00:00,0,7.2,71.0,9.3,1320.25
2015-12-21 08:00:00,0,7.8,68.0,11.1,1312.06
2015-12-21 09:00:00,0,8.9,63.0,11.1,1320.53
2015-12-21 10:00:00,0,11.1,54.0,11.1,1273.4900000000002
2015-12-21 11:00:00,0,12.8,49.0,5.6,1289.8599999999997
2015-12-21 12:00:00,0,13.9,45.0,0.0,1282.5600000000002
2015-12-21 13:00:00,0,15.0,41.0,7.4,1317.53
2015-12-21 14:00:00,0,15.6,38.0,7.4,1461.29
2015-12-21 15:00:00,0,16.1,35.0,14.8,1408.3600000000001
2015-12-21 16:00:00,0,16.7,32.0,5.6,1426.6499999999999
2015-12-21 17:00:00,0,16.7,31.0,7.4,1448.4300000000003
2015-12-21 18:00:00,0,13.9,40.0,5.6,1416.02
2015-12-21 19:00:00,0,13.9,39.0,0.0,1452.17
2015-12-21 20:00:00,0,12.8,45.0,0.0,1412.0300000000002
2015-12-21 21:00:00,0,11.1,53.0,7.4,1387.7500000000002
2015-12-21 22:00:00,0,11.1,53.0,0.0,1386.96
2015-12-21 23:00:00,0,10.6,54.0,11.1,1370.2300000000002
2015-12-22 00:00:00,0,10.0,57.0,9.3,1377.32
2015-12-22 01:00:00,0,10.0,59.0,11.1,1349.8000000000002
2015-12-22 02:00:00,0,8.9,63.0,13.0,1331.7700000000002
2015-12-22 03:00:00,0,8.3,66.0,13.0,1317.3700000000001
2015-12-22 04:00:00,0,7.8,68.0,7.4,1317.65
2015-12-22 05:00:00,0,7.8,68.0,7.4,1326.5199999999998
2015-12-22 06:00:00,0,8.3,63.0,7.4,1333.6399999999999
2015-12-22 07:00:00,0,8.3,66.0,11.1,1335.3999999999999
2015-12-22 08:00:00,0,8.3,66.0,13.0,1319.7
2015-12-22 09:00:00,0,8.9,63.0,13.0,1314.7600000000002
2015-12-22 10:00:00,0,9.4,61.0,13.0,1334.4099999999999
2015-12-22 11:00:00,0,10.0,59.0,13.0,1358.3600000000001
2015-12-22 12:00:00,0,10.6,54.0,11.1,1378.3399999999997
2015-12-22 13:00:00,0,12.2,49.0,13.0,1377.68
2015-12-22 14:00:00,0,13.3,44.0,16.7,1350.91
2015-12-22 15:00:00,0,13.3,44.0,18.5,1353.99
2015-12-22 16:00:00,0,12.2,62.0,24.1,1343.87
2015-12-22 17:00:00,0,11.7,66.0,16.7,1376.88
2015-12-22 18:00:00,0,11.7,69.0,13.0,1402.9800000000002
2015-12-22 19:00:00,0,12.2,69.0,14.8,1383.98
2015-12-22 20:00:00,0,12.2,69.0,7.4,1392.4099999999999
2015-12-22 21:00:00,0,12.2,72.0,7.4,1376.37
2015-12-22 22:00:00,0,12.2,72.0,9.3,1360.5800000000002
2015-12-22 23:00:00,0,11.7,74.0,7.4,1355.5499999999997
2015-12-23 00:00:00,0,11.7,74.0,9.3,1338.32
2015-12-23 01:00:00,0,11.7,74.0,11.1,1360.4
2015-12-23 02:00:00,0,11.7,77.0,11.1,1320.8299999999997
2015-12-23 03:00:00,0,11.7,77.0,7.4,1316.62
2015-12-23 04:00:00,0,11.7,77.0,7.4,1314.22
2015-12-23 05:00:00,0,11.7,77.0,9.3,1330.29
2015-12-23 06:00:00,0,11.7,77.0,11.1,1314.5500000000002
2015-12-23 07:00:00,0,11.7,80.0,11.1,1314.5299999999997
2015-12-23 08:00:00,0,11.7,83.0,11.1,1301.9999999999998
2015-12-23 09:00:00,0,12.2,80.0,9.3,1298.5
2015-12-23 10:00:00,0,13.9,72.0,7.4,1320.0399999999997
2015-12-23 11:00:00,0,15.0,67.0,5.6,1304.57
2015-12-23 12:00:00,0,16.7,62.0,0.0,1296.21
2015-12-23 13:00:00,0,17.8,58.0,7.4,1267.6900000000003
2015-12-23 14:00:00,0,18.9,54.0,9.3,1442.1
2015-12-23 15:00:00,0,18.3,56.0,9.3,1393.94
2015-12-23 16:00:00,0,18.3,56.0,7.4,1394.85
2015-12-23 17:00:00,0,18.3,56.0,14.8,1407.71
2015-12-23 18:00:00,0,17.8,56.0,7.4,1420.86
2015-12-23 19:00:00,0,16.1,64.0,0.0,1421.3300000000002
2015-12-23 20:00:00,0,16.7,62.0,0.0,1386.1
2015-12-23 21:00:00,0,14.4,72.0,7.4,1360.6
2015-12-23 22:00:00,0,13.3,75.0,11.1,1350.2200000000003
2015-12-23 23:00:00,0,14.4,72.0,11.1,1352.4
2015-12-24 00:00:00,1,13.9,74.0,11.1,1337.5299999999997
2015-12-24 01:00:00,1,13.3,80.0,13.0,1329.9199999999998
2015-12-24 02:00:00,1,13.3,80.0,11.1,1319.6499999999999
2015-12-24 03:00:00,1,13.3,84.0,11.1,1314.99
2015-12-24 04:00:00,1,12.8,83.0,7.4,1306.2899999999997
2015-12-24 05:00:00,1,12.2,86.0,9.3,1300.48
2015-12-24 06:00:00,1,11.7,86.0,7.4,1298.6799999999998
2015-12-24 07:00:00,1,11.1,89.0,11.1,1293.9699999999998
2015-12-24 08:00:00,1,11.1,86.0,11.1,1271.5600000000002
2015-12-24 09:00:00,1,12.2,77.0,13.0,1262.33
2015-12-24 10:00:00,1,13.9,72.0,11.1,1253.44
2015-12-24 11:00:00,1,15.6,64.0,0.0,1213.57
2015-12-24 12:00:00,1,17.2,60.0,0.0,1217.72
2015-12-24 13:00:00,1,17.8,56.0,13.0,1229.4
2015-12-24 14:00:00,1,18.3,54.0,11.1,1334.8500000000001
2015-12-24 15:00:00,1,18.3,52.0,14.8,1384.5
2015-12-24 16:00:00,1,18.9,48.0,7.4,1382.39
2015-12-24 17:00:00,1,17.8,52.0,11.1,1398.3800000000003
2015-12-24 18:00:00,1,17.8,48.0,9.3,1426.5799999999997
2015-12-24 19:00:00,1,16.7,52.0,9.3,1430.62
2015-12-24 20:00:00,1,16.1,54.0,5.6,1332.5600000000002
2015-12-24 21:00:00,1,13.9,62.0,5.6,1326.45
2015-12-24 22:00:00,1,13.3,67.0,7.4,1312.27
2015-12-24 23:00:00,1,13.3,67.0,0.0,1295.35
2015-12-25 00:00:00,1,12.2,72.0,9.3,1298.69
2015-12-25 01:00:00,1,11.1,77.0,11.1,1292.79
2015-12-25 02:00:00,1,10.6,80.0,13.0,1306.83
2015-12-25 03:00:00,1,10.0,80.0,13.0,1302.7
2015-12-25 04:00:00,1,10.0,80.0,9.3,1299.9699999999996
2015-12-25 05:00:00,1,8.3,86.0,5.6,1301.52
2015-12-25 06:00:00,1,8.9,83.0,0.0,1300.4200000000003
2015-12-25 07:00:00,1,8.3,86.0,5.6,1295.26
2015-12-25 08:00:00,1,9.4,80.0,5.6,1265.1200000000001
2015-12-25 09:00:00,1,10.6,68.0,18.5,1237.7599999999998
2015-12-25 10:00:00,1,12.2,53.0,14.8,1208.91
2015-12-25 11:00:00,1,12.8,45.0,13.0,1213.9499999999998
2015-12-25 12:00:00,1,13.3,30.0,13.0,1201.7099999999998
2015-12-25 13:00:00,1,14.4,27.0,13.0,1225.0700000000002
2015-12-25 14:00:00,1,15.0,16.0,27.8,1219.3899999999999
2015-12-25 15:00:00,1,15.6,15.0,13.0,1350.42
2015-12-25 16:00:00,1,15.6,16.0,20.4,1368.3700000000001
2015-12-25 17:00:00,1,14.4,16.0,20.4,1336.0
2015-12-25 18:00:00,1,12.8,18.0,13.0,1335.2099999999998
2015-12-25 19:00:00,1,11.7,20.0,16.7,1327.12
2015-12-25 20:00:00,1,10.6,23.0,11.1,1314.45
2015-12-25 21:00:00,1,8.3,30.0,7.4,1311.3999999999999
2015-12-25 22:00:00,1,7.8,31.0,7.4,1308.6799999999998
2015-12-25 23:00:00,1,7.8,31.0,13.0,1300.82
2015-12-26 00:00:00,0,6.1,38.0,11.1,1291.44
2015-12-26 01:00:00,0,5.6,40.0,7.4,1291.63
2015-12-26 02:00:00,0,6.7,34.0,11.1,1290.65
2015-12-26 03:00:00,0,6.1,35.0,9.3,1279.3500000000001
2015-12-26 04:00:00,0,4.4,43.0,14.8,1284.97
2015-12-26 05:00:00,0,3.9,43.0,14.8,1287.9299999999998
2015-12-26 06:00:00,0,3.9,43.0,13.0,1300.6200000000001
2015-12-26 07:00:00,0,2.8,46.0,11.1,1295.5800000000002
2015-12-26 08:00:00,0,3.3,45.0,11.1,1271.8
2015-12-26 09:00:00,0,6.1,34.0,11.1,1237.6999999999998
2015-12-26 10:00:00,0,8.3,24.0,20.4,1215.9399999999998
2015-12-26 11:00:00,0,9.4,23.0,14.8,1218.55
2015-12-26 12:00:00,0,11.7,20.0,25.9,1195.8200000000002
2015-12-26 13:00:00,0,12.2,17.0,38.9,1218.8700000000001
2015-12-26 14:00:00,0,12.2,17.0,33.3,1235.2900000000002
2015-12-26 15:00:00,0,12.8,15.0,35.2,1255.42
2015-12-26 16:00:00,0,12.8,13.0,33.3,1284.41
2015-12-26 17:00:00,0,12.2,14.0,25.9,1328.63
2015-12-26 18:00:00,0,11.1,16.0,25.9,1351.3400000000001
2015-12-26 19:00:00,0,10.6,16.0,31.5,1352.6200000000001
2015-12-26 20:00:00,0,9.4,18.0,25.9,1381.1100000000001
2015-12-26 21:00:00,0,8.9,20.0,16.7,1369.8500000000001
2015-12-26 22:00:00,0,8.3,21.0,20.4,1343.8
2015-12-26 23:00:00,0,7.8,22.0,24.1,1313.0499999999997
2015-12-27 00:00:00,0,7.2,23.0,13.0,1317.0400000000002
2015-12-27 01:00:00,0,6.7,24.0,11.1,1309.2599999999998
2015-12-27 02:00:00,0,4.4,32.0,0.0,1303.3999999999999
2015-12-27 03:00:00,0,6.1,26.0,7.4,1301.05
2015-12-27 04:00:00,0,6.1,26.0,5.6,1300.08
2015-12-27 05:00:00,0,4.4,33.0,0.0,1303.28
2015-12-27 06:00:00,0,3.9,36.0,0.0,1303.0900000000001
2015-12-27 07:00:00,0,1.7,46.0,0.0,1297.07
2015-12-27 08:00:00,0,1.7,46.0,11.1,1271.45
2015-12-27 09:00:00,0,5.6,32.0,0.0,1246.6499999999999
2015-12-27 10:00:00,0,7.8,24.0,7.4,1222.75
2015-12-27 11:00:00,0,9.4,23.0,9.3,1210.12
2015-12-27 12:00:00,0,11.7,19.0,0.0,1210.34
2015-12-27 13:00:00,0,12.2,18.0,7.4,1211.46
2015-12-27 14:00:00,0,13.3,17.0,7.4,1262.3799999999999
2015-12-27 15:00:00,0,14.4,16.0,7.4,1402.3
2015-12-27 16:00:00,0,14.4,16.0,9.3,1374.3300000000002
2015-12-27 17:00:00,0,15.0,16.0,7.4,1337.6
2015-12-27 18:00:00,0,12.8,21.0,5.6,1355.36
2015-12-27 19:00:00,0,10.6,26.0,7.4,1366.52
2015-12-27 20:00:00,0,11.1,24.0,0.0,1375.5400000000002
2015-12-27 21:00:00,0,9.4,29.0,0.0,1371.3200000000002
2015-12-27 22:00:00,0,8.9,32.0,5.6,1357.9099999999999
2015-12-27 23:00:00,0,7.8,35.0,0.0,1341.2899999999997
2015-12-28 00:00:00,0,6.1,45.0,0.0,1328.9199999999998
2015-12-28 01:00:00,0,6.1,45.0,7.4,1349.14
2015-12-28 02:00:00,0,5.0,49.0,0.0,1332.25
2015-12-28 03:00:00,0,5.0,47.0,7.4,1316.11
2015-12-28 04:00:00,0,5.0,51.0,11.1,1323.0600000000002
2015-12-28 05:00:00,0,4.4,55.0,14.8,1326.81
2015-12-28 06:00:00,0,3.3,57.0,18.5,1331.03
2015-12-28 07:00:00,0,3.9,55.0,16.7,1326.35
2015-12-28 08:00:00,0,3.9,57.0,11.1,1309.86
2015-12-28 09:00:00,0,6.1,49.0,7.4,1301.89
2015-12-28 10:00:00,0,8.3,44.0,11.1,1268.51
2015-12-28 11:00:00,0,10.0,36.0,7.4,1255.76
2015-12-28 12:00:00,0,11.7,34.0,7.4,1283.1
2015-12-28 13:00:00,0,12.2,33.0,0.0,1289.56
2015-12-28 14:00:00,0,13.3,30.0,0.0,1289.2000000000003
2015-12-28 15:00:00,0,15.0,27.0,9.3,1420.24
2015-12-28 16:00:00,0,14.4,28.0,0.0,1396.0900000000001
2015-12-28 17:00:00,0,14.4,27.0,0.0,1348.39
2015-12-28 18:00:00,0,12.8,31.0,7.4,1377.3100000000002
2015-12-28 19:00:00,0,11.7,35.0,5.6,1360.8
2015-12-28 20:00:00,0,10.0,39.0,0.0,1356.98
2015-12-28 21:00:00,0,8.9,42.0,0.0,1362.67
2015-12-28 22:00:00,0,7.2,49.0,5.6,1358.2900000000002
2015-12-28 23:00:00,0,7.8,44.0,0.0,1316.74
2015-12-29 00:00:00,0,7.2,56.0,0.0,1310.6200000000001
2015-12-29 01:00:00,0,7.2,53.0,5.6,1307.96
2015-12-29 02:00:00,0,6.1,58.0,7.4,1292.5300000000002
2015-12-29 03:00:00,0,6.1,58.0,0.0,1292.16
2015-12-29 04:00:00,0,6.7,55.0,0.0,1294.7699999999998
2015-12-29 05:00:00,0,7.2,53.0,0.0,1307.3700000000001
2015-12-29 06:00:00,0,6.7,43.0,22.2,1323.5400000000002
2015-12-29 07:00:00,0,7.2,44.0,11.1,1323.0199999999998
2015-12-29 08:00:00,0,6.7,51.0,5.6,1301.0
2015-12-29 09:00:00,0,7.8,50.0,13.0,1295.02
2015-12-29 10:00:00,0,8.3,52.0,13.0,1245.14
2015-12-29 11:00:00,0,9.4,50.0,14.8,1290.09
2015-12-29 12:00:00,0,9.4,44.0,13.0,1262.39
2015-12-29 13:00:00,0,10.0,44.0,9.3,1284.64
2015-12-29 14:00:00,0,11.7,38.0,7.4,1262.2799999999997
2015-12-29 15:00:00,0,12.2,35.0,7.4,1281.39
2015-12-29 16:00:00,0,12.8,33.0,7.4,1394.3500000000001
2015-12-29 17:00:00,0,12.8,33.0,7.4,1364.3000000000002
2015-12-29 18:00:00,0,11.1,35.0,9.3,1387.46
2015-12-29 19:00:00,0,10.6,39.0,5.6,1386.42
2015-12-29 20:00:00,0,10.0,43.0,0.0,1383.94
2015-12-29 21:00:00,0,10.6,39.0,7.4,1380.71
2015-12-29 22:00:00,0,8.3,48.0,0.0,1369.2000000000003
2015-12-29 23:00:00,0,7.2,49.0,11.1,1346.2899999999997
2015-12-30 00:00:00,0,6.7,49.0,13.0,1333.3100000000002
2015-12-30 01:00:00,0,5.6,53.0,11.1,1323.3000000000002
2015-12-30 02:00:00,0,5.0,57.0,5.6,1311.5600000000002
2015-12-30 03:00:00,0,3.9,62.0,7.4,1311.17
2015-12-30 04:00:00,0,3.9,60.0,5.6,1293.6099999999997
2015-12-30 05:00:00,0,3.3,62.0,5.6,1306.72
2015-12-30 06:00:00,0,3.3,65.0,9.3,1326.08
2015-12-30 07:00:00,0,3.3,65.0,5.6,1322.95
2015-12-30 08:00:00,0,3.3,65.0,5.6,1297.8700000000001
2015-12-30 09:00:00,0,5.0,57.0,9.3,1281.09
2015-12-30 10:00:00,0,7.2,48.0,9.3,1255.91
2015-12-30 11:00:00,0,10.6,41.0,7.4,1240.23
2015-12-30 12:00:00,0,11.7,37.0,5.6,1249.0
2015-12-30 13:00:00,0,13.3,32.0,0.0,1253.5600000000002
2015-12-30 14:00:00,0,13.3,26.0,0.0,1326.3899999999999
2015-12-30 15:00:00,0,14.4,23.0,5.6,1409.94
2015-12-30 16:00:00,0,15.0,22.0,5.6,1400.3600000000001
2015-12-30 17:00:00,0,14.4,22.0,5.6,1361.38
2015-12-30 18:00:00,0,12.8,27.0,5.6,1415.34
2015-12-30 19:00:00,0,10.6,33.0,9.3,1396.16
2015-12-30 20:00:00,0,9.4,36.0,9.3,1394.7300000000002
2015-12-30 21:00:00,0,10.6,33.0,9.3,1354.4199999999998
2015-12-30 22:00:00,0,7.2,44.0,7.4,1368.1599999999999
2015-12-30 23:00:00,0,6.7,45.0,9.3,1351.6800000000003
2015-12-31 00:00:00,0,6.7,43.0,9.3,1341.89
2015-12-31 01:00:00,0,5.6,51.0,5.6,1340.53
2015-12-31 02:00:00,0,3.9,57.0,5.6,1312.82
2015-12-31 03:00:00,0,3.9,60.0,0.0,1307.83
2015-12-31 04:00:00,0,3.3,60.0,0.0,1310.23
2015-12-31 05:00:00,0,4.4,55.0,0.0,1318.37
2015-12-31 06:00:00,0,3.9,57.0,0.0,1326.4400000000003
2015-12-31 07:00:00,0,2.8,62.0,0.0,1325.3799999999999
2015-12-31 08:00:00,0,2.2,64.0,0.0,1306.54
2015-12-31 09:00:00,0,5.0,55.0,5.6,1288.7299999999998
2015-12-31 10:00:00,0,7.8,44.0,5.6,1277.56
2015-12-31 11:00:00,0,10.6,32.0,0.0,1245.07
2015-12-31 12:00:00,0,11.7,29.0,7.4,1255.45
2015-12-31 13:00:00,0,12.8,27.0,7.4,1261.03
2015-12-31 14:00:00,0,14.4,25.0,9.3,1391.61
2015-12-31 15:00:00,0,15.0,24.0,11.1,1403.43
2015-12-31 16:00:00,0,16.1,22.0,13.0,1396.8200000000002
2015-12-31 17:00:00,0,15.6,23.0,13.0,1437.5600000000002
2015-12-31 18:00:00,0,13.9,26.0,14.8,1383.29
2015-12-31 19:00:00,0,13.3,27.0,11.1,1379.3
2015-12-31 20:00:00,0,12.2,28.0,11.1,1354.5
2015-12-31 21:00:00,0,11.7,27.0,11.1,1336.8750000000002
2015-12-31 22:00:00,0,10.0,31.0,5.6,1328.68
2015-12-31 23:00:00,0,9.4,33.0,0.0,1320.2800000000002
