Date,Holi,Temp,Humi,WS,Consumption
2015-01-01 00:00:00,1,22.8,26.0,9.3,13544.780000000002
2015-01-01 01:00:00,1,2.8,79.0,9.3,13459.234999999999
2015-01-01 02:00:00,1,2.8,79.0,7.4,13750.787499999997
2015-01-01 03:00:00,1,2.8,76.0,5.6,13859.64
2015-01-01 04:00:00,1,2.2,82.0,5.6,14112.332499999997
2015-01-01 05:00:00,1,2.2,79.0,5.6,14148.369999999999
2015-01-01 06:00:00,1,1.7,89.0,5.6,14640.717499999997
2015-01-01 07:00:00,1,2.2,86.0,7.4,14799.427500000002
2015-01-01 08:00:00,1,2.8,86.0,7.4,14754.062500000002
2015-01-01 09:00:00,1,2.8,82.0,0.0,14795.44
2015-01-01 10:00:00,1,3.9,76.0,0.0,14685.425
2015-01-01 11:00:00,1,5.0,65.0,9.3,14413.217499999997
2015-01-01 12:00:00,1,5.6,60.0,7.4,14346.8025
2015-01-01 13:00:00,1,6.1,56.0,7.4,14305.5275
2015-01-01 14:00:00,1,6.7,51.0,0.0,14417.602499999997
2015-01-01 15:00:00,1,7.2,48.0,7.4,14333.3825
2015-01-01 16:00:00,1,7.2,48.0,5.6,14244.639999999998
2015-01-01 17:00:00,1,7.2,48.0,0.0,14436.037499999999
2015-01-01 18:00:00,1,7.2,49.0,5.6,14717.982499999998
2015-01-01 19:00:00,1,6.1,56.0,11.1,14797.699999999995
2015-01-01 20:00:00,1,5.0,62.0,9.3,14662.887499999999
2015-01-01 21:00:00,1,5.0,60.0,7.4,14396.305
2015-01-01 22:00:00,1,5.0,57.0,11.1,13913.3375
2015-01-01 23:00:00,1,2.8,76.0,5.6,13602.184999999994
2015-01-02 00:00:00,0,2.2,79.0,5.6,13620.645000000004
2015-01-02 01:00:00,0,2.2,73.0,9.3,13619.975000000004
2015-01-02 02:00:00,0,1.7,76.0,0.0,13844.177500000002
2015-01-02 03:00:00,0,1.7,76.0,0.0,13922.207499999999
2015-01-02 04:00:00,0,1.1,79.0,0.0,14115.7
2015-01-02 05:00:00,0,0.6,82.0,7.4,14502.187500000002
2015-01-02 06:00:00,0,0.0,85.0,7.4,15569.177499999994
2015-01-02 07:00:00,0,0.0,85.0,0.0,16009.572499999997
2015-01-02 08:00:00,0,0.6,82.0,7.4,16338.170000000002
2015-01-02 09:00:00,0,1.7,76.0,9.3,16313.367500000006
2015-01-02 10:00:00,0,3.9,67.0,9.3,16684.8075
2015-01-02 11:00:00,0,5.6,58.0,5.6,16520.04
2015-01-02 12:00:00,0,7.2,44.0,0.0,16349.444999999998
2015-01-02 13:00:00,0,10.0,38.0,11.1,16249.790000000003
2015-01-02 14:00:00,0,10.6,33.0,11.1,16175.185000000001
2015-01-02 15:00:00,0,11.7,30.0,5.6,16146.957500000002
2015-01-02 16:00:00,0,11.7,29.0,11.1,15863.8125
2015-01-02 17:00:00,0,11.1,31.0,13.0,15550.68
2015-01-02 18:00:00,0,10.0,35.0,9.3,15372.132500000002
2015-01-02 19:00:00,0,8.9,41.0,7.4,15080.5925
2015-01-02 20:00:00,0,7.2,48.0,9.3,14976.342499999997
2015-01-02 21:00:00,0,6.1,56.0,9.3,14696.397500000001
2015-01-02 22:00:00,0,5.6,58.0,16.7,14128.277500000002
2015-01-02 23:00:00,0,5.0,62.0,13.0,13834.320000000002
2015-01-03 00:00:00,0,5.0,62.0,11.1,13637.69
2015-01-03 01:00:00,0,3.9,70.0,9.3,13695.565000000002
2015-01-03 02:00:00,0,3.3,73.0,11.1,13693.927500000002
2015-01-03 03:00:00,0,2.8,76.0,13.0,13703.287499999999
2015-01-03 04:00:00,0,2.2,79.0,11.1,13972.647500000003
2015-01-03 05:00:00,0,1.7,78.0,11.1,14045.014999999996
2015-01-03 06:00:00,0,1.7,78.0,13.0,14423.407500000001
2015-01-03 07:00:00,0,1.1,79.0,11.1,14680.989999999996
2015-01-03 08:00:00,0,1.1,79.0,9.3,14613.345000000001
2015-01-03 09:00:00,0,3.9,67.0,9.3,14534.087499999998
2015-01-03 10:00:00,0,6.1,58.0,9.3,14405.567500000003
2015-01-03 11:00:00,0,7.8,50.0,9.3,14386.244999999999
2015-01-03 12:00:00,0,9.4,44.0,0.0,14409.412500000002
2015-01-03 13:00:00,0,10.0,39.0,7.4,14343.332500000004
2015-01-03 14:00:00,0,10.6,36.0,0.0,14154.449999999999
2015-01-03 15:00:00,0,11.7,34.0,0.0,13935.805000000004
2015-01-03 16:00:00,0,12.2,33.0,5.6,13772.829999999998
2015-01-03 17:00:00,0,12.2,34.0,5.6,13758.862500000001
2015-01-03 18:00:00,0,10.6,41.0,5.6,14109.3375
2015-01-03 19:00:00,0,10.0,44.0,0.0,14002.049999999997
2015-01-03 20:00:00,0,8.9,46.0,0.0,13728.942500000003
2015-01-03 21:00:00,0,8.3,52.0,5.6,13684.664999999997
2015-01-03 22:00:00,0,6.7,60.0,5.6,13628.437499999998
2015-01-03 23:00:00,0,6.1,62.0,9.3,13673.947500000002
2015-01-04 00:00:00,0,5.6,65.0,0.0,13616.725000000002
2015-01-04 01:00:00,0,5.0,67.0,0.0,13576.547500000002
2015-01-04 02:00:00,0,3.9,73.0,7.4,13681.592499999997
2015-01-04 03:00:00,0,3.9,73.0,9.3,13695.58
2015-01-04 04:00:00,0,3.9,73.0,9.3,13959.394999999997
2015-01-04 05:00:00,0,3.3,76.0,0.0,14085.782500000003
2015-01-04 06:00:00,0,2.8,76.0,5.6,14342.990000000002
2015-01-04 07:00:00,0,2.8,76.0,0.0,14556.099999999995
2015-01-04 08:00:00,0,2.8,79.0,0.0,14345.8125
2015-01-04 09:00:00,0,4.4,73.0,0.0,14179.422499999997
2015-01-04 10:00:00,0,7.8,56.0,0.0,14027.154999999999
2015-01-04 11:00:00,0,11.7,43.0,9.3,14064.480000000003
2015-01-04 12:00:00,0,12.8,40.0,9.3,14031.857499999998
2015-01-04 13:00:00,0,15.6,33.0,7.4,13931.674999999997
2015-01-04 14:00:00,0,16.7,29.0,7.4,13750.8275
2015-01-04 15:00:00,0,17.8,27.0,5.6,13614.342499999999
2015-01-04 16:00:00,0,17.8,27.0,7.4,13358.059999999996
2015-01-04 17:00:00,0,17.8,27.0,5.6,13324.195
2015-01-04 18:00:00,0,16.7,29.0,9.3,13602.640000000005
2015-01-04 19:00:00,0,13.3,42.0,7.4,13650.082499999999
2015-01-04 20:00:00,0,12.2,45.0,0.0,13482.565
2015-01-04 21:00:00,0,11.7,47.0,0.0,13415.9575
2015-01-04 22:00:00,0,10.6,52.0,0.0,13377.890000000003
2015-01-04 23:00:00,0,10.0,57.0,5.6,13327.5725
2015-01-05 00:00:00,0,8.3,66.0,5.6,13350.910000000002
2015-01-05 01:00:00,0,8.9,61.0,0.0,13423.719999999998
2015-01-05 02:00:00,0,8.3,63.0,0.0,13741.35
2015-01-05 03:00:00,0,8.3,61.0,5.6,13959.524999999996
2015-01-05 04:00:00,0,7.8,63.0,0.0,14538.827499999998
2015-01-05 05:00:00,0,7.2,65.0,0.0,15070.305000000006
2015-01-05 06:00:00,0,6.7,68.0,0.0,15615.295000000006
2015-01-05 07:00:00,0,6.1,74.0,7.4,16064.502499999997
2015-01-05 08:00:00,0,6.1,71.0,0.0,16439.910000000007
2015-01-05 09:00:00,0,8.9,58.0,5.6,16851.275
2015-01-05 10:00:00,0,11.1,53.0,0.0,16968.7775
2015-01-05 11:00:00,0,15.0,38.0,0.0,16917.354999999996
2015-01-05 12:00:00,0,16.7,32.0,0.0,16895.915
2015-01-05 13:00:00,0,20.6,20.0,16.7,17121.037499999995
2015-01-05 14:00:00,0,21.7,18.0,16.7,16862.74
2015-01-05 15:00:00,0,22.8,16.0,14.8,16630.09
2015-01-05 16:00:00,0,23.3,16.0,7.4,16356.500000000002
2015-01-05 17:00:00,0,23.3,16.0,5.6,15794.27
2015-01-05 18:00:00,0,19.4,26.0,9.3,15070.107499999996
2015-01-05 19:00:00,0,16.7,34.0,9.3,14829.400000000003
2015-01-05 20:00:00,0,16.1,34.0,0.0,14662.700000000004
2015-01-05 21:00:00,0,14.4,41.0,0.0,14393.429999999998
2015-01-05 22:00:00,0,12.8,49.0,7.4,13960.620000000003
2015-01-05 23:00:00,0,12.2,49.0,0.0,13604.380000000001
2015-01-06 00:00:00,0,12.2,47.0,0.0,13397.580000000004
2015-01-06 01:00:00,0,11.1,49.0,11.1,13389.890000000003
2015-01-06 02:00:00,0,10.0,52.0,5.6,13715.63
2015-01-06 03:00:00,0,10.0,54.0,11.1,13768.619999999997
2015-01-06 04:00:00,0,10.6,48.0,0.0,13988.1325
2015-01-06 05:00:00,0,8.3,61.0,0.0,14512.0725
2015-01-06 06:00:00,0,7.8,63.0,5.6,15514.532500000003
2015-01-06 07:00:00,0,7.8,61.0,5.6,15939.660000000002
2015-01-06 08:00:00,0,7.8,61.0,7.4,16273.387499999999
2015-01-06 09:00:00,0,11.1,49.0,0.0,16728.415
2015-01-06 10:00:00,0,15.0,35.0,9.3,16920.639999999996
2015-01-06 11:00:00,0,17.2,31.0,0.0,16856.780000000002
2015-01-06 12:00:00,0,21.1,22.0,7.4,16739.210000000003
2015-01-06 13:00:00,0,22.8,18.0,14.8,16553.385000000006
2015-01-06 14:00:00,0,23.9,16.0,16.7,16518.66
2015-01-06 15:00:00,0,24.4,16.0,9.3,16339.17
2015-01-06 16:00:00,0,26.1,15.0,9.3,16085.470000000005
2015-01-06 17:00:00,0,25.0,16.0,9.3,15482.999999999996
2015-01-06 18:00:00,0,22.8,20.0,9.3,14751.819999999996
2015-01-06 19:00:00,0,18.9,29.0,9.3,14367.099999999999
2015-01-06 20:00:00,0,18.3,29.0,0.0,14218.240000000003
2015-01-06 21:00:00,0,15.6,38.0,0.0,14115.69
2015-01-06 22:00:00,0,13.9,44.0,5.6,13742.039999999999
2015-01-06 23:00:00,0,13.9,44.0,0.0,13456.39
2015-01-07 00:00:00,0,13.3,49.0,0.0,13249.180000000002
2015-01-07 01:00:00,0,12.8,49.0,0.0,13194.400000000003
2015-01-07 02:00:00,0,11.1,54.0,7.4,13473.02
2015-01-07 03:00:00,0,12.2,51.0,5.6,13568.67
2015-01-07 04:00:00,0,11.7,52.0,0.0,13907.570000000003
2015-01-07 05:00:00,0,10.0,61.0,0.0,14393.187500000004
2015-01-07 06:00:00,0,10.0,61.0,0.0,15215.02
2015-01-07 07:00:00,0,10.0,61.0,0.0,15764.417500000005
2015-01-07 08:00:00,0,9.4,64.0,5.6,16122.897499999997
2015-01-07 09:00:00,0,11.1,59.0,5.6,16541.562499999993
2015-01-07 10:00:00,0,16.1,42.0,5.6,16471.83
2015-01-07 11:00:00,0,19.4,36.0,5.6,16685.47
2015-01-07 12:00:00,0,22.2,28.0,11.1,16625.54
2015-01-07 13:00:00,0,25.0,22.0,14.8,16508.64
2015-01-07 14:00:00,0,26.1,18.0,13.0,16352.789999999997
2015-01-07 15:00:00,0,26.7,17.0,5.6,16180.529999999997
2015-01-07 16:00:00,0,26.7,18.0,5.6,16010.08
2015-01-07 17:00:00,0,26.7,18.0,11.1,15423.599999999999
2015-01-07 18:00:00,0,23.3,24.0,9.3,14829.250000000002
2015-01-07 19:00:00,0,21.7,28.0,11.1,14478.130000000003
2015-01-07 20:00:00,0,19.4,33.0,13.0,14323.13
2015-01-07 21:00:00,0,18.3,36.0,13.0,14071.449999999997
2015-01-07 22:00:00,0,19.4,33.0,14.8,13655.41
2015-01-07 23:00:00,0,17.2,40.0,9.3,13326.58
2015-01-08 00:00:00,0,16.7,41.0,0.0,13308.410000000003
2015-01-08 01:00:00,0,16.1,42.0,5.6,13190.960000000001
2015-01-08 02:00:00,0,15.6,44.0,7.4,13193.617499999997
2015-01-08 03:00:00,0,14.4,47.0,11.1,13232.329999999996
2015-01-08 04:00:00,0,15.6,42.0,13.0,13355.357499999996
2015-01-08 05:00:00,0,17.2,34.0,20.4,13900.739999999998
2015-01-08 06:00:00,0,16.7,35.0,27.8,14398.23
2015-01-08 07:00:00,0,16.7,34.0,25.9,14861.230000000001
2015-01-08 08:00:00,0,15.6,38.0,14.8,15286.220000000001
2015-01-08 09:00:00,0,15.6,39.0,18.5,15866.609999999999
2015-01-08 10:00:00,0,17.2,34.0,22.2,16074.510000000004
2015-01-08 11:00:00,0,18.3,32.0,22.2,16210.080000000002
2015-01-08 12:00:00,0,18.3,31.0,22.2,16261.450000000003
2015-01-08 13:00:00,0,18.9,30.0,13.0,16185.069999999996
2015-01-08 14:00:00,0,20.6,27.0,11.1,16357.760000000006
2015-01-08 15:00:00,0,21.7,27.0,14.8,16124.829999999998
2015-01-08 16:00:00,0,20.0,32.0,13.0,16055.270000000002
2015-01-08 17:00:00,0,18.9,33.0,22.2,15444.67
2015-01-08 18:00:00,0,17.8,37.0,11.1,14903.379999999997
2015-01-08 19:00:00,0,16.7,39.0,9.3,14649.230000000001
2015-01-08 20:00:00,0,15.0,44.0,11.1,14356.949999999999
2015-01-08 21:00:00,0,15.0,46.0,9.3,14080.5
2015-01-08 22:00:00,0,13.3,55.0,11.1,13633.939999999997
2015-01-08 23:00:00,0,14.4,46.0,7.4,13300.359999999999
2015-01-09 00:00:00,0,12.2,55.0,5.6,13148.730000000001
2015-01-09 01:00:00,0,12.2,55.0,5.6,13056.04
2015-01-09 02:00:00,0,12.2,53.0,18.5,13235.839999999998
2015-01-09 03:00:00,0,12.2,53.0,11.1,13394.98
2015-01-09 04:00:00,0,12.2,53.0,18.5,13802.020000000002
2015-01-09 05:00:00,0,12.2,51.0,11.1,14188.034999999998
2015-01-09 06:00:00,0,11.7,52.0,11.1,14815.11
2015-01-09 07:00:00,0,11.7,55.0,5.6,15569.309999999998
2015-01-09 08:00:00,0,11.1,57.0,7.4,16063.809999999998
2015-01-09 09:00:00,0,13.3,49.0,11.1,16447.19
2015-01-09 10:00:00,0,16.1,44.0,13.0,16577.54
2015-01-09 11:00:00,0,18.9,37.0,18.5,16583.659999999996
2015-01-09 12:00:00,0,20.0,35.0,20.4,16655.159999999996
2015-01-09 13:00:00,0,21.7,34.0,9.3,16607.369999999995
2015-01-09 14:00:00,0,22.2,33.0,5.6,16637.76
2015-01-09 15:00:00,0,23.3,32.0,9.3,16565.360000000004
2015-01-09 16:00:00,0,22.8,34.0,0.0,16136.139999999996
2015-01-09 17:00:00,0,23.3,34.0,16.7,15533.809999999996
2015-01-09 18:00:00,0,21.1,36.0,11.1,14928.449999999997
2015-01-09 19:00:00,0,20.0,37.0,11.1,14479.34
2015-01-09 20:00:00,0,17.8,43.0,9.3,14220.11
2015-01-09 21:00:00,0,16.7,46.0,7.4,14052.14
2015-01-09 22:00:00,0,15.6,49.0,9.3,13615.54
2015-01-09 23:00:00,0,15.6,46.0,13.0,13229.679999999998
2015-01-10 00:00:00,0,15.6,44.0,13.0,13160.78
2015-01-10 01:00:00,0,14.4,49.0,11.1,12993.530000000002
2015-01-10 02:00:00,0,14.4,47.0,13.0,12994.210000000003
2015-01-10 03:00:00,0,14.4,47.0,13.0,12984.65
2015-01-10 04:00:00,0,13.9,49.0,9.3,13101.82
2015-01-10 05:00:00,0,13.3,51.0,0.0,13214.220000000001
2015-01-10 06:00:00,0,13.3,51.0,11.1,13435.232499999998
2015-01-10 07:00:00,0,13.3,49.0,11.1,13734.110000000002
2015-01-10 08:00:00,0,13.9,47.0,13.0,13725.209999999997
2015-01-10 09:00:00,0,13.9,47.0,11.1,13853.809999999998
2015-01-10 10:00:00,0,16.1,41.0,16.7,13721.69
2015-01-10 11:00:00,0,15.6,42.0,9.3,13708.555000000004
2015-01-10 12:00:00,0,16.7,41.0,7.4,13773.1925
2015-01-10 13:00:00,0,17.2,40.0,9.3,13674.267499999996
2015-01-10 14:00:00,0,16.7,48.0,13.0,13670.710000000005
2015-01-10 15:00:00,0,17.8,41.0,7.4,13713.689999999999
2015-01-10 16:00:00,0,18.3,40.0,0.0,13594.45
2015-01-10 17:00:00,0,17.8,43.0,7.4,13540.85
2015-01-10 18:00:00,0,17.8,45.0,11.1,13711.93
2015-01-10 19:00:00,0,17.2,48.0,5.6,13620.849999999997
2015-01-10 20:00:00,0,15.0,58.0,0.0,13449.67
2015-01-10 21:00:00,0,13.9,62.0,0.0,13214.080000000002
2015-01-10 22:00:00,0,13.9,62.0,0.0,13094.150000000001
2015-01-10 23:00:00,0,13.9,64.0,0.0,13070.609999999997
2015-01-11 00:00:00,0,12.2,75.0,0.0,12931.460000000001
2015-01-11 01:00:00,0,12.8,72.0,0.0,12933.240000000005
2015-01-11 02:00:00,0,13.3,69.0,5.6,12971.699999999999
2015-01-11 03:00:00,0,12.2,75.0,7.4,12977.47
2015-01-11 04:00:00,0,12.8,69.0,5.6,13234.859999999999
2015-01-11 05:00:00,0,12.2,75.0,0.0,13357.670000000002
2015-01-11 06:00:00,0,12.8,69.0,7.4,13421.027499999998
2015-01-11 07:00:00,0,13.3,67.0,9.3,13710.420000000004
2015-01-11 08:00:00,0,12.8,67.0,7.4,13486.990000000002
2015-01-11 09:00:00,0,13.9,59.0,16.7,13393.769999999999
2015-01-11 10:00:00,0,15.6,55.0,13.0,13331.759999999998
2015-01-11 11:00:00,0,16.7,52.0,13.0,13379.529999999999
2015-01-11 12:00:00,0,18.3,45.0,16.7,13512.689999999999
2015-01-11 13:00:00,0,20.0,40.0,11.1,13545.510000000002
2015-01-11 14:00:00,0,22.2,35.0,13.0,13510.909999999996
2015-01-11 15:00:00,0,21.7,36.0,16.7,13445.800000000003
2015-01-11 16:00:00,0,21.7,38.0,11.1,13223.329999999996
2015-01-11 17:00:00,0,21.7,38.0,11.1,13159.890000000003
2015-01-11 18:00:00,0,20.6,42.0,5.6,13349.869999999999
2015-01-11 19:00:00,0,19.4,47.0,5.6,13303.02
2015-01-11 20:00:00,0,18.3,58.0,5.6,13136.790000000003
2015-01-11 21:00:00,0,17.2,70.0,9.3,13069.199999999997
2015-01-11 22:00:00,0,16.7,70.0,9.3,12989.95
2015-01-11 23:00:00,0,15.6,80.0,7.4,12937.515
2015-01-12 00:00:00,0,15.0,83.0,11.1,12927.289999999999
2015-01-12 01:00:00,0,15.0,83.0,13.0,12850.4125
2015-01-12 02:00:00,0,14.4,87.0,7.4,13144.527499999997
2015-01-12 03:00:00,0,14.4,90.0,5.6,13370.322499999998
2015-01-12 04:00:00,0,14.4,90.0,0.0,13948.024999999998
2015-01-12 05:00:00,0,14.4,93.0,5.6,14120.692500000001
2015-01-12 06:00:00,0,14.4,90.0,0.0,14718.48
2015-01-12 07:00:00,0,13.9,93.0,0.0,15334.309999999994
2015-01-12 08:00:00,0,13.9,93.0,0.0,16002.515
2015-01-12 09:00:00,0,13.9,96.0,5.6,16084.922500000002
2015-01-12 10:00:00,0,15.0,90.0,7.4,17178.72
2015-01-12 11:00:00,0,16.1,81.0,0.0,17311.42
2015-01-12 12:00:00,0,17.8,65.0,0.0,17278.13
2015-01-12 13:00:00,0,18.3,65.0,7.4,17253.68
2015-01-12 14:00:00,0,19.4,59.0,7.4,17163.350000000002
2015-01-12 15:00:00,0,19.4,57.0,0.0,17116.520000000004
2015-01-12 16:00:00,0,18.9,59.0,13.0,16816.739999999998
2015-01-12 17:00:00,0,18.3,65.0,9.3,16170.130000000003
2015-01-12 18:00:00,0,17.8,67.0,5.6,15793.190000000002
2015-01-12 19:00:00,0,17.2,70.0,0.0,15331.37
2015-01-12 20:00:00,0,16.7,70.0,0.0,14995.9625
2015-01-12 21:00:00,0,16.7,70.0,7.4,14723.890000000001
2015-01-12 22:00:00,0,13.9,83.0,7.4,14128.310000000001
2015-01-12 23:00:00,0,13.9,83.0,0.0,13654.839999999998
2015-01-13 00:00:00,0,13.9,83.0,0.0,13462.270000000004
2015-01-13 01:00:00,0,13.9,81.0,0.0,13405.339999999998
2015-01-13 02:00:00,0,12.8,86.0,0.0,13516.55
2015-01-13 03:00:00,0,13.3,84.0,0.0,13550.770000000002
2015-01-13 04:00:00,0,12.8,86.0,5.6,13874.739999999998
2015-01-13 05:00:00,0,12.8,83.0,7.4,14345.810000000001
2015-01-13 06:00:00,0,12.8,86.0,0.0,14995.190000000002
2015-01-13 07:00:00,0,12.8,86.0,7.4,15493.490000000003
2015-01-13 08:00:00,0,12.2,86.0,7.4,16248.000000000004
2015-01-13 09:00:00,0,13.9,77.0,0.0,16886.46
2015-01-13 10:00:00,0,15.0,75.0,0.0,17215.15
2015-01-13 11:00:00,0,15.0,75.0,0.0,17402.619999999995
2015-01-13 12:00:00,0,13.3,84.0,20.4,17647.027499999997
2015-01-13 13:00:00,0,12.0,94.0,14.8,17717.885
2015-01-13 14:00:00,0,14.0,77.0,9.3,17795.79
2015-01-13 15:00:00,0,15.0,67.0,9.3,17598.649999999994
2015-01-13 16:00:00,0,17.2,58.0,0.0,17208.409999999996
2015-01-13 17:00:00,0,16.1,60.0,0.0,16611.8
2015-01-13 18:00:00,0,16.1,64.0,7.4,16132.74
2015-01-13 19:00:00,0,14.4,75.0,5.6,15767.260000000002
2015-01-13 20:00:00,0,13.9,72.0,5.6,15533.029999999999
2015-01-13 21:00:00,0,13.9,72.0,7.4,15095.310000000001
2015-01-13 22:00:00,0,12.2,77.0,11.1,14470.880000000003
2015-01-13 23:00:00,0,11.1,80.0,11.1,13882.47
2015-01-14 00:00:00,0,11.1,77.0,11.1,13649.990000000002
2015-01-14 01:00:00,0,10.6,83.0,7.4,13680.210000000005
2015-01-14 02:00:00,0,9.4,90.0,5.6,13827.130000000001
2015-01-14 03:00:00,0,10.0,83.0,9.3,13836.319999999998
2015-01-14 04:00:00,0,9.4,83.0,11.1,14219.082499999999
2015-01-14 05:00:00,0,8.3,90.0,0.0,14571.0425
2015-01-14 06:00:00,0,9.4,80.0,5.6,15520.8575
2015-01-14 07:00:00,0,8.9,86.0,5.6,16184.342500000004
2015-01-14 08:00:00,0,8.3,86.0,0.0,16870.492500000004
2015-01-14 09:00:00,0,10.6,77.0,5.6,17475.3075
2015-01-14 10:00:00,0,11.7,71.0,5.6,17769.86
2015-01-14 11:00:00,0,13.9,59.0,5.6,17759.27
2015-01-14 12:00:00,0,15.6,51.0,13.0,17691.0
2015-01-14 13:00:00,0,16.7,46.0,0.0,17520.495
2015-01-14 14:00:00,0,17.8,43.0,7.4,17301.3
2015-01-14 15:00:00,0,18.9,38.0,7.4,17215.809999999998
2015-01-14 16:00:00,0,18.3,37.0,0.0,16994.540000000005
2015-01-14 17:00:00,0,18.9,36.0,9.3,16454.825
2015-01-14 18:00:00,0,17.2,41.0,7.4,15899.1975
2015-01-14 19:00:00,0,17.2,43.0,11.1,15629.580000000002
2015-01-14 20:00:00,0,14.4,58.0,0.0,15288.215
2015-01-14 21:00:00,0,14.4,56.0,0.0,14926.714999999998
2015-01-14 22:00:00,0,13.3,62.0,5.6,14342.164999999997
2015-01-14 23:00:00,0,11.7,71.0,5.6,13845.690000000002
2015-01-15 00:00:00,0,11.1,74.0,0.0,13580.992499999998
2015-01-15 01:00:00,0,10.6,68.0,0.0,13433.707500000006
2015-01-15 02:00:00,0,10.6,63.0,5.6,13502.734999999999
2015-01-15 03:00:00,0,10.6,63.0,5.6,13632.12
2015-01-15 04:00:00,0,9.4,69.0,7.4,13829.232499999998
2015-01-15 05:00:00,0,10.0,61.0,7.4,14155.402500000002
2015-01-15 06:00:00,0,9.4,66.0,9.3,14659.769999999997
2015-01-15 07:00:00,0,9.4,64.0,5.6,15143.609999999999
2015-01-15 08:00:00,0,8.3,71.0,0.0,15769.654999999999
2015-01-15 09:00:00,0,13.3,47.0,11.1,16508.215000000004
2015-01-15 10:00:00,0,15.0,46.0,0.0,16922.432500000003
2015-01-15 11:00:00,0,17.2,37.0,24.1,17034.957500000004
2015-01-15 12:00:00,0,17.8,34.0,22.2,17030.045
2015-01-15 13:00:00,0,18.9,32.0,22.2,17019.519999999997
2015-01-15 14:00:00,0,20.6,26.0,20.4,17009.985
2015-01-15 15:00:00,0,21.1,26.0,11.1,16979.812499999996
2015-01-15 16:00:00,0,21.7,25.0,0.0,16609.815000000006
2015-01-15 17:00:00,0,21.7,23.0,9.3,16204.742500000004
2015-01-15 18:00:00,0,20.6,29.0,5.6,15726.694999999998
2015-01-15 19:00:00,0,18.3,36.0,7.4,15398.6275
2015-01-15 20:00:00,0,16.7,39.0,16.7,15106.592500000002
2015-01-15 21:00:00,0,15.0,44.0,13.0,14503.599999999999
2015-01-15 22:00:00,0,17.8,31.0,13.0,13946.945
2015-01-15 23:00:00,0,15.6,39.0,11.1,13505.717499999997
2015-01-16 00:00:00,0,15.6,41.0,16.7,13291.860000000004
2015-01-16 01:00:00,0,14.0,44.0,16.7,13213.012500000003
2015-01-16 02:00:00,0,13.3,49.0,14.8,13342.377500000004
2015-01-16 03:00:00,0,12.8,51.0,11.1,13410.6125
2015-01-16 04:00:00,0,13.3,47.0,11.1,13721.22
2015-01-16 05:00:00,0,10.6,61.0,0.0,14061.604999999998
2015-01-16 06:00:00,0,11.7,52.0,9.3,14730.224999999997
2015-01-16 07:00:00,0,10.0,59.0,5.6,16013.372500000003
2015-01-16 08:00:00,0,10.0,59.0,0.0,16606.520000000004
2015-01-16 09:00:00,0,13.3,51.0,0.0,17094.170000000002
2015-01-16 10:00:00,0,16.7,34.0,24.1,17303.030000000002
2015-01-16 11:00:00,0,18.3,28.0,22.2,17217.890000000003
2015-01-16 12:00:00,0,20.0,24.0,13.0,17199.44
2015-01-16 13:00:00,0,21.7,19.0,9.3,17138.91
2015-01-16 14:00:00,0,21.1,20.0,5.6,17017.847500000003
2015-01-16 15:00:00,0,22.8,18.0,0.0,16740.280000000006
2015-01-16 16:00:00,0,22.8,18.0,0.0,16357.619999999999
2015-01-16 17:00:00,0,22.2,18.0,0.0,15642.654999999999
2015-01-16 18:00:00,0,21.1,19.0,0.0,15209.609999999997
2015-01-16 19:00:00,0,20.6,20.0,9.3,14797.049999999997
2015-01-16 20:00:00,0,16.1,36.0,7.4,14491.339999999998
2015-01-16 21:00:00,0,15.0,41.0,5.6,14241.410000000002
2015-01-16 22:00:00,0,14.4,44.0,11.1,13764.219999999998
2015-01-16 23:00:00,0,14.4,41.0,0.0,13372.420000000002
2015-01-17 00:00:00,0,12.8,45.0,9.3,13188.140000000001
2015-01-17 01:00:00,0,11.7,48.0,5.6,13236.87
2015-01-17 02:00:00,0,11.7,48.0,9.3,13188.260000000002
2015-01-17 03:00:00,0,10.0,54.0,5.6,13233.820000000002
2015-01-17 04:00:00,0,10.0,54.0,9.3,13486.685000000001
2015-01-17 05:00:00,0,9.4,59.0,5.6,13572.77
2015-01-17 06:00:00,0,8.9,61.0,9.3,13915.502499999993
2015-01-17 07:00:00,0,8.9,58.0,7.4,14282.9025
2015-01-17 08:00:00,0,9.4,56.0,11.1,14191.83
2015-01-17 09:00:00,0,11.7,48.0,14.8,14314.055000000002
2015-01-17 10:00:00,0,14.4,39.0,13.0,14260.1225
2015-01-17 11:00:00,0,17.2,33.0,14.8,14153.070000000002
2015-01-17 12:00:00,0,19.4,27.0,9.3,14165.009999999998
2015-01-17 13:00:00,0,20.0,24.0,5.6,14084.869999999995
2015-01-17 14:00:00,0,20.6,22.0,7.4,14033.630000000001
2015-01-17 15:00:00,0,21.7,20.0,7.4,13860.069999999998
2015-01-17 16:00:00,0,22.2,20.0,7.4,13704.1
2015-01-17 17:00:00,0,22.2,20.0,9.3,13472.81
2015-01-17 18:00:00,0,21.7,20.0,9.3,13701.960000000003
2015-01-17 19:00:00,0,18.9,30.0,0.0,13665.710000000001
2015-01-17 20:00:00,0,16.7,38.0,5.6,13378.750000000004
2015-01-17 21:00:00,0,16.1,39.0,0.0,13232.190000000002
2015-01-17 22:00:00,0,16.7,35.0,7.4,13145.93
2015-01-17 23:00:00,0,13.9,47.0,5.6,13051.57
2015-01-18 00:00:00,0,13.9,47.0,5.6,13003.940000000004
2015-01-18 01:00:00,0,12.8,51.0,5.6,13011.500000000002
2015-01-18 02:00:00,0,11.7,57.0,9.3,13037.81
2015-01-18 03:00:00,0,11.1,59.0,11.1,13066.23
2015-01-18 04:00:00,0,11.1,57.0,13.0,13342.290000000003
2015-01-18 05:00:00,0,10.0,61.0,7.4,13462.319999999998
2015-01-18 06:00:00,0,10.0,63.0,5.6,13632.249999999998
2015-01-18 07:00:00,0,10.0,61.0,5.6,13942.857500000002
2015-01-18 08:00:00,0,10.0,61.0,5.6,13805.57
2015-01-18 09:00:00,0,12.2,55.0,5.6,13701.810000000003
2015-01-18 10:00:00,0,14.4,46.0,11.1,13610.470000000003
2015-01-18 11:00:00,0,17.2,38.0,9.3,13632.69
2015-01-18 12:00:00,0,19.4,31.0,0.0,13688.469999999998
2015-01-18 13:00:00,0,21.1,28.0,0.0,13626.529999999999
2015-01-18 14:00:00,0,22.2,25.0,0.0,13608.78
2015-01-18 15:00:00,0,22.8,25.0,5.6,13578.58
2015-01-18 16:00:00,0,23.9,22.0,5.6,13457.189999999997
2015-01-18 17:00:00,0,23.3,23.0,9.3,13264.470000000001
2015-01-18 18:00:00,0,22.2,24.0,9.3,13457.650000000001
2015-01-18 19:00:00,0,20.6,29.0,5.6,13482.24
2015-01-18 20:00:00,0,19.4,32.0,0.0,13213.39
2015-01-18 21:00:00,0,17.2,41.0,0.0,13123.84
2015-01-18 22:00:00,0,15.0,51.0,5.6,13018.439999999999
2015-01-18 23:00:00,0,14.4,51.0,0.0,13064.230000000001
2015-01-19 00:00:00,1,13.9,53.0,0.0,12954.140000000003
2015-01-19 01:00:00,1,13.9,53.0,0.0,12956.38
2015-01-19 02:00:00,1,11.7,66.0,0.0,13242.979999999998
2015-01-19 03:00:00,1,11.7,64.0,11.1,13427.58
2015-01-19 04:00:00,1,11.7,61.0,5.6,13840.874999999998
2015-01-19 05:00:00,1,11.1,63.0,9.3,14075.740000000002
2015-01-19 06:00:00,1,10.6,66.0,14.8,14499.460000000005
2015-01-19 07:00:00,1,10.6,63.0,14.8,14731.4875
2015-01-19 08:00:00,1,10.0,68.0,9.3,14592.802500000002
2015-01-19 09:00:00,1,12.8,55.0,9.3,14541.235000000002
2015-01-19 10:00:00,1,15.0,46.0,14.8,14747.610000000006
2015-01-19 11:00:00,1,17.8,38.0,13.0,14564.69
2015-01-19 12:00:00,1,19.4,32.0,11.1,14613.34
2015-01-19 13:00:00,1,21.1,29.0,5.6,14615.779999999999
2015-01-19 14:00:00,1,22.2,26.0,5.6,14422.07
2015-01-19 15:00:00,1,23.3,23.0,0.0,14416.149999999996
2015-01-19 16:00:00,1,23.9,22.0,0.0,14255.32
2015-01-19 17:00:00,1,23.9,23.0,5.6,14055.179999999998
2015-01-19 18:00:00,1,22.2,27.0,9.3,14198.679999999998
2015-01-19 19:00:00,1,20.0,32.0,0.0,14112.150000000001
2015-01-19 20:00:00,1,18.3,39.0,0.0,13920.200000000003
2015-01-19 21:00:00,1,16.7,44.0,0.0,13819.710000000001
2015-01-19 22:00:00,1,15.0,51.0,0.0,13456.859999999999
2015-01-19 23:00:00,1,13.3,60.0,0.0,13108.630000000001
2015-01-20 00:00:00,0,13.3,57.0,7.4,13074.869999999999
2015-01-20 01:00:00,0,12.2,62.0,7.4,12991.98
2015-01-20 02:00:00,0,11.7,64.0,13.0,13292.110000000004
2015-01-20 03:00:00,0,11.7,64.0,0.0,13497.769999999997
2015-01-20 04:00:00,0,10.6,68.0,7.4,13913.05
2015-01-20 05:00:00,0,10.0,68.0,7.4,14361.1175
2015-01-20 06:00:00,0,10.0,68.0,11.1,15261.567499999997
2015-01-20 07:00:00,0,9.4,71.0,5.6,16004.590000000004
2015-01-20 08:00:00,0,10.0,66.0,9.3,16820.927500000005
2015-01-20 09:00:00,0,12.2,57.0,9.3,17460.65
2015-01-20 10:00:00,0,15.0,49.0,9.3,17573.00999999999
2015-01-20 11:00:00,0,17.8,40.0,9.3,17707.63
2015-01-20 12:00:00,0,19.4,36.0,9.3,17787.01
2015-01-20 13:00:00,0,20.6,32.0,5.6,17792.350000000002
2015-01-20 14:00:00,0,21.7,27.0,5.6,17618.66
2015-01-20 15:00:00,0,22.8,24.0,0.0,17506.550000000003
2015-01-20 16:00:00,0,23.3,22.0,5.6,17188.04
2015-01-20 17:00:00,0,22.8,24.0,0.0,16474.12
2015-01-20 18:00:00,0,22.2,25.0,0.0,15965.6125
2015-01-20 19:00:00,0,19.4,36.0,0.0,15495.050000000003
2015-01-20 20:00:00,0,18.3,40.0,0.0,15068.250000000004
2015-01-20 21:00:00,0,17.2,45.0,0.0,14565.09
2015-01-20 22:00:00,0,16.7,46.0,0.0,13903.88
2015-01-20 23:00:00,0,15.6,51.0,0.0,13480.25
2015-01-21 00:00:00,0,15.6,51.0,0.0,13327.660000000003
2015-01-21 01:00:00,0,15.0,53.0,7.4,13202.970000000001
2015-01-21 02:00:00,0,15.0,51.0,7.4,13378.92
2015-01-21 03:00:00,0,14.4,53.0,0.0,13494.439999999999
2015-01-21 04:00:00,0,13.3,57.0,0.0,13647.469999999998
2015-01-21 05:00:00,0,13.3,60.0,9.3,14177.5
2015-01-21 06:00:00,0,13.9,49.0,7.4,14879.490000000005
2015-01-21 07:00:00,0,13.3,53.0,9.3,15475.129999999997
2015-01-21 08:00:00,0,13.9,51.0,5.6,16164.219999999998
2015-01-21 09:00:00,0,14.4,51.0,0.0,16940.290000000005
2015-01-21 10:00:00,0,15.6,49.0,9.3,17387.66
2015-01-21 11:00:00,0,17.2,40.0,7.4,17509.489999999994
2015-01-21 12:00:00,0,18.9,34.0,7.4,17483.900000000005
2015-01-21 13:00:00,0,19.4,32.0,0.0,17417.100000000002
2015-01-21 14:00:00,0,20.6,30.0,9.3,17500.21
2015-01-21 15:00:00,0,21.7,28.0,5.6,17416.09
2015-01-21 16:00:00,0,22.8,27.0,0.0,17087.640000000003
2015-01-21 17:00:00,0,21.7,27.0,31.5,16408.58
2015-01-21 18:00:00,0,20.6,31.0,25.9,16009.072500000002
2015-01-21 19:00:00,0,18.9,30.0,22.2,15629.635000000002
2015-01-21 20:00:00,0,18.3,33.0,11.1,15079.907500000001
2015-01-21 21:00:00,0,17.2,33.0,13.0,14618.36
2015-01-21 22:00:00,0,17.2,31.0,14.8,13958.409999999998
2015-01-21 23:00:00,0,16.7,31.0,14.8,13492.19
2015-01-22 00:00:00,0,15.0,35.0,0.0,13407.04
2015-01-22 01:00:00,0,13.3,40.0,0.0,13369.700000000004
2015-01-22 02:00:00,0,10.6,52.0,5.6,13553.949999999997
2015-01-22 03:00:00,0,9.4,54.0,11.1,13617.55
2015-01-22 04:00:00,0,11.1,43.0,0.0,13958.45
2015-01-22 05:00:00,0,14.4,17.0,27.8,14404.462499999994
2015-01-22 06:00:00,0,13.9,18.0,18.5,15168.950000000003
2015-01-22 07:00:00,0,11.1,23.0,14.8,15957.969999999996
2015-01-22 08:00:00,0,11.1,22.0,7.4,16658.800000000003
2015-01-22 09:00:00,0,12.8,17.0,16.7,17359.84
2015-01-22 10:00:00,0,13.3,14.0,31.5,17713.39
2015-01-22 11:00:00,0,13.9,13.0,27.8,17722.27
2015-01-22 12:00:00,0,14.4,13.0,18.5,17875.620000000003
2015-01-22 13:00:00,0,15.6,12.0,18.5,17917.2975
2015-01-22 14:00:00,0,16.7,12.0,16.7,17784.7725
2015-01-22 15:00:00,0,17.2,13.0,18.5,17701.74
2015-01-22 16:00:00,0,18.3,10.0,20.4,15679.377500000006
2015-01-22 17:00:00,0,18.3,9.0,18.5,16625.2375
2015-01-22 18:00:00,0,17.2,12.0,18.5,16195.935000000005
2015-01-22 19:00:00,0,16.1,15.0,18.5,15756.9025
2015-01-22 20:00:00,0,15.6,18.0,22.2,15414.597499999998
2015-01-22 21:00:00,0,15.0,20.0,24.1,14992.840000000002
2015-01-22 22:00:00,0,13.9,23.0,16.7,14196.239999999998
2015-01-22 23:00:00,0,12.8,25.0,14.8,13843.25
2015-01-23 00:00:00,0,12.2,26.0,5.6,13558.730000000005
2015-01-23 01:00:00,0,11.1,30.0,7.4,13446.569999999996
2015-01-23 02:00:00,0,10.0,32.0,7.4,13710.399999999998
2015-01-23 03:00:00,0,8.9,36.0,7.4,13784.102500000003
2015-01-23 04:00:00,0,8.3,37.0,7.4,14223.029999999999
2015-01-23 05:00:00,0,7.2,42.0,9.3,14504.250000000004
2015-01-23 06:00:00,0,7.2,42.0,7.4,15518.519999999999
2015-01-23 07:00:00,0,7.2,39.0,9.3,16356.242499999995
2015-01-23 08:00:00,0,7.2,39.0,7.4,16850.614999999994
2015-01-23 09:00:00,0,10.0,29.0,11.1,17467.805
2015-01-23 10:00:00,0,12.2,29.0,13.0,17681.899999999998
2015-01-23 11:00:00,0,13.3,27.0,9.3,17662.8
2015-01-23 12:00:00,0,13.9,25.0,5.6,17475.827499999996
2015-01-23 13:00:00,0,15.0,21.0,0.0,17374.050000000003
2015-01-23 14:00:00,0,16.1,19.0,7.4,17328.047499999997
2015-01-23 15:00:00,0,16.7,18.0,7.4,17162.2275
2015-01-23 16:00:00,0,17.2,17.0,7.4,16630.352499999997
2015-01-23 17:00:00,0,16.7,18.0,9.3,15953.362499999997
2015-01-23 18:00:00,0,16.1,17.0,7.4,15456.947500000002
2015-01-23 19:00:00,0,16.1,18.0,9.3,15189.189999999997
2015-01-23 20:00:00,0,16.1,17.0,9.3,14935.65
2015-01-23 21:00:00,0,15.0,19.0,7.4,14597.000000000005
2015-01-23 22:00:00,0,12.8,27.0,0.0,14045.630000000005
2015-01-23 23:00:00,0,11.7,32.0,13.0,13534.179999999998
2015-01-24 00:00:00,0,12.2,31.0,0.0,13387.789999999999
2015-01-24 01:00:00,0,11.1,35.0,5.6,13232.44
2015-01-24 02:00:00,0,12.2,29.0,9.3,13183.229999999998
2015-01-24 03:00:00,0,13.3,25.0,7.4,13331.489999999998
2015-01-24 04:00:00,0,14.4,22.0,14.8,13453.260000000004
2015-01-24 05:00:00,0,14.4,21.0,24.1,13603.240000000002
2015-01-24 06:00:00,0,13.3,24.0,22.2,13912.725
2015-01-24 07:00:00,0,13.3,23.0,16.7,14326.575
2015-01-24 08:00:00,0,13.3,23.0,22.2,14224.282500000003
2015-01-24 09:00:00,0,15.0,20.0,18.5,14342.879999999997
2015-01-24 10:00:00,0,17.2,16.0,20.4,14259.829999999996
2015-01-24 11:00:00,0,18.9,16.0,24.1,14321.440000000004
2015-01-24 12:00:00,0,20.6,14.0,27.8,14298.820000000003
2015-01-24 13:00:00,0,22.2,11.0,25.9,14294.230000000001
2015-01-24 14:00:00,0,23.3,9.0,35.2,14176.480000000001
2015-01-24 15:00:00,0,23.9,9.0,18.5,14056.260000000004
2015-01-24 16:00:00,0,23.9,9.0,7.4,13836.460000000003
2015-01-24 17:00:00,0,23.9,9.0,14.8,13564.12
2015-01-24 18:00:00,0,23.3,10.0,0.0,13722.79
2015-01-24 19:00:00,0,19.4,15.0,0.0,13608.820000000002
2015-01-24 20:00:00,0,17.8,18.0,0.0,13344.409999999996
2015-01-24 21:00:00,0,16.7,21.0,9.3,13229.739999999998
2015-01-24 22:00:00,0,16.7,21.0,5.6,13019.269999999999
2015-01-24 23:00:00,0,15.6,25.0,13.0,12925.439999999999
2015-01-25 00:00:00,0,16.1,20.0,7.4,12985.470000000003
2015-01-25 01:00:00,0,13.9,25.0,0.0,12823.91
2015-01-25 02:00:00,0,12.8,29.0,0.0,12892.550000000003
2015-01-25 03:00:00,0,13.3,25.0,5.6,12998.199999999999
2015-01-25 04:00:00,0,11.1,35.0,0.0,13255.18
2015-01-25 05:00:00,0,10.0,39.0,0.0,13359.629999999997
2015-01-25 06:00:00,0,10.6,36.0,0.0,13604.580000000002
2015-01-25 07:00:00,0,11.7,30.0,13.0,13869.989999999998
2015-01-25 08:00:00,0,11.7,31.0,9.3,13657.06
2015-01-25 09:00:00,0,11.7,30.0,11.1,13624.460000000003
2015-01-25 10:00:00,0,16.1,24.0,9.3,13596.960000000005
2015-01-25 11:00:00,0,19.4,19.0,14.8,13595.439999999995
2015-01-25 12:00:00,0,21.7,15.0,18.5,13700.759999999997
2015-01-25 13:00:00,0,23.3,15.0,7.4,13762.55
2015-01-25 14:00:00,0,23.9,14.0,0.0,13665.080000000002
2015-01-25 15:00:00,0,24.4,14.0,7.4,13606.499999999998
2015-01-25 16:00:00,0,23.9,13.0,11.1,13449.28
2015-01-25 17:00:00,0,23.3,15.0,7.4,13295.18
2015-01-25 18:00:00,0,22.2,16.0,0.0,13497.410000000002
2015-01-25 19:00:00,0,19.4,21.0,7.4,13400.619999999999
2015-01-25 20:00:00,0,17.2,28.0,5.6,13287.750000000002
2015-01-25 21:00:00,0,16.1,31.0,0.0,13219.539999999995
2015-01-25 22:00:00,0,13.3,40.0,9.3,13153.43
2015-01-25 23:00:00,0,13.9,36.0,5.6,13035.489999999996
2015-01-26 00:00:00,0,13.9,37.0,0.0,12970.589999999997
2015-01-26 01:00:00,0,13.3,39.0,5.6,12948.23
2015-01-26 02:00:00,0,12.2,45.0,5.6,13205.79
2015-01-26 03:00:00,0,13.3,37.0,7.4,13450.46
2015-01-26 04:00:00,0,13.9,37.0,9.3,13863.1525
2015-01-26 05:00:00,0,13.3,39.0,13.0,14282.7
2015-01-26 06:00:00,0,13.9,34.0,0.0,14886.372500000003
2015-01-26 07:00:00,0,13.9,36.0,0.0,15556.122500000001
2015-01-26 08:00:00,0,12.2,45.0,0.0,16177.41
2015-01-26 09:00:00,0,14.4,36.0,11.1,16837.977499999994
2015-01-26 10:00:00,0,16.1,32.0,9.3,17443.81
2015-01-26 11:00:00,0,18.9,26.0,0.0,17481.31
2015-01-26 12:00:00,0,20.0,21.0,0.0,17518.079999999994
2015-01-26 13:00:00,0,21.1,18.0,0.0,17360.42
2015-01-26 14:00:00,0,21.1,18.0,5.6,17245.470000000005
2015-01-26 15:00:00,0,20.6,22.0,7.4,17278.870000000003
2015-01-26 16:00:00,0,20.6,22.0,7.4,17013.312500000004
2015-01-26 17:00:00,0,19.4,25.0,11.1,16373.439999999997
2015-01-26 18:00:00,0,19.4,24.0,7.4,15893.817500000001
2015-01-26 19:00:00,0,17.8,31.0,5.6,15436.485000000002
2015-01-26 20:00:00,0,17.2,37.0,0.0,15126.149999999998
2015-01-26 21:00:00,0,16.1,56.0,5.6,14727.400000000001
2015-01-26 22:00:00,0,15.6,60.0,11.1,14007.400000000001
2015-01-26 23:00:00,0,15.0,67.0,9.3,13591.81
2015-01-27 00:00:00,0,13.9,74.0,0.0,13459.69
2015-01-27 01:00:00,0,14.4,72.0,7.4,13306.350000000004
2015-01-27 02:00:00,0,14.4,72.0,7.4,13372.48
2015-01-27 03:00:00,0,13.9,77.0,7.4,13523.349999999999
2015-01-27 04:00:00,0,13.3,80.0,5.6,13785.35
2015-01-27 05:00:00,0,13.9,77.0,9.3,14269.620000000006
2015-01-27 06:00:00,0,11.7,89.0,7.4,14931.860000000004
2015-01-27 07:00:00,0,12.8,83.0,0.0,15484.840000000002
2015-01-27 08:00:00,0,13.3,84.0,0.0,16089.430000000002
2015-01-27 09:00:00,0,14.4,81.0,0.0,17009.57
2015-01-27 10:00:00,0,15.0,75.0,9.3,17409.3
2015-01-27 11:00:00,0,15.6,72.0,9.3,17524.820000000003
2015-01-27 12:00:00,0,17.8,58.0,7.4,17560.5675
2015-01-27 13:00:00,0,20.6,45.0,14.8,17617.96
2015-01-27 14:00:00,0,21.7,42.0,9.3,17700.195
2015-01-27 15:00:00,0,22.8,39.0,7.4,17686.27000000001
2015-01-27 16:00:00,0,22.2,43.0,0.0,17378.899999999998
2015-01-27 17:00:00,0,22.8,41.0,0.0,16670.21
2015-01-27 18:00:00,0,22.2,44.0,0.0,16162.975
2015-01-27 19:00:00,0,20.0,52.0,5.6,15671.012499999997
2015-01-27 20:00:00,0,19.4,54.0,5.6,15124.450000000003
2015-01-27 21:00:00,0,17.2,63.0,5.6,14644.260000000004
2015-01-27 22:00:00,0,17.2,63.0,0.0,13999.02
2015-01-27 23:00:00,0,17.2,63.0,0.0,13589.09
2015-01-28 00:00:00,0,16.1,70.0,0.0,13412.079999999998
2015-01-28 01:00:00,0,16.1,67.0,5.6,13387.800000000001
2015-01-28 02:00:00,0,13.9,77.0,9.3,13451.127499999999
2015-01-28 03:00:00,0,13.9,81.0,0.0,13408.67
2015-01-28 04:00:00,0,12.2,86.0,0.0,13697.579999999998
2015-01-28 05:00:00,0,13.3,80.0,5.6,14167.610000000002
2015-01-28 06:00:00,0,11.7,86.0,0.0,14862.159999999998
2015-01-28 07:00:00,0,11.7,86.0,11.1,15446.270000000002
2015-01-28 08:00:00,0,11.1,89.0,5.6,16059.690000000002
2015-01-28 09:00:00,0,15.0,72.0,5.6,16869.93
2015-01-28 10:00:00,0,16.7,62.0,7.4,17247.469999999998
2015-01-28 11:00:00,0,19.4,54.0,11.1,17513.379999999997
2015-01-28 12:00:00,0,21.1,46.0,9.3,17618.88
2015-01-28 13:00:00,0,21.7,44.0,5.6,17600.970000000005
2015-01-28 14:00:00,0,22.8,41.0,7.4,17598.00999999999
2015-01-28 15:00:00,0,23.3,40.0,11.1,17412.437499999996
2015-01-28 16:00:00,0,23.3,38.0,9.3,17128.807499999995
2015-01-28 17:00:00,0,22.8,41.0,14.8,16425.8025
2015-01-28 18:00:00,0,22.8,38.0,13.0,16028.330000000002
2015-01-28 19:00:00,0,20.6,54.0,11.1,15522.070000000002
2015-01-28 20:00:00,0,20.0,56.0,11.1,15046.479999999998
2015-01-28 21:00:00,0,18.3,63.0,7.4,14553.230000000007
2015-01-28 22:00:00,0,19.4,57.0,9.3,13822.399999999998
2015-01-28 23:00:00,0,18.3,61.0,7.4,13498.039999999997
2015-01-29 00:00:00,0,17.8,63.0,0.0,13267.930000000002
2015-01-29 01:00:00,0,17.2,63.0,0.0,13171.000000000002
2015-01-29 02:00:00,0,17.2,65.0,0.0,13315.72
2015-01-29 03:00:00,0,16.1,70.0,5.6,13342.939999999997
2015-01-29 04:00:00,0,15.0,75.0,0.0,13503.779999999997
2015-01-29 05:00:00,0,15.0,75.0,7.4,13944.829999999998
2015-01-29 06:00:00,0,15.0,75.0,5.6,14552.300000000003
2015-01-29 07:00:00,0,15.0,75.0,0.0,15097.44
2015-01-29 08:00:00,0,15.0,75.0,7.4,15865.089999999993
2015-01-29 09:00:00,0,16.1,60.0,7.4,16754.970000000005
2015-01-29 10:00:00,0,17.8,52.0,0.0,17156.42
2015-01-29 11:00:00,0,18.9,50.0,0.0,17264.09
2015-01-29 12:00:00,0,19.4,49.0,5.6,17368.500000000007
2015-01-29 13:00:00,0,20.0,40.0,9.3,17379.2175
2015-01-29 14:00:00,0,20.6,40.0,0.0,17470.07
2015-01-29 15:00:00,0,21.7,38.0,9.3,17386.880000000005
2015-01-29 16:00:00,0,21.1,46.0,11.1,17092.03
2015-01-29 17:00:00,0,19.4,66.0,9.3,16468.979999999996
2015-01-29 18:00:00,0,17.2,75.0,7.4,15969.017499999998
2015-01-29 19:00:00,0,16.7,84.0,9.3,15570.034999999998
2015-01-29 20:00:00,0,16.1,90.0,7.4,15164.317500000001
2015-01-29 21:00:00,0,15.6,90.0,0.0,14723.359999999997
2015-01-29 22:00:00,0,15.6,90.0,0.0,14032.999999999996
2015-01-29 23:00:00,0,15.6,90.0,5.6,13622.7
2015-01-30 00:00:00,0,15.0,90.0,0.0,13383.510000000002
2015-01-30 01:00:00,0,15.0,93.0,5.6,13324.820000000002
2015-01-30 02:00:00,0,15.0,93.0,11.1,13413.869999999999
2015-01-30 03:00:00,0,15.0,93.0,9.3,13451.319999999998
2015-01-30 04:00:00,0,14.4,90.0,16.7,13609.02
2015-01-30 05:00:00,0,14.4,93.0,11.1,14017.739999999996
2015-01-30 06:00:00,0,14.4,93.0,14.8,14705.239999999998
2015-01-30 07:00:00,0,14.4,90.0,16.7,15314.540000000006
2015-01-30 08:00:00,0,14.4,93.0,11.1,16023.529999999995
2015-01-30 09:00:00,0,13.9,96.0,18.5,16774.320000000003
2015-01-30 10:00:00,0,13.9,96.0,13.0,17124.770000000008
2015-01-30 11:00:00,0,13.9,93.0,16.7,17213.3
2015-01-30 12:00:00,0,13.9,96.0,14.8,17228.98
2015-01-30 13:00:00,0,13.9,96.0,11.1,17280.300000000003
2015-01-30 14:00:00,0,14.4,97.0,9.3,17206.45
2015-01-30 15:00:00,0,14.4,97.0,7.4,16979.48
2015-01-30 16:00:00,0,15.0,90.0,7.4,16708.340000000004
2015-01-30 17:00:00,0,15.0,90.0,11.1,16048.700000000004
2015-01-30 18:00:00,0,13.9,93.0,16.7,15587.849999999999
2015-01-30 19:00:00,0,13.9,89.0,13.0,15197.16
2015-01-30 20:00:00,0,13.9,89.0,9.3,14913.31
2015-01-30 21:00:00,0,13.9,89.0,14.8,14149.565
2015-01-30 22:00:00,0,13.3,93.0,13.0,13982.3225
2015-01-30 23:00:00,0,12.8,93.0,5.6,13418.185000000003
2015-01-31 00:00:00,0,13.3,90.0,9.3,13212.134999999998
2015-01-31 01:00:00,0,13.3,90.0,0.0,13175.767499999996
2015-01-31 02:00:00,0,13.3,90.0,7.4,13051.0125
2015-01-31 03:00:00,0,13.3,90.0,7.4,13057.107500000002
2015-01-31 04:00:00,0,13.3,90.0,7.4,12996.452500000003
2015-01-31 05:00:00,0,13.3,90.0,7.4,13633.249999999998
2015-01-31 06:00:00,0,12.8,93.0,0.0,13764.389999999996
2015-01-31 07:00:00,0,12.8,93.0,0.0,14107.839999999998
2015-01-31 08:00:00,0,12.8,93.0,0.0,13987.609999999999
2015-01-31 09:00:00,0,13.9,89.0,0.0,14017.330000000002
2015-01-31 10:00:00,0,13.9,89.0,0.0,14154.720000000001
2015-01-31 11:00:00,0,13.9,87.0,11.1,14198.909999999998
2015-01-31 12:00:00,0,13.9,89.0,0.0,14224.88
2015-01-31 13:00:00,0,14.4,87.0,0.0,14237.869999999997
2015-01-31 14:00:00,0,15.0,83.0,5.6,14092.210000000001
2015-01-31 15:00:00,0,15.0,87.0,7.4,14126.820000000003
2015-01-31 16:00:00,0,15.0,83.0,11.1,14062.109999999999
2015-01-31 17:00:00,0,15.0,78.0,13.0,13883.470000000001
2015-01-31 18:00:00,0,14.4,84.0,0.0,14109.900000000001
2015-01-31 19:00:00,0,13.9,87.0,7.4,13952.530000000002
2015-01-31 20:00:00,0,13.9,87.0,0.0,13582.560000000003
2015-01-31 21:00:00,0,13.3,90.0,5.6,13402.760000000002
2015-01-31 22:00:00,0,12.8,89.0,0.0,13179.640000000001
2015-01-31 23:00:00,0,12.2,93.0,0.0,13075.02
2015-02-01 00:00:00,0,12.8,89.0,5.6,13069.604999999998
2015-02-01 01:00:00,0,11.7,93.0,0.0,13109.822500000002
2015-02-01 02:00:00,0,11.1,93.0,5.6,13093.98
2015-02-01 03:00:00,0,11.1,93.0,5.6,13102.502499999999
2015-02-01 04:00:00,0,10.0,96.0,0.0,13433.797499999999
2015-02-01 05:00:00,0,10.6,92.0,5.6,13617.197499999997
2015-02-01 06:00:00,0,10.6,100.0,5.6,13739.462499999998
2015-02-01 07:00:00,0,10.6,100.0,0.0,13959.387499999999
2015-02-01 08:00:00,0,10.6,100.0,5.6,13727.27
2015-02-01 09:00:00,0,11.1,100.0,0.0,13702.2
2015-02-01 10:00:00,0,11.1,100.0,0.0,13682.457500000002
2015-02-01 11:00:00,0,11.7,96.0,0.0,13721.5375
2015-02-01 12:00:00,0,13.3,90.0,7.4,13840.585
2015-02-01 13:00:00,0,15.6,78.0,9.3,13863.124999999998
2015-02-01 14:00:00,0,17.8,63.0,7.4,13743.779999999999
2015-02-01 15:00:00,0,19.4,49.0,7.4,13696.797499999997
2015-02-01 16:00:00,0,20.0,47.0,0.0,13500.99
2015-02-01 17:00:00,0,20.0,43.0,7.4,13358.832500000004
2015-02-01 18:00:00,0,19.4,45.0,9.3,13573.687499999998
2015-02-01 19:00:00,0,17.2,67.0,7.4,13492.55
2015-02-01 20:00:00,0,16.1,67.0,0.0,13291.647500000003
2015-02-01 21:00:00,0,15.0,69.0,9.3,13248.607499999998
2015-02-01 22:00:00,0,13.9,81.0,9.3,13137.265000000003
2015-02-01 23:00:00,0,13.3,80.0,14.8,13072.279999999999
2015-02-02 00:00:00,0,12.8,86.0,14.8,13051.437500000002
2015-02-02 01:00:00,0,12.2,86.0,11.1,13095.664999999999
2015-02-02 02:00:00,0,12.2,86.0,13.0,13374.639999999996
2015-02-02 03:00:00,0,11.1,93.0,7.4,13654.052500000003
2015-02-02 04:00:00,0,11.1,89.0,0.0,14151.252500000002
2015-02-02 05:00:00,0,10.0,93.0,7.4,14584.335000000005
2015-02-02 06:00:00,0,10.6,89.0,7.4,15183.84
2015-02-02 07:00:00,0,9.4,93.0,5.6,15738.8475
2015-02-02 08:00:00,0,10.0,86.0,14.8,16412.07
2015-02-02 09:00:00,0,11.7,71.0,11.1,17107.802499999998
2015-02-02 10:00:00,0,13.9,59.0,11.1,17672.05
2015-02-02 11:00:00,0,16.7,50.0,9.3,17622.724999999995
2015-02-02 12:00:00,0,18.9,37.0,7.4,17457.139999999996
2015-02-02 13:00:00,0,20.0,33.0,0.0,17348.71
2015-02-02 14:00:00,0,21.1,27.0,0.0,17382.265
2015-02-02 15:00:00,0,22.2,26.0,7.4,17447.610000000004
2015-02-02 16:00:00,0,22.8,25.0,9.3,17162.18
2015-02-02 17:00:00,0,22.8,27.0,5.6,16451.769999999997
2015-02-02 18:00:00,0,22.2,25.0,9.3,15830.712499999998
2015-02-02 19:00:00,0,21.1,29.0,11.1,15447.995000000004
2015-02-02 20:00:00,0,17.2,52.0,0.0,15085.717499999999
2015-02-02 21:00:00,0,16.7,56.0,5.6,14604.75
2015-02-02 22:00:00,0,15.6,62.0,0.0,13831.715
2015-02-02 23:00:00,0,15.0,67.0,0.0,13387.095000000005
2015-02-03 00:00:00,0,13.3,72.0,0.0,13294.062500000002
2015-02-03 01:00:00,0,13.3,72.0,5.6,13203.710000000001
2015-02-03 02:00:00,0,12.8,72.0,5.6,13445.575
2015-02-03 03:00:00,0,12.2,75.0,9.3,13536.734999999999
2015-02-03 04:00:00,0,11.7,77.0,5.6,13733.427500000005
2015-02-03 05:00:00,0,11.7,74.0,0.0,14258.367500000004
2015-02-03 06:00:00,0,11.1,77.0,11.1,15058.675000000003
2015-02-03 07:00:00,0,11.1,80.0,13.0,15849.122499999996
2015-02-03 08:00:00,0,11.1,77.0,11.1,16414.842499999995
2015-02-03 09:00:00,0,13.3,72.0,9.3,17230.305
2015-02-03 10:00:00,0,15.6,62.0,13.0,17509.467499999995
2015-02-03 11:00:00,0,18.3,50.0,5.6,17661.379999999997
2015-02-03 12:00:00,0,19.4,44.0,5.6,17668.289999999997
2015-02-03 13:00:00,0,21.1,41.0,9.3,17655.022500000003
2015-02-03 14:00:00,0,22.8,37.0,7.4,17768.245000000003
2015-02-03 15:00:00,0,23.3,34.0,5.6,17622.9625
2015-02-03 16:00:00,0,23.9,31.0,0.0,17357.555000000004
2015-02-03 17:00:00,0,23.9,33.0,11.1,16567.935
2015-02-03 18:00:00,0,22.8,38.0,9.3,15997.764999999998
2015-02-03 19:00:00,0,20.0,52.0,7.4,15534.384999999998
2015-02-03 20:00:00,0,19.4,52.0,0.0,15094.377499999995
2015-02-03 21:00:00,0,19.4,49.0,0.0,14640.550000000005
2015-02-03 22:00:00,0,17.2,65.0,9.3,13910.370000000003
2015-02-03 23:00:00,0,16.1,70.0,9.3,13535.295
2015-02-04 00:00:00,0,15.0,72.0,11.1,13413.9475
2015-02-04 01:00:00,0,14.4,72.0,7.4,13236.062500000002
2015-02-04 02:00:00,0,13.3,77.0,13.0,13321.052500000002
2015-02-04 03:00:00,0,12.8,80.0,11.1,13528.5375
2015-02-04 04:00:00,0,12.2,80.0,7.4,13667.1175
2015-02-04 05:00:00,0,12.2,77.0,5.6,14158.505000000005
2015-02-04 06:00:00,0,12.2,77.0,9.3,15068.757500000002
2015-02-04 07:00:00,0,11.7,80.0,11.1,15643.025000000001
2015-02-04 08:00:00,0,11.7,80.0,13.0,16255.164999999999
2015-02-04 09:00:00,0,14.4,65.0,11.1,17011.4475
2015-02-04 10:00:00,0,16.7,58.0,14.8,17471.257500000003
2015-02-04 11:00:00,0,18.3,54.0,9.3,17553.52
2015-02-04 12:00:00,0,20.0,49.0,5.6,17537.1975
2015-02-04 13:00:00,0,22.2,41.0,0.0,17592.0125
2015-02-04 14:00:00,0,23.3,35.0,5.6,17556.022499999995
2015-02-04 15:00:00,0,24.4,32.0,0.0,17544.170000000002
2015-02-04 16:00:00,0,25.0,33.0,11.1,17314.545000000006
2015-02-04 17:00:00,0,24.4,32.0,7.4,16544.102499999997
2015-02-04 18:00:00,0,23.9,36.0,7.4,16029.652500000004
2015-02-04 19:00:00,0,23.3,38.0,7.4,15539.644999999999
2015-02-04 20:00:00,0,20.6,49.0,0.0,15137.689999999999
2015-02-04 21:00:00,0,19.4,52.0,0.0,14562.972499999996
2015-02-04 22:00:00,0,18.3,56.0,0.0,13844.570000000002
2015-02-04 23:00:00,0,16.1,67.0,13.0,13518.497500000001
2015-02-05 00:00:00,0,15.6,69.0,7.4,13372.785000000003
2015-02-05 01:00:00,0,15.0,67.0,9.3,13196.76
2015-02-05 02:00:00,0,15.0,67.0,11.1,13438.050000000001
2015-02-05 03:00:00,0,13.9,72.0,0.0,13514.657500000001
2015-02-05 04:00:00,0,13.3,75.0,5.6,13738.314999999997
2015-02-05 05:00:00,0,13.3,72.0,7.4,14266.399999999998
2015-02-05 06:00:00,0,12.2,80.0,11.1,14934.257499999998
2015-02-05 07:00:00,0,11.7,83.0,7.4,15476.467499999997
2015-02-05 08:00:00,0,11.7,80.0,5.6,16232.117499999998
2015-02-05 09:00:00,0,14.4,65.0,5.6,17075.905
2015-02-05 10:00:00,0,17.8,48.0,11.1,17473.4225
2015-02-05 11:00:00,0,20.0,42.0,7.4,17630.210000000006
2015-02-05 12:00:00,0,22.8,31.0,16.7,17591.527499999997
2015-02-05 13:00:00,0,25.0,26.0,14.8,17552.59
2015-02-05 14:00:00,0,25.6,27.0,7.4,17625.850000000002
2015-02-05 15:00:00,0,26.7,23.0,5.6,17586.664999999997
2015-02-05 16:00:00,0,27.2,20.0,0.0,17215.047499999997
2015-02-05 17:00:00,0,27.8,18.0,0.0,16358.732500000006
2015-02-05 18:00:00,0,27.2,19.0,0.0,15865.152499999993
2015-02-05 19:00:00,0,22.8,34.0,9.3,15397.645
2015-02-05 20:00:00,0,21.7,36.0,5.6,14964.467499999999
2015-02-05 21:00:00,0,18.3,54.0,9.3,14402.442500000003
2015-02-05 22:00:00,0,18.9,47.0,0.0,13764.9975
2015-02-05 23:00:00,0,17.8,50.0,5.6,13395.202500000001
2015-02-06 00:00:00,0,16.1,62.0,5.6,13050.067500000003
2015-02-06 01:00:00,0,15.6,62.0,7.4,12997.062500000002
2015-02-06 02:00:00,0,15.0,55.0,11.1,13258.8325
2015-02-06 03:00:00,0,15.6,49.0,9.3,13315.4225
2015-02-06 04:00:00,0,15.0,58.0,9.3,13515.1525
2015-02-06 05:00:00,0,13.9,64.0,7.4,13946.460000000003
2015-02-06 06:00:00,0,13.9,57.0,9.3,14567.482500000002
2015-02-06 07:00:00,0,12.8,64.0,7.4,15222.667500000003
2015-02-06 08:00:00,0,13.9,53.0,9.3,15893.695000000002
2015-02-06 09:00:00,0,17.2,40.0,7.4,16651.440000000002
2015-02-06 10:00:00,0,19.4,32.0,14.8,16989.0425
2015-02-06 11:00:00,0,21.7,30.0,7.4,17178.325
2015-02-06 12:00:00,0,23.3,25.0,7.4,17147.082499999997
2015-02-06 13:00:00,0,25.6,22.0,5.6,17144.395000000004
2015-02-06 14:00:00,0,27.2,20.0,0.0,17239.862500000007
2015-02-06 15:00:00,0,27.8,19.0,0.0,17022.46250000001
2015-02-06 16:00:00,0,28.3,19.0,0.0,16588.744999999995
2015-02-06 17:00:00,0,28.3,18.0,0.0,15663.512499999997
2015-02-06 18:00:00,0,26.7,25.0,5.6,14950.455000000004
2015-02-06 19:00:00,0,23.3,37.0,7.4,14685.535
2015-02-06 20:00:00,0,22.2,40.0,5.6,14293.345000000001
2015-02-06 21:00:00,0,21.7,41.0,0.0,13936.425000000003
2015-02-06 22:00:00,0,21.1,42.0,0.0,13307.479999999998
2015-02-06 23:00:00,0,17.8,58.0,9.3,12997.889999999998
2015-02-07 00:00:00,0,16.7,58.0,5.6,12760.730000000001
2015-02-07 01:00:00,0,16.1,56.0,11.1,12693.0375
2015-02-07 02:00:00,0,16.1,56.0,7.4,12655.192499999997
2015-02-07 03:00:00,0,14.4,67.0,0.0,12652.157499999998
2015-02-07 04:00:00,0,13.9,69.0,0.0,12972.042500000001
2015-02-07 05:00:00,0,13.9,64.0,7.4,13165.147500000001
2015-02-07 06:00:00,0,12.2,66.0,9.3,13515.7925
2015-02-07 07:00:00,0,12.2,64.0,11.1,13843.3225
2015-02-07 08:00:00,0,12.8,59.0,7.4,13894.215000000004
2015-02-07 09:00:00,0,15.6,49.0,11.1,13993.720000000003
2015-02-07 10:00:00,0,18.3,43.0,11.1,14186.355
2015-02-07 11:00:00,0,20.6,38.0,7.4,14124.159999999998
2015-02-07 12:00:00,0,22.2,34.0,0.0,14162.195000000005
2015-02-07 13:00:00,0,24.4,31.0,0.0,14125.067499999997
2015-02-07 14:00:00,0,25.6,27.0,5.6,14059.284999999998
2015-02-07 15:00:00,0,27.2,22.0,5.6,14008.179999999997
2015-02-07 16:00:00,0,26.7,23.0,9.3,13818.864999999998
2015-02-07 17:00:00,0,26.7,21.0,7.4,13647.89
2015-02-07 18:00:00,0,25.6,24.0,0.0,13665.337500000003
2015-02-07 19:00:00,0,22.8,34.0,7.4,13428.347500000002
2015-02-07 20:00:00,0,21.7,39.0,0.0,13142.357499999998
2015-02-07 21:00:00,0,20.6,42.0,0.0,12945.487500000001
2015-02-07 22:00:00,0,18.9,43.0,9.3,12757.375
2015-02-07 23:00:00,0,17.2,52.0,11.1,12704.227499999999
2015-02-08 00:00:00,0,16.7,53.0,11.1,12610.204999999998
2015-02-08 01:00:00,0,15.6,57.0,14.8,12636.859999999999
2015-02-08 02:00:00,0,15.6,55.0,11.1,12593.5125
2015-02-08 03:00:00,0,14.4,60.0,11.1,12649.36
2015-02-08 04:00:00,0,13.9,62.0,9.3,13015.6725
2015-02-08 05:00:00,0,13.9,59.0,9.3,13054.595000000003
2015-02-08 06:00:00,0,13.3,64.0,9.3,13265.742499999998
2015-02-08 07:00:00,0,13.3,62.0,9.3,13508.625000000004
2015-02-08 08:00:00,0,13.0,63.0,5.6,13382.257500000002
2015-02-08 09:00:00,0,16.1,48.0,9.3,13325.615
2015-02-08 10:00:00,0,18.9,40.0,7.4,13484.8575
2015-02-08 11:00:00,0,20.6,35.0,0.0,13547.125000000002
2015-02-08 12:00:00,0,22.8,30.0,11.1,13609.8625
2015-02-08 13:00:00,0,24.4,26.0,0.0,13575.64
2015-02-08 14:00:00,0,25.0,23.0,0.0,13638.272500000001
2015-02-08 15:00:00,0,26.1,21.0,0.0,13667.970000000005
2015-02-08 16:00:00,0,26.7,20.0,9.3,13564.3275
2015-02-08 17:00:00,0,27.2,21.0,9.3,13422.499999999996
2015-02-08 18:00:00,0,26.7,17.0,13.0,13422.420000000002
2015-02-08 19:00:00,0,26.1,19.0,5.6,13304.727499999997
2015-02-08 20:00:00,0,22.8,28.0,0.0,13080.3275
2015-02-08 21:00:00,0,20.6,35.0,0.0,13006.265000000001
2015-02-08 22:00:00,0,19.4,40.0,0.0,12842.282500000001
2015-02-08 23:00:00,0,18.9,45.0,7.4,12740.852500000008
2015-02-09 00:00:00,0,17.2,52.0,11.1,12672.337500000003
2015-02-09 01:00:00,0,16.1,60.0,9.3,12617.227499999995
2015-02-09 02:00:00,0,15.6,60.0,9.3,12936.159999999998
2015-02-09 03:00:00,0,15.6,57.0,5.6,13116.6375
2015-02-09 04:00:00,0,15.0,60.0,7.4,13583.01
2015-02-09 05:00:00,0,14.4,62.0,7.4,14009.290000000005
2015-02-09 06:00:00,0,13.3,69.0,9.3,14566.947500000002
2015-02-09 07:00:00,0,13.3,67.0,14.8,15060.897500000003
2015-02-09 08:00:00,0,14.4,62.0,13.0,15888.8575
2015-02-09 09:00:00,0,16.1,56.0,14.8,16698.324999999997
2015-02-09 10:00:00,0,18.3,48.0,13.0,17169.885
2015-02-09 11:00:00,0,21.1,39.0,9.3,17446.222499999996
2015-02-09 12:00:00,0,22.8,35.0,0.0,17449.785000000003
2015-02-09 13:00:00,0,23.9,31.0,0.0,17418.687499999993
2015-02-09 14:00:00,0,25.6,27.0,7.4,17451.454999999994
2015-02-09 15:00:00,0,26.7,26.0,7.4,17520.9825
2015-02-09 16:00:00,0,27.8,23.0,9.3,17277.580000000005
2015-02-09 17:00:00,0,28.3,23.0,5.6,16554.197499999995
2015-02-09 18:00:00,0,27.2,25.0,7.4,15859.187500000002
2015-02-09 19:00:00,0,24.4,32.0,7.4,15466.839999999997
2015-02-09 20:00:00,0,22.8,37.0,0.0,15055.339999999997
2015-02-09 21:00:00,0,22.2,37.0,0.0,14523.685000000001
2015-02-09 22:00:00,0,20.6,40.0,0.0,13700.2275
2015-02-09 23:00:00,0,18.3,54.0,11.1,13273.992499999998
2015-02-10 00:00:00,0,17.8,56.0,7.4,13182.927500000002
2015-02-10 01:00:00,0,16.7,60.0,9.3,13094.3075
2015-02-10 02:00:00,0,16.1,62.0,9.3,13292.640000000001
2015-02-10 03:00:00,0,15.0,67.0,9.3,13403.327500000003
2015-02-10 04:00:00,0,14.4,67.0,9.3,13491.392500000004
2015-02-10 05:00:00,0,13.9,69.0,11.1,13910.197499999998
2015-02-10 06:00:00,0,13.9,67.0,11.1,14693.679999999997
2015-02-10 07:00:00,0,14.4,62.0,14.8,15264.22
2015-02-10 08:00:00,0,14.4,62.0,9.3,15941.3875
2015-02-10 09:00:00,0,16.7,52.0,7.4,16874.595000000005
2015-02-10 10:00:00,0,18.9,42.0,9.3,17325.432499999995
2015-02-10 11:00:00,0,21.7,35.0,11.1,17595.967500000002
2015-02-10 12:00:00,0,24.4,29.0,11.1,17653.535000000003
2015-02-10 13:00:00,0,25.0,25.0,0.0,17776.544999999995
2015-02-10 14:00:00,0,26.1,24.0,0.0,17861.725000000006
2015-02-10 15:00:00,0,27.8,21.0,11.1,17798.844999999998
2015-02-10 16:00:00,0,27.8,19.0,9.3,17415.25
2015-02-10 17:00:00,0,27.2,17.0,18.5,16724.9825
2015-02-10 18:00:00,0,26.1,21.0,22.2,15904.7075
2015-02-10 19:00:00,0,23.3,27.0,5.6,15529.1625
2015-02-10 20:00:00,0,22.2,30.0,5.6,14951.29
2015-02-10 21:00:00,0,22.2,29.0,13.0,14474.044999999998
2015-02-10 22:00:00,0,21.7,30.0,7.4,13700.197499999998
2015-02-10 23:00:00,0,21.1,31.0,0.0,13312.9425
2015-02-11 00:00:00,0,18.9,38.0,0.0,13185.332499999999
2015-02-11 01:00:00,0,16.7,48.0,0.0,13075.7575
2015-02-11 02:00:00,0,15.6,55.0,7.4,13221.067499999997
2015-02-11 03:00:00,0,15.6,55.0,7.4,13307.092500000004
2015-02-11 04:00:00,0,14.4,58.0,0.0,13531.927500000002
2015-02-11 05:00:00,0,13.3,64.0,0.0,13948.379999999997
2015-02-11 06:00:00,0,13.3,62.0,0.0,14627.88
2015-02-11 07:00:00,0,13.3,62.0,0.0,15167.347500000002
2015-02-11 08:00:00,0,13.9,59.0,0.0,15915.377499999999
2015-02-11 09:00:00,0,16.7,48.0,0.0,16716.855
2015-02-11 10:00:00,0,18.9,38.0,0.0,17132.3475
2015-02-11 11:00:00,0,21.1,30.0,0.0,17482.129999999997
2015-02-11 12:00:00,0,23.3,21.0,5.6,17493.7325
2015-02-11 13:00:00,0,25.0,14.0,16.7,17510.2575
2015-02-11 14:00:00,0,26.1,11.0,16.7,17629.390000000003
2015-02-11 15:00:00,0,26.7,11.0,14.8,17473.3475
2015-02-11 16:00:00,0,26.7,10.0,9.3,17210.014999999996
2015-02-11 17:00:00,0,26.7,10.0,16.7,16619.335
2015-02-11 18:00:00,0,26.1,11.0,18.5,15883.117499999998
2015-02-11 19:00:00,0,25.0,12.0,13.0,15522.627500000002
2015-02-11 20:00:00,0,24.4,13.0,16.7,15042.4125
2015-02-11 21:00:00,0,23.3,16.0,18.5,14522.7475
2015-02-11 22:00:00,0,21.7,20.0,18.5,13707.747500000001
2015-02-11 23:00:00,0,20.6,23.0,13.0,13244.900000000001
2015-02-12 00:00:00,0,20.6,23.0,20.4,13072.105000000005
2015-02-12 01:00:00,0,20.6,23.0,20.4,12939.022500000001
2015-02-12 02:00:00,0,19.4,25.0,9.3,13099.13
2015-02-12 03:00:00,0,18.3,27.0,22.2,13130.9425
2015-02-12 04:00:00,0,17.2,29.0,16.7,13361.885000000002
2015-02-12 05:00:00,0,16.7,31.0,5.6,13775.375000000002
2015-02-12 06:00:00,0,15.6,35.0,7.4,14318.065
2015-02-12 07:00:00,0,15.0,36.0,0.0,14878.359999999999
2015-02-12 08:00:00,0,16.0,31.0,14.8,15763.985
2015-02-12 09:00:00,0,18.9,25.0,18.5,16681.792500000003
2015-02-12 10:00:00,0,20.6,22.0,24.1,17311.649999999998
2015-02-12 11:00:00,0,21.1,21.0,22.2,17516.08
2015-02-12 12:00:00,0,22.8,18.0,25.9,17575.315000000002
2015-02-12 13:00:00,0,24.4,17.0,18.5,17602.347500000007
2015-02-12 14:00:00,0,23.9,18.0,7.4,17647.8875
2015-02-12 15:00:00,0,25.0,17.0,14.8,17649.122500000005
2015-02-12 16:00:00,0,25.6,17.0,13.0,17327.75500000001
2015-02-12 17:00:00,0,25.6,17.0,13.0,16597.109999999997
2015-02-12 18:00:00,0,23.9,19.0,9.3,15974.832500000002
2015-02-12 19:00:00,0,23.9,18.0,0.0,15531.28
2015-02-12 20:00:00,0,21.1,26.0,0.0,15132.397499999995
2015-02-12 21:00:00,0,20.0,30.0,7.4,14544.085
2015-02-12 22:00:00,0,18.3,34.0,0.0,13799.705
2015-02-12 23:00:00,0,17.2,38.0,11.1,13370.457499999999
2015-02-13 00:00:00,0,16.7,39.0,7.4,13132.715
2015-02-13 01:00:00,0,15.0,46.0,9.3,13113.2675
2015-02-13 02:00:00,0,14.4,46.0,11.1,13089.107499999998
2015-02-13 03:00:00,0,16.1,38.0,11.1,13195.789999999997
2015-02-13 04:00:00,0,14.4,44.0,7.4,13427.597499999998
2015-02-13 05:00:00,0,14.4,44.0,0.0,13742.282500000005
2015-02-13 06:00:00,0,14.4,44.0,11.1,14459.605000000003
2015-02-13 07:00:00,0,13.9,44.0,0.0,15000.76
2015-02-13 08:00:00,0,15.0,41.0,16.7,15761.297499999999
2015-02-13 09:00:00,0,17.2,34.0,16.7,16509.3425
2015-02-13 10:00:00,0,20.6,26.0,18.5,17007.45
2015-02-13 11:00:00,0,22.8,23.0,14.8,17272.147500000003
2015-02-13 12:00:00,0,23.3,20.0,7.4,17090.7225
2015-02-13 13:00:00,0,23.9,20.0,7.4,17163.399999999998
2015-02-13 14:00:00,0,25.6,17.0,13.0,17195.302499999998
2015-02-13 15:00:00,0,26.1,17.0,13.0,16958.1575
2015-02-13 16:00:00,0,26.1,17.0,13.0,16554.7975
2015-02-13 17:00:00,0,26.1,17.0,0.0,15820.092499999993
2015-02-13 18:00:00,0,25.6,19.0,0.0,15249.5275
2015-02-13 19:00:00,0,25.0,19.0,0.0,14815.9725
2015-02-13 20:00:00,0,24.4,21.0,13.0,14447.289999999999
2015-02-13 21:00:00,0,20.0,33.0,9.3,14227.102499999999
2015-02-13 22:00:00,0,19.4,34.0,5.6,13601.195
2015-02-13 23:00:00,0,19.4,32.0,0.0,13223.694999999998
2015-02-14 00:00:00,0,17.8,40.0,5.6,12992.950000000004
2015-02-14 01:00:00,0,16.7,43.0,7.4,12948.722500000002
2015-02-14 02:00:00,0,15.6,49.0,0.0,12870.8125
2015-02-14 03:00:00,0,15.0,49.0,0.0,12813.617500000002
2015-02-14 04:00:00,0,15.0,46.0,0.0,13094.860000000002
2015-02-14 05:00:00,0,14.4,49.0,0.0,13267.444999999996
2015-02-14 06:00:00,0,12.8,59.0,5.6,13456.530000000002
2015-02-14 07:00:00,0,14.4,47.0,0.0,13700.457499999995
2015-02-14 08:00:00,0,15.0,48.0,0.0,13935.072500000002
2015-02-14 09:00:00,0,17.8,37.0,0.0,14030.552500000002
2015-02-14 10:00:00,0,21.1,32.0,7.4,14099.7425
2015-02-14 11:00:00,0,23.9,26.0,14.8,14240.400000000001
2015-02-14 12:00:00,0,25.0,24.0,7.4,14251.289999999999
2015-02-14 13:00:00,0,26.1,21.0,5.6,14192.6625
2015-02-14 14:00:00,0,27.8,19.0,11.1,14120.777500000004
2015-02-14 15:00:00,0,27.8,19.0,5.6,14024.317500000001
2015-02-14 16:00:00,0,27.8,19.0,5.6,13824.324999999997
2015-02-14 17:00:00,0,27.2,21.0,7.4,13678.592499999999
2015-02-14 18:00:00,0,26.1,24.0,11.1,13903.709999999994
2015-02-14 19:00:00,0,24.4,27.0,7.4,13808.98
2015-02-14 20:00:00,0,24.4,27.0,5.6,13450.739999999998
2015-02-14 21:00:00,0,23.3,30.0,0.0,13198.917499999998
2015-02-14 22:00:00,0,21.7,35.0,0.0,13015.0125
2015-02-14 23:00:00,0,21.7,38.0,0.0,12846.705000000002
2015-02-15 00:00:00,0,21.1,42.0,0.0,12714.207499999999
2015-02-15 01:00:00,0,21.1,38.0,5.6,12630.1225
2015-02-15 02:00:00,0,20.6,40.0,9.3,12528.6575
2015-02-15 03:00:00,0,18.9,47.0,11.1,12556.567499999997
2015-02-15 04:00:00,0,18.3,50.0,7.4,12920.347500000002
2015-02-15 05:00:00,0,18.3,52.0,11.1,12957.88
2015-02-15 06:00:00,0,17.8,56.0,13.0,13131.172499999999
2015-02-15 07:00:00,0,17.2,58.0,9.3,13227.6375
2015-02-15 08:00:00,0,17.8,58.0,7.4,13062.7625
2015-02-15 09:00:00,0,18.9,54.0,9.3,13159.074999999999
2015-02-15 10:00:00,0,19.4,52.0,7.4,13278.757499999998
2015-02-15 11:00:00,0,21.1,44.0,7.4,13437.692500000003
2015-02-15 12:00:00,0,22.2,41.0,5.6,13616.367499999998
2015-02-15 13:00:00,0,24.4,33.0,5.6,13740.9525
2015-02-15 14:00:00,0,24.4,32.0,11.1,13679.0525
2015-02-15 15:00:00,0,26.1,30.0,14.8,13738.297499999999
2015-02-15 16:00:00,0,25.6,32.0,16.7,13664.515000000003
2015-02-15 17:00:00,0,25.0,34.0,20.4,13525.762500000003
2015-02-15 18:00:00,0,24.4,37.0,22.2,13582.309999999998
2015-02-15 19:00:00,0,23.3,40.0,14.8,13633.357499999996
2015-02-15 20:00:00,0,21.1,47.0,5.6,13301.7175
2015-02-15 21:00:00,0,20.6,54.0,7.4,13161.212500000003
2015-02-15 22:00:00,0,19.4,59.0,5.6,12974.875
2015-02-15 23:00:00,0,18.9,60.0,7.4,12863.149999999998
2015-02-16 00:00:00,1,17.8,65.0,9.3,12870.0675
2015-02-16 01:00:00,1,17.2,65.0,5.6,12814.027500000002
2015-02-16 02:00:00,1,16.1,64.0,13.0,13134.350000000002
2015-02-16 03:00:00,1,15.6,67.0,11.1,13329.505000000001
2015-02-16 04:00:00,1,15.0,69.0,13.0,13735.2625
2015-02-16 05:00:00,1,14.4,70.0,9.3,14024.912500000002
2015-02-16 06:00:00,1,13.3,75.0,9.3,14519.969999999998
2015-02-16 07:00:00,1,13.3,75.0,11.1,15048.220000000007
2015-02-16 08:00:00,1,13.9,69.0,7.4,15875.382500000002
2015-02-16 09:00:00,1,16.7,60.0,7.4,16651.0125
2015-02-16 10:00:00,1,18.9,54.0,11.1,17107.0675
2015-02-16 11:00:00,1,20.0,55.0,0.0,17314.015
2015-02-16 12:00:00,1,21.1,51.0,7.4,17468.217500000006
2015-02-16 13:00:00,1,22.8,46.0,5.6,17563.550000000003
2015-02-16 14:00:00,1,24.4,40.0,14.8,17547.0225
2015-02-16 15:00:00,1,24.4,37.0,13.0,17600.530000000002
2015-02-16 16:00:00,1,25.0,33.0,20.4,17180.184999999994
2015-02-16 17:00:00,1,25.0,30.0,22.2,16544.545
2015-02-16 18:00:00,1,25.0,30.0,18.5,15930.602500000006
2015-02-16 19:00:00,1,23.9,32.0,9.3,15514.574999999997
2015-02-16 20:00:00,1,21.7,38.0,5.6,15103.672499999999
2015-02-16 21:00:00,1,22.0,38.0,5.6,14464.480000000005
2015-02-16 22:00:00,1,22.2,37.0,7.4,13789.425
2015-02-16 23:00:00,1,20.0,45.0,0.0,13318.547499999999
2015-02-17 00:00:00,0,18.3,52.0,5.6,13179.195000000005
2015-02-17 01:00:00,0,20.0,52.0,20.4,13169.720000000007
2015-02-17 02:00:00,0,18.9,59.0,7.4,13268.752500000002
2015-02-17 03:00:00,0,16.7,65.0,5.6,13311.212500000003
2015-02-17 04:00:00,0,15.6,64.0,5.6,13417.970000000001
2015-02-17 05:00:00,0,15.0,64.0,5.6,14003.77
2015-02-17 06:00:00,0,14.4,33.0,5.6,14649.98
2015-02-17 07:00:00,0,12.8,34.0,7.4,15214.942499999997
2015-02-17 08:00:00,0,13.9,27.0,14.8,15966.945
2015-02-17 09:00:00,0,17.2,17.0,27.8,16994.9675
2015-02-17 10:00:00,0,18.3,16.0,20.4,17328.095
2015-02-17 11:00:00,0,20.0,14.0,18.5,17493.737500000003
2015-02-17 12:00:00,0,21.1,12.0,13.0,17765.282499999994
2015-02-17 13:00:00,0,22.2,10.0,0.0,17713.517499999998
2015-02-17 14:00:00,0,23.3,9.0,5.6,17601.66
2015-02-17 15:00:00,0,23.3,9.0,7.4,17706.5675
2015-02-17 16:00:00,0,24.4,8.0,7.4,17366.3025
2015-02-17 17:00:00,0,24.4,9.0,11.1,16748.377499999995
2015-02-17 18:00:00,0,23.9,9.0,13.0,16068.225000000004
2015-02-17 19:00:00,0,21.1,14.0,7.4,15571.645000000004
2015-02-17 20:00:00,0,20.6,15.0,0.0,15097.487500000003
2015-02-17 21:00:00,0,17.8,27.0,5.6,14622.052500000003
2015-02-17 22:00:00,0,17.8,21.0,9.3,13939.545
2015-02-17 23:00:00,0,16.1,26.0,13.0,13598.365
2015-02-18 00:00:00,0,15.0,28.0,11.1,13210.4375
2015-02-18 01:00:00,0,14.4,30.0,11.1,13102.279999999999
2015-02-18 02:00:00,0,14.4,30.0,11.1,13444.674999999997
2015-02-18 03:00:00,0,13.9,33.0,7.4,13522.767500000004
2015-02-18 04:00:00,0,13.3,33.0,9.3,13721.132499999998
2015-02-18 05:00:00,0,12.8,34.0,16.7,14273.984999999997
2015-02-18 06:00:00,0,11.7,37.0,7.4,14929.255
2015-02-18 07:00:00,0,11.1,40.0,5.6,15452.862500000005
2015-02-18 08:00:00,0,11.7,38.0,0.0,16243.492500000004
2015-02-18 09:00:00,0,14.4,32.0,13.0,16994.995000000003
2015-02-18 10:00:00,0,17.2,25.0,11.1,17427.1525
2015-02-18 11:00:00,0,19.4,21.0,16.7,17521.775
2015-02-18 12:00:00,0,21.7,16.0,11.1,17568.774999999998
2015-02-18 13:00:00,0,23.3,14.0,7.4,17584.48
2015-02-18 14:00:00,0,24.4,12.0,0.0,17595.4875
2015-02-18 15:00:00,0,25.6,12.0,9.3,17525.997500000005
2015-02-18 16:00:00,0,25.0,12.0,7.4,17271.8575
2015-02-18 17:00:00,0,25.0,10.0,7.4,16570.564999999995
2015-02-18 18:00:00,0,25.0,10.0,9.3,16077.640000000001
2015-02-18 19:00:00,0,24.4,10.0,7.4,15566.737499999997
2015-02-18 20:00:00,0,23.3,14.0,9.3,14987.670000000002
2015-02-18 21:00:00,0,20.0,20.0,9.3,14529.895
2015-02-18 22:00:00,0,18.3,27.0,11.1,13840.6425
2015-02-18 23:00:00,0,17.2,29.0,13.0,13485.6025
2015-02-19 00:00:00,0,16.1,34.0,13.0,13283.147500000001
2015-02-19 01:00:00,0,15.6,35.0,9.3,13234.012499999999
2015-02-19 02:00:00,0,14.4,39.0,7.4,13386.957499999999
2015-02-19 03:00:00,0,14.4,37.0,5.6,13416.574999999999
2015-02-19 04:00:00,0,13.9,37.0,11.1,13678.4975
2015-02-19 05:00:00,0,13.3,40.0,9.3,14264.172499999997
2015-02-19 06:00:00,0,12.2,47.0,9.3,15033.4275
2015-02-19 07:00:00,0,12.2,49.0,11.1,15372.780000000002
2015-02-19 08:00:00,0,12.2,49.0,11.1,16159.15
2015-02-19 09:00:00,0,13.3,45.0,9.3,17008.0625
2015-02-19 10:00:00,0,15.6,38.0,5.6,17321.699999999997
2015-02-19 11:00:00,0,18.3,31.0,7.4,17588.152499999997
2015-02-19 12:00:00,0,20.6,25.0,9.3,17580.8825
2015-02-19 13:00:00,0,22.8,20.0,0.0,17595.552499999994
2015-02-19 14:00:00,0,25.0,16.0,5.6,17543.197500000006
2015-02-19 15:00:00,0,25.0,15.0,7.4,17506.7175
2015-02-19 16:00:00,0,26.1,12.0,0.0,17250.325
2015-02-19 17:00:00,0,26.1,13.0,0.0,16475.1825
2015-02-19 18:00:00,0,25.6,15.0,7.4,15909.9025
2015-02-19 19:00:00,0,25.0,17.0,7.4,15487.020000000002
2015-02-19 20:00:00,0,22.8,20.0,0.0,14898.717499999999
2015-02-19 21:00:00,0,20.6,24.0,7.4,14471.614999999996
2015-02-19 22:00:00,0,18.9,29.0,9.3,13688.395
2015-02-19 23:00:00,0,16.7,35.0,11.1,13289.119999999999
2015-02-20 00:00:00,0,16.7,35.0,11.1,13182.1225
2015-02-20 01:00:00,0,16.1,36.0,13.0,13026.664999999999
2015-02-20 02:00:00,0,15.0,39.0,11.1,13243.5575
2015-02-20 03:00:00,0,14.4,41.0,9.3,13376.989999999998
2015-02-20 04:00:00,0,13.9,39.0,18.5,13517.935
2015-02-20 05:00:00,0,13.9,40.0,7.4,14068.539999999997
2015-02-20 06:00:00,0,13.3,45.0,11.1,14802.595000000005
2015-02-20 07:00:00,0,13.3,44.0,11.1,15123.139999999998
2015-02-20 08:00:00,0,13.9,40.0,11.1,15854.79
2015-02-20 09:00:00,0,16.1,35.0,13.0,16458.855
2015-02-20 10:00:00,0,18.3,29.0,9.3,16841.325000000004
2015-02-20 11:00:00,0,19.4,27.0,11.1,17159.57
2015-02-20 12:00:00,0,21.1,25.0,9.3,16996.042499999996
2015-02-20 13:00:00,0,23.9,20.0,0.0,17100.642499999998
2015-02-20 14:00:00,0,23.9,20.0,0.0,17022.597499999996
2015-02-20 15:00:00,0,24.4,19.0,0.0,16776.075
2015-02-20 16:00:00,0,25.6,18.0,0.0,16492.2575
2015-02-20 17:00:00,0,25.0,19.0,5.6,15743.950000000003
2015-02-20 18:00:00,0,24.4,20.0,7.4,15212.332499999997
2015-02-20 19:00:00,0,23.3,21.0,0.0,14925.864999999996
2015-02-20 20:00:00,0,22.8,22.0,0.0,14572.910000000003
2015-02-20 21:00:00,0,21.1,28.0,5.6,14215.192500000001
2015-02-20 22:00:00,0,20.0,31.0,0.0,13609.860000000002
2015-02-20 23:00:00,0,18.3,36.0,11.1,13251.464999999998
2015-02-21 00:00:00,0,17.8,38.0,5.6,12961.695
2015-02-21 01:00:00,0,17.2,40.0,11.1,12908.067500000001
2015-02-21 02:00:00,0,16.7,41.0,7.4,12886.902499999998
2015-02-21 03:00:00,0,15.6,44.0,9.3,12873.0825
2015-02-21 04:00:00,0,14.4,47.0,16.7,13125.307499999999
2015-02-21 05:00:00,0,13.3,49.0,11.1,13315.65
2015-02-21 06:00:00,0,13.3,51.0,11.1,13630.9925
2015-02-21 07:00:00,0,12.8,51.0,13.0,13907.439999999999
2015-02-21 08:00:00,0,13.3,51.0,14.8,14011.669999999996
2015-02-21 09:00:00,0,16.1,42.0,16.7,14125.0275
2015-02-21 10:00:00,0,18.3,39.0,13.0,14207.872499999998
2015-02-21 11:00:00,0,21.1,30.0,9.3,14322.072499999998
2015-02-21 12:00:00,0,22.8,25.0,7.4,14313.292500000003
2015-02-21 13:00:00,0,23.9,22.0,0.0,14304.464999999998
2015-02-21 14:00:00,0,24.4,21.0,11.1,14202.145
2015-02-21 15:00:00,0,24.4,21.0,7.4,14126.070000000003
2015-02-21 16:00:00,0,25.6,20.0,0.0,13998.142500000002
2015-02-21 17:00:00,0,25.6,20.0,9.3,13702.897500000001
2015-02-21 18:00:00,0,25.0,22.0,5.6,13792.4575
2015-02-21 19:00:00,0,23.9,24.0,7.4,13753.739999999998
2015-02-21 20:00:00,0,22.2,28.0,0.0,13483.637499999999
2015-02-21 21:00:00,0,21.1,31.0,0.0,13190.8275
2015-02-21 22:00:00,0,21.1,31.0,0.0,12974.41
2015-02-21 23:00:00,0,20.0,35.0,9.3,12923.440000000002
2015-02-22 00:00:00,0,17.8,40.0,11.1,12695.837500000005
2015-02-22 01:00:00,0,16.1,46.0,7.4,12531.7275
2015-02-22 02:00:00,0,16.7,43.0,9.3,12639.645000000004
2015-02-22 03:00:00,0,15.6,47.0,9.3,12680.66
2015-02-22 04:00:00,0,15.0,49.0,9.3,12894.402500000004
2015-02-22 05:00:00,0,14.4,51.0,7.4,13059.107499999998
2015-02-22 06:00:00,0,13.9,55.0,9.3,13245.617499999997
2015-02-22 07:00:00,0,13.3,60.0,7.4,13298.877500000002
2015-02-22 08:00:00,0,13.9,55.0,0.0,13252.395000000004
2015-02-22 09:00:00,0,15.6,49.0,0.0,13247.345000000001
2015-02-22 10:00:00,0,17.2,50.0,16.7,13366.142500000002
2015-02-22 11:00:00,0,19.4,49.0,7.4,13500.615
2015-02-22 12:00:00,0,21.1,41.0,11.1,13671.702499999998
2015-02-22 13:00:00,0,21.1,39.0,11.1,13631.872499999994
2015-02-22 14:00:00,0,21.1,39.0,5.6,13757.622500000003
2015-02-22 15:00:00,0,21.7,38.0,13.0,13653.555000000004
2015-02-22 16:00:00,0,21.7,39.0,20.4,13609.4325
2015-02-22 17:00:00,0,20.6,44.0,22.2,13428.269999999995
2015-02-22 18:00:00,0,20.0,45.0,16.7,13547.500000000002
2015-02-22 19:00:00,0,20.0,45.0,9.3,13589.819999999998
2015-02-22 20:00:00,0,19.4,47.0,9.3,13299.147500000001
2015-02-22 21:00:00,0,19.4,49.0,7.4,13130.2875
2015-02-22 22:00:00,0,18.9,50.0,5.6,13023.525
2015-02-22 23:00:00,0,17.8,50.0,13.0,12877.387499999999
2015-02-23 00:00:00,0,17.2,46.0,16.7,12782.352500000005
2015-02-23 01:00:00,0,17.2,48.0,0.0,12712.647500000001
2015-02-23 02:00:00,0,16.1,52.0,9.3,12981.514999999998
2015-02-23 03:00:00,0,15.6,53.0,14.8,13179.665000000003
2015-02-23 04:00:00,0,16.1,54.0,16.7,13604.849999999999
2015-02-23 05:00:00,0,16.1,56.0,11.1,14009.33
2015-02-23 06:00:00,0,16.1,58.0,16.7,14424.485
2015-02-23 07:00:00,0,15.6,60.0,22.2,14920.465
2015-02-23 08:00:00,0,15.6,57.0,16.7,15711.2875
2015-02-23 09:00:00,0,16.7,56.0,31.5,16576.0625
2015-02-23 10:00:00,0,18.3,48.0,29.6,17137.335000000003
2015-02-23 11:00:00,0,18.3,48.0,22.2,17373.130000000005
2015-02-23 12:00:00,0,19.4,45.0,7.4,17364.185000000005
2015-02-23 13:00:00,0,20.0,45.0,14.8,17454.750000000007
2015-02-23 14:00:00,0,17.8,67.0,16.7,17436.840000000004
2015-02-23 15:00:00,0,17.8,65.0,11.1,17382.1675
2015-02-23 16:00:00,0,17.8,63.0,7.4,17218.999999999996
2015-02-23 17:00:00,0,18.3,58.0,0.0,16595.0075
2015-02-23 18:00:00,0,17.8,60.0,0.0,16008.437499999996
2015-02-23 19:00:00,0,17.8,56.0,5.6,15723.6375
2015-02-23 20:00:00,0,17.2,63.0,13.0,15293.3125
2015-02-23 21:00:00,0,16.1,81.0,7.4,14849.827500000001
2015-02-23 22:00:00,0,16.7,62.0,9.3,13961.702500000001
2015-02-23 23:00:00,0,16.1,64.0,9.3,13529.607500000002
2015-02-24 00:00:00,0,15.0,58.0,11.1,13381.81
2015-02-24 01:00:00,0,14.4,56.0,7.4,13225.385
2015-02-24 02:00:00,0,12.8,62.0,11.1,13430.582499999999
2015-02-24 03:00:00,0,11.7,64.0,11.1,13607.64
2015-02-24 04:00:00,0,11.7,64.0,11.1,13748.392499999998
2015-02-24 05:00:00,0,11.1,63.0,7.4,14215.557500000003
2015-02-24 06:00:00,0,11.1,61.0,13.0,15057.272500000001
2015-02-24 07:00:00,0,11.1,61.0,20.4,15609.5475
2015-02-24 08:00:00,0,10.6,61.0,7.4,16400.647499999992
2015-02-24 09:00:00,0,11.7,55.0,22.2,17163.085
2015-02-24 10:00:00,0,13.9,47.0,18.5,17607.790000000005
2015-02-24 11:00:00,0,13.9,47.0,13.0,17769.464999999997
2015-02-24 12:00:00,0,15.0,42.0,16.7,17849.520000000004
2015-02-24 13:00:00,0,17.8,37.0,20.4,17814.0725
2015-02-24 14:00:00,0,17.8,33.0,24.1,17689.325
2015-02-24 15:00:00,0,18.3,31.0,37.0,17577.82
2015-02-24 16:00:00,0,18.3,31.0,18.5,17317.1875
2015-02-24 17:00:00,0,17.8,34.0,11.1,16619.584999999995
2015-02-24 18:00:00,0,17.8,33.0,9.3,16076.524999999998
2015-02-24 19:00:00,0,17.8,31.0,7.4,15745.657500000005
2015-02-24 20:00:00,0,15.0,46.0,16.7,15410.192500000005
2015-02-24 21:00:00,0,13.9,55.0,13.0,14914.749999999995
2015-02-24 22:00:00,0,13.3,55.0,11.1,14212.542499999998
2015-02-24 23:00:00,0,12.8,57.0,9.3,13571.697499999998
2015-02-25 00:00:00,0,12.2,59.0,9.3,13380.705000000002
2015-02-25 01:00:00,0,11.7,64.0,13.0,13354.660000000003
2015-02-25 02:00:00,0,11.1,66.0,9.3,13536.8025
2015-02-25 03:00:00,0,10.6,68.0,5.6,13680.044999999998
2015-02-25 04:00:00,0,10.0,68.0,7.4,14002.980000000001
2015-02-25 05:00:00,0,10.0,68.0,11.1,14414.835000000003
2015-02-25 06:00:00,0,9.4,69.0,11.1,15246.9525
2015-02-25 07:00:00,0,8.9,74.0,9.3,15783.727500000005
2015-02-25 08:00:00,0,10.0,66.0,9.3,16437.982500000002
2015-02-25 09:00:00,0,11.7,52.0,16.7,17206.984999999997
2015-02-25 10:00:00,0,13.9,47.0,11.1,17530.065
2015-02-25 11:00:00,0,16.1,39.0,5.6,17704.815000000002
2015-02-25 12:00:00,0,17.2,34.0,9.3,17540.1575
2015-02-25 13:00:00,0,18.3,32.0,7.4,17571.579999999994
2015-02-25 14:00:00,0,19.4,25.0,5.6,17589.69250000001
2015-02-25 15:00:00,0,20.6,22.0,11.1,17533.487499999996
2015-02-25 16:00:00,0,20.6,22.0,9.3,17314.064999999995
2015-02-25 17:00:00,0,21.1,21.0,9.3,16523.64
2015-02-25 18:00:00,0,21.1,21.0,14.8,15965.064999999995
2015-02-25 19:00:00,0,19.4,25.0,0.0,15757.149999999996
2015-02-25 20:00:00,0,18.9,26.0,5.6,15328.877500000002
2015-02-25 21:00:00,0,17.2,31.0,13.0,14822.282500000003
2015-02-25 22:00:00,0,16.1,35.0,11.1,14117.532499999998
2015-02-25 23:00:00,0,15.6,36.0,13.0,13630.880000000001
2015-02-26 00:00:00,0,15.0,39.0,14.8,13423.135000000002
2015-02-26 01:00:00,0,14.4,42.0,14.8,13255.2075
2015-02-26 02:00:00,0,13.9,44.0,14.8,13458.460000000001
2015-02-26 03:00:00,0,12.2,51.0,7.4,13444.7875
2015-02-26 04:00:00,0,12.2,51.0,7.4,13844.487500000001
2015-02-26 05:00:00,0,12.2,49.0,11.1,14398.805000000002
2015-02-26 06:00:00,0,11.7,48.0,11.1,15036.797499999999
2015-02-26 07:00:00,0,11.1,53.0,11.1,15750.647500000006
2015-02-26 08:00:00,0,11.7,52.0,11.1,16488.635000000002
2015-02-26 09:00:00,0,13.9,45.0,14.8,17112.360000000004
2015-02-26 10:00:00,0,16.7,38.0,11.1,17497.560000000005
2015-02-26 11:00:00,0,18.9,32.0,7.4,17509.432499999995
2015-02-26 12:00:00,0,20.6,24.0,0.0,17488.624999999996
2015-02-26 13:00:00,0,22.8,18.0,0.0,17605.700000000004
2015-02-26 14:00:00,0,23.9,16.0,11.1,17549.05
2015-02-26 15:00:00,0,24.4,15.0,11.1,17510.025
2015-02-26 16:00:00,0,23.9,14.0,9.3,17223.597499999996
2015-02-26 17:00:00,0,23.9,14.0,20.4,16477.234999999997
2015-02-26 18:00:00,0,23.3,14.0,20.4,15957.427499999996
2015-02-26 19:00:00,0,22.8,15.0,13.0,15633.855000000001
2015-02-26 20:00:00,0,20.0,21.0,5.6,15207.707500000002
2015-02-26 21:00:00,0,19.4,21.0,5.6,14729.427500000002
2015-02-26 22:00:00,0,18.3,24.0,5.6,14040.187499999996
2015-02-26 23:00:00,0,17.2,28.0,0.0,13602.22
2015-02-27 00:00:00,0,15.0,35.0,18.5,13319.25
2015-02-27 01:00:00,0,13.9,39.0,13.0,13293.670000000002
2015-02-27 02:00:00,0,13.3,40.0,13.0,13501.487499999996
2015-02-27 03:00:00,0,12.2,43.0,14.8,13557.550000000001
2015-02-27 04:00:00,0,11.7,47.0,13.0,13919.162500000002
2015-02-27 05:00:00,0,11.1,45.0,14.8,14311.379999999997
2015-02-27 06:00:00,0,10.0,52.0,13.0,15003.529999999999
2015-02-27 07:00:00,0,10.6,48.0,13.0,15685.022500000003
2015-02-27 08:00:00,0,11.1,47.0,13.0,16219.3825
2015-02-27 09:00:00,0,14.4,36.0,13.0,16841.795000000002
2015-02-27 10:00:00,0,17.2,26.0,16.7,17090.584999999995
2015-02-27 11:00:00,0,18.9,24.0,14.8,17263.945000000003
2015-02-27 12:00:00,0,21.7,21.0,16.7,17314.277500000004
2015-02-27 13:00:00,0,23.9,17.0,20.4,17328.614999999998
2015-02-27 14:00:00,0,23.9,16.0,13.0,17223.762499999997
2015-02-27 15:00:00,0,24.4,15.0,9.3,15276.562500000002
2015-02-27 16:00:00,0,24.4,17.0,9.3,16660.227500000005
2015-02-27 17:00:00,0,24.4,18.0,22.2,15887.45
2015-02-27 18:00:00,0,23.3,23.0,24.1,15208.932500000004
2015-02-27 19:00:00,0,22.2,31.0,16.7,14887.267500000002
2015-02-27 20:00:00,0,21.1,36.0,13.0,14545.829999999998
2015-02-27 21:00:00,0,20.0,33.0,13.0,14229.232499999996
2015-02-27 22:00:00,0,19.4,33.0,11.1,13547.1
2015-02-27 23:00:00,0,18.9,36.0,13.0,13213.722499999998
2015-02-28 00:00:00,0,18.9,36.0,13.0,12919.050000000001
2015-02-28 01:00:00,0,18.3,34.0,13.0,12920.660000000002
2015-02-28 02:00:00,0,17.8,37.0,7.4,12882.869999999999
2015-02-28 03:00:00,0,16.7,41.0,5.6,12881.2675
2015-02-28 04:00:00,0,16.1,46.0,0.0,13135.027500000002
2015-02-28 05:00:00,0,16.7,46.0,0.0,13260.684999999996
2015-02-28 06:00:00,0,16.1,52.0,11.1,13519.295
2015-02-28 07:00:00,0,16.1,52.0,11.1,13698.315
2015-02-28 08:00:00,0,15.6,53.0,13.0,13875.012499999997
2015-02-28 09:00:00,0,16.1,54.0,9.3,14019.029999999995
2015-02-28 10:00:00,0,18.3,50.0,13.0,14058.337499999998
2015-02-28 11:00:00,0,18.3,52.0,18.5,14112.19
2015-02-28 12:00:00,0,19.4,44.0,20.4,14231.644999999997
2015-02-28 13:00:00,0,19.4,42.0,16.7,14263.389999999998
2015-02-28 14:00:00,0,19.4,44.0,11.1,14265.745000000003
2015-02-28 15:00:00,0,20.6,39.0,16.7,14268.795000000002
2015-02-28 16:00:00,0,20.6,39.0,13.0,14229.575
2015-02-28 17:00:00,0,21.1,36.0,13.0,14127.4225
2015-02-28 18:00:00,0,20.6,38.0,5.6,14178.064999999999
2015-02-28 19:00:00,0,18.9,47.0,0.0,14253.185
2015-02-28 20:00:00,0,18.9,48.0,0.0,13936.165000000003
2015-02-28 21:00:00,0,18.3,50.0,13.0,13443.212500000005
2015-02-28 22:00:00,0,18.3,50.0,11.1,13116.61
2015-02-28 23:00:00,0,17.8,54.0,5.6,13004.95
2015-03-01 00:00:00,0,17.8,52.0,0.0,12931.46
2015-03-01 01:00:00,0,17.2,56.0,11.1,12875.95
2015-03-01 02:00:00,0,16.7,58.0,5.6,12848.630000000003
2015-03-01 03:00:00,0,16.7,58.0,7.4,12892.869999999997
2015-03-01 04:00:00,0,16.1,62.0,11.1,13124.150000000001
2015-03-01 05:00:00,0,16.1,60.0,9.3,13176.26
2015-03-01 06:00:00,0,16.1,60.0,9.3,13344.160000000002
2015-03-01 07:00:00,0,16.1,62.0,9.3,13325.940000000004
2015-03-01 08:00:00,0,16.1,62.0,13.0,13258.12
2015-03-01 09:00:00,0,16.7,60.0,20.4,13358.79
2015-03-01 10:00:00,0,18.3,56.0,16.7,13557.52
2015-03-01 11:00:00,0,18.9,52.0,18.5,13717.9
2015-03-01 12:00:00,0,20.6,49.0,16.7,13826.529999999999
2015-03-01 13:00:00,0,22.2,43.0,16.7,13874.590000000002
2015-03-01 14:00:00,0,23.9,36.0,25.9,13953.100000000002
2015-03-01 15:00:00,0,25.0,32.0,20.4,13948.479999999998
2015-03-01 16:00:00,0,24.4,32.0,20.4,13843.579999999998
2015-03-01 17:00:00,0,24.4,32.0,27.8,13668.039999999997
2015-03-01 18:00:00,0,23.3,33.0,22.2,13637.220000000005
2015-03-01 19:00:00,0,22.2,37.0,11.1,13712.289999999999
2015-03-01 20:00:00,0,21.1,41.0,5.6,13424.349999999999
2015-03-01 21:00:00,0,21.1,44.0,13.0,13278.059999999998
2015-03-01 22:00:00,0,20.0,49.0,11.1,13050.61
2015-03-01 23:00:00,0,19.4,52.0,7.4,12982.569999999996
2015-03-02 00:00:00,0,18.9,56.0,11.1,12862.85
2015-03-02 01:00:00,0,18.3,56.0,11.1,12768.74
2015-03-02 02:00:00,0,18.3,54.0,14.8,13056.230000000001
2015-03-02 03:00:00,0,17.8,58.0,5.6,13180.319999999998
2015-03-02 04:00:00,0,17.8,60.0,11.1,13613.300000000003
2015-03-02 05:00:00,0,17.8,58.0,11.1,13946.280000000006
2015-03-02 06:00:00,0,17.8,58.0,14.8,14350.599999999999
2015-03-02 07:00:00,0,17.8,58.0,13.0,14868.480000000003
2015-03-02 08:00:00,0,17.8,58.0,25.9,15780.349999999999
2015-03-02 09:00:00,0,12.2,86.0,22.2,16599.929999999997
2015-03-02 10:00:00,0,11.7,86.0,27.8,17214.91
2015-03-02 11:00:00,0,11.7,86.0,20.4,17528.95
2015-03-02 12:00:00,0,11.7,86.0,22.2,17661.53
2015-03-02 13:00:00,0,11.7,83.0,18.5,17782.9
2015-03-02 14:00:00,0,11.7,86.0,13.0,17712.189999999995
2015-03-02 15:00:00,0,11.1,83.0,0.0,17619.367499999997
2015-03-02 16:00:00,0,12.2,80.0,0.0,17436.942500000005
2015-03-02 17:00:00,0,12.8,74.0,5.6,16836.2275
2015-03-02 18:00:00,0,12.8,80.0,14.8,16281.082499999997
2015-03-02 19:00:00,0,12.2,80.0,13.0,16174.372500000001
2015-03-02 20:00:00,0,11.7,83.0,11.1,15805.3425
2015-03-02 21:00:00,0,11.1,86.0,11.1,15304.242499999993
2015-03-02 22:00:00,0,11.1,86.0,7.4,14473.749999999998
2015-03-02 23:00:00,0,11.1,86.0,5.6,13794.960000000001
2015-03-03 00:00:00,0,11.1,89.0,5.6,13543.240000000002
2015-03-03 01:00:00,0,11.1,83.0,9.3,13544.939999999999
2015-03-03 02:00:00,0,11.1,89.0,14.8,13760.500000000004
2015-03-03 03:00:00,0,11.1,83.0,7.4,13691.917499999998
2015-03-03 04:00:00,0,11.1,86.0,9.3,14134.512499999997
2015-03-03 05:00:00,0,10.6,86.0,0.0,14450.960000000001
2015-03-03 06:00:00,0,10.0,89.0,0.0,15153.845000000003
2015-03-03 07:00:00,0,9.4,93.0,11.1,15579.647500000003
2015-03-03 08:00:00,0,8.9,100.0,7.4,16481.637499999997
2015-03-03 09:00:00,0,10.6,92.0,0.0,17254.919999999995
2015-03-03 10:00:00,0,13.3,75.0,7.4,17589.6025
2015-03-03 11:00:00,0,15.0,58.0,9.3,17738.930000000004
2015-03-03 12:00:00,0,17.2,50.0,11.1,17739.190000000002
2015-03-03 13:00:00,0,16.7,52.0,11.1,17604.505000000005
2015-03-03 14:00:00,0,16.7,41.0,0.0,17680.13
2015-03-03 15:00:00,0,16.7,52.0,14.8,17678.51
2015-03-03 16:00:00,0,15.0,60.0,14.8,17475.359999999997
2015-03-03 17:00:00,0,15.6,51.0,14.8,16829.649999999998
2015-03-03 18:00:00,0,16.1,46.0,7.4,16253.902499999997
2015-03-03 19:00:00,0,16.1,44.0,9.3,15968.902500000002
2015-03-03 20:00:00,0,15.0,49.0,11.1,15592.647500000003
2015-03-03 21:00:00,0,15.0,48.0,9.3,15134.832499999999
2015-03-03 22:00:00,0,12.8,64.0,0.0,14351.23
2015-03-03 23:00:00,0,13.3,60.0,7.4,13742.179999999998
2015-03-04 00:00:00,0,11.7,71.0,0.0,13542.399999999998
2015-03-04 01:00:00,0,10.6,80.0,7.4,13436.779999999999
2015-03-04 02:00:00,0,10.6,77.0,5.6,13656.370000000003
2015-03-04 03:00:00,0,9.4,83.0,5.6,13790.149999999998
2015-03-04 04:00:00,0,8.9,86.0,5.6,14141.84
2015-03-04 05:00:00,0,8.9,83.0,9.3,14470.437500000007
2015-03-04 06:00:00,0,8.9,80.0,5.6,15358.425000000001
2015-03-04 07:00:00,0,8.9,77.0,7.4,15761.857500000004
2015-03-04 08:00:00,0,10.0,71.0,7.4,16525.187499999996
2015-03-04 09:00:00,0,11.7,64.0,5.6,17296.944999999996
2015-03-04 10:00:00,0,13.9,51.0,7.4,17654.7025
2015-03-04 11:00:00,0,15.6,46.0,11.1,17680.5425
2015-03-04 12:00:00,0,16.7,41.0,0.0,17657.907499999998
2015-03-04 13:00:00,0,18.3,32.0,7.4,17577.75
2015-03-04 14:00:00,0,20.0,22.0,16.7,17530.387500000004
2015-03-04 15:00:00,0,20.0,21.0,9.3,17496.260000000002
2015-03-04 16:00:00,0,21.0,27.0,24.1,17210.63
2015-03-04 17:00:00,0,20.0,23.0,11.1,16555.600000000002
2015-03-04 18:00:00,0,19.4,28.0,14.8,15943.339999999998
2015-03-04 19:00:00,0,18.9,30.0,16.7,15745.53
2015-03-04 20:00:00,0,17.8,33.0,16.7,15312.139999999998
2015-03-04 21:00:00,0,17.2,33.0,20.4,15005.3675
2015-03-04 22:00:00,0,15.6,36.0,14.8,14250.84
2015-03-04 23:00:00,0,15.6,38.0,5.6,13702.240000000002
2015-03-05 00:00:00,0,13.3,51.0,0.0,13497.250000000002
2015-03-05 01:00:00,0,12.8,51.0,0.0,13440.050000000003
2015-03-05 02:00:00,0,11.7,57.0,5.6,13722.710000000001
2015-03-05 03:00:00,0,10.6,63.0,0.0,13757.980000000001
2015-03-05 04:00:00,0,10.0,63.0,0.0,14133.460000000003
2015-03-05 05:00:00,0,10.0,50.0,0.0,14512.714999999998
2015-03-05 06:00:00,0,8.9,56.0,0.0,15306.4025
2015-03-05 07:00:00,0,7.8,68.0,0.0,15820.157500000005
2015-03-05 08:00:00,0,11.1,50.0,0.0,16521.857500000002
2015-03-05 09:00:00,0,14.4,22.0,22.2,17280.747499999998
2015-03-05 10:00:00,0,16.1,17.0,18.5,17653.5725
2015-03-05 11:00:00,0,18.3,15.0,14.8,17811.870000000003
2015-03-05 12:00:00,0,19.4,14.0,18.5,17686.27
2015-03-05 13:00:00,0,20.6,13.0,13.0,17753.250000000007
2015-03-05 14:00:00,0,22.2,11.0,5.6,17830.520000000004
2015-03-05 15:00:00,0,22.2,10.0,13.0,17719.95
2015-03-05 16:00:00,0,22.8,9.0,11.1,17337.47
2015-03-05 17:00:00,0,23.3,9.0,0.0,16523.949999999997
2015-03-05 18:00:00,0,22.8,10.0,0.0,15886.0
2015-03-05 19:00:00,0,22.8,10.0,0.0,15710.100000000004
2015-03-05 20:00:00,0,18.9,27.0,5.6,15205.94
2015-03-05 21:00:00,0,18.9,18.0,7.4,14697.91
2015-03-05 22:00:00,0,16.7,26.0,0.0,13847.37
2015-03-05 23:00:00,0,15.0,36.0,9.3,13595.96
2015-03-06 00:00:00,0,16.1,29.0,14.8,13405.177499999998
2015-03-06 01:00:00,0,16.1,21.0,13.0,13236.8575
2015-03-06 02:00:00,0,14.4,30.0,5.6,13491.7075
2015-03-06 03:00:00,0,12.2,40.0,7.4,13616.310000000001
2015-03-06 04:00:00,0,11.1,41.0,0.0,13842.2875
2015-03-06 05:00:00,0,12.2,33.0,5.6,14356.382499999998
2015-03-06 06:00:00,0,12.2,31.0,11.1,14951.360000000006
2015-03-06 07:00:00,0,13.9,23.0,16.7,15450.717499999999
2015-03-06 08:00:00,0,15.6,20.0,27.8,16052.387499999997
2015-03-06 09:00:00,0,16.7,21.0,18.5,16643.17
2015-03-06 10:00:00,0,19.4,16.0,27.8,16945.375
2015-03-06 11:00:00,0,22.2,12.0,38.9,17119.43
2015-03-06 12:00:00,0,23.9,10.0,29.6,17188.429999999997
2015-03-06 13:00:00,0,25.0,10.0,27.8,17133.579999999994
2015-03-06 14:00:00,0,26.1,9.0,25.9,17160.54
2015-03-06 15:00:00,0,27.2,8.0,24.1,16959.480000000003
2015-03-06 16:00:00,0,28.3,6.0,20.4,16578.429999999997
2015-03-06 17:00:00,0,27.8,6.0,20.4,15827.850000000002
2015-03-06 18:00:00,0,26.7,7.0,14.8,15213.529999999999
2015-03-06 19:00:00,0,24.4,10.0,9.3,14874.270000000002
2015-03-06 20:00:00,0,21.7,17.0,9.3,14530.269999999997
2015-03-06 21:00:00,0,22.8,12.0,13.0,14273.61
2015-03-06 22:00:00,0,20.6,14.0,16.7,13591.32
2015-03-06 23:00:00,0,18.9,18.0,11.1,13117.460000000001
2015-03-07 00:00:00,0,17.8,20.0,7.4,12943.490000000003
2015-03-07 01:00:00,0,15.0,33.0,0.0,12860.67
2015-03-07 02:00:00,0,13.9,37.0,7.4,12832.949999999999
2015-03-07 03:00:00,0,13.9,37.0,5.6,12756.010000000004
2015-03-07 04:00:00,0,13.3,40.0,0.0,13043.570000000002
2015-03-07 05:00:00,0,13.9,34.0,0.0,13230.609999999997
2015-03-07 06:00:00,0,16.1,24.0,14.8,13531.649999999998
2015-03-07 07:00:00,0,16.1,24.0,13.0,13514.05
2015-03-07 08:00:00,0,17.8,21.0,18.5,13636.520000000002
2015-03-07 09:00:00,0,20.6,18.0,22.2,13744.289999999999
2015-03-07 10:00:00,0,22.2,16.0,22.2,14037.739999999996
2015-03-07 11:00:00,0,23.3,15.0,11.1,14145.999999999996
2015-03-07 12:00:00,0,25.0,15.0,16.7,14114.200000000003
2015-03-07 13:00:00,0,26.7,14.0,5.6,14051.289999999999
2015-03-07 14:00:00,0,26.7,14.0,7.4,14055.68
2015-03-07 15:00:00,0,26.7,14.0,11.1,13997.46
2015-03-07 16:00:00,0,27.2,14.0,5.6,13863.44
2015-03-07 17:00:00,0,27.2,14.0,5.6,13734.55
2015-03-07 18:00:00,0,27.2,14.0,0.0,13661.050000000003
2015-03-07 19:00:00,0,26.7,15.0,13.0,13825.410000000002
2015-03-07 20:00:00,0,22.8,25.0,9.3,13436.510000000002
2015-03-07 21:00:00,0,21.7,26.0,0.0,13097.87
2015-03-07 22:00:00,0,21.7,24.0,9.3,12837.179999999997
2015-03-07 23:00:00,0,21.1,27.0,0.0,12714.140000000003
2015-03-08 00:00:00,0,18.3,36.0,9.3,12697.96
2015-03-08 01:00:00,0,18.3,32.0,7.4,12606.070000000002
2015-03-08 02:00:00,0,16.7,41.0,7.4,12628.530000000004
2015-03-08 03:00:00,0,16.1,42.0,0.0,12704.83
2015-03-08 04:00:00,0,16.1,44.0,0.0,12996.310000000005
2015-03-08 05:00:00,0,15.0,48.0,0.0,13043.64
2015-03-08 06:00:00,0,13.9,55.0,0.0,13209.420000000006
2015-03-08 07:00:00,0,13.3,57.0,7.4,13033.649999999998
2015-03-08 08:00:00,0,16.1,42.0,16.7,13152.890000000001
2015-03-08 09:00:00,0,18.3,37.0,11.1,13261.119999999997
2015-03-08 10:00:00,0,21.1,28.0,11.1,13487.34
2015-03-08 11:00:00,0,22.8,28.0,0.0,13568.880000000001
2015-03-08 12:00:00,0,23.9,24.0,5.6,13649.32
2015-03-08 13:00:00,0,26.7,20.0,5.6,13708.719999999998
2015-03-08 14:00:00,0,26.7,15.0,9.3,13711.959999999997
2015-03-08 15:00:00,0,27.8,13.0,13.0,13695.83
2015-03-08 16:00:00,0,27.8,12.0,14.8,13643.54
2015-03-08 17:00:00,0,27.2,13.0,18.5,13349.029999999995
2015-03-08 18:00:00,0,26.7,14.0,22.2,13232.409999999998
2015-03-08 19:00:00,0,25.6,17.0,16.7,13322.46
2015-03-08 20:00:00,0,22.2,24.0,7.4,13129.769999999997
2015-03-08 21:00:00,0,21.7,26.0,0.0,12928.960000000001
2015-03-08 22:00:00,0,21.7,24.0,0.0,12793.02
2015-03-08 23:00:00,0,18.9,32.0,9.3,12684.569999999998
2015-03-09 00:00:00,0,17.8,35.0,5.6,12637.28
2015-03-09 01:00:00,0,17.2,38.0,9.3,12662.699999999997
2015-03-09 02:00:00,0,16.1,44.0,9.3,12961.92
2015-03-09 03:00:00,0,15.6,44.0,9.3,13114.820000000002
2015-03-09 04:00:00,0,15.0,44.0,7.4,13521.819999999998
2015-03-09 05:00:00,0,13.9,49.0,7.4,13978.059999999998
2015-03-09 06:00:00,0,13.9,45.0,11.1,14355.089999999998
2015-03-09 07:00:00,0,13.9,44.0,9.3,14566.979999999998
2015-03-09 08:00:00,0,15.0,46.0,11.1,15203.350000000002
2015-03-09 09:00:00,0,17.8,33.0,14.8,15694.910000000002
2015-03-09 10:00:00,0,20.0,27.0,9.3,14757.34
2015-03-09 11:00:00,0,21.7,24.0,0.0,16354.229999999994
2015-03-09 12:00:00,0,24.4,19.0,7.4,16358.759999999997
2015-03-09 13:00:00,0,25.6,17.0,7.4,16274.400000000003
2015-03-09 14:00:00,0,27.2,14.0,9.3,16375.990000000002
2015-03-09 15:00:00,0,27.8,14.0,7.4,16373.409999999998
2015-03-09 16:00:00,0,27.8,12.0,7.4,16081.95
2015-03-09 17:00:00,0,28.3,12.0,14.8,15538.140000000001
2015-03-09 18:00:00,0,27.0,15.0,16.7,14867.070000000003
2015-03-09 19:00:00,0,27.0,15.0,14.8,14642.200000000003
2015-03-09 20:00:00,0,24.4,20.0,0.0,14310.729999999998
2015-03-09 21:00:00,0,22.8,24.0,0.0,13979.250000000002
2015-03-09 22:00:00,0,21.7,28.0,0.0,13417.8
2015-03-09 23:00:00,0,22.2,23.0,9.3,13005.859999999999
2015-03-10 00:00:00,0,19.4,31.0,9.3,13022.780000000002
2015-03-10 01:00:00,0,18.3,32.0,7.4,12859.079999999998
2015-03-10 02:00:00,0,17.8,35.0,13.0,13054.86
2015-03-10 03:00:00,0,17.8,34.0,7.4,13122.050000000001
2015-03-10 04:00:00,0,16.1,36.0,9.3,13337.050000000005
2015-03-10 05:00:00,0,16.1,36.0,5.6,13804.54
2015-03-10 06:00:00,0,15.0,39.0,0.0,14390.989999999998
2015-03-10 07:00:00,0,15.0,33.0,13.0,14600.509999999997
2015-03-10 08:00:00,0,16.1,30.0,9.3,15227.200000000006
2015-03-10 09:00:00,0,18.9,28.0,9.3,15860.139999999998
2015-03-10 10:00:00,0,22.8,19.0,16.7,16265.850000000002
2015-03-10 11:00:00,0,23.9,16.0,13.0,16451.359999999997
2015-03-10 12:00:00,0,26.1,12.0,7.4,16578.6
2015-03-10 13:00:00,0,27.2,11.0,7.4,16641.34
2015-03-10 14:00:00,0,27.8,10.0,5.6,16689.14
2015-03-10 15:00:00,0,29.0,8.0,5.6,15939.969999999998
2015-03-10 16:00:00,0,29.4,8.0,5.6,16214.619999999999
2015-03-10 17:00:00,0,28.9,8.0,7.4,15706.480000000001
2015-03-10 18:00:00,0,28.0,9.0,11.1,15003.28
2015-03-10 19:00:00,0,26.7,10.0,9.3,14731.300000000001
2015-03-10 20:00:00,0,24.4,15.0,9.3,14359.489999999996
2015-03-10 21:00:00,0,25.0,13.0,7.4,13251.8425
2015-03-10 22:00:00,0,22.0,19.0,0.0,13429.919999999995
2015-03-10 23:00:00,0,22.2,18.0,7.4,13114.269999999997
2015-03-11 00:00:00,0,20.0,25.0,13.0,12947.479999999996
2015-03-11 01:00:00,0,18.3,27.0,9.3,12813.170000000002
2015-03-11 02:00:00,0,17.2,29.0,7.4,13098.929999999998
2015-03-11 03:00:00,0,16.1,32.0,7.4,13118.500000000002
2015-03-11 04:00:00,0,16.1,32.0,5.6,13296.679999999998
2015-03-11 05:00:00,0,16.1,31.0,11.1,13851.87
2015-03-11 06:00:00,0,16.1,32.0,13.0,14474.220000000003
2015-03-11 07:00:00,0,16.1,30.0,14.8,14636.15
2015-03-11 08:00:00,0,16.7,31.0,14.8,15208.669999999998
2015-03-11 09:00:00,0,20.0,23.0,14.8,15796.309999999994
2015-03-11 10:00:00,0,22.2,19.0,14.8,16151.8
2015-03-11 11:00:00,0,24.4,17.0,7.4,16242.630000000001
2015-03-11 12:00:00,0,25.6,14.0,5.6,16243.400000000003
2015-03-11 13:00:00,0,27.2,12.0,7.4,16305.5375
2015-03-11 14:00:00,0,28.3,12.0,0.0,16334.687500000004
2015-03-11 15:00:00,0,28.9,11.0,0.0,16460.4375
2015-03-11 16:00:00,0,30.0,10.0,7.4,16193.695
2015-03-11 17:00:00,0,29.4,10.0,7.4,15587.26
2015-03-11 18:00:00,0,28.9,10.0,11.1,14836.670000000002
2015-03-11 19:00:00,0,28.9,10.0,9.3,14670.250000000002
2015-03-11 20:00:00,0,28.3,12.0,7.4,14358.200000000004
2015-03-11 21:00:00,0,27.8,12.0,0.0,14049.91
2015-03-11 22:00:00,0,24.4,19.0,9.3,13471.410000000003
2015-03-11 23:00:00,0,23.3,21.0,9.3,13026.510000000002
2015-03-12 00:00:00,0,22.8,21.0,5.6,12947.539999999999
2015-03-12 01:00:00,0,23.3,21.0,0.0,12802.409999999998
2015-03-12 02:00:00,0,21.7,30.0,14.8,12935.609999999999
2015-03-12 03:00:00,0,20.6,27.0,7.4,12923.200000000003
2015-03-12 04:00:00,0,20.6,29.0,7.4,13142.75
2015-03-12 05:00:00,0,21.7,25.0,14.8,13526.139999999998
2015-03-12 06:00:00,0,21.1,26.0,5.6,14164.880000000005
2015-03-12 07:00:00,0,21.7,24.0,5.6,14304.08
2015-03-12 08:00:00,0,22.8,22.0,16.7,14929.479999999998
2015-03-12 09:00:00,0,23.3,22.0,13.0,15503.1
2015-03-12 10:00:00,0,25.6,17.0,16.7,15928.579999999996
2015-03-12 11:00:00,0,26.1,18.0,13.0,16325.459999999997
2015-03-12 12:00:00,0,28.3,16.0,11.1,16289.189999999995
2015-03-12 13:00:00,0,27.8,15.0,11.1,16362.600000000004
2015-03-12 14:00:00,0,28.3,14.0,0.0,16496.34
2015-03-12 15:00:00,0,28.9,13.0,11.1,16315.760000000002
2015-03-12 16:00:00,0,28.3,14.0,9.3,16012.929999999998
2015-03-12 17:00:00,0,27.2,17.0,29.6,15455.329999999998
2015-03-12 18:00:00,0,26.7,18.0,25.9,14774.260000000002
2015-03-12 19:00:00,0,25.6,20.0,27.8,14616.310000000001
2015-03-12 20:00:00,0,25.6,20.0,20.4,14314.640000000003
2015-03-12 21:00:00,0,24.4,24.0,22.2,14051.249999999996
2015-03-12 22:00:00,0,23.9,24.0,16.7,13501.75
2015-03-12 23:00:00,0,21.7,30.0,0.0,13032.489999999998
2015-03-13 00:00:00,0,21.7,30.0,5.6,12898.140000000001
2015-03-13 01:00:00,0,18.9,38.0,7.4,12844.559999999996
2015-03-13 02:00:00,0,18.3,40.0,5.6,12876.980000000001
2015-03-13 03:00:00,0,17.2,43.0,7.4,13027.34
2015-03-13 04:00:00,0,16.7,44.0,5.6,13129.769999999999
2015-03-13 05:00:00,0,16.1,46.0,7.4,13546.309999999998
2015-03-13 06:00:00,0,16.7,44.0,5.6,14169.949999999995
2015-03-13 07:00:00,0,16.7,44.0,0.0,14444.62
2015-03-13 08:00:00,0,18.3,45.0,0.0,15084.099999999995
2015-03-13 09:00:00,0,20.6,35.0,5.6,15771.070000000002
2015-03-13 10:00:00,0,24.4,25.0,16.7,16093.750000000002
2015-03-13 11:00:00,0,26.1,22.0,20.4,16311.392499999998
2015-03-13 12:00:00,0,27.8,18.0,16.7,16277.160000000002
2015-03-13 13:00:00,0,28.9,15.0,13.0,16341.99
2015-03-13 14:00:00,0,28.9,15.0,5.6,16345.069999999996
2015-03-13 15:00:00,0,30.0,14.0,9.3,16253.140000000001
2015-03-13 16:00:00,0,31.1,12.0,18.5,16031.519999999999
2015-03-13 17:00:00,0,31.1,12.0,9.3,15374.63
2015-03-13 18:00:00,0,30.0,13.0,9.3,14694.019999999995
2015-03-13 19:00:00,0,28.9,14.0,9.3,14420.7
2015-03-13 20:00:00,0,26.7,21.0,25.9,14155.999999999998
2015-03-13 21:00:00,0,25.6,23.0,18.5,14006.870000000003
2015-03-13 22:00:00,0,25.6,22.0,9.3,13456.01
2015-03-13 23:00:00,0,25.0,23.0,16.7,13090.26
2015-03-14 00:00:00,0,23.9,24.0,18.5,12759.53
2015-03-14 01:00:00,0,22.8,26.0,11.1,12680.010000000002
2015-03-14 02:00:00,0,22.2,27.0,0.0,12619.289999999997
2015-03-14 03:00:00,0,19.4,34.0,7.4,12521.66
2015-03-14 04:00:00,0,20.0,33.0,9.3,12718.579999999998
2015-03-14 05:00:00,0,20.6,31.0,16.7,12861.38
2015-03-14 06:00:00,0,18.9,34.0,0.0,13048.35
2015-03-14 07:00:00,0,17.8,40.0,0.0,12980.799999999997
2015-03-14 08:00:00,0,20.6,32.0,5.6,13196.940000000002
2015-03-14 09:00:00,0,23.3,25.0,9.3,13419.649999999998
2015-03-14 10:00:00,0,25.6,19.0,22.2,13694.000000000002
2015-03-14 11:00:00,0,27.2,17.0,27.8,13805.27
2015-03-14 12:00:00,0,28.9,15.0,18.5,13932.999999999998
2015-03-14 13:00:00,0,28.9,14.0,11.1,13885.490000000003
2015-03-14 14:00:00,0,30.0,13.0,9.3,13823.18
2015-03-14 15:00:00,0,30.0,13.0,0.0,13826.46
2015-03-14 16:00:00,0,30.0,13.0,5.6,13777.950000000003
2015-03-14 17:00:00,0,30.6,13.0,16.7,13270.820000000007
2015-03-14 18:00:00,0,30.0,13.0,11.1,13434.84
2015-03-14 19:00:00,0,29.4,14.0,0.0,13620.259999999997
2015-03-14 20:00:00,0,26.1,19.0,9.3,13396.09
2015-03-14 21:00:00,0,25.6,20.0,5.6,13082.000000000002
2015-03-14 22:00:00,0,25.0,21.0,0.0,12849.24
2015-03-14 23:00:00,0,22.8,29.0,9.3,12684.009999999998
2015-03-15 00:00:00,0,21.7,30.0,11.1,12608.967500000002
2015-03-15 01:00:00,0,22.2,24.0,13.0,12585.520000000002
2015-03-15 02:00:00,0,22.2,21.0,14.8,12503.540000000003
2015-03-15 03:00:00,0,20.0,27.0,13.0,12591.68
2015-03-15 04:00:00,0,18.9,32.0,11.1,12714.780000000004
2015-03-15 05:00:00,0,18.3,33.0,18.5,12800.1
2015-03-15 06:00:00,0,17.8,33.0,13.0,12936.890000000001
2015-03-15 07:00:00,0,17.2,33.0,11.1,12858.019999999997
2015-03-15 08:00:00,0,19.4,28.0,7.4,13087.050000000003
2015-03-15 09:00:00,0,22.8,22.0,13.0,13343.42
2015-03-15 10:00:00,0,25.0,18.0,18.5,13563.369999999997
2015-03-15 11:00:00,0,26.1,16.0,9.3,13661.440000000002
2015-03-15 12:00:00,0,27.8,13.0,7.4,13822.59
2015-03-15 13:00:00,0,28.9,12.0,20.4,13916.619999999999
2015-03-15 14:00:00,0,30.0,10.0,29.6,13959.689999999999
2015-03-15 15:00:00,0,31.1,9.0,20.4,13969.360000000002
2015-03-15 16:00:00,0,31.1,9.0,22.2,13773.189999999999
2015-03-15 17:00:00,0,31.1,9.0,13.0,13536.820000000003
2015-03-15 18:00:00,0,30.0,9.0,18.5,13460.070000000002
2015-03-15 19:00:00,0,28.3,11.0,5.6,13527.830000000002
2015-03-15 20:00:00,0,27.2,12.0,5.6,13271.499999999998
2015-03-15 21:00:00,0,26.1,13.0,11.1,13146.23
2015-03-15 22:00:00,0,23.9,16.0,13.0,12926.44
2015-03-15 23:00:00,0,23.3,16.0,11.1,12798.009999999995
2015-03-16 00:00:00,0,23.3,16.0,14.8,12650.75
2015-03-16 01:00:00,0,22.2,17.0,9.3,12528.369999999999
2015-03-16 02:00:00,0,20.0,23.0,5.6,12845.03
2015-03-16 03:00:00,0,19.4,23.0,11.1,13011.090000000002
2015-03-16 04:00:00,0,19.4,22.0,5.6,13368.930000000004
2015-03-16 05:00:00,0,20.6,18.0,18.5,13681.83
2015-03-16 06:00:00,0,19.4,21.0,16.7,14099.75
2015-03-16 07:00:00,0,18.9,22.0,13.0,14447.21
2015-03-16 08:00:00,0,20.6,22.0,9.3,15480.79
2015-03-16 09:00:00,0,23.9,16.0,14.8,16579.109999999997
2015-03-16 10:00:00,0,26.7,13.0,14.8,17192.539999999997
2015-03-16 11:00:00,0,27.8,13.0,16.7,17429.32
2015-03-16 12:00:00,0,28.3,14.0,16.7,17645.04
2015-03-16 13:00:00,0,29.4,14.0,14.8,17710.377500000002
2015-03-16 14:00:00,0,30.6,15.0,16.7,17851.415000000005
2015-03-16 15:00:00,0,31.1,14.0,5.6,17698.802499999998
2015-03-16 16:00:00,0,31.7,14.0,9.3,17490.202500000007
2015-03-16 17:00:00,0,31.7,14.0,9.3,16808.740000000005
2015-03-16 18:00:00,0,31.1,15.0,7.4,16063.920000000002
2015-03-16 19:00:00,0,30.0,16.0,0.0,15639.87
2015-03-16 20:00:00,0,29.4,16.0,11.1,15085.01
2015-03-16 21:00:00,0,25.6,23.0,7.4,14599.750000000004
2015-03-16 22:00:00,0,24.4,24.0,7.4,13797.439999999999
2015-03-16 23:00:00,0,23.3,28.0,5.6,13368.06
2015-03-17 00:00:00,0,22.2,29.0,5.6,13118.119999999999
2015-03-17 01:00:00,0,21.7,34.0,5.6,12949.9
2015-03-17 02:00:00,0,20.6,36.0,7.4,13081.900000000001
2015-03-17 03:00:00,0,20.0,37.0,5.6,13057.439999999997
2015-03-17 04:00:00,0,20.0,35.0,5.6,13107.11
2015-03-17 05:00:00,0,19.4,37.0,0.0,13610.859999999999
2015-03-17 06:00:00,0,18.9,38.0,7.4,14294.580000000004
2015-03-17 07:00:00,0,18.3,40.0,0.0,14627.410000000002
2015-03-17 08:00:00,0,21.1,35.0,11.1,15736.729999999996
2015-03-17 09:00:00,0,24.4,30.0,14.8,16784.700000000004
2015-03-17 10:00:00,0,26.1,30.0,14.8,17624.970000000005
2015-03-17 11:00:00,0,27.2,25.0,13.0,17466.4575
2015-03-17 12:00:00,0,28.9,23.0,13.0,17686.645
2015-03-17 13:00:00,0,30.0,20.0,9.3,17876.960000000003
2015-03-17 14:00:00,0,31.7,19.0,9.3,18103.274999999998
2015-03-17 15:00:00,0,31.7,14.0,16.7,18126.07
2015-03-17 16:00:00,0,31.7,12.0,22.2,17785.072500000002
2015-03-17 17:00:00,0,31.7,12.0,25.9,16940.429999999997
2015-03-17 18:00:00,0,30.6,13.0,22.2,16050.550000000003
2015-03-17 19:00:00,0,30.0,13.0,20.4,15656.460000000003
2015-03-17 20:00:00,0,27.8,16.0,9.3,15058.399999999998
2015-03-17 21:00:00,0,27.8,14.0,14.8,14543.32
2015-03-17 22:00:00,0,27.2,21.0,16.7,13792.800000000003
2015-03-17 23:00:00,0,26.7,24.0,14.8,13415.5
2015-03-18 00:00:00,0,26.1,26.0,25.9,13209.510000000002
2015-03-18 01:00:00,0,25.0,28.0,25.9,12992.05
2015-03-18 02:00:00,0,23.3,29.0,5.6,13080.359999999999
2015-03-18 03:00:00,0,22.8,30.0,0.0,13013.75
2015-03-18 04:00:00,0,23.3,28.0,9.3,13163.820000000002
2015-03-18 05:00:00,0,22.8,33.0,14.8,13654.069999999996
2015-03-18 06:00:00,0,22.2,37.0,11.1,14183.940000000002
2015-03-18 07:00:00,0,22.2,37.0,9.3,14530.660000000003
2015-03-18 08:00:00,0,22.2,37.0,5.6,15439.390000000001
2015-03-18 09:00:00,0,22.8,37.0,7.4,16342.020000000002
2015-03-18 10:00:00,0,23.9,33.0,13.0,16919.270000000004
2015-03-18 11:00:00,0,25.6,28.0,13.0,17359.260000000002
2015-03-18 12:00:00,0,26.1,27.0,7.4,17551.239999999998
2015-03-18 13:00:00,0,26.7,26.0,9.3,17424.317499999997
2015-03-18 14:00:00,0,27.2,26.0,13.0,17496.49
2015-03-18 15:00:00,0,22.8,42.0,27.8,17414.46
2015-03-18 16:00:00,0,22.8,44.0,25.9,17104.400000000005
2015-03-18 17:00:00,0,21.1,57.0,13.0,16455.8
2015-03-18 18:00:00,0,18.3,70.0,20.4,15875.97
2015-03-18 19:00:00,0,17.2,72.0,18.5,15593.819999999996
2015-03-18 20:00:00,0,18.3,61.0,16.7,15143.85
2015-03-18 21:00:00,0,17.2,81.0,16.7,14728.96
2015-03-18 22:00:00,0,17.2,78.0,14.8,13905.660000000002
2015-03-18 23:00:00,0,16.7,84.0,7.4,13522.609999999999
2015-03-19 00:00:00,0,16.7,80.0,11.1,13287.76
2015-03-19 01:00:00,0,16.7,80.0,5.6,13173.940000000002
2015-03-19 02:00:00,0,17.2,78.0,0.0,13314.090000000002
2015-03-19 03:00:00,0,16.7,84.0,9.3,13305.679999999995
2015-03-19 04:00:00,0,16.1,87.0,7.4,13549.900000000001
2015-03-19 05:00:00,0,16.1,83.0,14.8,13943.199999999997
2015-03-19 06:00:00,0,15.6,90.0,9.3,14553.329999999998
2015-03-19 07:00:00,0,15.6,86.0,18.5,14877.179999999998
2015-03-19 08:00:00,0,16.1,81.0,11.1,15822.040000000003
2015-03-19 09:00:00,0,16.7,72.0,9.3,16672.660000000003
2015-03-19 10:00:00,0,17.2,70.0,5.6,17182.640000000003
2015-03-19 11:00:00,0,17.8,67.0,16.7,17541.620000000006
2015-03-19 12:00:00,0,17.8,67.0,16.7,17631.452500000003
2015-03-19 13:00:00,0,18.3,61.0,13.0,17531.5125
2015-03-19 14:00:00,0,19.4,54.0,16.7,17407.6375
2015-03-19 15:00:00,0,18.9,56.0,14.8,17541.725000000002
2015-03-19 16:00:00,0,20.6,49.0,13.0,17310.497499999998
2015-03-19 17:00:00,0,20.6,45.0,14.8,16508.14
2015-03-19 18:00:00,0,20.6,47.0,7.4,15861.49
2015-03-19 19:00:00,0,20.0,47.0,7.4,15629.679999999998
2015-03-19 20:00:00,0,18.9,54.0,5.6,15202.960000000001
2015-03-19 21:00:00,0,18.9,56.0,0.0,14712.380000000001
2015-03-19 22:00:00,0,18.9,54.0,11.1,13859.249999999995
2015-03-19 23:00:00,0,17.8,63.0,7.4,13474.94
2015-03-20 00:00:00,0,17.8,67.0,11.1,13229.099999999999
2015-03-20 01:00:00,0,17.2,70.0,9.3,13154.350000000002
2015-03-20 02:00:00,0,16.7,72.0,14.8,13293.74
2015-03-20 03:00:00,0,16.0,77.0,9.3,13295.020000000002
2015-03-20 04:00:00,0,16.7,72.0,5.6,13398.610000000002
2015-03-20 05:00:00,0,16.7,70.0,5.6,13923.220000000003
2015-03-20 06:00:00,0,16.1,75.0,0.0,14463.830000000002
2015-03-20 07:00:00,0,16.7,72.0,0.0,14813.630000000001
2015-03-20 08:00:00,0,17.2,70.0,7.4,15692.6
2015-03-20 09:00:00,0,18.3,65.0,5.6,16499.81
2015-03-20 10:00:00,0,20.0,56.0,5.6,17006.949999999993
2015-03-20 11:00:00,0,21.7,49.0,9.3,17231.739999999998
2015-03-20 12:00:00,0,23.9,40.0,5.6,17292.260000000002
2015-03-20 13:00:00,0,23.9,38.0,5.6,17251.120000000003
2015-03-20 14:00:00,0,25.6,33.0,11.1,17205.47
2015-03-20 15:00:00,0,26.7,31.0,9.3,16994.829999999998
2015-03-20 16:00:00,0,26.1,31.0,9.3,16675.990000000005
2015-03-20 17:00:00,0,26.7,31.0,11.1,15909.569999999996
2015-03-20 18:00:00,0,26.1,31.0,9.3,15158.629999999996
2015-03-20 19:00:00,0,25.6,32.0,9.3,14953.759999999997
2015-03-20 20:00:00,0,25.0,33.0,13.0,14635.82
2015-03-20 21:00:00,0,23.3,30.0,20.4,14215.600000000002
2015-03-20 22:00:00,0,23.3,29.0,11.1,13532.37
2015-03-20 23:00:00,0,21.7,32.0,5.6,13203.93
2015-03-21 00:00:00,0,22.2,31.0,11.1,12989.09
2015-03-21 01:00:00,0,20.0,42.0,9.3,12765.289999999999
2015-03-21 02:00:00,0,19.4,47.0,9.3,12714.49
2015-03-21 03:00:00,0,18.3,50.0,7.4,12692.169999999996
2015-03-21 04:00:00,0,17.8,56.0,9.3,12948.480000000003
2015-03-21 05:00:00,0,16.7,62.0,9.3,13156.639999999998
2015-03-21 06:00:00,0,16.7,62.0,13.0,13531.659999999998
2015-03-21 07:00:00,0,15.6,67.0,9.3,13612.719999999998
2015-03-21 08:00:00,0,18.3,56.0,9.3,13932.189999999999
2015-03-21 09:00:00,0,21.1,44.0,20.4,14222.459999999997
2015-03-21 10:00:00,0,22.2,41.0,14.8,14449.04
2015-03-21 11:00:00,0,24.4,35.0,7.4,14492.429999999997
2015-03-21 12:00:00,0,25.0,31.0,0.0,14591.66
2015-03-21 13:00:00,0,27.2,25.0,7.4,14568.860000000002
2015-03-21 14:00:00,0,28.3,20.0,11.1,14526.099999999999
2015-03-21 15:00:00,0,28.3,17.0,13.0,14519.900000000001
2015-03-21 16:00:00,0,29.4,20.0,18.5,14390.760000000004
2015-03-21 17:00:00,0,28.9,19.0,18.5,14076.419999999996
2015-03-21 18:00:00,0,28.3,22.0,13.0,13890.11
2015-03-21 19:00:00,0,27.2,23.0,11.1,13953.320000000003
2015-03-21 20:00:00,0,25.6,27.0,5.6,13589.15
2015-03-21 21:00:00,0,25.0,28.0,0.0,13185.12
2015-03-21 22:00:00,0,24.4,27.0,7.4,12936.56
2015-03-21 23:00:00,0,23.3,33.0,9.3,12802.679999999997
2015-03-22 00:00:00,0,21.1,36.0,14.8,12675.11
2015-03-22 01:00:00,0,20.0,45.0,11.1,12629.69
2015-03-22 02:00:00,0,18.9,50.0,11.1,12634.669999999998
2015-03-22 03:00:00,0,18.3,50.0,11.1,12754.449999999999
2015-03-22 04:00:00,0,17.2,54.0,11.1,12935.850000000002
2015-03-22 05:00:00,0,16.7,56.0,11.1,13003.41
2015-03-22 06:00:00,0,16.1,60.0,14.8,13207.640000000001
2015-03-22 07:00:00,0,15.6,57.0,11.1,13128.369999999999
2015-03-22 08:00:00,0,18.3,43.0,14.8,13277.790000000003
2015-03-22 09:00:00,0,20.6,38.0,14.8,13455.989999999998
2015-03-22 10:00:00,0,22.8,33.0,11.1,13673.069999999996
2015-03-22 11:00:00,0,25.6,28.0,14.8,13860.519999999999
2015-03-22 12:00:00,0,27.8,22.0,11.1,13999.070000000002
2015-03-22 13:00:00,0,30.0,15.0,13.0,14049.569999999998
2015-03-22 14:00:00,0,29.4,14.0,7.4,14060.800000000001
2015-03-22 15:00:00,0,29.4,13.0,9.3,14026.140000000001
2015-03-22 16:00:00,0,30.0,13.0,7.4,13993.870000000003
2015-03-22 17:00:00,0,30.6,12.0,5.6,13739.189999999999
2015-03-22 18:00:00,0,29.4,13.0,7.4,13579.63
2015-03-22 19:00:00,0,28.9,14.0,11.1,13669.369999999999
2015-03-22 20:00:00,0,26.7,17.0,5.6,13357.740000000002
2015-03-22 21:00:00,0,26.1,18.0,5.6,13174.899999999996
2015-03-22 22:00:00,0,23.3,25.0,0.0,12959.469999999998
2015-03-22 23:00:00,0,23.9,23.0,0.0,12814.9
2015-03-23 00:00:00,0,22.2,28.0,5.6,12646.550000000001
2015-03-23 01:00:00,0,21.1,32.0,11.1,12581.84
2015-03-23 02:00:00,0,20.0,35.0,7.4,12849.309999999998
2015-03-23 03:00:00,0,17.8,43.0,11.1,13055.619999999999
2015-03-23 04:00:00,0,17.8,41.0,14.8,13457.89
2015-03-23 05:00:00,0,17.2,45.0,11.1,13953.879999999997
2015-03-23 06:00:00,0,17.2,43.0,14.8,14298.86
2015-03-23 07:00:00,0,16.7,44.0,11.1,14635.419999999998
2015-03-23 08:00:00,0,18.3,40.0,13.0,15662.4
2015-03-23 09:00:00,0,21.1,30.0,14.8,16727.75999999999
2015-03-23 10:00:00,0,22.8,27.0,7.4,17279.06
2015-03-23 11:00:00,0,24.4,23.0,0.0,17521.670000000002
2015-03-23 12:00:00,0,26.1,19.0,0.0,17683.68
2015-03-23 13:00:00,0,28.9,16.0,7.4,17660.417499999996
2015-03-23 14:00:00,0,28.9,14.0,5.6,17739.777499999997
2015-03-23 15:00:00,0,30.0,13.0,13.0,17851.855
2015-03-23 16:00:00,0,29.4,13.0,9.3,17584.347500000003
2015-03-23 17:00:00,0,30.6,10.0,24.1,16829.667499999996
2015-03-23 18:00:00,0,28.9,12.0,20.4,15989.925000000005
2015-03-23 19:00:00,0,28.3,12.0,18.5,15598.744999999999
2015-03-23 20:00:00,0,27.8,13.0,13.0,15141.169999999998
2015-03-23 21:00:00,0,24.4,19.0,7.4,14628.080000000005
2015-03-23 22:00:00,0,23.3,21.0,0.0,13795.34
2015-03-23 23:00:00,0,23.3,20.0,0.0,13221.97
2015-03-24 00:00:00,0,21.7,25.0,9.3,13058.269999999997
2015-03-24 01:00:00,0,19.4,32.0,9.3,12900.720000000001
2015-03-24 02:00:00,0,18.3,33.0,7.4,13126.849999999999
2015-03-24 03:00:00,0,17.8,34.0,5.6,13105.84
2015-03-24 04:00:00,0,17.2,35.0,5.6,13253.17
2015-03-24 05:00:00,0,16.1,36.0,7.4,13738.47
2015-03-24 06:00:00,0,15.6,33.0,13.0,14456.84
2015-03-24 07:00:00,0,15.6,36.0,7.4,14839.509999999998
2015-03-24 08:00:00,0,18.0,32.0,9.3,15922.230000000001
2015-03-24 09:00:00,0,20.0,24.0,13.0,16925.070000000003
2015-03-24 10:00:00,0,21.7,19.0,9.3,17509.849999999995
2015-03-24 11:00:00,0,23.9,16.0,5.6,17676.11
2015-03-24 12:00:00,0,25.6,11.0,0.0,17860.65
2015-03-24 13:00:00,0,27.2,10.0,7.4,17980.930000000004
2015-03-24 14:00:00,0,28.9,10.0,5.6,17997.89
2015-03-24 15:00:00,0,28.9,10.0,11.1,17896.7
2015-03-24 16:00:00,0,29.4,10.0,7.4,17635.71999999999
2015-03-24 17:00:00,0,28.9,11.0,7.4,16893.52
2015-03-24 18:00:00,0,28.9,11.0,11.1,16101.129999999997
2015-03-24 19:00:00,0,27.8,13.0,16.7,15752.06
2015-03-24 20:00:00,0,27.2,14.0,9.3,15183.850000000002
2015-03-24 21:00:00,0,26.1,15.0,0.0,14689.720000000003
2015-03-24 22:00:00,0,22.8,23.0,5.6,13832.579999999996
2015-03-24 23:00:00,0,22.2,22.0,9.3,13320.02
2015-03-25 00:00:00,1,21.1,26.0,7.4,13007.590000000002
2015-03-25 01:00:00,1,20.6,27.0,0.0,12880.499999999998
2015-03-25 02:00:00,1,19.4,28.0,13.0,12997.109999999999
2015-03-25 03:00:00,1,18.9,29.0,11.1,13039.520000000002
2015-03-25 04:00:00,1,17.8,33.0,0.0,13246.180000000002
2015-03-25 05:00:00,1,17.8,29.0,7.4,13683.230000000005
2015-03-25 06:00:00,1,17.2,30.0,5.6,14291.26
2015-03-25 07:00:00,1,17.2,33.0,11.1,14767.900000000001
2015-03-25 08:00:00,1,18.3,31.0,9.3,15752.61
2015-03-25 09:00:00,1,20.6,26.0,11.1,16774.500000000004
2015-03-25 10:00:00,1,22.8,24.0,11.1,17451.35
2015-03-25 11:00:00,1,25.0,20.0,0.0,17679.100000000006
2015-03-25 12:00:00,1,26.7,17.0,7.4,17689.620000000003
2015-03-25 13:00:00,1,27.8,14.0,7.4,17830.469999999994
2015-03-25 14:00:00,1,28.9,13.0,11.1,17962.730000000003
2015-03-25 15:00:00,1,30.6,11.0,16.7,17933.13
2015-03-25 16:00:00,1,30.0,12.0,11.1,17706.569999999996
2015-03-25 17:00:00,1,30.6,12.0,16.7,16953.06
2015-03-25 18:00:00,1,30.0,13.0,16.7,16169.580000000002
2015-03-25 19:00:00,1,29.4,13.0,18.5,15742.660000000003
2015-03-25 20:00:00,1,26.7,17.0,9.3,15207.029999999999
2015-03-25 21:00:00,1,25.0,19.0,9.3,14710.210000000005
2015-03-25 22:00:00,1,24.4,19.0,9.3,13864.53
2015-03-25 23:00:00,1,25.6,17.0,16.7,13378.289999999999
2015-03-26 00:00:00,0,22.8,21.0,0.0,13144.18
2015-03-26 01:00:00,0,22.2,25.0,9.3,12959.379999999997
2015-03-26 02:00:00,0,20.6,27.0,5.6,13093.730000000003
2015-03-26 03:00:00,0,19.4,31.0,0.0,13059.579999999998
2015-03-26 04:00:00,0,18.9,32.0,0.0,13288.9
2015-03-26 05:00:00,0,18.9,30.0,0.0,13716.849999999995
2015-03-26 06:00:00,0,20.6,18.0,14.8,14398.310000000003
2015-03-26 07:00:00,0,21.7,14.0,20.4,14791.009999999998
2015-03-26 08:00:00,0,23.3,12.0,18.5,15955.09
2015-03-26 09:00:00,0,24.4,10.0,24.1,16985.150000000005
2015-03-26 10:00:00,0,25.6,9.0,24.1,17290.839999999997
2015-03-26 11:00:00,0,27.2,8.0,24.1,17720.81
2015-03-26 12:00:00,0,27.8,8.0,13.0,17882.25
2015-03-26 13:00:00,0,29.4,7.0,9.3,17907.287500000002
2015-03-26 14:00:00,0,30.0,7.0,5.6,18091.382499999996
2015-03-26 15:00:00,0,31.1,7.0,9.3,18036.14
2015-03-26 16:00:00,0,31.1,7.0,9.3,17734.4675
2015-03-26 17:00:00,0,31.1,7.0,13.0,16990.039999999994
2015-03-26 18:00:00,0,31.1,7.0,11.1,16101.919999999995
2015-03-26 19:00:00,0,30.6,8.0,9.3,15640.699999999995
2015-03-26 20:00:00,0,28.0,11.0,9.3,15097.830000000002
2015-03-26 21:00:00,0,25.6,14.0,7.4,14595.860000000004
2015-03-26 22:00:00,0,26.7,13.0,9.3,13816.529999999995
2015-03-26 23:00:00,0,26.1,14.0,5.6,13252.830000000002
2015-03-27 00:00:00,0,22.8,19.0,0.0,12926.420000000004
2015-03-27 01:00:00,0,19.4,27.0,7.4,12780.300000000001
2015-03-27 02:00:00,0,20.0,24.0,11.1,12919.930000000006
2015-03-27 03:00:00,0,18.9,27.0,9.3,13059.27
2015-03-27 04:00:00,0,19.4,26.0,9.3,13128.680000000002
2015-03-27 05:00:00,0,19.4,23.0,7.4,13528.839999999998
2015-03-27 06:00:00,0,18.9,25.0,9.3,14072.060000000003
2015-03-27 07:00:00,0,17.8,28.0,0.0,14433.230000000001
2015-03-27 08:00:00,0,20.6,23.0,9.3,15539.195000000002
2015-03-27 09:00:00,0,23.9,16.0,13.0,16437.4075
2015-03-27 10:00:00,0,26.7,12.0,18.5,17077.94
2015-03-27 11:00:00,0,28.9,10.0,11.1,17533.64
2015-03-27 12:00:00,0,30.0,9.0,7.4,17606.96
2015-03-27 13:00:00,0,32.2,7.0,7.4,17613.58
2015-03-27 14:00:00,0,32.2,7.0,9.3,17730.38
2015-03-27 15:00:00,0,33.3,6.0,7.4,17444.55
2015-03-27 16:00:00,0,33.3,6.0,11.1,17105.55
2015-03-27 17:00:00,0,32.8,6.0,0.0,16350.649999999998
2015-03-27 18:00:00,0,33.3,6.0,13.0,15436.450000000003
2015-03-27 19:00:00,0,32.2,7.0,14.8,15137.890000000001
2015-03-27 20:00:00,0,30.0,9.0,11.1,14766.219999999998
2015-03-27 21:00:00,0,27.8,12.0,0.0,14408.319999999996
2015-03-27 22:00:00,0,26.1,15.0,0.0,13662.26
2015-03-27 23:00:00,0,25.6,15.0,0.0,13174.14
2015-03-28 00:00:00,0,23.3,20.0,7.4,12894.83
2015-03-28 01:00:00,0,21.7,22.0,0.0,12765.510000000004
2015-03-28 02:00:00,0,20.6,23.0,9.3,12683.919999999998
2015-03-28 03:00:00,0,20.0,24.0,7.4,12668.089999999998
2015-03-28 04:00:00,0,19.4,25.0,11.1,12934.900000000001
2015-03-28 05:00:00,0,18.3,27.0,7.4,12999.199999999995
2015-03-28 06:00:00,0,18.3,28.0,11.1,13227.479999999996
2015-03-28 07:00:00,0,18.3,28.0,11.1,13298.050000000001
2015-03-28 08:00:00,0,20.6,25.0,9.3,13661.510000000002
2015-03-28 09:00:00,0,22.8,21.0,13.0,13954.439999999999
2015-03-28 10:00:00,0,25.6,15.0,9.3,14230.110000000002
2015-03-28 11:00:00,0,28.3,13.0,9.3,14396.679999999998
2015-03-28 12:00:00,0,30.0,11.0,5.6,14540.9
2015-03-28 13:00:00,0,32.8,9.0,9.3,14628.889999999998
2015-03-28 14:00:00,0,32.8,7.0,11.1,14636.790000000003
2015-03-28 15:00:00,0,34.4,6.0,9.3,14558.45
2015-03-28 16:00:00,0,33.9,5.0,11.1,14277.8
2015-03-28 17:00:00,0,33.9,6.0,9.3,14139.717499999999
2015-03-28 18:00:00,0,33.9,5.0,11.1,13955.765000000001
2015-03-28 19:00:00,0,32.8,6.0,13.0,14025.772500000001
2015-03-28 20:00:00,0,30.0,7.0,5.6,13725.592499999999
2015-03-28 21:00:00,0,28.9,9.0,0.0,13380.029999999997
2015-03-28 22:00:00,0,26.7,13.0,9.3,13161.315
2015-03-28 23:00:00,0,25.0,17.0,13.0,12887.690000000002
2015-03-29 00:00:00,0,23.9,18.0,13.0,12658.132500000003
2015-03-29 01:00:00,0,22.2,22.0,9.3,12535.199999999999
2015-03-29 02:00:00,0,21.7,21.0,5.6,12586.165000000003
2015-03-29 03:00:00,0,20.6,22.0,5.6,12506.012499999997
2015-03-29 04:00:00,0,19.4,25.0,9.3,12840.182500000003
2015-03-29 05:00:00,0,19.4,25.0,7.4,12851.472500000002
2015-03-29 06:00:00,0,18.9,26.0,7.4,12930.027499999998
2015-03-29 07:00:00,0,18.9,24.0,11.1,12867.182499999997
2015-03-29 08:00:00,0,21.1,24.0,14.8,13067.890000000001
2015-03-29 09:00:00,0,23.9,20.0,14.8,13303.5025
2015-03-29 10:00:00,0,26.7,13.0,11.1,13647.765000000003
2015-03-29 11:00:00,0,28.9,12.0,7.4,13876.679999999998
2015-03-29 12:00:00,0,31.1,10.0,7.4,14185.525000000001
2015-03-29 13:00:00,0,33.3,9.0,7.4,14282.777499999997
2015-03-29 14:00:00,0,36.1,6.0,14.8,14393.03
2015-03-29 15:00:00,0,35.6,6.0,13.0,14417.402500000002
2015-03-29 16:00:00,0,35.6,5.0,13.0,14181.472500000003
2015-03-29 17:00:00,0,35.0,5.0,0.0,14037.37
2015-03-29 18:00:00,0,33.9,6.0,5.6,13909.172500000006
2015-03-29 19:00:00,0,33.3,6.0,13.0,14070.217500000004
2015-03-29 20:00:00,0,32.2,7.0,9.3,13619.085000000003
2015-03-29 21:00:00,0,28.9,10.0,0.0,13447.290000000003
2015-03-29 22:00:00,0,27.8,13.0,0.0,13143.24
2015-03-29 23:00:00,0,25.6,15.0,13.0,12982.487500000001
2015-03-30 00:00:00,0,26.7,12.0,14.8,12810.88
2015-03-30 01:00:00,0,25.0,15.0,0.0,12807.729999999998
2015-03-30 02:00:00,0,23.9,18.0,11.1,12865.724999999997
2015-03-30 03:00:00,0,22.8,18.0,11.1,13092.067499999996
2015-03-30 04:00:00,0,21.7,19.0,7.4,13469.327499999998
2015-03-30 05:00:00,0,21.7,22.0,7.4,13884.570000000003
2015-03-30 06:00:00,0,21.7,20.0,11.1,14188.607499999998
2015-03-30 07:00:00,0,21.7,20.0,14.8,14562.169999999998
2015-03-30 08:00:00,0,23.3,19.0,13.0,15548.309999999998
2015-03-30 09:00:00,0,25.0,17.0,14.8,16704.429999999993
2015-03-30 10:00:00,0,27.2,14.0,14.8,17433.82
2015-03-30 11:00:00,0,29.4,12.0,5.6,17841.090000000004
2015-03-30 12:00:00,0,32.8,9.0,5.6,17919.450000000004
2015-03-30 13:00:00,0,33.3,9.0,7.4,18147.2
2015-03-30 14:00:00,0,35.0,8.0,7.4,18265.242500000004
2015-03-30 15:00:00,0,33.9,9.0,11.1,18103.559999999998
2015-03-30 16:00:00,0,34.4,8.0,7.4,17874.122499999994
2015-03-30 17:00:00,0,34.4,9.0,7.4,17256.489999999998
2015-03-30 18:00:00,0,33.9,9.0,5.6,16368.760000000002
2015-03-30 19:00:00,0,33.3,9.0,14.8,16109.249999999996
2015-03-30 20:00:00,0,32.8,10.0,9.3,15542.560000000003
2015-03-30 21:00:00,0,28.9,15.0,0.0,14928.84
2015-03-30 22:00:00,0,28.3,17.0,0.0,13977.23
2015-03-30 23:00:00,0,26.1,20.0,7.4,13445.849999999997
2015-03-31 00:00:00,0,24.4,21.0,11.1,13269.609999999999
2015-03-31 01:00:00,0,23.9,22.0,5.6,13218.859999999999
2015-03-31 02:00:00,0,22.8,23.0,7.4,13167.880000000001
2015-03-31 03:00:00,0,22.2,24.0,5.6,13162.760000000002
2015-03-31 04:00:00,0,21.7,25.0,0.0,13336.04
2015-03-31 05:00:00,0,20.6,27.0,9.3,13715.480000000003
2015-03-31 06:00:00,0,20.6,27.0,11.1,14294.460000000005
2015-03-31 07:00:00,0,20.6,27.0,7.4,14733.280000000002
2015-03-31 08:00:00,0,22.8,23.0,14.8,15777.090000000004
2015-03-31 09:00:00,0,25.0,20.0,7.4,16942.94
2015-03-31 10:00:00,0,27.2,18.0,5.6,17527.270000000004
2015-03-31 11:00:00,0,28.9,16.0,0.0,17988.15
2015-03-31 12:00:00,0,30.6,15.0,16.7,18199.760000000002
2015-03-31 13:00:00,0,32.2,14.0,9.3,18337.429999999997
2015-03-31 14:00:00,0,33.9,12.0,0.0,18543.780000000006
2015-03-31 15:00:00,0,33.9,12.0,9.3,18374.5925
2015-03-31 16:00:00,0,34.4,10.0,20.4,18118.625000000004
2015-03-31 17:00:00,0,33.9,11.0,16.7,17333.59
2015-03-31 18:00:00,0,33.3,12.0,18.5,16466.580000000005
2015-03-31 19:00:00,0,32.8,12.0,20.4,16108.689999999999
2015-03-31 20:00:00,0,31.1,14.0,13.0,15484.450000000003
2015-03-31 21:00:00,0,30.6,17.0,18.5,14991.710000000001
2015-03-31 22:00:00,0,30.0,18.0,20.4,14203.369999999999
2015-03-31 23:00:00,0,28.3,21.0,16.7,13607.23
2015-04-01 00:00:00,0,27.8,22.0,14.8,13323.040000000003
2015-04-01 01:00:00,0,26.7,23.0,11.1,13210.599999999997
2015-04-01 02:00:00,0,24.4,27.0,11.1,13205.359999999999
2015-04-01 03:00:00,0,22.8,30.0,9.3,13152.639999999996
2015-04-01 04:00:00,0,21.7,34.0,13.0,13359.100000000004
2015-04-01 05:00:00,0,21.7,34.0,13.0,13832.789999999999
2015-04-01 06:00:00,0,20.6,38.0,7.4,14382.010000000002
2015-04-01 07:00:00,0,20.6,39.0,9.3,14801.160000000002
2015-04-01 08:00:00,0,22.8,33.0,16.7,15953.369999999999
2015-04-01 09:00:00,0,24.4,30.0,14.8,16926.81
2015-04-01 10:00:00,0,27.2,24.0,16.7,17560.05
2015-04-01 11:00:00,0,28.9,19.0,16.7,17906.820000000007
2015-04-01 12:00:00,0,28.9,18.0,11.1,18055.219999999998
2015-04-01 13:00:00,0,30.6,17.0,13.0,18008.329999999998
2015-04-01 14:00:00,0,31.1,16.0,11.1,18085.4475
2015-04-01 15:00:00,0,32.2,14.0,13.0,18129.527499999997
2015-04-01 16:00:00,0,32.2,10.0,20.4,17861.984999999997
2015-04-01 17:00:00,0,31.1,12.0,14.8,16938.520000000004
2015-04-01 18:00:00,0,30.6,11.0,13.0,16175.470000000003
2015-04-01 19:00:00,0,30.0,11.0,14.8,15784.080000000005
2015-04-01 20:00:00,0,28.3,11.0,13.0,15290.599999999997
2015-04-01 21:00:00,0,26.1,13.0,7.4,14750.86
2015-04-01 22:00:00,0,26.1,12.0,5.6,13898.090000000002
2015-04-01 23:00:00,0,26.7,10.0,14.8,13389.829999999998
2015-04-02 00:00:00,0,22.8,16.0,5.6,13142.569999999998
2015-04-02 01:00:00,0,24.4,12.0,7.4,13017.88
2015-04-02 02:00:00,0,22.2,15.0,7.4,13106.789999999999
2015-04-02 03:00:00,0,20.6,22.0,13.0,13111.040000000005
2015-04-02 04:00:00,0,19.4,25.0,14.8,13347.92
2015-04-02 05:00:00,0,18.3,29.0,18.5,13802.98
2015-04-02 06:00:00,0,18.3,27.0,14.8,14365.580000000004
2015-04-02 07:00:00,0,18.3,27.0,16.7,14587.99
2015-04-02 08:00:00,0,20.0,23.0,18.5,15792.299999999996
2015-04-02 09:00:00,0,21.1,21.0,14.8,16724.34
2015-04-02 10:00:00,0,23.3,18.0,9.3,17441.1
2015-04-02 11:00:00,0,25.6,17.0,5.6,17682.899999999994
2015-04-02 12:00:00,0,27.2,16.0,16.7,17737.670000000002
2015-04-02 13:00:00,0,27.2,17.0,9.3,17837.700000000008
2015-04-02 14:00:00,0,28.9,16.0,22.2,18015.5475
2015-04-02 15:00:00,0,29.4,14.0,24.1,17910.539999999997
2015-04-02 16:00:00,0,30.6,10.0,20.4,17601.3825
2015-04-02 17:00:00,0,30.0,10.0,25.9,16886.367499999997
2015-04-02 18:00:00,0,28.9,9.0,25.9,15987.299999999996
2015-04-02 19:00:00,0,28.3,9.0,20.4,15690.067500000003
2015-04-02 20:00:00,0,27.2,8.0,14.8,15178.085
2015-04-02 21:00:00,0,23.9,15.0,7.4,14673.212500000001
2015-04-02 22:00:00,0,23.3,13.0,11.1,13818.495
2015-04-02 23:00:00,0,22.8,12.0,9.3,13386.232499999995
2015-04-03 00:00:00,0,22.2,11.0,11.1,13183.069999999998
2015-04-03 01:00:00,0,21.1,12.0,11.1,13154.907499999998
2015-04-03 02:00:00,0,18.9,15.0,7.4,13179.1775
2015-04-03 03:00:00,0,18.0,16.0,7.4,13210.599999999997
2015-04-03 04:00:00,0,16.7,19.0,5.6,13410.844999999998
2015-04-03 05:00:00,0,16.7,19.0,0.0,13930.3025
2015-04-03 06:00:00,0,16.7,19.0,5.6,14437.425
2015-04-03 07:00:00,0,17.2,23.0,5.6,14749.007500000003
2015-04-03 08:00:00,0,18.3,19.0,7.4,15604.9075
2015-04-03 09:00:00,0,22.2,13.0,18.5,16761.079999999994
2015-04-03 10:00:00,0,24.4,10.0,25.9,17120.210000000003
2015-04-03 11:00:00,0,25.6,10.0,18.5,17280.344999999998
2015-04-03 12:00:00,0,27.8,8.0,11.1,17296.629999999994
2015-04-03 13:00:00,0,27.8,7.0,13.0,17298.730000000003
2015-04-03 14:00:00,0,28.9,7.0,11.1,17339.48
2015-04-03 15:00:00,0,29.4,6.0,9.3,17119.979999999996
2015-04-03 16:00:00,0,28.9,5.0,5.6,16643.48
2015-04-03 17:00:00,0,29.4,6.0,7.4,15929.734999999997
2015-04-03 18:00:00,0,28.9,6.0,0.0,15136.150000000003
2015-04-03 19:00:00,0,27.8,7.0,5.6,14952.680000000004
2015-04-03 20:00:00,0,27.8,7.0,14.8,14589.389999999998
2015-04-03 21:00:00,0,24.4,10.0,5.6,14291.610000000004
2015-04-03 22:00:00,0,23.9,11.0,0.0,13489.39
2015-04-03 23:00:00,0,24.4,11.0,0.0,13022.759999999998
2015-04-04 00:00:00,0,21.7,14.0,0.0,12881.369999999999
2015-04-04 01:00:00,0,20.0,21.0,5.6,12767.689999999999
2015-04-04 02:00:00,0,18.9,25.0,5.6,12698.440000000002
2015-04-04 03:00:00,0,18.3,19.0,5.6,12805.239999999996
2015-04-04 04:00:00,0,17.8,21.0,5.6,12953.310000000001
2015-04-04 05:00:00,0,17.2,23.0,9.3,13076.54
2015-04-04 06:00:00,0,16.7,28.0,5.6,13224.24
2015-04-04 07:00:00,0,17.2,33.0,7.4,13153.209999999997
2015-04-04 08:00:00,0,19.4,21.0,7.4,13365.04
2015-04-04 09:00:00,0,21.1,18.0,13.0,13738.340000000002
2015-04-04 10:00:00,0,24.4,12.0,16.7,13993.010000000002
2015-04-04 11:00:00,0,26.1,11.0,5.6,14127.72
2015-04-04 12:00:00,0,27.8,11.0,0.0,14251.99
2015-04-04 13:00:00,0,29.4,8.0,0.0,14195.75
2015-04-04 14:00:00,0,30.0,8.0,5.6,14220.180000000002
2015-04-04 15:00:00,0,30.0,8.0,9.3,14201.260000000004
2015-04-04 16:00:00,0,30.6,8.0,16.7,14095.240000000002
2015-04-04 17:00:00,0,31.7,6.0,14.8,13825.78
2015-04-04 18:00:00,0,30.0,7.0,13.0,13620.17
2015-04-04 19:00:00,0,29.4,8.0,18.5,13770.439999999999
2015-04-04 20:00:00,0,28.3,8.0,11.1,13524.910000000003
2015-04-04 21:00:00,0,27.8,8.0,9.3,13171.919999999998
2015-04-04 22:00:00,0,27.8,7.0,14.8,12947.85
2015-04-04 23:00:00,0,26.7,8.0,13.0,12784.579999999998
2015-04-05 00:00:00,0,25.6,8.0,0.0,12650.149999999998
2015-04-05 01:00:00,0,24.4,10.0,0.0,12650.960000000001
2015-04-05 02:00:00,0,22.8,13.0,5.6,12672.29
2015-04-05 03:00:00,0,21.0,18.0,9.3,12556.75
2015-04-05 04:00:00,0,19.4,21.0,13.0,12845.709999999997
2015-04-05 05:00:00,0,18.3,26.0,11.1,12912.330000000002
2015-04-05 06:00:00,0,17.2,27.0,16.7,12935.870000000003
2015-04-05 07:00:00,0,17.2,27.0,14.8,12931.150000000003
2015-04-05 08:00:00,0,19.4,24.0,13.0,13098.299999999997
2015-04-05 09:00:00,0,22.8,18.0,18.5,13362.68
2015-04-05 10:00:00,0,25.0,17.0,16.7,13593.230000000001
2015-04-05 11:00:00,0,26.7,14.0,11.1,13673.770000000002
2015-04-05 12:00:00,0,28.9,11.0,16.7,13789.69
2015-04-05 13:00:00,0,30.0,10.0,14.8,13857.000000000002
2015-04-05 14:00:00,0,30.0,9.0,11.1,13866.58
2015-04-05 15:00:00,0,30.0,10.0,16.7,14040.960000000001
2015-04-05 16:00:00,0,30.6,9.0,11.1,13850.77
2015-04-05 17:00:00,0,30.6,8.0,13.0,13545.770000000002
2015-04-05 18:00:00,0,30.0,6.0,18.5,13465.78
2015-04-05 19:00:00,0,28.9,5.0,16.7,13613.499999999998
2015-04-05 20:00:00,0,27.8,6.0,16.7,13405.71
2015-04-05 21:00:00,0,26.7,8.0,11.1,13276.519999999997
2015-04-05 22:00:00,0,24.4,10.0,5.6,13029.3
2015-04-05 23:00:00,0,22.8,11.0,7.4,12840.440000000002
2015-04-06 00:00:00,0,22.8,11.0,5.6,12696.060000000003
2015-04-06 01:00:00,0,21.7,13.0,0.0,12631.969999999998
2015-04-06 02:00:00,0,19.4,19.0,11.1,12851.72
2015-04-06 03:00:00,0,18.9,18.0,13.0,13093.079999999994
2015-04-06 04:00:00,0,18.3,19.0,13.0,13493.330000000002
2015-04-06 05:00:00,0,17.2,19.0,13.0,13876.05
2015-04-06 06:00:00,0,16.1,24.0,7.4,14209.910000000002
2015-04-06 07:00:00,0,16.7,21.0,11.1,14614.790000000003
2015-04-06 08:00:00,0,18.9,19.0,13.0,15549.69
2015-04-06 09:00:00,0,21.1,18.0,5.6,16514.859999999997
2015-04-06 10:00:00,0,23.3,14.0,5.6,17130.440000000002
2015-04-06 11:00:00,0,26.7,12.0,13.0,17386.050000000003
2015-04-06 12:00:00,0,26.7,12.0,7.4,17530.28
2015-04-06 13:00:00,0,27.2,10.0,11.1,17609.27
2015-04-06 14:00:00,0,28.9,9.0,9.3,17464.739999999998
2015-04-06 15:00:00,0,29.4,6.0,14.8,17655.91
2015-04-06 16:00:00,0,28.9,5.0,22.2,17491.96
2015-04-06 17:00:00,0,28.3,6.0,27.8,16639.79
2015-04-06 18:00:00,0,27.8,6.0,18.5,15790.090000000004
2015-04-06 19:00:00,0,27.2,6.0,22.2,15476.94
2015-04-06 20:00:00,0,26.1,7.0,13.0,15036.930000000002
2015-04-06 21:00:00,0,25.0,7.0,9.3,14619.029999999999
2015-04-06 22:00:00,0,22.2,10.0,9.3,13774.420000000004
2015-04-06 23:00:00,0,21.1,12.0,9.3,13277.000000000002
2015-04-07 00:00:00,0,20.0,13.0,9.3,13070.920000000002
2015-04-07 01:00:00,0,20.0,14.0,5.6,12914.94
2015-04-07 02:00:00,0,18.3,16.0,16.7,13173.710000000001
2015-04-07 03:00:00,0,17.2,20.0,9.3,13061.16
2015-04-07 04:00:00,0,16.7,22.0,16.7,13222.519999999999
2015-04-07 05:00:00,0,15.0,26.0,16.7,13916.490000000002
2015-04-07 06:00:00,0,15.0,26.0,13.0,14347.710000000003
2015-04-07 07:00:00,0,15.6,25.0,11.1,14815.880000000001
2015-04-07 08:00:00,0,18.3,20.0,11.1,15849.777500000004
2015-04-07 09:00:00,0,21.1,15.0,14.8,16872.587499999998
2015-04-07 10:00:00,0,23.9,13.0,14.8,17490.06
2015-04-07 11:00:00,0,25.6,9.0,18.5,17686.1
2015-04-07 12:00:00,0,27.2,7.0,24.1,17833.410000000003
2015-04-07 13:00:00,0,27.2,8.0,0.0,18028.169999999995
2015-04-07 14:00:00,0,26.7,9.0,7.4,18017.45
2015-04-07 15:00:00,0,27.8,9.0,22.2,17947.722499999996
2015-04-07 16:00:00,0,27.2,9.0,22.2,17662.642499999994
2015-04-07 17:00:00,0,27.8,9.0,20.4,16766.570000000003
2015-04-07 18:00:00,0,27.2,9.0,24.1,15904.71
2015-04-07 19:00:00,0,26.1,9.0,20.4,15609.739999999996
2015-04-07 20:00:00,0,25.0,8.0,18.5,15119.5
2015-04-07 21:00:00,0,24.4,10.0,16.7,14621.649999999998
2015-04-07 22:00:00,0,21.1,13.0,9.3,13819.630000000003
2015-04-07 23:00:00,0,20.0,15.0,7.4,13230.2
2015-04-08 00:00:00,0,21.7,13.0,14.8,12993.38
2015-04-08 01:00:00,0,21.7,13.0,20.4,12938.100000000002
2015-04-08 02:00:00,0,20.6,15.0,24.1,13029.219999999998
2015-04-08 03:00:00,0,19.4,19.0,20.4,13110.439999999999
2015-04-08 04:00:00,0,18.9,20.0,11.1,13299.269999999997
2015-04-08 05:00:00,0,18.9,21.0,5.6,13720.55
2015-04-08 06:00:00,0,17.8,24.0,7.4,14317.040000000003
2015-04-08 07:00:00,0,17.2,27.0,18.5,14870.569999999998
2015-04-08 08:00:00,0,17.2,34.0,16.7,15672.050000000001
2015-04-08 09:00:00,0,18.3,33.0,22.2,16523.43
2015-04-08 10:00:00,0,18.9,33.0,16.7,17123.64
2015-04-08 11:00:00,0,21.1,29.0,16.7,17427.307499999995
2015-04-08 12:00:00,0,22.8,25.0,22.2,17515.422500000004
2015-04-08 13:00:00,0,23.9,22.0,13.0,17620.82
2015-04-08 14:00:00,0,23.9,21.0,14.8,17608.7125
2015-04-08 15:00:00,0,25.0,18.0,25.9,17625.96
2015-04-08 16:00:00,0,25.0,12.0,11.1,17244.33
2015-04-08 17:00:00,0,25.0,11.0,18.5,16472.219999999998
2015-04-08 18:00:00,0,24.4,8.0,24.1,15691.71
2015-04-08 19:00:00,0,23.3,10.0,20.4,15447.999999999998
2015-04-08 20:00:00,0,22.8,9.0,16.7,15112.41
2015-04-08 21:00:00,0,20.0,15.0,13.0,14627.100000000002
2015-04-08 22:00:00,0,18.9,15.0,5.6,13875.78
2015-04-08 23:00:00,0,18.3,15.0,5.6,13330.230000000001
2015-04-09 00:00:00,0,17.2,17.0,7.4,13008.0225
2015-04-09 01:00:00,0,17.2,16.0,0.0,12967.880000000001
2015-04-09 02:00:00,0,16.7,18.0,0.0,13189.809999999998
2015-04-09 03:00:00,0,15.0,26.0,7.4,13134.567500000003
2015-04-09 04:00:00,0,13.9,27.0,7.4,13505.575000000003
2015-04-09 05:00:00,0,13.9,25.0,0.0,14051.580000000002
2015-04-09 06:00:00,0,13.3,25.0,7.4,14685.882500000003
2015-04-09 07:00:00,0,13.3,23.0,11.1,15261.922499999997
2015-04-09 08:00:00,0,15.6,20.0,7.4,16119.0
2015-04-09 09:00:00,0,19.4,15.0,13.0,16929.317499999997
2015-04-09 10:00:00,0,22.2,11.0,16.7,17396.935
2015-04-09 11:00:00,0,23.3,10.0,14.8,17553.632499999996
2015-04-09 12:00:00,0,24.4,10.0,13.0,17582.512500000004
2015-04-09 13:00:00,0,25.6,9.0,13.0,17666.022499999995
2015-04-09 14:00:00,0,27.8,8.0,14.8,17723.695
2015-04-09 15:00:00,0,26.1,9.0,0.0,17638.485000000004
2015-04-09 16:00:00,0,26.1,8.0,5.6,17299.7225
2015-04-09 17:00:00,0,27.2,7.0,9.3,16559.479999999996
2015-04-09 18:00:00,0,26.7,7.0,14.8,15866.4375
2015-04-09 19:00:00,0,26.1,8.0,16.7,15445.655
2015-04-09 20:00:00,0,25.0,8.0,13.0,15059.887499999997
2015-04-09 21:00:00,0,25.0,9.0,9.3,14534.479999999998
2015-04-09 22:00:00,0,21.7,14.0,0.0,13708.8175
2015-04-09 23:00:00,0,21.1,14.0,0.0,13192.060000000001
2015-04-10 00:00:00,0,20.0,15.0,5.6,12954.175
2015-04-10 01:00:00,0,18.3,19.0,11.1,12900.892499999996
2015-04-10 02:00:00,0,17.2,23.0,7.4,13024.9075
2015-04-10 03:00:00,0,16.7,21.0,9.3,12995.655
2015-04-10 04:00:00,0,15.6,27.0,11.1,13291.4475
2015-04-10 05:00:00,0,15.0,25.0,13.0,13685.292500000001
2015-04-10 06:00:00,0,14.4,28.0,9.3,14445.332500000002
2015-04-10 07:00:00,0,14.4,26.0,9.3,15112.797500000002
2015-04-10 08:00:00,0,17.8,21.0,9.3,15827.22
2015-04-10 09:00:00,0,20.6,16.0,13.0,16544.452500000003
2015-04-10 10:00:00,0,22.2,13.0,11.1,17088.032500000005
2015-04-10 11:00:00,0,25.0,11.0,5.6,16899.420000000002
2015-04-10 12:00:00,0,26.7,8.0,9.3,17171.260000000002
2015-04-10 13:00:00,0,28.3,7.0,9.3,17258.54
2015-04-10 14:00:00,0,28.3,8.0,9.3,17302.422499999997
2015-04-10 15:00:00,0,30.0,7.0,9.3,17065.412500000006
2015-04-10 16:00:00,0,28.9,8.0,5.6,16658.0175
2015-04-10 17:00:00,0,29.4,8.0,9.3,15881.41
2015-04-10 18:00:00,0,29.4,7.0,9.3,15015.072499999998
2015-04-10 19:00:00,0,28.3,8.0,11.1,14726.577500000001
2015-04-10 20:00:00,0,27.2,10.0,13.0,14390.9025
2015-04-10 21:00:00,0,26.7,10.0,11.1,14098.147500000003
2015-04-10 22:00:00,0,23.3,15.0,0.0,13392.817499999996
2015-04-10 23:00:00,0,23.3,14.0,0.0,12971.5325
2015-04-11 00:00:00,0,22.2,16.0,0.0,12670.4375
2015-04-11 01:00:00,0,20.0,18.0,0.0,12559.682500000003
2015-04-11 02:00:00,0,18.9,20.0,7.4,12705.525000000001
2015-04-11 03:00:00,0,18.9,22.0,11.1,12562.987500000003
2015-04-11 04:00:00,0,17.8,25.0,0.0,12828.64
2015-04-11 05:00:00,0,16.7,25.0,13.0,12979.859999999999
2015-04-11 06:00:00,0,15.6,26.0,9.3,13001.077499999996
2015-04-11 07:00:00,0,16.1,24.0,11.1,13215.112500000001
2015-04-11 08:00:00,0,18.9,21.0,13.0,13688.7775
2015-04-11 09:00:00,0,22.0,20.0,9.3,13749.409999999998
2015-04-11 10:00:00,0,23.9,20.0,0.0,13929.810000000003
2015-04-11 11:00:00,0,25.0,19.0,7.4,14088.242499999998
2015-04-11 12:00:00,0,26.1,15.0,7.4,14152.164999999997
2015-04-11 13:00:00,0,27.2,12.0,9.3,14095.050000000003
2015-04-11 14:00:00,0,27.8,10.0,5.6,14167.954999999998
2015-04-11 15:00:00,0,27.8,10.0,5.6,14130.005000000003
2015-04-11 16:00:00,0,28.3,10.0,0.0,14047.025000000001
2015-04-11 17:00:00,0,28.9,9.0,0.0,13795.922500000004
2015-04-11 18:00:00,0,28.9,10.0,13.0,13559.157500000001
2015-04-11 19:00:00,0,27.8,10.0,13.0,13643.150000000005
2015-04-11 20:00:00,0,27.2,11.0,11.1,13410.034999999998
2015-04-11 21:00:00,0,26.1,14.0,9.3,13144.4075
2015-04-11 22:00:00,0,23.9,18.0,0.0,12951.084999999997
2015-04-11 23:00:00,0,22.2,20.0,5.6,12837.179999999998
2015-04-12 00:00:00,0,23.9,18.0,5.6,12514.5375
2015-04-12 01:00:00,0,22.8,21.0,7.4,12520.39
2015-04-12 02:00:00,0,22.2,20.0,0.0,12630.045000000002
2015-04-12 03:00:00,0,21.1,20.0,7.4,12542.437499999996
2015-04-12 04:00:00,0,20.0,23.0,11.1,12730.122499999998
2015-04-12 05:00:00,0,18.3,26.0,7.4,12967.735000000006
2015-04-12 06:00:00,0,20.0,23.0,11.1,12759.0275
2015-04-12 07:00:00,0,18.9,24.0,7.4,12822.677499999998
2015-04-12 08:00:00,0,20.6,20.0,7.4,13064.1625
2015-04-12 09:00:00,0,21.7,23.0,11.1,13333.294999999996
2015-04-12 10:00:00,0,22.8,22.0,9.3,13617.3575
2015-04-12 11:00:00,0,24.4,22.0,14.8,13748.455
2015-04-12 12:00:00,0,25.6,23.0,20.4,13834.482500000002
2015-04-12 13:00:00,0,27.2,20.0,18.5,13866.992499999998
2015-04-12 14:00:00,0,27.8,20.0,27.8,14033.79
2015-04-12 15:00:00,0,28.3,20.0,25.9,13957.865000000002
2015-04-12 16:00:00,0,28.9,21.0,24.1,13786.062499999998
2015-04-12 17:00:00,0,28.9,21.0,13.0,13563.210000000003
2015-04-12 18:00:00,0,28.3,22.0,18.5,13443.045000000002
2015-04-12 19:00:00,0,28.3,21.0,16.7,13573.500000000002
2015-04-12 20:00:00,0,27.2,23.0,9.3,13301.119999999997
2015-04-12 21:00:00,0,25.0,28.0,9.3,13082.722500000002
2015-04-12 22:00:00,0,23.9,31.0,9.3,12912.545000000002
2015-04-12 23:00:00,0,23.3,30.0,14.8,12710.34
2015-04-13 00:00:00,0,22.2,31.0,7.4,12632.2925
2015-04-13 01:00:00,0,21.7,35.0,11.1,12658.7
2015-04-13 02:00:00,0,20.6,40.0,11.1,12800.292500000001
2015-04-13 03:00:00,0,19.4,45.0,9.3,13055.267500000004
2015-04-13 04:00:00,0,18.9,47.0,13.0,13374.954999999998
2015-04-13 05:00:00,0,17.8,52.0,11.1,13752.237500000001
2015-04-13 06:00:00,0,17.2,54.0,9.3,13959.887499999999
2015-04-13 07:00:00,0,18.3,52.0,11.1,14551.352499999995
2015-04-13 08:00:00,0,19.4,51.0,9.3,15618.694999999994
2015-04-13 09:00:00,0,21.7,44.0,5.6,16758.685
2015-04-13 10:00:00,0,23.9,37.0,5.6,17338.83
2015-04-13 11:00:00,0,25.0,32.0,0.0,17575.5125
2015-04-13 12:00:00,0,27.2,28.0,9.3,17653.785
2015-04-13 13:00:00,0,28.9,25.0,11.1,17847.395000000004
2015-04-13 14:00:00,0,28.9,22.0,14.8,17805.6775
2015-04-13 15:00:00,0,31.7,16.0,14.8,17861.990000000005
2015-04-13 16:00:00,0,31.7,16.0,13.0,17578.995000000003
2015-04-13 17:00:00,0,32.2,14.0,18.5,16859.1
2015-04-13 18:00:00,0,31.7,12.0,14.8,16111.017500000002
2015-04-13 19:00:00,0,31.1,13.0,13.0,15715.627500000004
2015-04-13 20:00:00,0,28.9,17.0,5.6,15238.074999999995
2015-04-13 21:00:00,0,27.2,20.0,0.0,14714.894999999999
2015-04-13 22:00:00,0,26.7,20.0,5.6,13957.335
2015-04-13 23:00:00,0,25.0,24.0,9.3,13421.2125
2015-04-14 00:00:00,0,23.9,27.0,14.8,13242.92
2015-04-14 01:00:00,0,22.8,28.0,13.0,13014.869999999997
2015-04-14 02:00:00,0,22.2,28.0,5.6,13134.480000000001
2015-04-14 03:00:00,0,21.1,30.0,14.8,13131.059999999996
2015-04-14 04:00:00,0,20.6,35.0,14.8,13197.000000000002
2015-04-14 05:00:00,0,19.4,37.0,13.0,13675.849999999999
2015-04-14 06:00:00,0,19.4,37.0,0.0,14095.879999999996
2015-04-14 07:00:00,0,20.0,37.0,13.0,14727.800000000001
2015-04-14 08:00:00,0,22.8,33.0,11.1,16046.19
2015-04-14 09:00:00,0,25.0,28.0,13.0,16989.879999999997
2015-04-14 10:00:00,0,27.2,23.0,16.7,17560.24
2015-04-14 11:00:00,0,29.4,20.0,22.2,17915.210000000003
2015-04-14 12:00:00,0,30.6,17.0,14.8,18029.807500000003
2015-04-14 13:00:00,0,31.7,14.0,11.1,18120.405000000002
2015-04-14 14:00:00,0,32.2,14.0,9.3,18201.12500000001
2015-04-14 15:00:00,0,33.9,11.0,20.4,18120.1575
2015-04-14 16:00:00,0,33.9,10.0,27.8,17817.459999999995
2015-04-14 17:00:00,0,33.3,11.0,18.5,17023.3175
2015-04-14 18:00:00,0,32.8,9.0,25.9,16230.332499999999
2015-04-14 19:00:00,0,31.7,8.0,37.0,15790.780000000002
2015-04-14 20:00:00,0,30.0,10.0,22.2,15268.429999999998
2015-04-14 21:00:00,0,27.8,12.0,13.0,14662.18
2015-04-14 22:00:00,0,25.6,15.0,9.3,13881.8
2015-04-14 23:00:00,0,26.1,15.0,7.4,13441.390000000003
2015-04-15 00:00:00,0,24.4,16.0,7.4,13215.810000000001
2015-04-15 01:00:00,0,25.6,17.0,13.0,13138.999999999996
2015-04-15 02:00:00,0,24.4,18.0,13.0,13109.64
2015-04-15 03:00:00,0,21.1,24.0,5.6,13111.909999999996
2015-04-15 04:00:00,0,21.7,23.0,7.4,13258.8
2015-04-15 05:00:00,0,22.2,19.0,14.8,13670.63
2015-04-15 06:00:00,0,20.6,16.0,16.7,13987.369999999999
2015-04-15 07:00:00,0,20.0,18.0,9.3,14620.159999999996
2015-04-15 08:00:00,0,21.1,11.0,11.1,15643.150000000003
2015-04-15 09:00:00,0,22.2,9.0,11.1,16606.95
2015-04-15 10:00:00,0,23.3,7.0,13.0,17054.770000000004
2015-04-15 11:00:00,0,25.0,5.0,22.2,17421.032499999998
2015-04-15 12:00:00,0,25.6,4.0,20.4,17513.325
2015-04-15 13:00:00,0,25.6,6.0,22.2,17584.350000000006
2015-04-15 14:00:00,0,28.3,4.0,24.1,17706.300000000003
2015-04-15 15:00:00,0,28.3,4.0,29.6,17697.670000000002
2015-04-15 16:00:00,0,28.3,4.0,38.9,17374.06
2015-04-15 17:00:00,0,27.2,4.0,29.6,16643.479999999996
2015-04-15 18:00:00,0,26.7,4.0,31.5,15817.539999999999
2015-04-15 19:00:00,0,25.0,6.0,24.1,15519.799999999996
2015-04-15 20:00:00,0,22.8,6.0,18.5,15100.990000000002
2015-04-15 21:00:00,0,22.2,5.0,33.3,14586.099999999997
2015-04-15 22:00:00,0,21.7,6.0,24.1,13846.729999999996
2015-04-15 23:00:00,0,20.0,6.0,27.8,13395.320000000002
2015-04-16 00:00:00,0,18.3,8.0,20.4,13199.210000000001
2015-04-16 01:00:00,0,17.8,8.0,25.9,13022.189999999997
2015-04-16 02:00:00,0,16.7,9.0,11.1,13090.21
2015-04-16 03:00:00,0,15.6,10.0,20.4,13134.389999999996
2015-04-16 04:00:00,0,15.0,11.0,11.1,13329.650000000003
2015-04-16 05:00:00,0,13.9,12.0,20.4,13810.980000000003
2015-04-16 06:00:00,0,13.9,13.0,7.4,14233.28
2015-04-16 07:00:00,0,13.9,14.0,16.7,14942.340000000007
2015-04-16 08:00:00,0,16.7,11.0,5.6,15961.989999999998
2015-04-16 09:00:00,0,17.2,11.0,7.4,16730.910000000003
2015-04-16 10:00:00,0,18.3,9.0,5.6,17243.31
2015-04-16 11:00:00,0,20.0,8.0,20.4,17451.889999999996
2015-04-16 12:00:00,0,21.1,7.0,16.7,17583.090000000007
2015-04-16 13:00:00,0,21.1,8.0,5.6,17617.4
2015-04-16 14:00:00,0,22.2,8.0,5.6,17650.8
2015-04-16 15:00:00,0,22.8,8.0,27.8,17475.090000000004
2015-04-16 16:00:00,0,23.3,8.0,18.5,17192.030000000002
2015-04-16 17:00:00,0,23.9,8.0,20.4,16425.17
2015-04-16 18:00:00,0,23.3,8.0,18.5,15718.689999999997
2015-04-16 19:00:00,0,22.8,9.0,18.5,15468.24
2015-04-16 20:00:00,0,22.2,10.0,20.4,14979.810000000001
2015-04-16 21:00:00,0,21.1,11.0,18.5,14650.86
2015-04-16 22:00:00,0,19.4,13.0,9.3,13922.789999999999
2015-04-16 23:00:00,0,19.4,14.0,0.0,13481.37
2015-04-17 00:00:00,0,18.3,16.0,7.4,13208.48
2015-04-17 01:00:00,0,16.1,20.0,9.3,13062.050000000001
2015-04-17 02:00:00,0,15.6,22.0,5.6,13301.789999999999
2015-04-17 03:00:00,0,15.0,21.0,16.7,13198.980000000005
2015-04-17 04:00:00,0,13.9,22.0,5.6,13371.069999999996
2015-04-17 05:00:00,0,13.3,24.0,5.6,13839.03
2015-04-17 06:00:00,0,13.3,26.0,9.3,14408.859999999999
2015-04-17 07:00:00,0,13.9,27.0,0.0,15112.04
2015-04-17 08:00:00,0,16.1,22.0,9.3,15835.18
2015-04-17 09:00:00,0,18.3,22.0,0.0,16515.93
2015-04-17 10:00:00,0,20.0,20.0,5.6,16992.899999999998
2015-04-17 11:00:00,0,22.2,17.0,7.4,17268.09
2015-04-17 12:00:00,0,22.2,16.0,0.0,17282.999999999993
2015-04-17 13:00:00,0,24.4,13.0,11.1,17184.749999999996
2015-04-17 14:00:00,0,26.1,11.0,11.1,17202.16
2015-04-17 15:00:00,0,26.1,12.0,22.2,16890.452500000003
2015-04-17 16:00:00,0,26.1,12.0,14.8,16560.567500000005
2015-04-17 17:00:00,0,26.7,10.0,18.5,15949.740000000002
2015-04-17 18:00:00,0,27.2,10.0,20.4,15094.370000000003
2015-04-17 19:00:00,0,26.1,11.0,14.8,14845.81
2015-04-17 20:00:00,0,25.0,12.0,13.0,14509.849999999999
2015-04-17 21:00:00,0,23.3,15.0,9.3,14239.85
2015-04-17 22:00:00,0,22.8,14.0,11.1,13595.709999999997
2015-04-17 23:00:00,0,22.2,13.0,11.1,13187.580000000002
2015-04-18 00:00:00,0,21.1,16.0,9.3,12825.330000000002
2015-04-18 01:00:00,0,20.0,17.0,7.4,12777.380000000001
2015-04-18 02:00:00,0,18.9,19.0,9.3,12762.960000000001
2015-04-18 03:00:00,0,17.2,23.0,5.6,12726.319999999996
2015-04-18 04:00:00,0,16.7,23.0,14.8,12972.380000000001
2015-04-18 05:00:00,0,16.1,26.0,9.3,13026.229999999998
2015-04-18 06:00:00,0,15.6,26.0,7.4,12966.89
2015-04-18 07:00:00,0,15.6,27.0,11.1,13193.740000000002
2015-04-18 08:00:00,0,18.3,22.0,11.1,13588.050000000003
2015-04-18 09:00:00,0,20.6,19.0,9.3,13898.150000000001
2015-04-18 10:00:00,0,23.3,16.0,7.4,14124.37
2015-04-18 11:00:00,0,25.0,13.0,0.0,14263.749999999998
2015-04-18 12:00:00,0,28.3,9.0,16.7,14328.039999999999
2015-04-18 13:00:00,0,30.6,8.0,18.5,14296.630000000001
2015-04-18 14:00:00,0,30.6,7.0,25.9,14308.809999999996
2015-04-18 15:00:00,0,30.6,8.0,20.4,14270.029999999999
2015-04-18 16:00:00,0,31.7,7.0,24.1,14168.599999999999
2015-04-18 17:00:00,0,31.7,7.0,16.7,13956.53
2015-04-18 18:00:00,0,31.1,7.0,16.7,13780.480000000001
2015-04-18 19:00:00,0,30.0,7.0,16.7,13885.98
2015-04-18 20:00:00,0,27.8,9.0,11.1,13626.62
2015-04-18 21:00:00,0,26.7,9.0,9.3,13282.52
2015-04-18 22:00:00,0,26.7,10.0,14.8,13136.98
2015-04-18 23:00:00,0,25.6,11.0,11.1,12945.400000000001
2015-04-19 00:00:00,0,25.6,11.0,11.1,12798.77
2015-04-19 01:00:00,0,23.9,15.0,11.1,12678.570000000002
2015-04-19 02:00:00,0,22.2,17.0,7.4,12666.83
2015-04-19 03:00:00,0,20.0,21.0,5.6,12612.82
2015-04-19 04:00:00,0,19.4,23.0,7.4,12793.259999999998
2015-04-19 05:00:00,0,18.3,23.0,9.3,12885.139999999998
2015-04-19 06:00:00,0,16.7,24.0,11.1,12777.849999999999
2015-04-19 07:00:00,0,18.3,22.0,13.0,13010.0
2015-04-19 08:00:00,0,20.6,21.0,13.0,13346.91
2015-04-19 09:00:00,0,23.3,19.0,9.3,13551.599999999997
2015-04-19 10:00:00,0,25.6,15.0,7.4,13749.830000000002
2015-04-19 11:00:00,0,27.2,13.0,0.0,13919.150000000001
2015-04-19 12:00:00,0,29.4,11.0,7.4,14065.200000000003
2015-04-19 13:00:00,0,30.0,10.0,0.0,14185.780000000002
2015-04-19 14:00:00,0,32.2,8.0,11.1,14292.039999999997
2015-04-19 15:00:00,0,32.8,7.0,13.0,14351.740000000002
2015-04-19 16:00:00,0,32.2,7.0,18.5,14217.499999999998
2015-04-19 17:00:00,0,32.2,7.0,14.8,14020.660000000002
2015-04-19 18:00:00,0,32.2,7.0,9.3,13821.8
2015-04-19 19:00:00,0,31.7,7.0,18.5,13932.41
2015-04-19 20:00:00,0,29.4,8.0,7.4,13630.650000000001
2015-04-19 21:00:00,0,27.2,11.0,7.4,13513.000000000002
2015-04-19 22:00:00,0,26.7,12.0,0.0,13312.55
2015-04-19 23:00:00,0,27.8,11.0,5.6,13133.069999999998
2015-04-20 00:00:00,0,24.4,16.0,5.6,13025.379999999996
2015-04-20 01:00:00,0,25.0,13.0,7.4,12953.849999999999
2015-04-20 02:00:00,0,21.7,22.0,0.0,12993.41
2015-04-20 03:00:00,0,20.6,24.0,5.6,13119.892500000002
2015-04-20 04:00:00,0,20.0,25.0,11.1,13475.09
2015-04-20 05:00:00,0,18.9,28.0,14.8,13828.13
2015-04-20 06:00:00,0,18.3,26.0,18.5,14064.44
2015-04-20 07:00:00,0,18.9,22.0,18.5,14677.16
2015-04-20 08:00:00,0,21.1,19.0,16.7,15697.87
2015-04-20 09:00:00,0,23.9,15.0,9.3,16669.45
2015-04-20 10:00:00,0,26.7,12.0,9.3,17342.329999999994
2015-04-20 11:00:00,0,28.9,10.0,7.4,17617.540000000005
2015-04-20 12:00:00,0,28.9,10.0,7.4,17610.87
2015-04-20 13:00:00,0,31.1,9.0,5.6,17820.579999999994
2015-04-20 14:00:00,0,31.7,8.0,7.4,17924.23
2015-04-20 15:00:00,0,32.2,8.0,0.0,17908.850000000002
2015-04-20 16:00:00,0,32.8,7.0,5.6,17705.270000000004
2015-04-20 17:00:00,0,32.2,8.0,0.0,16889.43
2015-04-20 18:00:00,0,32.2,7.0,18.5,16097.77
2015-04-20 19:00:00,0,31.7,7.0,14.8,15684.829999999998
2015-04-20 20:00:00,0,31.1,8.0,14.8,15356.32
2015-04-20 21:00:00,0,27.8,11.0,9.3,14683.319999999996
2015-04-20 22:00:00,0,26.7,13.0,14.8,13897.009999999995
2015-04-20 23:00:00,0,26.7,13.0,20.4,13431.890000000001
2015-04-21 00:00:00,0,25.6,15.0,13.0,13135.810000000001
2015-04-21 01:00:00,0,25.0,15.0,9.3,13131.74
2015-04-21 02:00:00,0,22.8,20.0,11.1,13071.03
2015-04-21 03:00:00,0,20.6,22.0,11.1,12964.589999999998
2015-04-21 04:00:00,0,20.6,22.0,11.1,13117.190000000002
2015-04-21 05:00:00,0,20.6,21.0,11.1,13542.98
2015-04-21 06:00:00,0,18.9,23.0,9.3,13945.590000000002
2015-04-21 07:00:00,0,19.4,22.0,13.0,14652.550000000003
2015-04-21 08:00:00,0,21.7,17.0,14.8,15769.54
2015-04-21 09:00:00,0,23.9,13.0,7.4,16937.69
2015-04-21 10:00:00,0,26.1,11.0,16.7,17501.18
2015-04-21 11:00:00,0,28.3,9.0,13.0,17930.81000000001
2015-04-21 12:00:00,0,29.4,8.0,7.4,17935.95
2015-04-21 13:00:00,0,30.0,8.0,7.4,18035.580000000005
2015-04-21 14:00:00,0,31.1,5.0,14.8,18180.749999999996
2015-04-21 15:00:00,0,31.7,6.0,22.2,18102.8
2015-04-21 16:00:00,0,31.7,7.0,11.1,17698.21
2015-04-21 17:00:00,0,31.1,6.0,18.5,16870.899999999998
2015-04-21 18:00:00,0,31.1,6.0,11.1,15967.649999999998
2015-04-21 19:00:00,0,29.4,8.0,24.1,15696.149999999996
2015-04-21 20:00:00,0,28.3,12.0,25.9,15289.100000000006
2015-04-21 21:00:00,0,26.7,12.0,24.1,14724.030000000004
2015-04-21 22:00:00,0,25.0,17.0,18.5,13864.95
2015-04-21 23:00:00,0,24.4,16.0,16.7,13352.119999999995
2015-04-22 00:00:00,0,23.3,18.0,9.3,13053.399999999998
2015-04-22 01:00:00,0,21.7,20.0,13.0,12990.58
2015-04-22 02:00:00,0,21.1,19.0,13.0,12924.289999999999
2015-04-22 03:00:00,0,19.4,22.0,11.1,12943.26
2015-04-22 04:00:00,0,19.4,24.0,0.0,13110.23
2015-04-22 05:00:00,0,18.3,28.0,9.3,13461.17
2015-04-22 06:00:00,0,18.3,29.0,5.6,13874.460000000003
2015-04-22 07:00:00,0,19.4,28.0,9.3,14612.230000000007
2015-04-22 08:00:00,0,20.6,29.0,13.0,15721.130000000001
2015-04-22 09:00:00,0,22.2,27.0,7.4,16645.98
2015-04-22 10:00:00,0,24.4,23.0,11.1,17122.047500000004
2015-04-22 11:00:00,0,25.6,19.0,11.1,17463.825
2015-04-22 12:00:00,0,26.7,15.0,5.6,17641.089999999997
2015-04-22 13:00:00,0,29.4,12.0,11.1,17629.38
2015-04-22 14:00:00,0,28.9,10.0,14.8,17809.629999999997
2015-04-22 15:00:00,0,30.0,10.0,7.4,17817.989999999998
2015-04-22 16:00:00,0,31.1,8.0,16.7,17408.300000000003
2015-04-22 17:00:00,0,31.1,7.0,24.1,16691.819999999996
2015-04-22 18:00:00,0,29.4,8.0,20.4,15895.759999999998
2015-04-22 19:00:00,0,28.3,11.0,25.9,15605.130000000001
2015-04-22 20:00:00,0,26.7,15.0,24.1,15318.1425
2015-04-22 21:00:00,0,25.0,16.0,22.2,14679.275
2015-04-22 22:00:00,0,23.9,16.0,16.7,13806.0175
2015-04-22 23:00:00,0,23.3,16.0,9.3,13322.5625
2015-04-23 00:00:00,0,21.7,19.0,5.6,13062.3525
2015-04-23 01:00:00,0,21.1,20.0,11.1,13002.257500000002
2015-04-23 02:00:00,0,20.0,21.0,16.7,13013.5375
2015-04-23 03:00:00,0,19.4,26.0,13.0,12984.960000000001
2015-04-23 04:00:00,0,18.9,28.0,7.4,13188.472499999996
2015-04-23 05:00:00,0,17.8,30.0,5.6,13565.630000000003
2015-04-23 06:00:00,0,17.2,30.0,5.6,13895.929999999998
2015-04-23 07:00:00,0,18.9,28.0,7.4,14604.2
2015-04-23 08:00:00,0,20.0,28.0,5.6,15680.337500000001
2015-04-23 09:00:00,0,21.7,23.0,7.4,16536.7025
2015-04-23 10:00:00,0,22.2,20.0,7.4,16846.335000000003
2015-04-23 11:00:00,0,23.3,18.0,0.0,17556.890000000003
2015-04-23 12:00:00,0,25.0,16.0,7.4,17669.3675
2015-04-23 13:00:00,0,25.6,17.0,7.4,17540.182499999995
2015-04-23 14:00:00,0,26.7,16.0,7.4,17586.984999999997
2015-04-23 15:00:00,0,26.7,17.0,5.6,17671.684999999998
2015-04-23 16:00:00,0,27.8,16.0,16.7,17420.215
2015-04-23 17:00:00,0,27.2,16.0,18.5,16645.014999999996
2015-04-23 18:00:00,0,27.2,18.0,7.4,15807.819999999998
2015-04-23 19:00:00,0,26.7,18.0,18.5,15469.429999999997
2015-04-23 20:00:00,0,26.1,20.0,16.7,15203.772499999995
2015-04-23 21:00:00,0,24.4,25.0,14.8,14660.12
2015-04-23 22:00:00,0,23.3,28.0,18.5,13923.595
2015-04-23 23:00:00,0,22.2,31.0,16.7,13421.407500000001
2015-04-24 00:00:00,0,21.7,32.0,9.3,13103.5475
2015-04-24 01:00:00,0,20.6,33.0,5.6,12931.6725
2015-04-24 02:00:00,0,18.9,36.0,13.0,12967.987500000001
2015-04-24 03:00:00,0,18.3,40.0,9.3,12979.5275
2015-04-24 04:00:00,0,17.2,46.0,13.0,13065.922499999999
2015-04-24 05:00:00,0,17.2,50.0,13.0,13596.399999999998
2015-04-24 06:00:00,0,17.2,52.0,13.0,13934.19
2015-04-24 07:00:00,0,16.7,56.0,13.0,14381.350000000002
2015-04-24 08:00:00,0,17.8,54.0,13.0,15321.799999999997
2015-04-24 09:00:00,0,17.8,65.0,13.0,16143.320000000005
2015-04-24 10:00:00,0,19.4,51.0,0.0,16764.88
2015-04-24 11:00:00,0,22.2,44.0,13.0,17067.07
2015-04-24 12:00:00,0,22.8,42.0,5.6,17124.070000000003
2015-04-24 13:00:00,0,18.9,68.0,20.4,17066.210000000003
2015-04-24 14:00:00,0,20.6,57.0,14.8,17262.470000000005
2015-04-24 15:00:00,0,22.8,42.0,14.8,16979.809999999998
2015-04-24 16:00:00,0,23.9,37.0,14.8,16607.640000000003
2015-04-24 17:00:00,0,24.4,36.0,0.0,15865.120000000003
2015-04-24 18:00:00,0,25.0,34.0,11.1,15102.470000000001
2015-04-24 19:00:00,0,24.4,35.0,5.6,14873.250000000005
2015-04-24 20:00:00,0,23.9,37.0,7.4,14718.1075
2015-04-24 21:00:00,0,22.8,39.0,5.6,14458.3
2015-04-24 22:00:00,0,22.2,33.0,14.8,13672.8025
2015-04-24 23:00:00,0,21.1,35.0,7.4,13196.9925
2015-04-25 00:00:00,0,20.6,36.0,0.0,12854.232500000002
2015-04-25 01:00:00,0,21.7,30.0,5.6,12604.900000000003
2015-04-25 02:00:00,0,20.6,36.0,5.6,12663.977499999999
2015-04-25 03:00:00,0,18.9,38.0,0.0,12686.834999999994
2015-04-25 04:00:00,0,17.8,43.0,9.3,12835.369999999997
2015-04-25 05:00:00,0,17.2,46.0,13.0,12874.875000000004
2015-04-25 06:00:00,0,16.1,50.0,11.1,12866.079999999998
2015-04-25 07:00:00,0,16.7,48.0,13.0,13204.01
2015-04-25 08:00:00,0,17.8,45.0,11.1,13517.490000000003
2015-04-25 09:00:00,0,20.6,40.0,9.3,13879.21
2015-04-25 10:00:00,0,22.2,37.0,13.0,13903.345
2015-04-25 11:00:00,0,22.8,37.0,5.6,14001.742499999998
2015-04-25 12:00:00,0,24.4,32.0,25.9,14027.0775
2015-04-25 13:00:00,0,25.0,30.0,5.6,14016.679999999998
2015-04-25 14:00:00,0,25.6,28.0,14.8,14017.02
2015-04-25 15:00:00,0,26.7,26.0,14.8,13948.502499999995
2015-04-25 16:00:00,0,26.7,27.0,24.1,13808.772500000001
2015-04-25 17:00:00,0,25.6,30.0,27.8,13610.632499999998
2015-04-25 18:00:00,0,24.4,29.0,31.5,13472.425000000001
2015-04-25 19:00:00,0,23.3,27.0,20.4,13499.042499999998
2015-04-25 20:00:00,0,22.8,29.0,35.2,13429.207499999999
2015-04-25 21:00:00,0,21.7,30.0,31.5,13211.074999999997
2015-04-25 22:00:00,0,20.6,36.0,22.2,12974.227499999997
2015-04-25 23:00:00,0,20.0,39.0,55.6,12921.2975
2015-04-26 00:00:00,0,13.9,81.0,24.1,12907.229999999998
2015-04-26 01:00:00,0,13.3,87.0,9.3,12842.294999999998
2015-04-26 02:00:00,0,13.9,81.0,0.0,12820.262499999999
2015-04-26 03:00:00,0,13.9,83.0,9.3,12832.945000000003
2015-04-26 04:00:00,0,13.9,81.0,11.1,13009.760000000002
2015-04-26 05:00:00,0,14.4,78.0,14.8,13209.117499999998
2015-04-26 06:00:00,0,12.8,83.0,5.6,13199.8475
2015-04-26 07:00:00,0,13.9,83.0,9.3,13265.477499999999
2015-04-26 08:00:00,0,14.4,78.0,5.6,13350.647499999997
2015-04-26 09:00:00,0,16.1,64.0,13.0,13410.4125
2015-04-26 10:00:00,0,17.2,56.0,20.4,13473.949999999999
2015-04-26 11:00:00,0,18.9,50.0,16.7,13527.53
2015-04-26 12:00:00,0,19.4,45.0,13.0,13795.110000000002
2015-04-26 13:00:00,0,21.1,39.0,9.3,13838.919999999998
2015-04-26 14:00:00,0,20.6,45.0,29.6,13784.829999999998
2015-04-26 15:00:00,0,22.8,33.0,5.6,13878.880000000001
2015-04-26 16:00:00,0,23.3,29.0,11.1,13615.910000000002
2015-04-26 17:00:00,0,20.0,43.0,25.9,13487.01
2015-04-26 18:00:00,0,20.0,47.0,9.3,13413.070000000003
2015-04-26 19:00:00,0,18.9,56.0,16.7,13502.260000000004
2015-04-26 20:00:00,0,18.9,52.0,16.7,13338.6425
2015-04-26 21:00:00,0,18.3,58.0,16.7,13155.424999999997
2015-04-26 22:00:00,0,17.8,58.0,5.6,13112.4725
2015-04-26 23:00:00,0,17.2,60.0,0.0,12938.6125
2015-04-27 00:00:00,0,16.7,65.0,0.0,12798.099999999999
2015-04-27 01:00:00,0,15.6,69.0,0.0,12801.4875
2015-04-27 02:00:00,0,15.6,72.0,0.0,13106.974999999999
2015-04-27 03:00:00,0,15.0,75.0,5.6,13236.224999999999
2015-04-27 04:00:00,0,14.4,78.0,9.3,13570.202499999998
2015-04-27 05:00:00,0,14.4,72.0,9.3,14016.74
2015-04-27 06:00:00,0,13.9,72.0,5.6,14265.900000000001
2015-04-27 07:00:00,0,15.0,67.0,0.0,14974.460000000005
2015-04-27 08:00:00,0,17.2,58.0,5.6,15768.149999999998
2015-04-27 09:00:00,0,18.3,50.0,5.6,16617.89
2015-04-27 10:00:00,0,21.1,41.0,0.0,17115.970000000005
2015-04-27 11:00:00,0,23.3,28.0,0.0,17364.379999999997
2015-04-27 12:00:00,0,25.0,24.0,0.0,17380.27999999999
2015-04-27 13:00:00,0,26.1,22.0,11.1,17384.029999999995
2015-04-27 14:00:00,0,27.2,21.0,0.0,17445.809999999998
2015-04-27 15:00:00,0,28.3,18.0,5.6,17437.0
2015-04-27 16:00:00,0,28.3,18.0,0.0,17190.769999999993
2015-04-27 17:00:00,0,29.4,17.0,5.6,16538.020000000004
2015-04-27 18:00:00,0,29.4,17.0,11.1,15721.14
2015-04-27 19:00:00,0,28.3,19.0,9.3,15389.400000000001
2015-04-27 20:00:00,0,27.2,22.0,9.3,15143.342499999999
2015-04-27 21:00:00,0,28.3,20.0,9.3,14679.457500000002
2015-04-27 22:00:00,0,26.1,25.0,0.0,13866.24
2015-04-27 23:00:00,0,24.4,30.0,7.4,13397.395
2015-04-28 00:00:00,0,23.3,34.0,5.6,13249.512499999999
2015-04-28 01:00:00,0,22.2,40.0,5.6,13139.615
2015-04-28 02:00:00,0,21.1,44.0,9.3,13137.824999999999
2015-04-28 03:00:00,0,21.7,39.0,14.8,13039.949999999997
2015-04-28 04:00:00,0,21.1,41.0,20.4,13150.8975
2015-04-28 05:00:00,0,20.0,45.0,11.1,13524.707499999999
2015-04-28 06:00:00,0,20.6,44.0,11.1,13999.390000000001
2015-04-28 07:00:00,0,20.6,45.0,14.8,14731.619999999999
2015-04-28 08:00:00,0,23.9,33.0,14.8,15819.950000000004
2015-04-28 09:00:00,0,25.6,28.0,14.8,16785.090000000007
2015-04-28 10:00:00,0,27.8,21.0,20.4,17502.110000000004
2015-04-28 11:00:00,0,28.9,19.0,14.8,17814.28
2015-04-28 12:00:00,0,30.0,18.0,13.0,17939.01
2015-04-28 13:00:00,0,31.1,16.0,11.1,18104.82
2015-04-28 14:00:00,0,32.2,16.0,5.6,18173.86
2015-04-28 15:00:00,0,32.8,15.0,13.0,18134.22
2015-04-28 16:00:00,0,32.8,14.0,16.7,17765.4325
2015-04-28 17:00:00,0,32.8,13.0,7.4,17060.649999999998
2015-04-28 18:00:00,0,32.2,15.0,11.1,16176.720000000007
2015-04-28 19:00:00,0,31.7,15.0,7.4,15621.610000000002
2015-04-28 20:00:00,0,30.6,17.0,7.4,15367.939999999999
2015-04-28 21:00:00,0,28.9,20.0,9.3,14815.28
2015-04-28 22:00:00,0,28.3,20.0,18.5,13990.519999999997
2015-04-28 23:00:00,0,27.2,21.0,20.4,13500.469999999998
2015-04-29 00:00:00,0,25.6,25.0,9.3,13297.46
2015-04-29 01:00:00,0,24.4,29.0,5.6,13058.25
2015-04-29 02:00:00,0,23.9,31.0,11.1,13170.970000000003
2015-04-29 03:00:00,0,23.3,33.0,9.3,13141.547499999999
2015-04-29 04:00:00,0,22.8,34.0,11.1,13134.660000000002
2015-04-29 05:00:00,0,22.2,35.0,0.0,13610.98
2015-04-29 06:00:00,0,21.7,36.0,0.0,14026.159999999998
2015-04-29 07:00:00,0,22.8,34.0,9.3,14826.679999999998
2015-04-29 08:00:00,0,25.0,29.0,13.0,15857.629999999997
2015-04-29 09:00:00,0,27.2,20.0,13.0,16747.94
2015-04-29 10:00:00,0,28.9,17.0,16.7,17350.660000000007
2015-04-29 11:00:00,0,31.1,13.0,16.7,17733.589999999997
2015-04-29 12:00:00,0,31.1,13.0,14.8,17865.8
2015-04-29 13:00:00,0,31.7,14.0,16.7,17963.749999999996
2015-04-29 14:00:00,0,32.8,12.0,5.6,18075.132499999996
2015-04-29 15:00:00,0,33.9,11.0,7.4,17971.859999999997
2015-04-29 16:00:00,0,34.4,9.0,9.3,17729.032499999998
2015-04-29 17:00:00,0,34.4,8.0,14.8,16988.98
2015-04-29 18:00:00,0,33.3,9.0,13.0,16190.1775
2015-04-29 19:00:00,0,32.8,10.0,9.3,15825.879999999997
2015-04-29 20:00:00,0,31.1,11.0,5.6,15441.189999999999
2015-04-29 21:00:00,0,30.0,13.0,0.0,14837.74
2015-04-29 22:00:00,0,30.0,13.0,0.0,14176.289999999999
2015-04-29 23:00:00,0,27.8,18.0,0.0,13723.77
2015-04-30 00:00:00,0,26.1,23.0,9.3,13413.039999999999
2015-04-30 01:00:00,0,25.0,23.0,11.1,13374.530000000002
2015-04-30 02:00:00,0,24.4,23.0,11.1,13287.559999999998
2015-04-30 03:00:00,0,23.3,24.0,11.1,13129.959999999997
2015-04-30 04:00:00,0,23.3,21.0,13.0,13403.729999999998
2015-04-30 05:00:00,0,21.7,25.0,9.3,13688.569999999998
2015-04-30 06:00:00,0,22.2,22.0,9.3,14106.62
2015-04-30 07:00:00,0,22.8,24.0,13.0,14771.0
2015-04-30 08:00:00,0,25.6,21.0,18.5,15874.219999999998
2015-04-30 09:00:00,0,27.8,17.0,14.8,16857.420000000006
2015-04-30 10:00:00,0,30.0,12.0,11.1,17577.199999999997
2015-04-30 11:00:00,0,32.2,10.0,13.0,17882.970000000005
2015-04-30 12:00:00,0,33.9,8.0,7.4,14049.3625
2015-04-30 13:00:00,0,34.4,6.0,7.4,18142.36999999999
2015-04-30 14:00:00,0,35.0,8.0,5.6,14187.4575
2015-04-30 15:00:00,0,35.6,7.0,5.6,18204.989999999998
2015-04-30 16:00:00,0,35.6,7.0,0.0,17982.63
2015-04-30 17:00:00,0,36.1,6.0,7.4,17324.12000000001
2015-04-30 18:00:00,0,36.1,6.0,0.0,16341.319999999996
2015-04-30 19:00:00,0,35.6,7.0,0.0,15796.709999999994
2015-04-30 20:00:00,0,34.4,8.0,7.4,15447.860000000004
2015-04-30 21:00:00,0,33.3,9.0,11.1,14958.439999999999
2015-04-30 22:00:00,0,30.0,14.0,0.0,14099.519999999997
2015-04-30 23:00:00,0,28.9,17.0,0.0,13596.820000000002
2015-05-01 00:00:00,0,27.8,18.0,11.1,13259.4
2015-05-01 01:00:00,0,25.6,25.0,0.0,13162.34
2015-05-01 02:00:00,0,25.0,24.0,0.0,13181.22
2015-05-01 03:00:00,0,24.4,25.0,0.0,13069.66
2015-05-01 04:00:00,0,23.3,24.0,13.0,13169.769999999999
2015-05-01 05:00:00,0,22.2,27.0,9.3,13719.189999999999
2015-05-01 06:00:00,0,21.7,28.0,11.1,14056.18
2015-05-01 07:00:00,0,22.8,23.0,11.1,14676.679999999998
2015-05-01 08:00:00,0,25.0,19.0,13.0,15742.289999999997
2015-05-01 09:00:00,0,27.8,16.0,11.1,16624.149999999998
2015-05-01 10:00:00,0,30.6,13.0,0.0,17326.910000000003
2015-05-01 11:00:00,0,32.8,9.0,5.6,17673.980000000003
2015-05-01 12:00:00,0,33.9,9.0,11.1,17735.739999999998
2015-05-01 13:00:00,0,36.1,7.0,13.0,14846.265000000001
2015-05-01 14:00:00,0,36.7,6.0,13.0,14209.400000000007
2015-05-01 15:00:00,0,37.8,6.0,13.0,17700.25
2015-05-01 16:00:00,0,37.2,5.0,18.5,17254.717500000002
2015-05-01 17:00:00,0,37.2,5.0,13.0,16604.380000000005
2015-05-01 18:00:00,0,37.2,5.0,22.2,15671.502499999997
2015-05-01 19:00:00,0,36.1,6.0,20.4,15300.287500000004
2015-05-01 20:00:00,0,34.4,7.0,14.8,12170.05
2015-05-01 21:00:00,0,32.2,10.0,11.1,12153.757500000002
2015-05-01 22:00:00,0,31.7,11.0,14.8,12930.785
2015-05-01 23:00:00,0,28.3,15.0,7.4,13434.450000000003
2015-05-02 00:00:00,0,29.4,14.0,11.1,12927.520000000002
2015-05-02 01:00:00,0,30.0,13.0,18.5,12603.235000000002
2015-05-02 02:00:00,0,27.8,16.0,5.6,12663.289999999999
2015-05-02 03:00:00,0,25.6,20.0,0.0,12685.542499999994
2015-05-02 04:00:00,0,25.0,21.0,13.0,12833.482499999998
2015-05-02 05:00:00,0,24.4,23.0,11.1,12871.607500000006
2015-05-02 06:00:00,0,22.8,26.0,14.8,12866.079999999998
2015-05-02 07:00:00,0,23.3,24.0,13.0,13204.01
2015-05-02 08:00:00,0,25.0,24.0,14.8,13517.490000000003
2015-05-02 09:00:00,0,27.2,21.0,13.0,13879.21
2015-05-02 10:00:00,0,30.0,16.0,9.3,14238.579999999998
2015-05-02 11:00:00,0,31.7,13.0,7.4,14446.169999999996
2015-05-02 12:00:00,0,33.3,12.0,0.0,14543.729999999996
2015-05-02 13:00:00,0,35.0,10.0,11.1,14577.679999999998
2015-05-02 14:00:00,0,34.4,11.0,0.0,14605.810000000001
2015-05-02 15:00:00,0,35.6,9.0,18.5,14622.43
2015-05-02 16:00:00,0,36.1,9.0,13.0,14469.849999999999
2015-05-02 17:00:00,0,35.6,10.0,7.4,14265.4
2015-05-02 18:00:00,0,36.1,10.0,18.5,14065.87
2015-05-02 19:00:00,0,35.0,11.0,13.0,14099.439999999997
2015-05-02 20:00:00,0,34.4,12.0,16.7,13873.48
2015-05-02 21:00:00,0,32.2,15.0,22.2,13555.29
2015-05-02 22:00:00,0,31.1,18.0,11.1,13315.940000000002
2015-05-02 23:00:00,0,30.0,18.0,16.7,13124.27
2015-05-03 00:00:00,0,28.9,20.0,9.3,13037.07
2015-05-03 01:00:00,0,28.9,19.0,7.4,12913.01
2015-05-03 02:00:00,0,28.3,21.0,13.0,12873.9
2015-05-03 03:00:00,0,27.2,24.0,11.1,12957.22
2015-05-03 04:00:00,0,26.1,25.0,0.0,12979.900000000001
2015-05-03 05:00:00,0,25.6,29.0,7.4,12969.67
2015-05-03 06:00:00,0,23.9,33.0,9.3,12869.290000000005
2015-05-03 07:00:00,0,24.4,32.0,11.1,13252.110000000004
2015-05-03 08:00:00,0,26.1,29.0,9.3,13541.44
2015-05-03 09:00:00,0,28.3,26.0,14.8,13834.590000000004
2015-05-03 10:00:00,0,30.0,23.0,14.8,14006.029999999997
2015-05-03 11:00:00,0,32.2,19.0,9.3,14169.819999999994
2015-05-03 12:00:00,0,31.7,21.0,0.0,14367.640000000003
2015-05-03 13:00:00,0,33.3,18.0,20.4,14423.800000000001
2015-05-03 14:00:00,0,33.9,16.0,11.1,14519.240000000005
2015-05-03 15:00:00,0,34.4,14.0,13.0,14609.539999999994
2015-05-03 16:00:00,0,35.0,13.0,13.0,14359.92
2015-05-03 17:00:00,0,33.9,14.0,0.0,14083.01
2015-05-03 18:00:00,0,32.8,15.0,11.1,13927.010000000004
2015-05-03 19:00:00,0,32.8,16.0,24.1,13922.820000000002
2015-05-03 20:00:00,0,31.1,18.0,16.7,13825.729999999998
2015-05-03 21:00:00,0,29.4,20.0,13.0,13548.849999999999
2015-05-03 22:00:00,0,28.9,25.0,11.1,13293.890000000003
2015-05-03 23:00:00,0,27.8,31.0,18.5,13213.74
2015-05-04 00:00:00,0,26.7,36.0,13.0,13228.12
2015-05-04 01:00:00,0,26.1,38.0,16.7,12996.539999999999
2015-05-04 02:00:00,0,21.7,73.0,25.9,13117.909999999998
2015-05-04 03:00:00,0,20.6,68.0,18.5,13422.709999999995
2015-05-04 04:00:00,0,19.4,79.0,11.1,13753.030000000002
2015-05-04 05:00:00,0,18.3,81.0,35.2,14320.7
2015-05-04 06:00:00,0,18.9,75.0,9.3,14691.97
2015-05-04 07:00:00,0,19.4,73.0,9.3,15137.439999999999
2015-05-04 08:00:00,0,20.6,70.0,14.8,16091.05
2015-05-04 09:00:00,0,22.8,55.0,13.0,16883.149999999998
2015-05-04 10:00:00,0,22.8,51.0,7.4,17292.202500000007
2015-05-04 11:00:00,0,25.6,42.0,5.6,17577.18
2015-05-04 12:00:00,0,27.2,38.0,9.3,17636.170000000002
2015-05-04 13:00:00,0,28.3,32.0,13.0,17564.51
2015-05-04 14:00:00,0,28.9,31.0,20.4,17628.089999999997
2015-05-04 15:00:00,0,28.3,31.0,18.5,17358.135000000002
2015-05-04 16:00:00,0,25.0,39.0,18.5,17090.02
2015-05-04 17:00:00,0,26.7,29.0,22.2,16361.58
2015-05-04 18:00:00,0,27.2,26.0,13.0,15733.409999999996
2015-05-04 19:00:00,0,24.4,37.0,33.3,15292.210000000001
2015-05-04 20:00:00,0,21.7,47.0,25.9,15039.96
2015-05-04 21:00:00,0,20.6,53.0,22.2,14611.189999999997
2015-05-04 22:00:00,0,21.7,45.0,16.7,13890.810000000005
2015-05-04 23:00:00,0,21.7,44.0,24.1,13546.119999999997
2015-05-05 00:00:00,0,20.0,65.0,9.3,13360.990000000002
2015-05-05 01:00:00,0,20.0,61.0,9.3,13234.48
2015-05-05 02:00:00,0,21.1,55.0,9.3,13310.899999999996
2015-05-05 03:00:00,0,20.0,56.0,9.3,13236.519999999999
2015-05-05 04:00:00,0,20.0,56.0,9.3,13401.86
2015-05-05 05:00:00,0,20.0,61.0,11.1,13851.380000000003
2015-05-05 06:00:00,0,20.0,59.0,9.3,14314.989999999998
2015-05-05 07:00:00,0,20.0,61.0,11.1,14818.349999999999
2015-05-05 08:00:00,0,20.0,59.0,7.4,15572.049999999997
2015-05-05 09:00:00,0,22.2,53.0,7.4,16543.23
2015-05-05 10:00:00,0,22.8,48.0,5.6,17126.280000000002
2015-05-05 11:00:00,0,24.4,43.0,7.4,17332.729999999996
2015-05-05 12:00:00,0,25.0,39.0,18.5,17457.079999999998
2015-05-05 13:00:00,0,27.2,33.0,16.7,17474.86500000001
2015-05-05 14:00:00,0,27.2,31.0,14.8,17551.1
2015-05-05 15:00:00,0,28.3,29.0,16.7,17428.864999999994
2015-05-05 16:00:00,0,28.3,28.0,11.1,17144.53
2015-05-05 17:00:00,0,29.4,26.0,7.4,16520.979999999996
2015-05-05 18:00:00,0,28.9,25.0,20.4,15725.680000000002
2015-05-05 19:00:00,0,28.3,27.0,9.3,15328.150000000005
2015-05-05 20:00:00,0,27.8,29.0,13.0,15138.799999999997
2015-05-05 21:00:00,0,27.2,30.0,9.3,14675.469999999996
2015-05-05 22:00:00,0,27.2,31.0,0.0,13926.740000000002
2015-05-05 23:00:00,0,25.6,33.0,14.8,13535.020000000002
2015-05-06 00:00:00,0,25.6,31.0,9.3,13249.63
2015-05-06 01:00:00,0,25.0,32.0,9.3,13169.489999999998
2015-05-06 02:00:00,0,25.0,31.0,7.4,13260.299999999997
2015-05-06 03:00:00,0,23.9,33.0,0.0,13226.269999999999
2015-05-06 04:00:00,0,22.2,41.0,7.4,13362.970000000001
2015-05-06 05:00:00,0,21.7,47.0,13.0,13703.51
2015-05-06 06:00:00,0,21.1,44.0,7.4,14193.56
2015-05-06 07:00:00,0,21.1,41.0,11.1,14843.4
2015-05-06 08:00:00,0,23.3,33.0,13.0,15839.27
2015-05-06 09:00:00,0,24.4,32.0,9.3,16512.080000000005
2015-05-06 10:00:00,0,26.7,27.0,13.0,16935.329999999998
2015-05-06 11:00:00,0,28.3,20.0,18.5,17212.910000000007
2015-05-06 12:00:00,0,28.3,19.0,16.7,17113.3
2015-05-06 13:00:00,0,30.0,14.0,22.2,17054.089999999997
2015-05-06 14:00:00,0,30.0,14.0,9.3,17194.07
2015-05-06 15:00:00,0,30.6,13.0,9.3,17192.699999999997
2015-05-06 16:00:00,0,31.7,12.0,11.1,16867.9
2015-05-06 17:00:00,0,31.1,12.0,0.0,16280.370000000004
2015-05-06 18:00:00,0,30.6,17.0,29.6,15582.69
2015-05-06 19:00:00,0,28.9,17.0,35.2,15224.920000000006
2015-05-06 20:00:00,0,26.7,20.0,24.1,14949.480000000001
2015-05-06 21:00:00,0,26.1,20.0,14.8,14502.98
2015-05-06 22:00:00,0,24.4,20.0,14.8,13702.0
2015-05-06 23:00:00,0,23.9,22.0,7.4,13445.449999999997
2015-05-07 00:00:00,0,22.8,25.0,11.1,13320.84
2015-05-07 01:00:00,0,21.1,33.0,13.0,13112.539999999997
2015-05-07 02:00:00,0,20.6,35.0,0.0,13300.949999999997
2015-05-07 03:00:00,0,20.0,36.0,0.0,13101.530000000002
2015-05-07 04:00:00,0,18.9,40.0,11.1,13203.869999999997
2015-05-07 05:00:00,0,18.3,42.0,11.1,13685.87
2015-05-07 06:00:00,0,18.3,42.0,5.6,13958.109999999999
2015-05-07 07:00:00,0,19.4,40.0,7.4,14720.53
2015-05-07 08:00:00,0,21.1,32.0,0.0,15672.320000000002
2015-05-07 09:00:00,0,22.2,35.0,22.2,16431.439999999995
2015-05-07 10:00:00,0,23.3,33.0,14.8,16860.760000000006
2015-05-07 11:00:00,0,25.0,30.0,18.5,17145.199999999997
2015-05-07 12:00:00,0,27.2,23.0,24.1,17110.97
2015-05-07 13:00:00,0,27.2,24.0,18.5,17180.390000000007
2015-05-07 14:00:00,0,28.9,23.0,20.4,17266.360000000004
2015-05-07 15:00:00,0,30.0,19.0,25.9,17211.050000000003
2015-05-07 16:00:00,0,29.4,20.0,18.5,16832.24000000001
2015-05-07 17:00:00,0,28.9,19.0,16.7,16136.71
2015-05-07 18:00:00,0,28.9,16.0,25.9,15385.629999999997
2015-05-07 19:00:00,0,28.3,19.0,27.8,15025.55
2015-05-07 20:00:00,0,25.6,27.0,29.6,14846.589999999998
2015-05-07 21:00:00,0,24.4,25.0,18.5,14390.819999999998
2015-05-07 22:00:00,0,23.9,23.0,14.8,13660.309999999998
2015-05-07 23:00:00,0,22.2,24.0,7.4,13310.99
2015-05-08 00:00:00,0,21.1,26.0,9.3,13115.519999999997
2015-05-08 01:00:00,0,20.0,21.0,13.0,12796.190000000002
2015-05-08 02:00:00,0,19.4,30.0,9.3,13011.130000000001
2015-05-08 03:00:00,0,18.9,36.0,5.6,13066.75
2015-05-08 04:00:00,0,17.8,30.0,5.6,13090.1
2015-05-08 05:00:00,0,16.7,35.0,9.3,13555.340000000002
2015-05-08 06:00:00,0,17.8,43.0,16.7,13882.519999999999
2015-05-08 07:00:00,0,17.8,43.0,11.1,14505.979999999998
2015-05-08 08:00:00,0,18.9,40.0,13.0,15289.150000000005
2015-05-08 09:00:00,0,19.4,37.0,16.7,16023.53
2015-05-08 10:00:00,0,19.4,33.0,16.7,16285.660000000003
2015-05-08 11:00:00,0,19.4,33.0,29.6,16415.56
2015-05-08 12:00:00,0,19.4,34.0,22.2,16494.190000000002
2015-05-08 13:00:00,0,19.4,34.0,25.9,16523.65
2015-05-08 14:00:00,0,18.3,45.0,7.4,16498.150000000005
2015-05-08 15:00:00,0,21.7,28.0,5.6,16381.989999999998
2015-05-08 16:00:00,0,23.3,20.0,22.2,16055.100000000002
2015-05-08 17:00:00,0,22.8,19.0,27.8,15555.859999999997
2015-05-08 18:00:00,0,22.8,16.0,16.7,14708.320000000002
2015-05-08 19:00:00,0,21.7,18.0,22.2,14441.160000000002
2015-05-08 20:00:00,0,21.1,23.0,33.3,14319.519999999999
2015-05-08 21:00:00,0,20.6,25.0,27.8,14099.610000000006
2015-05-08 22:00:00,0,20.0,26.0,40.7,13425.319999999998
2015-05-08 23:00:00,0,17.8,37.0,33.3,13026.730000000001
2015-05-09 00:00:00,0,16.7,43.0,9.3,12823.44
2015-05-09 01:00:00,0,16.1,46.0,14.8,12734.670000000002
2015-05-09 02:00:00,0,15.6,47.0,9.3,12741.960000000003
2015-05-09 03:00:00,0,14.4,56.0,9.3,12785.309999999998
2015-05-09 04:00:00,0,13.9,57.0,7.4,13087.009999999998
2015-05-09 05:00:00,0,15.0,53.0,7.4,13109.569999999998
2015-05-09 06:00:00,0,13.9,59.0,0.0,12949.450000000003
2015-05-09 07:00:00,0,15.6,53.0,5.6,13198.679999999998
2015-05-09 08:00:00,0,16.1,50.0,0.0,13467.640000000005
2015-05-09 09:00:00,0,17.8,40.0,9.3,13784.060000000001
2015-05-09 10:00:00,0,18.3,37.0,0.0,13932.759999999998
2015-05-09 11:00:00,0,19.4,31.0,9.3,13907.394999999997
2015-05-09 12:00:00,0,21.1,26.0,16.7,13939.019999999997
2015-05-09 13:00:00,0,22.2,22.0,5.6,13982.552499999996
2015-05-09 14:00:00,0,23.3,21.0,9.3,13959.359999999999
2015-05-09 15:00:00,0,23.9,19.0,16.7,13781.79
2015-05-09 16:00:00,0,24.4,19.0,20.4,13606.220000000003
2015-05-09 17:00:00,0,24.4,19.0,11.1,13395.33
2015-05-09 18:00:00,0,23.9,20.0,7.4,13200.489999999998
2015-05-09 19:00:00,0,23.3,21.0,13.0,13307.199999999999
2015-05-09 20:00:00,0,22.8,21.0,5.6,13375.440000000002
2015-05-09 21:00:00,0,22.8,21.0,5.6,13135.83
2015-05-09 22:00:00,0,22.2,23.0,5.6,12814.599999999999
2015-05-09 23:00:00,0,21.1,26.0,7.4,12702.27
2015-05-10 00:00:00,0,20.6,26.0,0.0,12609.539999999999
2015-05-10 01:00:00,0,20.0,30.0,9.3,12512.539999999999
2015-05-10 02:00:00,0,18.9,37.0,9.3,12609.450000000003
2015-05-10 03:00:00,0,18.3,34.0,11.1,12663.729999999998
2015-05-10 04:00:00,0,17.8,38.0,5.6,12804.480000000003
2015-05-10 05:00:00,0,16.7,39.0,7.4,12939.04
2015-05-10 06:00:00,0,16.7,41.0,0.0,12712.410000000002
2015-05-10 07:00:00,0,17.2,41.0,5.6,12934.730000000003
2015-05-10 08:00:00,0,19.4,33.0,5.6,13182.450000000003
2015-05-10 09:00:00,0,22.2,28.0,7.4,13416.839999999998
2015-05-10 10:00:00,0,23.3,23.0,0.0,13500.19
2015-05-10 11:00:00,0,24.4,23.0,11.1,13581.182500000004
2015-05-10 12:00:00,0,26.1,20.0,5.6,13653.247500000003
2015-05-10 13:00:00,0,27.8,18.0,7.4,13715.710000000001
2015-05-10 14:00:00,0,28.9,16.0,14.8,13829.019999999997
2015-05-10 15:00:00,0,30.0,15.0,9.3,13884.16
2015-05-10 16:00:00,0,30.0,14.0,7.4,13769.370000000003
2015-05-10 17:00:00,0,31.1,12.0,27.8,13511.659999999998
2015-05-10 18:00:00,0,30.0,12.0,13.0,13439.740000000002
2015-05-10 19:00:00,0,29.4,13.0,16.7,13453.04
2015-05-10 20:00:00,0,28.3,14.0,7.4,13336.899999999996
2015-05-10 21:00:00,0,27.2,16.0,5.6,13215.769999999999
2015-05-10 22:00:00,0,26.7,17.0,5.6,13058.880000000001
2015-05-10 23:00:00,0,25.0,21.0,7.4,12950.690000000002
2015-05-11 00:00:00,0,23.9,23.0,9.3,12924.640000000001
2015-05-11 01:00:00,0,22.2,30.0,11.1,12719.24
2015-05-11 02:00:00,0,21.7,31.0,13.0,12940.079999999998
2015-05-11 03:00:00,0,20.6,33.0,11.1,13146.164999999999
2015-05-11 04:00:00,0,20.0,35.0,9.3,13316.25
2015-05-11 05:00:00,0,19.4,34.0,11.1,13754.670000000004
2015-05-11 06:00:00,0,20.0,32.0,13.0,14005.650000000001
2015-05-11 07:00:00,0,21.1,30.0,9.3,13947.365
2015-05-11 08:00:00,0,24.4,23.0,9.3,15415.485000000004
2015-05-11 09:00:00,0,27.2,20.0,11.1,15322.599999999999
2015-05-11 10:00:00,0,28.9,17.0,14.8,16746.472500000003
2015-05-11 11:00:00,0,30.0,16.0,0.0,17006.410000000003
2015-05-11 12:00:00,0,32.2,13.0,11.1,17068.147499999995
2015-05-11 13:00:00,0,33.3,10.0,9.3,17069.902500000007
2015-05-11 14:00:00,0,33.9,8.0,11.1,17045.877500000002
2015-05-11 15:00:00,0,35.0,7.0,18.5,16951.037500000006
2015-05-11 16:00:00,0,35.0,7.0,11.1,16721.230000000003
2015-05-11 17:00:00,0,34.4,7.0,9.3,16039.004999999997
2015-05-11 18:00:00,0,34.4,7.0,5.6,15430.5925
2015-05-11 19:00:00,0,33.9,8.0,5.6,14979.255000000001
2015-05-11 20:00:00,0,32.8,10.0,0.0,14786.460000000003
2015-05-11 21:00:00,0,30.0,14.0,0.0,14347.145
2015-05-11 22:00:00,0,28.9,14.0,14.8,13723.107499999993
2015-05-11 23:00:00,0,28.9,14.0,14.8,13251.35
2015-05-12 00:00:00,0,27.2,15.0,14.8,13108.762499999997
2015-05-12 01:00:00,0,27.2,13.0,11.1,13095.1025
2015-05-12 02:00:00,0,24.4,19.0,9.3,12974.159999999998
2015-05-12 03:00:00,0,23.3,23.0,13.0,13072.350000000002
2015-05-12 04:00:00,0,22.2,24.0,9.3,13276.764999999998
2015-05-12 05:00:00,0,21.7,23.0,14.8,13473.574999999995
2015-05-12 06:00:00,0,21.7,23.0,13.0,13916.195000000003
2015-05-12 07:00:00,0,22.8,21.0,16.7,14517.457499999999
2015-05-12 08:00:00,0,25.0,17.0,18.5,15361.115
2015-05-12 09:00:00,0,26.7,15.0,13.0,16099.507500000005
2015-05-12 10:00:00,0,28.9,14.0,16.7,16398.5825
2015-05-12 11:00:00,0,30.0,12.0,24.1,16633.769999999993
2015-05-12 12:00:00,0,31.1,11.0,16.7,16708.407499999994
2015-05-12 13:00:00,0,31.1,10.0,25.9,16746.037499999995
2015-05-12 14:00:00,0,32.2,8.0,29.6,16838.84
2015-05-12 15:00:00,0,32.2,10.0,24.1,16802.6625
2015-05-12 16:00:00,0,32.2,10.0,24.1,16575.464999999997
2015-05-12 17:00:00,0,31.1,11.0,25.9,15894.419999999998
2015-05-12 18:00:00,0,30.6,9.0,25.9,15134.489999999996
2015-05-12 19:00:00,0,29.4,10.0,25.9,14768.870000000003
2015-05-12 20:00:00,0,28.9,14.0,25.9,14639.1525
2015-05-12 21:00:00,0,28.3,15.0,16.7,14357.410000000003
2015-05-12 22:00:00,0,27.2,17.0,9.3,13652.254999999997
2015-05-12 23:00:00,0,26.1,20.0,7.4,13364.285
2015-05-13 00:00:00,0,25.0,25.0,18.5,13088.4225
2015-05-13 01:00:00,0,25.0,28.0,20.4,12943.022500000001
2015-05-13 02:00:00,0,23.3,32.0,0.0,13134.842499999999
2015-05-13 03:00:00,0,22.2,34.0,9.3,13060.187499999996
2015-05-13 04:00:00,0,21.1,38.0,14.8,13045.3775
2015-05-13 05:00:00,0,20.6,36.0,14.8,13521.297499999999
2015-05-13 06:00:00,0,20.6,36.0,9.3,13879.572500000002
2015-05-13 07:00:00,0,21.7,35.0,14.8,14419.357500000002
2015-05-13 08:00:00,0,23.3,32.0,20.4,15238.535000000002
2015-05-13 09:00:00,0,25.6,29.0,13.0,15984.6375
2015-05-13 10:00:00,0,26.7,28.0,13.0,16541.675
2015-05-13 11:00:00,0,27.8,27.0,7.4,16564.86
2015-05-13 12:00:00,0,29.4,25.0,11.1,16942.260000000002
2015-05-13 13:00:00,0,29.4,24.0,7.4,16924.730000000003
2015-05-13 14:00:00,0,31.7,19.0,22.2,16945.14
2015-05-13 15:00:00,0,32.2,19.0,22.2,16802.919999999995
2015-05-13 16:00:00,0,32.2,19.0,14.8,16543.24
2015-05-13 17:00:00,0,32.2,18.0,18.5,15897.13
2015-05-13 18:00:00,0,31.7,19.0,9.3,15174.38
2015-05-13 19:00:00,0,32.0,18.0,24.1,14877.350000000002
2015-05-13 20:00:00,0,30.0,20.0,33.3,14710.780000000002
2015-05-13 21:00:00,0,28.9,17.0,22.2,14289.12
2015-05-13 22:00:00,0,28.3,18.0,16.7,13616.459999999995
2015-05-13 23:00:00,0,27.2,22.0,16.7,13349.38
2015-05-14 00:00:00,0,26.7,28.0,13.0,13239.169999999998
2015-05-14 01:00:00,0,26.1,30.0,16.7,13030.46
2015-05-14 02:00:00,0,26.1,30.0,5.6,13171.270000000002
2015-05-14 03:00:00,0,24.4,35.0,0.0,13081.890000000001
2015-05-14 04:00:00,0,23.9,36.0,7.4,13227.230000000003
2015-05-14 05:00:00,0,23.9,40.0,11.1,13733.359999999999
2015-05-14 06:00:00,0,22.8,46.0,14.8,14135.289999999997
2015-05-14 07:00:00,0,23.3,43.0,11.1,14511.050000000001
2015-05-14 08:00:00,0,23.0,41.0,20.4,15257.32
2015-05-14 09:00:00,0,25.0,37.0,29.6,16034.810000000003
2015-05-14 10:00:00,0,26.7,32.0,22.2,16461.55
2015-05-14 11:00:00,0,27.2,31.0,24.1,16635.389999999996
2015-05-14 12:00:00,0,28.3,27.0,22.2,16639.88
2015-05-14 13:00:00,0,28.9,22.0,35.2,16681.42
2015-05-14 14:00:00,0,29.4,19.0,29.6,16704.969999999994
2015-05-14 15:00:00,0,28.9,19.0,16.7,16426.010000000002
2015-05-14 16:00:00,0,30.0,14.0,25.9,16138.359999999995
2015-05-14 17:00:00,0,28.3,19.0,35.2,15434.900000000005
2015-05-14 18:00:00,0,26.1,23.0,37.0,14674.870000000003
2015-05-14 19:00:00,0,24.4,23.0,25.9,14379.440000000002
2015-05-14 20:00:00,0,24.4,22.0,16.7,14241.920000000006
2015-05-14 21:00:00,0,23.3,24.0,18.5,14064.7925
2015-05-14 22:00:00,0,22.8,33.0,16.7,13497.787500000002
2015-05-14 23:00:00,0,22.2,35.0,18.5,13321.977499999995
2015-05-15 00:00:00,0,21.7,36.0,24.1,13143.644999999999
2015-05-15 01:00:00,0,20.6,40.0,22.2,12903.637500000003
2015-05-15 02:00:00,0,20.6,39.0,22.2,13094.035000000002
2015-05-15 03:00:00,0,20.0,39.0,16.7,13130.550000000001
2015-05-15 04:00:00,0,19.4,40.0,11.1,12987.949999999997
2015-05-15 05:00:00,0,18.9,42.0,11.1,13334.232499999998
2015-05-15 06:00:00,0,18.9,43.0,5.6,13754.345000000001
2015-05-15 07:00:00,0,18.3,48.0,18.5,14145.820000000003
2015-05-15 08:00:00,0,19.4,45.0,20.4,14830.510000000002
2015-05-15 09:00:00,0,20.6,42.0,16.7,15389.750000000002
2015-05-15 10:00:00,0,21.7,38.0,22.2,15774.64
2015-05-15 11:00:00,0,22.2,35.0,18.5,16104.190000000002
2015-05-15 12:00:00,0,23.9,29.0,18.5,16092.220000000001
2015-05-15 13:00:00,0,21.7,41.0,18.5,15999.029999999995
2015-05-15 14:00:00,0,23.3,34.0,11.1,16201.550000000001
2015-05-15 15:00:00,0,21.7,47.0,22.2,16120.350000000002
2015-05-15 16:00:00,0,16.1,90.0,22.2,15785.899999999996
2015-05-15 17:00:00,0,16.7,78.0,18.5,15193.87
2015-05-15 18:00:00,0,17.8,65.0,11.1,14593.479999999996
2015-05-15 19:00:00,0,17.8,65.0,13.0,14247.339999999998
2015-05-15 20:00:00,0,17.2,67.0,14.8,14271.260000000002
2015-05-15 21:00:00,0,16.7,78.0,11.1,14169.31
2015-05-15 22:00:00,0,15.6,86.0,22.2,13570.98
2015-05-15 23:00:00,0,14.4,90.0,20.4,13147.220000000001
2015-05-16 00:00:00,0,13.9,81.0,16.7,13023.990000000002
2015-05-16 01:00:00,0,13.9,74.0,0.0,12862.589999999998
2015-05-16 02:00:00,0,13.9,81.0,7.4,12868.140000000001
2015-05-16 03:00:00,0,13.9,77.0,5.6,12811.759999999998
2015-05-16 04:00:00,0,13.9,81.0,0.0,13044.880000000003
2015-05-16 05:00:00,0,14.4,78.0,0.0,13044.6
2015-05-16 06:00:00,0,14.4,72.0,0.0,12966.139999999996
2015-05-16 07:00:00,0,13.9,81.0,13.0,13139.069999999998
2015-05-16 08:00:00,0,15.6,67.0,7.4,13116.09
2015-05-16 09:00:00,0,16.1,64.0,7.4,13426.55
2015-05-16 10:00:00,0,17.2,63.0,9.3,13810.89
2015-05-16 11:00:00,0,18.9,54.0,7.4,13639.239999999998
2015-05-16 12:00:00,0,20.0,43.0,5.6,13635.130000000001
2015-05-16 13:00:00,0,20.0,43.0,0.0,13648.399999999996
2015-05-16 14:00:00,0,21.1,42.0,9.3,13890.340000000004
2015-05-16 15:00:00,0,22.8,38.0,13.0,13643.44
2015-05-16 16:00:00,0,22.8,35.0,0.0,13479.169999999998
2015-05-16 17:00:00,0,23.9,32.0,13.0,13244.159999999998
2015-05-16 18:00:00,0,23.3,30.0,11.1,13072.11
2015-05-16 19:00:00,0,22.8,31.0,0.0,13091.49
2015-05-16 20:00:00,0,21.7,36.0,7.4,13196.810000000001
2015-05-16 21:00:00,0,22.2,30.0,0.0,13006.42
2015-05-16 22:00:00,0,22.2,30.0,9.3,12734.18
2015-05-16 23:00:00,0,21.7,32.0,7.4,12540.080000000002
2015-05-17 00:00:00,0,20.0,50.0,7.4,12478.040000000005
2015-05-17 01:00:00,0,20.6,45.0,9.3,12473.1
2015-05-17 02:00:00,0,18.9,56.0,5.6,12455.609999999999
2015-05-17 03:00:00,0,18.3,58.0,7.4,12489.630000000001
2015-05-17 04:00:00,0,18.3,54.0,11.1,12777.33
2015-05-17 05:00:00,0,18.3,56.0,7.4,12759.459999999997
2015-05-17 06:00:00,0,18.9,50.0,13.0,12670.83
2015-05-17 07:00:00,0,18.9,52.0,9.3,12802.5
2015-05-17 08:00:00,0,20.6,47.0,18.5,13060.07
2015-05-17 09:00:00,0,21.7,41.0,9.3,13238.179999999998
2015-05-17 10:00:00,0,23.3,37.0,13.0,13425.829999999996
2015-05-17 11:00:00,0,25.0,29.0,0.0,13456.2775
2015-05-17 12:00:00,0,26.7,22.0,7.4,13511.3575
2015-05-17 13:00:00,0,27.2,20.0,0.0,13551.827499999998
2015-05-17 14:00:00,0,28.3,18.0,7.4,13610.58
2015-05-17 15:00:00,0,29.4,16.0,14.8,13632.09
2015-05-17 16:00:00,0,28.9,13.0,5.6,13455.869999999999
2015-05-17 17:00:00,0,28.9,15.0,5.6,13295.300000000001
2015-05-17 18:00:00,0,28.3,17.0,9.3,13133.939999999999
2015-05-17 19:00:00,0,27.8,18.0,7.4,13170.759999999998
2015-05-17 20:00:00,0,28.3,16.0,11.1,13206.44
2015-05-17 21:00:00,0,27.8,17.0,5.6,12983.580000000002
2015-05-17 22:00:00,0,25.6,28.0,7.4,12814.520000000002
2015-05-17 23:00:00,0,23.9,36.0,7.4,12724.290000000003
2015-05-18 00:00:00,0,24.4,29.0,11.1,12650.750000000002
2015-05-18 01:00:00,0,22.8,38.0,7.4,12608.099999999999
2015-05-18 02:00:00,0,23.3,32.0,9.3,12770.779999999997
2015-05-18 03:00:00,0,22.8,33.0,5.6,12977.48
2015-05-18 04:00:00,0,20.6,49.0,9.3,13272.559999999998
2015-05-18 05:00:00,0,19.4,51.0,7.4,13531.709999999997
2015-05-18 06:00:00,0,18.9,56.0,11.1,13823.970000000001
2015-05-18 07:00:00,0,20.0,50.0,9.3,14447.249999999998
2015-05-18 08:00:00,0,22.2,41.0,11.1,15357.149999999998
2015-05-18 09:00:00,0,24.4,30.0,5.6,16033.300000000005
2015-05-18 10:00:00,0,25.6,17.0,7.4,16460.01
2015-05-18 11:00:00,0,27.2,14.0,0.0,16685.73
2015-05-18 12:00:00,0,29.4,16.0,13.0,16728.269999999997
2015-05-18 13:00:00,0,30.6,15.0,14.8,16880.350000000002
2015-05-18 14:00:00,0,31.0,15.0,20.4,16812.449999999997
2015-05-18 15:00:00,0,31.1,12.0,20.4,16651.540000000005
2015-05-18 16:00:00,0,31.1,14.0,20.4,16363.04
2015-05-18 17:00:00,0,31.7,12.0,27.8,15719.589999999998
2015-05-18 18:00:00,0,31.1,9.0,27.8,14890.629999999997
2015-05-18 19:00:00,0,29.4,7.0,25.9,14661.119999999994
2015-05-18 20:00:00,0,27.8,9.0,22.2,14477.72
2015-05-18 21:00:00,0,26.7,11.0,18.5,14148.629999999997
2015-05-18 22:00:00,0,24.4,18.0,11.1,13513.68
2015-05-18 23:00:00,0,24.4,21.0,13.0,13101.560000000001
2015-05-19 00:00:00,0,23.9,18.0,13.0,12909.769999999997
2015-05-19 01:00:00,0,22.2,23.0,7.4,12818.73
2015-05-19 02:00:00,0,23.3,20.0,7.4,12955.71
2015-05-19 03:00:00,0,20.6,30.0,0.0,12957.679999999997
2015-05-19 04:00:00,0,18.9,38.0,11.1,12993.36
2015-05-19 05:00:00,0,18.9,40.0,9.3,13267.200000000003
2015-05-19 06:00:00,0,18.3,36.0,11.1,13724.95
2015-05-19 07:00:00,0,19.4,34.0,9.3,14336.399999999998
2015-05-19 08:00:00,0,21.1,31.0,9.3,15292.74
2015-05-19 09:00:00,0,22.8,28.0,9.3,16025.13
2015-05-19 10:00:00,0,25.0,24.0,7.4,16502.11
2015-05-19 11:00:00,0,26.1,21.0,0.0,16747.52
2015-05-19 12:00:00,0,27.8,18.0,11.1,16786.73
2015-05-19 13:00:00,0,28.3,17.0,11.1,16790.230000000003
2015-05-19 14:00:00,0,29.4,15.0,11.1,16782.89
2015-05-19 15:00:00,0,29.4,14.0,0.0,16749.490000000005
2015-05-19 16:00:00,0,30.0,14.0,7.4,16574.930000000004
2015-05-19 17:00:00,0,29.4,14.0,0.0,15948.059999999998
2015-05-19 18:00:00,0,30.0,14.0,5.6,15113.820000000003
2015-05-19 19:00:00,0,29.4,14.0,9.3,14684.209999999995
2015-05-19 20:00:00,0,28.9,14.0,14.8,14573.430000000002
2015-05-19 21:00:00,0,28.3,13.0,13.0,14293.539999999999
2015-05-19 22:00:00,0,25.6,21.0,5.6,13598.19
2015-05-19 23:00:00,0,25.6,19.0,0.0,13226.230000000001
2015-05-20 00:00:00,0,23.9,27.0,7.4,13073.609999999999
2015-05-20 01:00:00,0,23.3,29.0,9.3,12891.490000000003
2015-05-20 02:00:00,0,21.7,35.0,7.4,13015.02
2015-05-20 03:00:00,0,21.7,35.0,5.6,13035.14
2015-05-20 04:00:00,0,20.0,39.0,11.1,13195.119999999999
2015-05-20 05:00:00,0,19.4,39.0,11.1,13401.210000000003
2015-05-20 06:00:00,0,19.4,37.0,7.4,13754.419999999996
2015-05-20 07:00:00,0,21.1,32.0,11.1,14386.36
2015-05-20 08:00:00,0,23.3,27.0,13.0,15370.210000000001
2015-05-20 09:00:00,0,25.0,24.0,13.0,16040.03
2015-05-20 10:00:00,0,26.7,20.0,7.4,16563.54
2015-05-20 11:00:00,0,28.9,17.0,7.4,16750.590000000004
2015-05-20 12:00:00,0,30.6,15.0,13.0,16925.829999999998
2015-05-20 13:00:00,0,32.2,12.0,16.7,16975.379999999997
2015-05-20 14:00:00,0,32.2,10.0,11.1,16885.202500000003
2015-05-20 15:00:00,0,33.3,9.0,20.4,16886.045
2015-05-20 16:00:00,0,32.8,10.0,13.0,16542.522499999995
2015-05-20 17:00:00,0,32.2,11.0,11.1,15864.044999999993
2015-05-20 18:00:00,0,31.7,11.0,14.8,15060.187499999995
2015-05-20 19:00:00,0,31.7,12.0,22.2,14611.297499999997
2015-05-20 20:00:00,0,30.0,13.0,20.4,14481.829999999996
2015-05-20 21:00:00,0,29.4,13.0,18.5,14094.322500000006
2015-05-20 22:00:00,0,27.8,17.0,13.0,13604.184999999998
2015-05-20 23:00:00,0,27.2,18.0,11.1,13162.070000000003
2015-05-21 00:00:00,0,25.6,20.0,0.0,13136.0675
2015-05-21 01:00:00,0,25.6,22.0,0.0,13007.047499999999
2015-05-21 02:00:00,0,24.4,25.0,7.4,13059.387500000003
2015-05-21 03:00:00,0,24.4,25.0,9.3,13073.264999999996
2015-05-21 04:00:00,0,23.9,26.0,13.0,13246.282499999998
2015-05-21 05:00:00,0,22.8,29.0,11.1,13553.024999999998
2015-05-21 06:00:00,0,22.8,29.0,13.0,13940.160000000002
2015-05-21 07:00:00,0,22.8,29.0,9.3,14377.795
2015-05-21 08:00:00,0,23.9,28.0,9.3,15237.285
2015-05-21 09:00:00,0,26.1,23.0,9.3,15939.752500000002
2015-05-21 10:00:00,0,27.8,18.0,16.7,16404.032499999998
2015-05-21 11:00:00,0,28.9,17.0,16.7,16743.637500000004
2015-05-21 12:00:00,0,29.4,13.0,22.2,16810.0875
2015-05-21 13:00:00,0,30.0,13.0,25.9,16763.047499999997
2015-05-21 14:00:00,0,31.7,12.0,13.0,16878.3025
2015-05-21 15:00:00,0,32.2,11.0,22.2,16777.8175
2015-05-21 16:00:00,0,31.1,12.0,16.7,16429.335000000003
2015-05-21 17:00:00,0,31.1,14.0,25.9,15873.410000000002
2015-05-21 18:00:00,0,30.0,12.0,24.1,14987.312500000002
2015-05-21 19:00:00,0,28.9,11.0,29.6,14619.2625
2015-05-21 20:00:00,0,27.2,16.0,25.9,14450.394999999997
2015-05-21 21:00:00,0,26.1,17.0,18.5,14155.580000000002
2015-05-21 22:00:00,0,24.4,23.0,11.1,13585.659999999998
2015-05-21 23:00:00,0,23.9,24.0,7.4,13265.549999999997
2015-05-22 00:00:00,0,22.8,24.0,14.8,12938.16
2015-05-22 01:00:00,0,22.8,26.0,0.0,12776.0
2015-05-22 02:00:00,0,22.2,30.0,7.4,13021.9075
2015-05-22 03:00:00,0,21.1,35.0,16.7,12991.320000000002
2015-05-22 04:00:00,0,20.6,30.0,13.0,13055.219999999998
2015-05-22 05:00:00,0,20.0,31.0,11.1,13253.457499999999
2015-05-22 06:00:00,0,19.4,37.0,11.1,13776.077499999996
2015-05-22 07:00:00,0,20.0,37.0,11.1,14226.572499999993
2015-05-22 08:00:00,0,20.6,35.0,13.0,15101.267500000002
2015-05-22 09:00:00,0,21.1,35.0,11.1,15664.019999999997
2015-05-22 10:00:00,0,22.8,31.0,0.0,16260.352499999994
2015-05-22 11:00:00,0,25.0,24.0,13.0,16398.092500000002
2015-05-22 12:00:00,0,26.7,20.0,16.7,16334.625000000002
2015-05-22 13:00:00,0,27.2,21.0,25.9,16344.402499999997
2015-05-22 14:00:00,0,26.7,24.0,24.1,16500.6325
2015-05-22 15:00:00,0,26.1,23.0,27.8,16279.874999999996
2015-05-22 16:00:00,0,26.1,23.0,27.8,15930.424999999997
2015-05-22 17:00:00,0,25.6,22.0,22.2,15299.159999999998
2015-05-22 18:00:00,0,25.6,20.0,20.4,14563.762499999993
2015-05-22 19:00:00,0,25.0,21.0,35.2,14171.13
2015-05-22 20:00:00,0,23.9,21.0,31.5,14128.23
2015-05-22 21:00:00,0,22.8,23.0,13.0,13985.937499999996
2015-05-22 22:00:00,0,22.2,25.0,11.1,13293.4475
2015-05-22 23:00:00,0,21.7,27.0,11.1,12842.512499999999
2015-05-23 00:00:00,0,21.7,28.0,11.1,12659.107500000002
2015-05-23 01:00:00,0,21.1,30.0,9.3,12452.527500000002
2015-05-23 02:00:00,0,19.4,36.0,11.1,12523.9175
2015-05-23 03:00:00,0,18.9,37.0,7.4,12528.662499999999
2015-05-23 04:00:00,0,19.4,34.0,7.4,12900.909999999996
2015-05-23 05:00:00,0,18.3,39.0,0.0,12856.022500000003
2015-05-23 06:00:00,0,18.3,40.0,11.1,12647.814999999999
2015-05-23 07:00:00,0,18.9,40.0,0.0,12897.9625
2015-05-23 08:00:00,0,19.4,39.0,9.3,13155.692499999997
2015-05-23 09:00:00,0,20.6,35.0,9.3,13412.889999999998
2015-05-23 10:00:00,0,22.8,29.0,5.6,13633.4325
2015-05-23 11:00:00,0,23.3,27.0,9.3,13630.917500000003
2015-05-23 12:00:00,0,25.0,24.0,0.0,13640.1875
2015-05-23 13:00:00,0,27.2,21.0,13.0,13703.975
2015-05-23 14:00:00,0,27.2,20.0,11.1,13636.939999999997
2015-05-23 15:00:00,0,27.2,19.0,9.3,13577.087499999998
2015-05-23 16:00:00,0,27.2,19.0,7.4,13532.360000000002
2015-05-23 17:00:00,0,27.2,19.0,14.8,13311.139999999996
2015-05-23 18:00:00,0,26.7,19.0,11.1,13176.275000000001
2015-05-23 19:00:00,0,26.7,19.0,14.8,13187.164999999999
2015-05-23 20:00:00,0,26.7,19.0,13.0,13344.442500000001
2015-05-23 21:00:00,0,26.1,21.0,13.0,13190.795
2015-05-23 22:00:00,0,23.9,28.0,5.6,12891.6025
2015-05-23 23:00:00,0,23.3,30.0,7.4,12743.11
2015-05-24 00:00:00,0,22.8,29.0,7.4,12666.190000000002
2015-05-24 01:00:00,0,23.9,26.0,5.6,12494.904999999997
2015-05-24 02:00:00,0,22.8,29.0,11.1,12555.512499999999
2015-05-24 03:00:00,0,21.7,34.0,5.6,12604.06
2015-05-24 04:00:00,0,21.7,35.0,9.3,12799.707500000002
2015-05-24 05:00:00,0,19.4,42.0,5.6,12760.332499999997
2015-05-24 06:00:00,0,18.9,43.0,13.0,12608.432499999997
2015-05-24 07:00:00,0,20.0,40.0,9.3,12739.094999999998
2015-05-24 08:00:00,0,21.1,36.0,9.3,13038.137499999997
2015-05-24 09:00:00,0,23.3,32.0,7.4,13331.395
2015-05-24 10:00:00,0,24.4,29.0,0.0,13387.792500000003
2015-05-24 11:00:00,0,25.0,26.0,9.3,13215.582500000002
2015-05-24 12:00:00,0,25.6,25.0,0.0,13497.9825
2015-05-24 13:00:00,0,27.2,23.0,7.4,13657.220000000005
2015-05-24 14:00:00,0,26.7,24.0,14.8,13571.897499999997
2015-05-24 15:00:00,0,28.3,20.0,16.7,13728.92
2015-05-24 16:00:00,0,28.9,19.0,7.4,13482.317499999997
2015-05-24 17:00:00,0,28.9,19.0,14.8,13283.39
2015-05-24 18:00:00,0,28.3,18.0,24.1,13111.594999999998
2015-05-24 19:00:00,0,28.3,17.0,18.5,13124.825
2015-05-24 20:00:00,0,27.8,18.0,16.7,13211.897500000005
2015-05-24 21:00:00,0,26.7,21.0,7.4,13043.395000000002
2015-05-24 22:00:00,0,25.0,26.0,5.6,12855.504999999997
2015-05-24 23:00:00,0,24.4,27.0,5.6,12877.580000000002
2015-05-25 00:00:00,1,25.6,25.0,7.4,12724.929999999998
2015-05-25 01:00:00,1,24.4,29.0,7.4,12561.575
2015-05-25 02:00:00,1,22.2,33.0,9.3,12839.917499999998
2015-05-25 03:00:00,1,21.1,38.0,5.6,12899.509999999998
2015-05-25 04:00:00,1,21.7,35.0,7.4,12988.294999999998
2015-05-25 05:00:00,1,20.6,39.0,9.3,13073.2875
2015-05-25 06:00:00,1,20.0,40.0,13.0,13097.7075
2015-05-25 07:00:00,1,21.1,39.0,11.1,13345.814999999999
2015-05-25 08:00:00,1,22.2,38.0,9.3,13521.897499999997
2015-05-25 09:00:00,1,24.4,32.0,0.0,13756.585
2015-05-25 10:00:00,1,26.1,28.0,7.4,13939.377499999999
2015-05-25 11:00:00,1,27.8,24.0,11.1,14286.1075
2015-05-25 12:00:00,1,28.9,23.0,5.6,14274.359999999997
2015-05-25 13:00:00,1,30.0,20.0,22.2,14279.325000000003
2015-05-25 14:00:00,1,30.6,18.0,9.3,14210.385
2015-05-25 15:00:00,1,31.7,18.0,20.4,14094.394999999997
2015-05-25 16:00:00,1,31.1,16.0,7.4,13998.024999999998
2015-05-25 17:00:00,1,32.2,16.0,16.7,13904.340000000004
2015-05-25 18:00:00,1,31.7,16.0,16.7,13724.775000000001
2015-05-25 19:00:00,1,31.1,16.0,13.0,13704.395000000002
2015-05-25 20:00:00,1,30.6,18.0,13.0,13617.0825
2015-05-25 21:00:00,1,29.4,20.0,9.3,13663.794999999998
2015-05-25 22:00:00,1,28.3,24.0,0.0,13194.155000000002
2015-05-25 23:00:00,1,27.8,23.0,9.3,12804.52
2015-05-26 00:00:00,0,26.7,24.0,18.5,12798.355000000003
2015-05-26 01:00:00,0,26.1,25.0,14.8,12710.875000000002
2015-05-26 02:00:00,0,26.0,24.0,14.8,12881.534999999996
2015-05-26 03:00:00,0,24.4,26.0,11.1,12929.715
2015-05-26 04:00:00,0,22.8,31.0,0.0,13147.6575
2015-05-26 05:00:00,0,22.8,31.0,0.0,13509.175
2015-05-26 06:00:00,0,22.2,33.0,5.6,14025.6725
2015-05-26 07:00:00,0,23.9,32.0,7.4,14671.525000000001
2015-05-26 08:00:00,0,25.6,27.0,9.3,15530.61
2015-05-26 09:00:00,0,26.7,24.0,7.4,16285.430000000006
2015-05-26 10:00:00,0,29.4,21.0,5.6,16711.697500000002
2015-05-26 11:00:00,0,30.0,20.0,9.3,16947.01
2015-05-26 12:00:00,0,31.7,16.0,5.6,17057.777499999993
2015-05-26 13:00:00,0,32.8,16.0,13.0,17099.4525
2015-05-26 14:00:00,0,33.9,14.0,7.4,17189.7225
2015-05-26 15:00:00,0,34.4,14.0,13.0,16990.1775
2015-05-26 16:00:00,0,35.0,12.0,16.7,16651.395000000004
2015-05-26 17:00:00,0,33.3,14.0,7.4,16106.544999999998
2015-05-26 18:00:00,0,33.3,13.0,5.6,15211.342499999999
2015-05-26 19:00:00,0,33.3,13.0,11.1,14690.862500000001
2015-05-26 20:00:00,0,32.2,15.0,14.8,14512.377499999999
2015-05-26 21:00:00,0,31.7,15.0,11.1,14306.170000000002
2015-05-26 22:00:00,0,31.1,16.0,24.1,13743.097500000002
2015-05-26 23:00:00,0,28.3,19.0,16.7,13399.237500000003
2015-05-27 00:00:00,0,28.3,16.0,16.7,13162.05
2015-05-27 01:00:00,0,27.8,17.0,11.1,13015.112500000003
2015-05-27 02:00:00,0,26.7,20.0,11.1,13140.194999999998
2015-05-27 03:00:00,0,26.1,22.0,11.1,13154.377500000002
2015-05-27 04:00:00,0,23.9,26.0,9.3,13254.780000000002
2015-05-27 05:00:00,0,23.9,29.0,0.0,13615.749999999998
2015-05-27 06:00:00,0,23.9,32.0,5.6,14115.717500000008
2015-05-27 07:00:00,0,23.3,34.0,13.0,14538.827500000003
2015-05-27 08:00:00,0,25.0,28.0,11.1,15402.435
2015-05-27 09:00:00,0,26.7,24.0,9.3,16190.464999999997
2015-05-27 10:00:00,0,28.9,18.0,7.4,16632.667500000003
2015-05-27 11:00:00,0,31.1,15.0,5.6,16947.75
2015-05-27 12:00:00,0,32.2,14.0,7.4,16917.055
2015-05-27 13:00:00,0,33.0,13.0,9.3,17044.222500000003
2015-05-27 14:00:00,0,35.6,10.0,9.3,17204.487500000003
2015-05-27 15:00:00,0,35.6,10.0,13.0,17139.010000000002
2015-05-27 16:00:00,0,35.6,10.0,9.3,16534.179999999993
2015-05-27 17:00:00,0,34.4,12.0,25.9,16032.8425
2015-05-27 18:00:00,0,33.9,12.0,20.4,15065.460000000003
2015-05-27 19:00:00,0,33.3,13.0,18.5,14645.1275
2015-05-27 20:00:00,0,32.8,10.0,14.8,14534.592499999997
2015-05-27 21:00:00,0,32.0,11.0,9.3,14148.7525
2015-05-27 22:00:00,0,28.3,17.0,9.3,13557.694999999998
2015-05-27 23:00:00,0,27.8,20.0,7.4,13265.125000000002
2015-05-28 00:00:00,0,26.7,22.0,5.6,13151.815000000002
2015-05-28 01:00:00,0,26.7,22.0,9.3,13007.827500000005
2015-05-28 02:00:00,0,25.6,22.0,5.6,12978.884999999998
2015-05-28 03:00:00,0,24.4,29.0,9.3,12891.31
2015-05-28 04:00:00,0,22.8,30.0,5.6,13106.56
2015-05-28 05:00:00,0,22.8,29.0,7.4,13394.339999999998
2015-05-28 06:00:00,0,21.7,30.0,7.4,13842.389999999996
2015-05-28 07:00:00,0,23.9,25.0,16.7,14401.089999999998
2015-05-28 08:00:00,0,25.6,23.0,11.1,15315.220000000001
2015-05-28 09:00:00,0,28.3,20.0,7.4,16056.472499999998
2015-05-28 10:00:00,0,30.0,17.0,7.4,16610.679999999997
2015-05-28 11:00:00,0,31.7,14.0,0.0,17064.8575
2015-05-28 12:00:00,0,32.8,12.0,5.6,17131.2675
2015-05-28 13:00:00,0,35.0,10.0,7.4,17094.572500000002
2015-05-28 14:00:00,0,36.1,10.0,13.0,16986.245
2015-05-28 15:00:00,0,35.6,10.0,9.3,16917.535000000003
2015-05-28 16:00:00,0,36.7,9.0,18.5,16762.759999999995
2015-05-28 17:00:00,0,36.7,9.0,11.1,16147.482500000002
2015-05-28 18:00:00,0,36.1,9.0,14.8,15235.640000000001
2015-05-28 19:00:00,0,35.6,8.0,20.4,14776.815000000002
2015-05-28 20:00:00,0,35.0,9.0,14.8,14528.599999999997
2015-05-28 21:00:00,0,33.3,11.0,13.0,14248.362500000003
2015-05-28 22:00:00,0,30.6,14.0,11.1,13695.4825
2015-05-28 23:00:00,0,28.9,16.0,16.7,13325.4825
2015-05-29 00:00:00,0,28.9,13.0,11.1,13123.140000000003
2015-05-29 01:00:00,0,29.4,13.0,7.4,13003.429999999995
2015-05-29 02:00:00,0,25.6,21.0,9.3,13048.934999999998
2015-05-29 03:00:00,0,25.0,20.0,9.3,13015.314999999995
2015-05-29 04:00:00,0,25.0,20.0,0.0,13252.089999999997
2015-05-29 05:00:00,0,23.3,29.0,9.3,13576.237500000003
2015-05-29 06:00:00,0,23.3,27.0,13.0,14002.947500000002
2015-05-29 07:00:00,0,24.4,27.0,13.0,14541.810000000001
2015-05-29 08:00:00,0,27.2,18.0,14.8,15407.224999999997
2015-05-29 09:00:00,0,29.4,16.0,5.6,16197.2525
2015-05-29 10:00:00,0,31.7,14.0,7.4,16695.080000000005
2015-05-29 11:00:00,0,33.9,12.0,7.4,16865.84
2015-05-29 12:00:00,0,36.1,10.0,9.3,16979.749999999996
2015-05-29 13:00:00,0,36.1,8.0,7.4,16970.052499999998
2015-05-29 14:00:00,0,38.3,7.0,13.0,17134.642499999994
2015-05-29 15:00:00,0,38.3,6.0,13.0,17011.2775
2015-05-29 16:00:00,0,38.3,5.0,0.0,16792.874999999996
2015-05-29 17:00:00,0,38.9,6.0,18.5,16117.96
2015-05-29 18:00:00,0,38.0,6.0,14.8,15150.8125
2015-05-29 19:00:00,0,37.8,5.0,16.7,14653.192500000001
2015-05-29 20:00:00,0,36.7,7.0,16.7,14524.867499999998
2015-05-29 21:00:00,0,33.3,10.0,7.4,14207.312500000002
2015-05-29 22:00:00,0,32.8,11.0,5.6,13654.6775
2015-05-29 23:00:00,0,32.8,10.0,5.6,13246.294999999998
2015-05-30 00:00:00,0,29.4,17.0,7.4,12922.112500000001
2015-05-30 01:00:00,0,27.8,19.0,11.1,12736.462499999998
2015-05-30 02:00:00,0,27.2,19.0,13.0,12834.287499999999
2015-05-30 03:00:00,0,27.8,19.0,7.4,12767.435
2015-05-30 04:00:00,0,27.2,18.0,7.4,12846.022499999997
2015-05-30 05:00:00,0,25.6,21.0,0.0,12860.3475
2015-05-30 06:00:00,0,23.9,28.0,9.3,12784.019999999999
2015-05-30 07:00:00,0,25.6,24.0,9.3,13149.925000000001
2015-05-30 08:00:00,0,27.8,18.0,13.0,13407.082500000006
2015-05-30 09:00:00,0,30.0,16.0,9.3,13825.5625
2015-05-30 10:00:00,0,32.2,14.0,0.0,14095.272500000003
2015-05-30 11:00:00,0,33.9,12.0,0.0,14242.825
2015-05-30 12:00:00,0,35.6,11.0,7.4,14298.807499999997
2015-05-30 13:00:00,0,37.8,9.0,11.1,14339.507500000005
2015-05-30 14:00:00,0,39.4,7.0,5.6,14444.422500000004
2015-05-30 15:00:00,0,39.4,6.0,9.3,14410.7275
2015-05-30 16:00:00,0,40.0,6.0,9.3,14311.522500000001
2015-05-30 17:00:00,0,40.0,6.0,7.4,14030.43
2015-05-30 18:00:00,0,40.0,6.0,11.1,13963.225
2015-05-30 19:00:00,0,39.4,5.0,18.5,13808.3375
2015-05-30 20:00:00,0,38.3,7.0,13.0,13840.947499999997
2015-05-30 21:00:00,0,34.4,10.0,7.4,13626.1575
2015-05-30 22:00:00,0,33.9,12.0,5.6,13337.714999999997
2015-05-30 23:00:00,0,35.0,10.0,13.0,13071.870000000003
2015-05-31 00:00:00,0,33.9,11.0,9.3,12942.98
2015-05-31 01:00:00,0,32.8,12.0,16.7,12881.027499999997
2015-05-31 02:00:00,0,29.4,18.0,5.6,12803.892500000002
2015-05-31 03:00:00,0,30.6,15.0,5.6,12838.244999999999
2015-05-31 04:00:00,0,29.4,16.0,7.4,12986.292500000001
2015-05-31 05:00:00,0,26.7,24.0,11.1,12888.189999999997
2015-05-31 06:00:00,0,25.6,27.0,14.8,12895.835000000001
2015-05-31 07:00:00,0,26.7,23.0,11.1,13158.654999999997
2015-05-31 08:00:00,0,28.3,23.0,9.3,13500.330000000004
2015-05-31 09:00:00,0,31.1,18.0,7.4,13842.244999999999
2015-05-31 10:00:00,0,33.9,14.0,7.4,14037.732499999998
2015-05-31 11:00:00,0,35.0,12.0,0.0,14216.182499999999
2015-05-31 12:00:00,0,36.1,11.0,5.6,14432.355
2015-05-31 13:00:00,0,38.3,9.0,11.1,14378.2425
2015-05-31 14:00:00,0,38.9,9.0,0.0,14404.220000000001
2015-05-31 15:00:00,0,39.4,8.0,7.4,14581.602500000003
2015-05-31 16:00:00,0,40.6,8.0,5.6,14429.13
2015-05-31 17:00:00,0,40.6,9.0,9.3,14119.397500000001
2015-05-31 18:00:00,0,40.0,9.0,0.0,14078.062499999998
2015-05-31 19:00:00,0,40.0,9.0,13.0,14012.197500000004
2015-05-31 20:00:00,0,39.4,9.0,13.0,13958.102499999999
2015-05-31 21:00:00,0,37.2,9.0,24.1,13674.644999999997
2015-05-31 22:00:00,0,35.6,10.0,20.4,13377.419999999998
2015-05-31 23:00:00,0,34.4,8.0,18.5,13172.7
2015-06-01 00:00:00,0,31.7,12.0,0.0,13071.007499999998
2015-06-01 01:00:00,0,32.2,10.0,5.6,13023.26
2015-06-01 02:00:00,0,29.4,16.0,9.3,13109.215000000004
2015-06-01 03:00:00,0,30.0,17.0,9.3,13222.004999999996
2015-06-01 04:00:00,0,28.9,16.0,9.3,13657.595000000001
2015-06-01 05:00:00,0,26.7,19.0,13.0,14201.287499999999
2015-06-01 06:00:00,0,26.1,20.0,14.8,14572.432499999997
2015-06-01 07:00:00,0,26.7,21.0,13.0,15106.097499999998
2015-06-01 08:00:00,0,29.4,14.0,14.8,15925.082499999999
2015-06-01 09:00:00,0,31.7,12.0,11.1,16761.005
2015-06-01 10:00:00,0,33.9,10.0,5.6,17267.162500000002
2015-06-01 11:00:00,0,35.6,9.0,11.1,17564.6025
2015-06-01 12:00:00,0,37.2,8.0,11.1,17618.9775
2015-06-01 13:00:00,0,38.9,7.0,14.8,17815.81
2015-06-01 14:00:00,0,38.3,7.0,5.6,17809.170000000002
2015-06-01 15:00:00,0,39.4,7.0,20.4,17672.550000000003
2015-06-01 16:00:00,0,40.6,6.0,29.6,17444.005000000005
2015-06-01 17:00:00,0,40.6,5.0,20.4,16836.920000000006
2015-06-01 18:00:00,0,39.4,6.0,31.5,15732.26
2015-06-01 19:00:00,0,38.3,6.0,27.8,15205.717499999999
2015-06-01 20:00:00,0,37.2,6.0,24.1,14928.189999999999
2015-06-01 21:00:00,0,36.7,7.0,22.2,14518.797499999995
2015-06-01 22:00:00,0,32.2,11.0,11.1,13899.672500000004
2015-06-01 23:00:00,0,31.7,12.0,5.6,13423.735
2015-06-02 00:00:00,0,31.7,10.0,9.3,13245.49
2015-06-02 01:00:00,0,31.1,12.0,7.4,13062.755
2015-06-02 02:00:00,0,29.4,16.0,5.6,13185.317500000001
2015-06-02 03:00:00,0,27.2,21.0,16.7,13108.0225
2015-06-02 04:00:00,0,26.1,22.0,11.1,13268.654999999997
2015-06-02 05:00:00,0,25.6,22.0,11.1,13611.022500000001
2015-06-02 06:00:00,0,25.6,24.0,13.0,14404.685
2015-06-02 07:00:00,0,26.1,24.0,16.7,15039.029999999997
2015-06-02 08:00:00,0,28.9,19.0,9.3,15853.2475
2015-06-02 09:00:00,0,31.7,15.0,11.1,16720.4725
2015-06-02 10:00:00,0,34.4,13.0,9.3,17209.064999999995
2015-06-02 11:00:00,0,35.6,11.0,9.3,17434.73
2015-06-02 12:00:00,0,36.1,11.0,11.1,17543.4825
2015-06-02 13:00:00,0,36.7,9.0,5.6,17598.817500000005
2015-06-02 14:00:00,0,38.3,8.0,5.6,17696.622499999998
2015-06-02 15:00:00,0,40.0,6.0,27.8,17511.0425
2015-06-02 16:00:00,0,38.9,6.0,18.5,17243.0375
2015-06-02 17:00:00,0,38.9,6.0,22.2,16602.1475
2015-06-02 18:00:00,0,37.8,5.0,20.4,15665.927500000005
2015-06-02 19:00:00,0,37.2,6.0,27.8,15119.440000000002
2015-06-02 20:00:00,0,36.1,6.0,16.7,14857.7025
2015-06-02 21:00:00,0,35.0,6.0,14.8,14420.755000000001
2015-06-02 22:00:00,0,33.9,6.0,18.5,13776.460000000003
2015-06-02 23:00:00,0,32.2,7.0,16.7,13348.550000000001
2015-06-03 00:00:00,0,32.8,6.0,14.8,13127.26
2015-06-03 01:00:00,0,30.0,8.0,0.0,12979.442500000003
2015-06-03 02:00:00,0,28.9,10.0,11.1,13038.2025
2015-06-03 03:00:00,0,27.8,12.0,7.4,13062.25
2015-06-03 04:00:00,0,26.1,14.0,13.0,13174.822499999998
2015-06-03 05:00:00,0,24.4,21.0,11.1,13568.795
2015-06-03 06:00:00,0,23.9,22.0,11.1,14183.6875
2015-06-03 07:00:00,0,24.4,21.0,9.3,14756.040000000005
2015-06-03 08:00:00,0,26.7,18.0,7.4,15738.792499999998
2015-06-03 09:00:00,0,30.0,13.0,7.4,16492.7225
2015-06-03 10:00:00,0,32.2,10.0,7.4,17069.177499999998
2015-06-03 11:00:00,0,33.3,10.0,9.3,17326.1
2015-06-03 12:00:00,0,34.4,8.0,7.4,17443.255
2015-06-03 13:00:00,0,36.1,7.0,7.4,17448.8675
2015-06-03 14:00:00,0,38.3,6.0,16.7,17592.7775
2015-06-03 15:00:00,0,37.8,4.0,14.8,17511.127499999995
2015-06-03 16:00:00,0,38.3,5.0,16.7,17199.835
2015-06-03 17:00:00,0,37.8,4.0,24.1,16469.704999999998
2015-06-03 18:00:00,0,36.7,5.0,22.2,15566.987500000001
2015-06-03 19:00:00,0,36.1,4.0,25.9,15020.910000000002
2015-06-03 20:00:00,0,34.4,5.0,24.1,14751.880000000001
2015-06-03 21:00:00,0,33.9,4.0,18.5,14320.452500000001
2015-06-03 22:00:00,0,32.8,4.0,20.4,13773.390000000001
2015-06-03 23:00:00,0,30.6,6.0,11.1,13357.232499999998
2015-06-04 00:00:00,0,28.9,8.0,0.0,13231.077500000001
2015-06-04 01:00:00,0,27.2,12.0,7.4,13070.7425
2015-06-04 02:00:00,0,27.2,10.0,13.0,13070.6775
2015-06-04 03:00:00,0,25.6,14.0,14.8,13017.545
2015-06-04 04:00:00,0,24.4,17.0,13.0,13141.135000000002
2015-06-04 05:00:00,0,22.8,21.0,14.8,13512.789999999999
2015-06-04 06:00:00,0,22.8,20.0,13.0,14090.487500000001
2015-06-04 07:00:00,0,23.9,15.0,16.7,14682.9025
2015-06-04 08:00:00,0,26.7,15.0,14.8,15632.25
2015-06-04 09:00:00,0,30.0,11.0,14.8,16504.457500000008
2015-06-04 10:00:00,0,31.7,9.0,13.0,16964.524999999998
2015-06-04 11:00:00,0,32.8,9.0,16.7,17253.287500000002
2015-06-04 12:00:00,0,33.9,7.0,0.0,17235.9475
2015-06-04 13:00:00,0,36.1,6.0,20.4,17247.0125
2015-06-04 14:00:00,0,36.1,6.0,22.2,17103.120000000003
2015-06-04 15:00:00,0,34.4,8.0,11.1,16940.6425
2015-06-04 16:00:00,0,34.4,8.0,13.0,16591.89999999999
2015-06-04 17:00:00,0,33.9,10.0,18.5,16035.427499999998
2015-06-04 18:00:00,0,32.8,18.0,14.8,15263.332499999993
2015-06-04 19:00:00,0,29.4,30.0,27.8,14792.187500000002
2015-06-04 20:00:00,0,28.3,38.0,18.5,14676.269999999997
2015-06-04 21:00:00,0,28.3,38.0,14.8,14378.9575
2015-06-04 22:00:00,0,28.9,32.0,20.4,13926.477499999995
2015-06-04 23:00:00,0,28.3,36.0,16.7,13525.094999999998
2015-06-05 00:00:00,0,27.8,37.0,13.0,13308.839999999998
2015-06-05 01:00:00,0,27.2,38.0,9.3,13222.402500000002
2015-06-05 02:00:00,0,27.8,35.0,7.4,13305.14
2015-06-05 03:00:00,0,27.2,35.0,11.1,13309.734999999999
2015-06-05 04:00:00,0,27.2,38.0,25.9,13483.620000000003
2015-06-05 05:00:00,0,26.1,47.0,20.4,13737.134999999998
2015-06-05 06:00:00,0,23.9,62.0,13.0,14199.37
2015-06-05 07:00:00,0,22.8,76.0,22.2,14784.877499999993
2015-06-05 08:00:00,0,22.8,73.0,24.1,15501.2525
2015-06-05 09:00:00,0,25.6,58.0,29.6,16209.385000000002
2015-06-05 10:00:00,0,24.4,69.0,22.2,16602.1825
2015-06-05 11:00:00,0,26.7,58.0,24.1,16784.385
2015-06-05 12:00:00,0,28.3,49.0,22.2,16806.08
2015-06-05 13:00:00,0,27.2,56.0,25.9,16947.46
2015-06-05 14:00:00,0,30.6,41.0,25.9,17084.5675
2015-06-05 15:00:00,0,31.7,38.0,20.4,16759.6575
2015-06-05 16:00:00,0,30.0,43.0,31.5,16552.3575
2015-06-05 17:00:00,0,29.4,44.0,18.5,15805.7025
2015-06-05 18:00:00,0,26.1,62.0,18.5,14830.765000000003
2015-06-05 19:00:00,0,25.6,68.0,9.3,14474.715000000002
2015-06-05 20:00:00,0,25.0,76.0,0.0,14483.554999999998
2015-06-05 21:00:00,0,26.1,62.0,18.5,14179.145000000004
2015-06-05 22:00:00,0,24.0,78.0,5.6,12890.345000000003
2015-06-05 23:00:00,0,24.4,69.0,13.0,13240.004999999997
2015-06-06 00:00:00,0,25.0,64.0,9.3,13076.845000000003
2015-06-06 01:00:00,0,23.9,76.0,7.4,12999.1125
2015-06-06 02:00:00,0,22.8,84.0,9.3,12974.357500000002
2015-06-06 03:00:00,0,23.3,73.0,11.1,12964.7425
2015-06-06 04:00:00,0,23.3,73.0,16.7,13111.767500000002
2015-06-06 05:00:00,0,23.3,73.0,14.8,13217.4
2015-06-06 06:00:00,0,22.8,79.0,13.0,13210.497499999998
2015-06-06 07:00:00,0,23.0,73.0,11.1,13439.8775
2015-06-06 08:00:00,0,24.4,69.0,9.3,13656.572500000002
2015-06-06 09:00:00,0,26.1,60.0,9.3,13675.272499999997
2015-06-06 10:00:00,0,27.8,41.0,13.0,13826.03
2015-06-06 11:00:00,0,29.4,30.0,7.4,14049.079999999998
2015-06-06 12:00:00,0,32.2,19.0,22.2,14077.572499999997
2015-06-06 13:00:00,0,32.8,17.0,9.3,14004.404999999999
2015-06-06 14:00:00,0,33.3,17.0,9.3,13992.7025
2015-06-06 15:00:00,0,35.0,11.0,18.5,13864.775000000001
2015-06-06 16:00:00,0,35.6,9.0,14.8,13846.515000000003
2015-06-06 17:00:00,0,35.6,7.0,22.2,13734.607499999998
2015-06-06 18:00:00,0,35.0,8.0,20.4,13635.567499999997
2015-06-06 19:00:00,0,35.0,9.0,22.2,13578.554999999995
2015-06-06 20:00:00,0,33.9,9.0,16.7,13668.332500000004
2015-06-06 21:00:00,0,33.3,10.0,16.7,13423.982500000002
2015-06-06 22:00:00,0,32.2,12.0,0.0,13143.81
2015-06-06 23:00:00,0,30.6,16.0,0.0,12938.019999999999
2015-06-07 00:00:00,0,28.9,22.0,7.4,12732.1625
2015-06-07 01:00:00,0,27.8,26.0,11.1,12674.8975
2015-06-07 02:00:00,0,27.2,26.0,7.4,12712.077499999998
2015-06-07 03:00:00,0,25.0,34.0,14.8,12647.0925
2015-06-07 04:00:00,0,24.4,37.0,11.1,12842.542500000001
2015-06-07 05:00:00,0,22.8,39.0,9.3,12857.982500000002
2015-06-07 06:00:00,0,22.8,39.0,9.3,12832.9725
2015-06-07 07:00:00,0,23.9,37.0,13.0,13011.590000000002
2015-06-07 08:00:00,0,26.7,29.0,13.0,13299.877499999999
2015-06-07 09:00:00,0,29.4,19.0,11.1,13512.0775
2015-06-07 10:00:00,0,31.1,16.0,11.1,13697.967499999995
2015-06-07 11:00:00,0,32.8,10.0,11.1,13842.847500000003
2015-06-07 12:00:00,0,34.4,8.0,9.3,13984.184999999998
2015-06-07 13:00:00,0,36.7,8.0,13.0,13978.535
2015-06-07 14:00:00,0,36.1,7.0,11.1,14026.1125
2015-06-07 15:00:00,0,37.8,7.0,11.1,14038.987500000001
2015-06-07 16:00:00,0,36.7,7.0,5.6,13992.907500000003
2015-06-07 17:00:00,0,37.2,8.0,0.0,13703.624999999998
2015-06-07 18:00:00,0,37.2,8.0,18.5,13689.404999999997
2015-06-07 19:00:00,0,36.7,8.0,16.7,13594.249999999998
2015-06-07 20:00:00,0,35.6,9.0,7.4,13526.335000000001
2015-06-07 21:00:00,0,35.0,10.0,0.0,13347.85
2015-06-07 22:00:00,0,33.9,12.0,0.0,13189.682500000003
2015-06-07 23:00:00,0,31.1,18.0,5.6,13054.445000000003
2015-06-08 00:00:00,0,29.4,22.0,5.6,12975.35
2015-06-08 01:00:00,0,28.9,23.0,7.4,12888.562500000004
2015-06-08 02:00:00,0,27.8,24.0,9.3,13060.377500000002
2015-06-08 03:00:00,0,26.7,24.0,11.1,13169.007500000003
2015-06-08 04:00:00,0,26.1,26.0,0.0,13545.295000000002
2015-06-08 05:00:00,0,26.1,26.0,0.0,14031.237500000001
2015-06-08 06:00:00,0,26.7,26.0,0.0,14244.679999999998
2015-06-08 07:00:00,0,27.2,26.0,0.0,14639.220000000001
2015-06-08 08:00:00,0,28.3,26.0,7.4,15499.6075
2015-06-08 09:00:00,0,31.1,18.0,7.4,16136.009999999997
2015-06-08 10:00:00,0,32.8,16.0,5.6,16750.485
2015-06-08 11:00:00,0,34.4,14.0,5.6,17152.24
2015-06-08 12:00:00,0,36.1,12.0,5.6,17346.2825
2015-06-08 13:00:00,0,38.3,10.0,13.0,17452.914999999997
2015-06-08 14:00:00,0,40.0,9.0,5.6,17426.76
2015-06-08 15:00:00,0,40.0,9.0,7.4,16756.517499999998
2015-06-08 16:00:00,0,40.6,9.0,14.8,17128.3975
2015-06-08 17:00:00,0,40.6,10.0,11.1,16522.0875
2015-06-08 18:00:00,0,40.6,9.0,18.5,15583.565000000002
2015-06-08 19:00:00,0,39.4,10.0,18.5,15037.585
2015-06-08 20:00:00,0,38.3,11.0,16.7,14907.9575
2015-06-08 21:00:00,0,36.7,13.0,13.0,14547.342499999999
2015-06-08 22:00:00,0,36.1,14.0,14.8,14028.490000000002
2015-06-08 23:00:00,0,35.6,13.0,11.1,13649.914999999999
2015-06-09 00:00:00,0,35.0,14.0,0.0,13455.42
2015-06-09 01:00:00,0,33.3,18.0,0.0,13318.574999999999
2015-06-09 02:00:00,0,33.9,17.0,9.3,13430.892500000004
2015-06-09 03:00:00,0,31.1,28.0,16.7,13445.905000000002
2015-06-09 04:00:00,0,30.0,33.0,14.8,13618.752499999997
2015-06-09 05:00:00,0,30.0,36.0,7.4,14054.987500000001
2015-06-09 06:00:00,0,29.4,38.0,25.9,14845.212500000001
2015-06-09 07:00:00,0,28.3,42.0,16.7,15239.060000000001
2015-06-09 08:00:00,0,28.9,44.0,14.8,15919.402499999997
2015-06-09 09:00:00,0,28.3,49.0,5.6,16592.09
2015-06-09 10:00:00,0,29.4,44.0,0.0,17100.9475
2015-06-09 11:00:00,0,30.0,44.0,0.0,17338.8725
2015-06-09 12:00:00,0,30.0,48.0,9.3,17441.7075
2015-06-09 13:00:00,0,30.0,46.0,5.6,17582.86
2015-06-09 14:00:00,0,31.1,43.0,9.3,17715.234999999997
2015-06-09 15:00:00,0,31.7,40.0,11.1,17499.89
2015-06-09 16:00:00,0,31.7,39.0,13.0,17132.570000000003
2015-06-09 17:00:00,0,31.7,40.0,16.7,16573.905
2015-06-09 18:00:00,0,32.2,37.0,9.3,15583.444999999998
2015-06-09 19:00:00,0,31.7,38.0,14.8,15078.29
2015-06-09 20:00:00,0,31.1,39.0,11.1,14912.637500000003
2015-06-09 21:00:00,0,31.1,39.0,9.3,14616.7175
2015-06-09 22:00:00,0,30.6,40.0,9.3,14147.574999999999
2015-06-09 23:00:00,0,29.4,51.0,18.5,13848.727500000003
2015-06-10 00:00:00,0,28.9,51.0,14.8,13490.682499999999
2015-06-10 01:00:00,0,28.9,51.0,22.2,13362.735
2015-06-10 02:00:00,0,28.3,51.0,16.7,13482.332499999999
2015-06-10 03:00:00,0,28.3,51.0,13.0,13431.575000000004
2015-06-10 04:00:00,0,27.8,56.0,13.0,13634.317500000001
2015-06-10 05:00:00,0,27.8,58.0,11.1,14116.607500000004
2015-06-10 06:00:00,0,27.2,60.0,16.7,14870.3125
2015-06-10 07:00:00,0,27.2,62.0,13.0,15259.269999999997
2015-06-10 08:00:00,0,27.2,60.0,14.8,16048.384999999995
2015-06-10 09:00:00,0,27.8,58.0,9.3,16724.0025
2015-06-10 10:00:00,0,28.3,56.0,7.4,17335.07
2015-06-10 11:00:00,0,29.4,55.0,14.8,17700.03
2015-06-10 12:00:00,0,30.0,53.0,13.0,17814.775
2015-06-10 13:00:00,0,30.6,48.0,14.8,17904.649999999998
2015-06-10 14:00:00,0,32.2,43.0,18.5,17864.940000000002
2015-06-10 15:00:00,0,33.3,37.0,18.5,17762.3
2015-06-10 16:00:00,0,33.3,34.0,18.5,17365.65
2015-06-10 17:00:00,0,34.4,31.0,16.7,16679.710000000003
2015-06-10 18:00:00,0,33.9,33.0,16.7,15739.700000000003
2015-06-10 19:00:00,0,33.9,33.0,20.4,15344.089999999998
2015-06-10 20:00:00,0,32.2,38.0,13.0,15203.190000000002
2015-06-10 21:00:00,0,32.2,38.0,9.3,14762.989999999998
2015-06-10 22:00:00,0,31.7,40.0,7.4,14132.32
2015-06-10 23:00:00,0,31.1,42.0,7.4,13719.17
2015-06-11 00:00:00,0,30.6,43.0,0.0,13589.210000000001
2015-06-11 01:00:00,0,30.0,43.0,5.6,13495.77
2015-06-11 02:00:00,0,30.0,40.0,0.0,13534.71
2015-06-11 03:00:00,0,29.4,36.0,9.3,13460.889999999996
2015-06-11 04:00:00,0,27.8,41.0,7.4,13628.28
2015-06-11 05:00:00,0,27.8,41.0,11.1,14018.49
2015-06-11 06:00:00,0,27.8,39.0,11.1,14553.620000000003
2015-06-11 07:00:00,0,28.9,33.0,20.4,14940.029999999999
2015-06-11 08:00:00,0,30.0,30.0,11.1,15839.140000000003
2015-06-11 09:00:00,0,31.1,27.0,5.6,16594.44
2015-06-11 10:00:00,0,32.2,24.0,9.3,17180.780000000002
2015-06-11 11:00:00,0,33.3,23.0,7.4,17324.429999999997
2015-06-11 12:00:00,0,34.4,22.0,11.1,17402.427499999998
2015-06-11 13:00:00,0,35.0,21.0,9.3,17539.43
2015-06-11 14:00:00,0,36.1,19.0,20.4,17636.749999999996
2015-06-11 15:00:00,0,36.1,18.0,0.0,17493.48
2015-06-11 16:00:00,0,37.2,15.0,25.9,17265.719999999994
2015-06-11 17:00:00,0,36.7,13.0,11.1,16568.329999999998
2015-06-11 18:00:00,0,36.1,13.0,13.0,15580.06
2015-06-11 19:00:00,0,36.1,14.0,11.1,15061.95
2015-06-11 20:00:00,0,35.6,13.0,7.4,14869.060000000001
2015-06-11 21:00:00,0,35.0,16.0,13.0,14446.279999999999
2015-06-11 22:00:00,0,32.2,21.0,9.3,13817.300000000001
2015-06-11 23:00:00,0,31.7,22.0,0.0,13456.970000000003
2015-06-12 00:00:00,0,32.2,19.0,0.0,13234.119999999997
2015-06-12 01:00:00,0,30.6,21.0,9.3,13111.040000000003
2015-06-12 02:00:00,0,31.7,15.0,14.8,13140.73
2015-06-12 03:00:00,0,31.1,15.0,9.3,13124.83
2015-06-12 04:00:00,0,28.3,22.0,7.4,13301.91
2015-06-12 05:00:00,0,26.1,31.0,14.8,13695.599999999999
2015-06-12 06:00:00,0,25.6,35.0,13.0,14142.570000000005
2015-06-12 07:00:00,0,26.7,30.0,13.0,14678.579999999998
2015-06-12 08:00:00,0,28.3,23.0,7.4,15540.250000000005
2015-06-12 09:00:00,0,31.1,18.0,11.1,16242.460000000001
2015-06-12 10:00:00,0,32.2,16.0,0.0,16784.46
2015-06-12 11:00:00,0,33.9,15.0,5.6,16975.15
2015-06-12 12:00:00,0,35.6,13.0,7.4,17094.369999999995
2015-06-12 13:00:00,0,37.2,12.0,9.3,17176.53
2015-06-12 14:00:00,0,37.8,11.0,0.0,17205.459999999995
2015-06-12 15:00:00,0,38.3,11.0,11.1,17070.87
2015-06-12 16:00:00,0,38.9,11.0,11.1,16816.3
2015-06-12 17:00:00,0,38.9,10.0,13.0,16338.939999999997
2015-06-12 18:00:00,0,38.9,10.0,7.4,15312.849999999995
2015-06-12 19:00:00,0,38.3,11.0,5.6,14792.320000000002
2015-06-12 20:00:00,0,37.8,11.0,0.0,14651.480000000003
2015-06-12 21:00:00,0,35.6,14.0,7.4,14308.630000000001
2015-06-12 22:00:00,0,33.9,18.0,0.0,13779.65
2015-06-12 23:00:00,0,33.9,16.0,22.2,13317.86
2015-06-13 00:00:00,0,33.3,15.0,20.4,13087.670000000006
2015-06-13 01:00:00,0,32.8,13.0,13.0,12919.970000000001
2015-06-13 02:00:00,0,32.2,13.0,11.1,12870.579999999998
2015-06-13 03:00:00,0,31.1,13.0,11.1,12788.25
2015-06-13 04:00:00,0,28.9,22.0,7.4,12882.87
2015-06-13 05:00:00,0,27.8,25.0,9.3,12975.869999999997
2015-06-13 06:00:00,0,26.7,27.0,11.1,13067.709999999997
2015-06-13 07:00:00,0,27.8,21.0,14.8,13485.18
2015-06-13 08:00:00,0,29.4,17.0,13.0,13825.85
2015-06-13 09:00:00,0,31.7,14.0,7.4,14056.710000000001
2015-06-13 10:00:00,0,32.8,13.0,5.6,14230.579999999998
2015-06-13 11:00:00,0,35.0,12.0,11.1,14372.519999999999
2015-06-13 12:00:00,0,36.7,11.0,9.3,14493.869999999997
2015-06-13 13:00:00,0,37.8,13.0,7.4,14623.859999999999
2015-06-13 14:00:00,0,39.4,13.0,18.5,14619.050000000003
2015-06-13 15:00:00,0,38.9,13.0,5.6,14659.629999999997
2015-06-13 16:00:00,0,39.4,12.0,14.8,14523.829999999996
2015-06-13 17:00:00,0,40.0,11.0,20.4,14342.94
2015-06-13 18:00:00,0,40.0,11.0,16.7,14183.769999999999
2015-06-13 19:00:00,0,39.4,11.0,20.4,13975.279999999997
2015-06-13 20:00:00,0,38.3,12.0,13.0,13979.819999999998
2015-06-13 21:00:00,0,37.2,14.0,11.1,13768.250000000002
2015-06-13 22:00:00,0,37.2,14.0,13.0,13424.409999999998
2015-06-13 23:00:00,0,34.4,18.0,20.4,13206.32
2015-06-14 00:00:00,0,33.9,20.0,22.2,13089.78
2015-06-14 01:00:00,0,33.3,20.0,22.2,12954.99
2015-06-14 02:00:00,0,32.8,20.0,16.7,13017.969999999998
2015-06-14 03:00:00,0,31.7,20.0,13.0,12937.939999999997
2015-06-14 04:00:00,0,31.1,21.0,5.6,13022.009999999998
2015-06-14 05:00:00,0,30.6,20.0,0.0,12973.079999999998
2015-06-14 06:00:00,0,28.9,26.0,7.4,13110.18
2015-06-14 07:00:00,0,29.4,28.0,11.1,13489.83
2015-06-14 08:00:00,0,30.6,23.0,9.3,13713.499999999998
2015-06-14 09:00:00,0,32.2,19.0,5.6,13947.890000000001
2015-06-14 10:00:00,0,33.3,18.0,0.0,14165.839999999998
2015-06-14 11:00:00,0,35.6,16.0,5.6,14394.28
2015-06-14 12:00:00,0,37.2,15.0,5.6,14629.48
2015-06-14 13:00:00,0,38.9,14.0,11.1,14740.210000000001
2015-06-14 14:00:00,0,40.0,13.0,9.3,14706.67
2015-06-14 15:00:00,0,41.1,11.0,11.1,14717.21
2015-06-14 16:00:00,0,41.7,11.0,13.0,14578.170000000004
2015-06-14 17:00:00,0,41.1,11.0,13.0,14228.31
2015-06-14 18:00:00,0,40.6,10.0,14.8,14004.08
2015-06-14 19:00:00,0,40.6,10.0,5.6,13971.4
2015-06-14 20:00:00,0,39.4,11.0,11.1,13909.720000000001
2015-06-14 21:00:00,0,37.8,14.0,7.4,13754.230000000003
2015-06-14 22:00:00,0,37.8,14.0,13.0,13529.49
2015-06-14 23:00:00,0,37.2,14.0,20.4,13464.290000000003
2015-06-15 00:00:00,0,35.6,17.0,11.1,13352.689999999999
2015-06-15 01:00:00,0,35.0,17.0,14.8,13268.65
2015-06-15 02:00:00,0,33.9,18.0,14.8,13377.39
2015-06-15 03:00:00,0,33.3,19.0,9.3,13549.969999999998
2015-06-15 04:00:00,0,32.8,20.0,7.4,13871.63
2015-06-15 05:00:00,0,31.7,21.0,7.4,14337.710000000003
2015-06-15 06:00:00,0,30.0,26.0,7.4,14823.820000000003
2015-06-15 07:00:00,0,30.6,25.0,7.4,15386.702499999998
2015-06-15 08:00:00,0,32.2,19.0,13.0,16258.407500000001
2015-06-15 09:00:00,0,33.9,17.0,0.0,17060.16
2015-06-15 10:00:00,0,36.7,15.0,5.6,17553.940000000002
2015-06-15 11:00:00,0,37.2,14.0,5.6,17894.000000000007
2015-06-15 12:00:00,0,38.9,13.0,5.6,18102.860000000004
2015-06-15 13:00:00,0,41.7,11.0,7.4,18288.41
2015-06-15 14:00:00,0,42.2,12.0,13.0,18360.0275
2015-06-15 15:00:00,0,42.8,10.0,14.8,18201.912500000006
2015-06-15 16:00:00,0,42.8,10.0,9.3,17988.7525
2015-06-15 17:00:00,0,43.3,10.0,24.1,17364.550000000003
2015-06-15 18:00:00,0,43.3,9.0,25.9,16353.81
2015-06-15 19:00:00,0,42.8,9.0,27.8,15768.770000000004
2015-06-15 20:00:00,0,41.7,9.0,20.4,15524.039999999995
2015-06-15 21:00:00,0,38.3,12.0,11.1,15122.390000000003
2015-06-15 22:00:00,0,37.2,11.0,11.1,14383.009999999998
2015-06-15 23:00:00,0,37.8,11.0,16.7,13965.849999999999
2015-06-16 00:00:00,0,37.2,13.0,13.0,13753.450000000003
2015-06-16 01:00:00,0,35.0,15.0,14.8,13620.630000000001
2015-06-16 02:00:00,0,35.0,15.0,11.1,13691.820000000002
2015-06-16 03:00:00,0,31.7,21.0,0.0,13741.990000000002
2015-06-16 04:00:00,0,31.1,22.0,0.0,13929.04
2015-06-16 05:00:00,0,30.6,24.0,0.0,14343.359999999999
2015-06-16 06:00:00,0,30.6,22.0,11.1,15096.860000000002
2015-06-16 07:00:00,0,30.6,24.0,13.0,15687.2
2015-06-16 08:00:00,0,32.2,22.0,9.3,16578.480000000003
2015-06-16 09:00:00,0,35.0,17.0,7.4,17389.789999999997
2015-06-16 10:00:00,0,36.7,15.0,5.6,17932.2
2015-06-16 11:00:00,0,38.3,13.0,9.3,18210.349999999995
2015-06-16 12:00:00,0,39.4,12.0,7.4,18273.32
2015-06-16 13:00:00,0,41.1,11.0,9.3,18375.0925
2015-06-16 14:00:00,0,43.3,9.0,7.4,18354.35
2015-06-16 15:00:00,0,42.8,9.0,13.0,18262.300000000003
2015-06-16 16:00:00,0,43.3,6.0,16.7,18116.0775
2015-06-16 17:00:00,0,43.3,7.0,18.5,17469.177499999998
2015-06-16 18:00:00,0,42.8,9.0,22.2,16487.21
2015-06-16 19:00:00,0,42.8,8.0,18.5,15827.050000000001
2015-06-16 20:00:00,0,41.7,9.0,18.5,15642.320000000003
2015-06-16 21:00:00,0,38.9,12.0,11.1,15148.589999999998
2015-06-16 22:00:00,0,38.9,12.0,11.1,14535.64
2015-06-16 23:00:00,0,38.9,12.0,11.1,14120.369999999999
2015-06-17 00:00:00,0,22.8,26.0,9.3,13886.89
2015-06-17 01:00:00,0,22.8,26.0,9.3,13795.14
2015-06-17 02:00:00,0,22.8,26.0,9.3,13842.090000000002
2015-06-17 03:00:00,0,22.8,26.0,9.3,13809.129999999997
2015-06-17 04:00:00,0,32.2,22.0,7.4,13993.000000000005
2015-06-17 05:00:00,0,32.2,21.0,0.0,14343.359999999999
2015-06-17 06:00:00,0,30.0,29.0,14.8,15096.860000000002
2015-06-17 07:00:00,0,31.1,25.0,13.0,15687.2
2015-06-17 08:00:00,0,33.9,20.0,13.0,16661.120000000003
2015-06-17 09:00:00,0,36.7,17.0,7.4,17512.45
2015-06-17 10:00:00,0,37.8,15.0,14.8,18029.420000000006
2015-06-17 11:00:00,0,39.4,15.0,11.1,18247.465000000004
2015-06-17 12:00:00,0,41.7,12.0,11.1,18325.002500000002
2015-06-17 13:00:00,0,43.3,9.0,0.0,18414.600000000002
2015-06-17 14:00:00,0,43.9,7.0,18.5,18404.83000000001
2015-06-17 15:00:00,0,44.4,7.0,16.7,18323.019999999986
2015-06-17 16:00:00,0,45.0,7.0,25.9,17987.899999999998
2015-06-17 17:00:00,0,44.4,8.0,18.5,17401.61
2015-06-17 18:00:00,0,43.9,7.0,25.9,16430.94
2015-06-17 19:00:00,0,43.9,7.0,25.9,15828.980000000003
2015-06-17 20:00:00,0,41.7,9.0,20.4,15646.660000000003
2015-06-17 21:00:00,0,40.0,11.0,9.3,15235.550000000001
2015-06-17 22:00:00,0,40.6,10.0,14.8,14476.51
2015-06-17 23:00:00,0,40.0,10.0,20.4,14169.139999999998
2015-06-18 00:00:00,0,36.7,13.0,14.8,14048.109999999999
2015-06-18 01:00:00,0,37.2,13.0,14.8,13928.669999999995
2015-06-18 02:00:00,0,36.1,14.0,14.8,13889.879999999997
2015-06-18 03:00:00,0,35.6,13.0,9.3,13885.85
2015-06-18 04:00:00,0,31.7,21.0,5.6,13983.719999999998
2015-06-18 05:00:00,0,31.1,22.0,7.4,14464.2
2015-06-18 06:00:00,0,31.1,20.0,9.3,15201.510000000004
2015-06-18 07:00:00,0,32.2,19.0,13.0,15773.81
2015-06-18 08:00:00,0,33.9,18.0,7.4,16597.210000000003
2015-06-18 09:00:00,0,36.7,14.0,5.6,17417.399999999998
2015-06-18 10:00:00,0,38.9,12.0,7.4,17940.869999999995
2015-06-18 11:00:00,0,41.1,10.0,0.0,18271.89
2015-06-18 12:00:00,0,42.8,8.0,5.6,18333.864999999998
2015-06-18 13:00:00,0,44.4,7.0,7.4,18366.665
2015-06-18 14:00:00,0,44.0,7.0,9.3,18477.3375
2015-06-18 15:00:00,0,45.6,6.0,20.4,18401.152499999993
2015-06-18 16:00:00,0,45.6,6.0,20.4,18166.164999999997
2015-06-18 17:00:00,0,45.6,6.0,22.2,17524.467499999995
2015-06-18 18:00:00,0,45.0,7.0,25.9,16471.61
2015-06-18 19:00:00,0,43.3,8.0,20.4,15896.639999999998
2015-06-18 20:00:00,0,42.2,9.0,14.8,15767.6
2015-06-18 21:00:00,0,39.4,10.0,14.8,15292.119999999999
2015-06-18 22:00:00,0,38.3,9.0,13.0,14570.199999999999
2015-06-18 23:00:00,0,37.8,9.0,11.1,14169.139999999998
2015-06-19 00:00:00,0,37.2,10.0,14.8,14048.109999999999
2015-06-19 01:00:00,0,35.6,12.0,0.0,13928.669999999995
2015-06-19 02:00:00,0,36.1,12.0,11.1,13889.879999999997
2015-06-19 03:00:00,0,34.4,13.0,0.0,13885.85
2015-06-19 04:00:00,0,32.2,17.0,0.0,13983.719999999998
2015-06-19 05:00:00,0,30.6,21.0,5.6,14464.2
2015-06-19 06:00:00,0,30.0,25.0,7.4,15201.510000000004
2015-06-19 07:00:00,0,31.1,22.0,13.0,15773.81
2015-06-19 08:00:00,0,33.0,20.0,13.0,16512.85
2015-06-19 09:00:00,0,36.1,16.0,13.0,17290.709999999995
2015-06-19 10:00:00,0,38.3,14.0,14.8,17806.119999999995
2015-06-19 11:00:00,0,41.0,9.0,11.1,17987.5925
2015-06-19 12:00:00,0,41.7,7.0,5.6,18060.522499999995
2015-06-19 13:00:00,0,42.8,7.0,0.0,18028.7725
2015-06-19 14:00:00,0,43.9,5.0,18.5,18090.41
2015-06-19 15:00:00,0,46.0,4.0,29.6,17916.9425
2015-06-19 16:00:00,0,44.4,4.0,18.5,17624.390000000003
2015-06-19 17:00:00,0,43.9,4.0,22.2,16953.180000000008
2015-06-19 18:00:00,0,43.3,4.0,20.4,15924.579999999998
2015-06-19 19:00:00,0,42.8,4.0,20.4,15333.979999999998
2015-06-19 20:00:00,0,40.6,4.0,13.0,15150.63
2015-06-19 21:00:00,0,37.8,4.0,9.3,14835.800000000005
2015-06-19 22:00:00,0,36.7,4.0,0.0,14199.489999999998
2015-06-19 23:00:00,0,37.8,4.0,0.0,13824.43
2015-06-20 00:00:00,0,32.2,11.0,13.0,13547.990000000002
2015-06-20 01:00:00,0,31.1,12.0,7.4,13346.5
2015-06-20 02:00:00,0,29.4,15.0,7.4,13373.129999999997
2015-06-20 03:00:00,0,29.4,15.0,5.6,13242.199999999999
2015-06-20 04:00:00,0,27.8,13.0,5.6,13358.55
2015-06-20 05:00:00,0,27.8,15.0,5.6,13493.22
2015-06-20 06:00:00,0,27.0,16.0,9.3,13590.519999999999
2015-06-20 07:00:00,0,28.9,14.0,18.5,14022.039999999999
2015-06-20 08:00:00,0,31.7,12.0,13.0,14348.609999999999
2015-06-20 09:00:00,0,33.3,10.0,9.3,14733.34
2015-06-20 10:00:00,0,36.7,8.0,7.4,14918.840000000002
2015-06-20 11:00:00,0,38.9,7.0,9.3,15107.669999999998
2015-06-20 12:00:00,0,40.0,6.0,11.1,15265.929999999998
2015-06-20 13:00:00,0,41.7,6.0,9.3,15303.01
2015-06-20 14:00:00,0,42.2,6.0,13.0,15226.779999999999
2015-06-20 15:00:00,0,44.0,5.0,20.4,15185.989999999996
2015-06-20 16:00:00,0,43.3,4.0,9.3,15076.909999999998
2015-06-20 17:00:00,0,43.9,5.0,7.4,14856.12
2015-06-20 18:00:00,0,43.9,4.0,16.7,14680.299999999997
2015-06-20 19:00:00,0,42.8,5.0,13.0,14488.460000000001
2015-06-20 20:00:00,0,41.7,5.0,7.4,14445.61
2015-06-20 21:00:00,0,41.7,5.0,7.4,14290.309999999998
2015-06-20 22:00:00,0,41.7,5.0,7.4,13970.230000000003
2015-06-20 23:00:00,0,36.1,12.0,9.3,13777.300000000001
2015-06-21 00:00:00,0,36.1,14.0,13.0,13599.18
2015-06-21 01:00:00,0,35.6,18.0,11.1,13508.370000000003
2015-06-21 02:00:00,0,34.4,26.0,16.7,13609.14
2015-06-21 03:00:00,0,32.8,30.0,7.4,13501.029999999999
2015-06-21 04:00:00,0,31.7,27.0,16.7,13678.449999999995
2015-06-21 05:00:00,0,31.7,29.0,7.4,13560.630000000001
2015-06-21 06:00:00,0,31.1,32.0,11.1,13806.849999999999
2015-06-21 07:00:00,0,31.7,29.0,14.8,14239.4
2015-06-21 08:00:00,0,32.2,27.0,9.3,14412.890000000003
2015-06-21 09:00:00,0,33.3,26.0,0.0,14628.34
2015-06-21 10:00:00,0,34.4,24.0,0.0,14875.330000000002
2015-06-21 11:00:00,0,36.0,23.0,11.1,15032.079999999996
2015-06-21 12:00:00,0,37.8,20.0,5.6,15188.869999999999
2015-06-21 13:00:00,0,38.9,17.0,0.0,15305.550000000001
2015-06-21 14:00:00,0,40.0,15.0,9.3,15257.189999999997
2015-06-21 15:00:00,0,41.7,15.0,9.3,15216.630000000003
2015-06-21 16:00:00,0,41.7,15.0,18.5,15154.37
2015-06-21 17:00:00,0,41.7,14.0,14.8,14956.280000000006
2015-06-21 18:00:00,0,41.7,13.0,11.1,14645.79
2015-06-21 19:00:00,0,41.7,11.0,16.7,14519.900000000001
2015-06-21 20:00:00,0,40.6,13.0,18.5,14574.130000000006
2015-06-21 21:00:00,0,38.9,14.0,11.1,14301.8
2015-06-21 22:00:00,0,36.7,17.0,7.4,14164.019999999999
2015-06-21 23:00:00,0,37.0,16.0,13.0,13994.139999999998
2015-06-22 00:00:00,0,35.6,21.0,14.8,13860.359999999997
2015-06-22 01:00:00,0,35.0,22.0,16.7,13820.7
2015-06-22 02:00:00,0,34.4,19.0,24.1,13905.080000000004
2015-06-22 03:00:00,0,33.3,21.0,16.7,14006.279999999999
2015-06-22 04:00:00,0,30.6,25.0,5.6,14592.630000000003
2015-06-22 05:00:00,0,30.6,29.0,0.0,14979.6775
2015-06-22 06:00:00,0,29.4,32.0,0.0,15440.100000000004
2015-06-22 07:00:00,0,31.1,29.0,0.0,16049.049999999997
2015-06-22 08:00:00,0,32.8,25.0,9.3,16795.96
2015-06-22 09:00:00,0,33.3,25.0,0.0,17505.55
2015-06-22 10:00:00,0,35.6,22.0,7.4,18033.829999999994
2015-06-22 11:00:00,0,36.1,19.0,5.6,18200.15
2015-06-22 12:00:00,0,38.9,13.0,11.1,18198.1825
2015-06-22 13:00:00,0,39.4,12.0,9.3,18162.0775
2015-06-22 14:00:00,0,42.2,10.0,9.3,18175.4225
2015-06-22 15:00:00,0,41.7,7.0,22.2,18046.6125
2015-06-22 16:00:00,0,41.7,7.0,14.8,17766.070000000003
2015-06-22 17:00:00,0,42.2,7.0,24.1,17140.58
2015-06-22 18:00:00,0,41.7,9.0,18.5,16190.470000000001
2015-06-22 19:00:00,0,41.1,11.0,25.9,15779.329999999996
2015-06-22 20:00:00,0,40.6,10.0,20.4,15590.350000000008
2015-06-22 21:00:00,0,38.9,12.0,13.0,15180.700000000003
2015-06-22 22:00:00,0,37.2,14.0,5.6,14507.050000000003
2015-06-22 23:00:00,0,36.7,14.0,0.0,14111.4
2015-06-23 00:00:00,0,34.0,19.0,0.0,13931.13
2015-06-23 01:00:00,0,35.6,18.0,14.8,13773.269999999995
2015-06-23 02:00:00,0,34.4,21.0,7.4,13864.719999999998
2015-06-23 03:00:00,0,33.3,22.0,13.0,13934.649999999996
2015-06-23 04:00:00,0,32.2,24.0,0.0,13995.11
2015-06-23 05:00:00,0,31.7,26.0,5.6,14343.359999999999
2015-06-23 06:00:00,0,30.6,29.0,0.0,15096.860000000002
2015-06-23 07:00:00,0,32.2,24.0,13.0,15687.2
2015-06-23 08:00:00,0,33.3,22.0,9.3,16661.120000000003
2015-06-23 09:00:00,0,34.4,21.0,0.0,17512.45
2015-06-23 10:00:00,0,36.7,15.0,11.1,18029.420000000006
2015-06-23 11:00:00,0,37.8,13.0,5.6,18255.55
2015-06-23 12:00:00,0,38.9,12.0,9.3,18277.550000000003
2015-06-23 13:00:00,0,41.0,11.0,7.4,18315.779999999995
2015-06-23 14:00:00,0,41.1,11.0,5.6,18463.672499999997
2015-06-23 15:00:00,0,42.8,9.0,16.7,18341.1725
2015-06-23 16:00:00,0,42.8,8.0,22.2,18113.629999999994
2015-06-23 17:00:00,0,43.3,8.0,27.8,17467.107500000002
2015-06-23 18:00:00,0,43.3,8.0,25.9,16444.7
2015-06-23 19:00:00,0,42.2,9.0,27.8,15834.83
2015-06-23 20:00:00,0,41.1,9.0,20.4,15625.71
2015-06-23 21:00:00,0,40.0,9.0,16.7,15206.820000000003
2015-06-23 22:00:00,0,38.3,11.0,13.0,14603.56
2015-06-23 23:00:00,0,35.6,14.0,7.4,14177.449999999997
2015-06-24 00:00:00,0,36.7,12.0,0.0,13882.169999999998
2015-06-24 01:00:00,0,34.0,15.0,5.6,13805.21
2015-06-24 02:00:00,0,35.0,13.0,9.3,13905.14
2015-06-24 03:00:00,0,34.4,14.0,0.0,13890.439999999999
2015-06-24 04:00:00,0,34.4,12.0,9.3,14015.05
2015-06-24 05:00:00,0,31.7,19.0,13.0,14503.510000000002
2015-06-24 06:00:00,0,31.1,22.0,5.6,15422.940000000002
2015-06-24 07:00:00,0,32.2,19.0,14.8,16051.200000000004
2015-06-24 08:00:00,0,34.4,18.0,7.4,16776.969999999994
2015-06-24 09:00:00,0,36.1,14.0,7.4,17495.779999999995
2015-06-24 10:00:00,0,38.3,11.0,0.0,18131.039999999997
2015-06-24 11:00:00,0,40.6,8.0,7.4,18438.75
2015-06-24 12:00:00,0,42.8,6.0,9.3,18369.955
2015-06-24 13:00:00,0,43.9,6.0,14.8,18342.684999999994
2015-06-24 14:00:00,0,43.3,6.0,14.8,18429.947500000002
2015-06-24 15:00:00,0,42.8,6.0,13.0,18398.425000000003
2015-06-24 16:00:00,0,43.3,7.0,14.8,18268.92
2015-06-24 17:00:00,0,44.4,7.0,18.5,17621.320000000007
2015-06-24 18:00:00,0,43.3,7.0,16.7,16712.515
2015-06-24 19:00:00,0,42.2,10.0,16.7,16138.170000000006
2015-06-24 20:00:00,0,38.9,17.0,20.4,15951.26
2015-06-24 21:00:00,0,37.8,19.0,9.3,15398.399999999998
2015-06-24 22:00:00,0,37.2,20.0,7.4,14751.279999999997
2015-06-24 23:00:00,0,36.7,20.0,11.1,14408.839999999998
2015-06-25 00:00:00,0,36.1,22.0,9.3,14390.79
2015-06-25 01:00:00,0,35.6,22.0,7.4,14227.130000000001
2015-06-25 02:00:00,0,36.1,20.0,11.1,14187.14
2015-06-25 03:00:00,0,33.3,27.0,13.0,14178.860000000002
2015-06-25 04:00:00,0,33.9,26.0,9.3,14307.140000000001
2015-06-25 05:00:00,0,32.8,27.0,7.4,14734.4
2015-06-25 06:00:00,0,33.3,26.0,16.7,15620.140000000005
2015-06-25 07:00:00,0,33.3,27.0,13.0,16155.7
2015-06-25 08:00:00,0,34.4,26.0,11.1,16892.609999999993
2015-06-25 09:00:00,0,35.6,24.0,11.1,17610.829999999994
2015-06-25 10:00:00,0,36.1,23.0,9.3,18076.600000000002
2015-06-25 11:00:00,0,38.3,20.0,13.0,18320.839999999997
2015-06-25 12:00:00,0,38.3,19.0,5.6,18359.725000000002
2015-06-25 13:00:00,0,40.6,16.0,16.7,18467.894999999997
2015-06-25 14:00:00,0,41.7,16.0,13.0,18558.132499999992
2015-06-25 15:00:00,0,41.7,13.0,16.7,18400.405
2015-06-25 16:00:00,0,43.3,11.0,29.6,18202.735000000004
2015-06-25 17:00:00,0,42.8,12.0,20.4,17677.305000000008
2015-06-25 18:00:00,0,43.3,10.0,24.1,16640.679999999997
2015-06-25 19:00:00,0,42.8,9.0,22.2,16044.03
2015-06-25 20:00:00,0,41.7,9.0,22.2,15797.59
2015-06-25 21:00:00,0,39.4,14.0,20.4,15344.900000000001
2015-06-25 22:00:00,0,38.3,17.0,14.8,14811.619999999997
2015-06-25 23:00:00,0,37.2,18.0,14.8,14389.580000000005
2015-06-26 00:00:00,0,37.2,16.0,14.8,14139.559999999998
2015-06-26 01:00:00,0,36.7,18.0,11.1,14052.600000000002
2015-06-26 02:00:00,0,35.6,22.0,9.3,14128.159999999996
2015-06-26 03:00:00,0,33.9,28.0,13.0,14043.74
2015-06-26 04:00:00,0,33.3,31.0,14.8,14312.919999999998
2015-06-26 05:00:00,0,32.2,31.0,16.7,14849.01
2015-06-26 06:00:00,0,31.7,34.0,18.5,15610.349999999999
2015-06-26 07:00:00,0,31.7,39.0,22.2,16224.300000000001
2015-06-26 08:00:00,0,32.8,38.0,14.8,16977.649999999994
2015-06-26 09:00:00,0,34.4,33.0,11.1,17718.72
2015-06-26 10:00:00,0,35.6,27.0,7.4,18155.160000000003
2015-06-26 11:00:00,0,36.7,24.0,16.7,18194.175
2015-06-26 12:00:00,0,37.8,25.0,13.0,18237.4575
2015-06-26 13:00:00,0,38.9,24.0,22.2,18266.142499999998
2015-06-26 14:00:00,0,39.4,22.0,20.4,18276.2075
2015-06-26 15:00:00,0,40.6,19.0,20.4,18166.394999999997
2015-06-26 16:00:00,0,41.7,17.0,18.5,17927.915
2015-06-26 17:00:00,0,41.7,15.0,20.4,17235.34
2015-06-26 18:00:00,0,41.1,15.0,14.8,16146.75
2015-06-26 19:00:00,0,41.1,15.0,14.8,15625.28
2015-06-26 20:00:00,0,40.6,17.0,9.3,15550.830000000004
2015-06-26 21:00:00,0,39.4,19.0,11.1,15258.979999999998
2015-06-26 22:00:00,0,38.3,19.0,25.9,14632.22
2015-06-26 23:00:00,0,37.2,24.0,25.9,14267.050000000001
2015-06-27 00:00:00,0,36.1,27.0,16.7,14082.659999999998
2015-06-27 01:00:00,0,35.6,28.0,11.1,13971.340000000004
2015-06-27 02:00:00,0,35.0,29.0,25.9,13910.72
2015-06-27 03:00:00,0,32.8,44.0,13.0,13894.939999999999
2015-06-27 04:00:00,0,32.2,48.0,0.0,13938.340000000002
2015-06-27 05:00:00,0,32.8,36.0,14.8,14366.690000000004
2015-06-27 06:00:00,0,32.2,38.0,13.0,14490.540000000003
2015-06-27 07:00:00,0,32.8,35.0,13.0,14791.430000000006
2015-06-27 08:00:00,0,33.3,34.0,16.7,14961.410000000003
2015-06-27 09:00:00,0,33.9,33.0,9.3,15072.879999999997
2015-06-27 10:00:00,0,34.4,32.0,0.0,15144.780000000002
2015-06-27 11:00:00,0,35.6,30.0,7.4,15354.75
2015-06-27 12:00:00,0,36.7,26.0,5.6,15654.85
2015-06-27 13:00:00,0,38.3,23.0,13.0,15631.319999999998
2015-06-27 14:00:00,0,38.9,22.0,5.6,15648.390000000001
2015-06-27 15:00:00,0,40.6,19.0,16.7,15567.399999999998
2015-06-27 16:00:00,0,41.7,17.0,24.1,15428.71
2015-06-27 17:00:00,0,41.7,17.0,13.0,15255.699999999997
2015-06-27 18:00:00,0,41.7,16.0,9.3,15135.970000000003
2015-06-27 19:00:00,0,50.0,8.0,9.3,14654.449999999999
2015-06-27 20:00:00,0,36.1,23.0,33.3,14454.58
2015-06-27 21:00:00,0,35.6,22.0,20.4,14328.760000000002
2015-06-27 22:00:00,0,33.9,29.0,25.9,14005.140000000001
2015-06-27 23:00:00,0,33.9,29.0,13.0,13772.250000000002
2015-06-28 00:00:00,0,33.3,32.0,24.1,13679.910000000003
2015-06-28 01:00:00,0,33.9,30.0,14.8,13611.290000000003
2015-06-28 02:00:00,0,33.9,30.0,13.0,13673.920000000002
2015-06-28 03:00:00,0,32.8,34.0,7.4,13595.809999999998
2015-06-28 04:00:00,0,32.2,37.0,0.0,13734.469999999998
2015-06-28 05:00:00,0,31.7,35.0,14.8,13772.589999999998
2015-06-28 06:00:00,0,31.1,37.0,11.1,13986.3
2015-06-28 07:00:00,0,31.7,36.0,13.0,14379.0
2015-06-28 08:00:00,0,33.3,33.0,14.8,14568.050000000003
2015-06-28 09:00:00,0,35.6,27.0,7.4,14843.360000000002
2015-06-28 10:00:00,0,36.7,25.0,7.4,14991.869999999999
2015-06-28 11:00:00,0,39.4,20.0,0.0,15224.82
2015-06-28 12:00:00,0,40.6,18.0,9.3,15305.180000000002
2015-06-28 13:00:00,0,41.7,17.0,14.8,15394.552500000002
2015-06-28 14:00:00,0,41.7,17.0,5.6,15357.749999999996
2015-06-28 15:00:00,0,41.7,16.0,0.0,15240.660000000002
2015-06-28 16:00:00,0,42.2,15.0,5.6,15142.87
2015-06-28 17:00:00,0,43.3,13.0,11.1,14968.590000000002
2015-06-28 18:00:00,0,42.8,15.0,14.8,14729.04
2015-06-28 19:00:00,0,40.0,21.0,18.5,14504.379999999996
2015-06-28 20:00:00,0,39.4,22.0,9.3,14593.740000000002
2015-06-28 21:00:00,0,37.2,25.0,33.3,14413.75
2015-06-28 22:00:00,0,35.6,29.0,24.1,14216.220000000001
2015-06-28 23:00:00,0,34.4,32.0,14.8,14138.359999999999
2015-06-29 00:00:00,0,34.4,33.0,7.4,14037.269999999999
2015-06-29 01:00:00,0,34.4,33.0,5.6,13948.43
2015-06-29 02:00:00,0,34.4,33.0,5.6,14139.87
2015-06-29 03:00:00,0,33.3,37.0,7.4,14346.050000000001
2015-06-29 04:00:00,0,32.8,36.0,7.4,14743.647500000001
2015-06-29 05:00:00,0,31.1,42.0,13.0,15267.732500000002
2015-06-29 06:00:00,0,31.1,42.0,5.6,15659.68
2015-06-29 07:00:00,0,32.2,39.0,7.4,16228.922499999995
2015-06-29 08:00:00,0,33.3,38.0,5.6,17191.550000000003
2015-06-29 09:00:00,0,35.0,33.0,9.3,17843.1275
2015-06-29 10:00:00,0,36.1,29.0,5.6,18158.135000000002
2015-06-29 11:00:00,0,37.2,28.0,9.3,18482.949999999993
2015-06-29 12:00:00,0,40.0,24.0,13.0,18488.829999999994
2015-06-29 13:00:00,0,41.1,22.0,11.1,18581.9675
2015-06-29 14:00:00,0,41.1,21.0,13.0,18627.157499999998
2015-06-29 15:00:00,0,41.7,19.0,22.2,18602.787500000002
2015-06-29 16:00:00,0,42.2,18.0,9.3,18489.8425
2015-06-29 17:00:00,0,42.2,17.0,7.4,17769.747500000005
2015-06-29 18:00:00,0,42.2,17.0,18.5,16849.2
2015-06-29 19:00:00,0,42.2,17.0,22.2,16309.800000000005
2015-06-29 20:00:00,0,40.6,20.0,14.8,16107.95
2015-06-29 21:00:00,0,39.4,21.0,14.8,15700.830000000004
2015-06-29 22:00:00,0,36.7,27.0,22.2,14944.44
2015-06-29 23:00:00,0,32.2,46.0,22.2,14489.669999999998
2015-06-30 00:00:00,0,33.3,42.0,7.4,14372.45
2015-06-30 01:00:00,0,33.3,39.0,0.0,14322.390000000001
2015-06-30 02:00:00,0,31.1,61.0,9.3,14479.969999999998
2015-06-30 03:00:00,0,30.6,63.0,11.1,14420.27
2015-06-30 04:00:00,0,30.0,63.0,9.3,14659.320000000002
2015-06-30 05:00:00,0,30.0,61.0,11.1,15254.999999999998
2015-06-30 06:00:00,0,30.6,59.0,13.0,16241.170000000002
2015-06-30 07:00:00,0,32.2,43.0,11.1,16764.277499999997
2015-06-30 08:00:00,0,33.3,38.0,20.4,17512.74
2015-06-30 09:00:00,0,35.0,33.0,13.0,18134.420000000002
2015-06-30 10:00:00,0,36.1,28.0,22.2,18436.577500000003
2015-06-30 11:00:00,0,36.7,28.0,25.9,18484.67
2015-06-30 12:00:00,0,37.2,28.0,27.8,18349.9725
2015-06-30 13:00:00,0,38.3,27.0,13.0,18415.8775
2015-06-30 14:00:00,0,38.9,26.0,14.8,18522.175
2015-06-30 15:00:00,0,39.4,24.0,18.5,18439.122499999998
2015-06-30 16:00:00,0,41.7,22.0,22.2,18210.289999999997
2015-06-30 17:00:00,0,40.0,23.0,22.2,17541.215000000004
2015-06-30 18:00:00,0,40.0,22.0,24.1,16560.225000000002
2015-06-30 19:00:00,0,40.0,21.0,24.1,16022.48
2015-06-30 20:00:00,0,38.3,25.0,27.8,15877.19
2015-06-30 21:00:00,0,37.8,26.0,16.7,15518.600000000002
2015-06-30 22:00:00,0,37.2,28.0,20.4,14924.999999999996
2015-06-30 23:00:00,0,36.1,29.0,24.1,14469.21
2015-07-01 00:00:00,0,35.6,31.0,18.5,14237.17
2015-07-01 01:00:00,0,33.3,38.0,5.6,14142.070000000002
2015-07-01 02:00:00,0,33.3,35.0,13.0,14237.999999999998
2015-07-01 03:00:00,0,30.6,51.0,14.8,14312.630000000001
2015-07-01 04:00:00,0,30.0,53.0,18.5,14449.310000000003
2015-07-01 05:00:00,0,29.4,55.0,13.0,15004.569999999998
2015-07-01 06:00:00,0,28.9,55.0,16.7,15666.4
2015-07-01 07:00:00,0,29.4,53.0,14.8,16201.835000000006
2015-07-01 08:00:00,0,31.1,48.0,9.3,16864.88
2015-07-01 09:00:00,0,32.8,38.0,9.3,17670.489999999998
2015-07-01 10:00:00,0,33.9,34.0,13.0,18002.634999999995
2015-07-01 11:00:00,0,34.4,32.0,5.6,18200.357500000002
2015-07-01 12:00:00,0,36.1,29.0,5.6,18322.827499999996
2015-07-01 13:00:00,0,37.8,27.0,24.1,18425.107500000002
2015-07-01 14:00:00,0,38.9,24.0,24.1,18459.154999999995
2015-07-01 15:00:00,0,40.0,22.0,27.8,18380.7675
2015-07-01 16:00:00,0,40.0,21.0,25.9,18067.947500000002
2015-07-01 17:00:00,0,40.0,21.0,27.8,17506.05
2015-07-01 18:00:00,0,38.9,22.0,24.1,16638.117499999997
2015-07-01 19:00:00,0,37.8,25.0,27.8,16077.35
2015-07-01 20:00:00,0,36.1,30.0,25.9,15955.020000000002
2015-07-01 21:00:00,0,36.1,30.0,22.2,15551.580000000004
2015-07-01 22:00:00,0,34.4,33.0,24.1,14780.439999999997
2015-07-01 23:00:00,0,33.9,33.0,22.2,14360.26
2015-07-02 00:00:00,0,33.3,33.0,22.2,14172.27
2015-07-02 01:00:00,0,33.3,32.0,18.5,14026.879999999997
2015-07-02 02:00:00,0,32.8,33.0,16.7,14113.220000000001
2015-07-02 03:00:00,0,32.2,34.0,14.8,14123.280000000002
2015-07-02 04:00:00,0,32.2,34.0,18.5,14351.29
2015-07-02 05:00:00,0,31.1,36.0,13.0,14884.54
2015-07-02 06:00:00,0,31.1,36.0,20.4,15558.770000000006
2015-07-02 07:00:00,0,31.7,34.0,18.5,15983.06
2015-07-02 08:00:00,0,32.8,32.0,13.0,16681.34
2015-07-02 09:00:00,0,35.0,28.0,18.5,17438.809999999994
2015-07-02 10:00:00,0,35.0,28.0,11.1,18000.642499999994
2015-07-02 11:00:00,0,36.7,25.0,9.3,18209.850000000006
2015-07-02 12:00:00,0,38.3,24.0,16.7,18250.112500000003
2015-07-02 13:00:00,0,38.3,24.0,13.0,18229.977499999997
2015-07-02 14:00:00,0,40.0,22.0,18.5,18331.6875
2015-07-02 15:00:00,0,40.6,20.0,22.2,18074.197500000002
2015-07-02 16:00:00,0,40.6,19.0,13.0,17752.130000000005
2015-07-02 17:00:00,0,40.6,18.0,20.4,17246.332499999993
2015-07-02 18:00:00,0,40.6,16.0,22.2,16394.11
2015-07-02 19:00:00,0,39.4,18.0,22.2,15772.819999999998
2015-07-02 20:00:00,0,38.9,20.0,16.7,15671.400000000001
2015-07-02 21:00:00,0,37.8,21.0,11.1,15285.85
2015-07-02 22:00:00,0,37.2,21.0,11.1,14626.51
2015-07-02 23:00:00,0,37.2,21.0,20.4,14179.550000000001
2015-07-03 00:00:00,1,36.1,24.0,11.1,13914.53
2015-07-03 01:00:00,1,35.6,26.0,9.3,13831.06
2015-07-03 02:00:00,1,35.0,31.0,9.3,13928.219999999998
2015-07-03 03:00:00,1,33.9,32.0,11.1,13992.17
2015-07-03 04:00:00,1,31.1,46.0,18.5,14112.949999999999
2015-07-03 05:00:00,1,31.7,40.0,20.4,14484.229999999998
2015-07-03 06:00:00,1,28.3,63.0,29.6,14691.009999999998
2015-07-03 07:00:00,1,28.3,58.0,18.5,14576.779999999999
2015-07-03 08:00:00,1,28.9,56.0,24.1,14606.130000000001
2015-07-03 09:00:00,1,30.0,51.0,11.1,14765.630000000001
2015-07-03 10:00:00,1,31.7,43.0,5.6,14965.86
2015-07-03 11:00:00,1,32.2,40.0,7.4,15147.590000000004
2015-07-03 12:00:00,1,33.9,33.0,11.1,15170.569999999996
2015-07-03 13:00:00,1,34.4,31.0,0.0,15265.109999999999
2015-07-03 14:00:00,1,35.0,32.0,5.6,15241.269999999999
2015-07-03 15:00:00,1,35.0,32.0,9.3,15262.729999999996
2015-07-03 16:00:00,1,36.1,25.0,5.6,15279.919999999998
2015-07-03 17:00:00,1,37.2,24.0,11.1,15034.099999999999
2015-07-03 18:00:00,1,37.2,23.0,5.6,14844.86
2015-07-03 19:00:00,1,37.2,25.0,9.3,14694.499999999998
2015-07-03 20:00:00,1,36.1,29.0,5.6,14725.800000000001
2015-07-03 21:00:00,1,36.1,29.0,0.0,14552.149999999996
2015-07-03 22:00:00,1,35.6,30.0,33.3,14163.469999999998
2015-07-03 23:00:00,1,32.8,41.0,13.0,13845.630000000001
2015-07-04 00:00:00,1,31.7,45.0,9.3,13722.03
2015-07-04 01:00:00,1,31.1,46.0,11.1,13677.49
2015-07-04 02:00:00,1,31.7,45.0,9.3,13803.560000000003
2015-07-04 03:00:00,1,30.0,49.0,9.3,13727.659999999998
2015-07-04 04:00:00,1,30.6,44.0,7.4,13863.599999999997
2015-07-04 05:00:00,1,30.0,48.0,5.6,14005.660000000002
2015-07-04 06:00:00,1,29.4,49.0,0.0,14039.072500000002
2015-07-04 07:00:00,1,31.1,46.0,5.6,14384.9575
2015-07-04 08:00:00,1,32.8,38.0,13.0,14549.655
2015-07-04 09:00:00,1,35.0,32.0,13.0,14856.1175
2015-07-04 10:00:00,1,35.6,31.0,9.3,14809.552500000003
2015-07-04 11:00:00,1,36.7,30.0,14.8,14927.989999999998
2015-07-04 12:00:00,1,37.2,28.0,16.7,15171.020000000004
2015-07-04 13:00:00,1,38.9,23.0,22.2,15101.42
2015-07-04 14:00:00,1,40.0,20.0,18.5,15157.390000000003
2015-07-04 15:00:00,1,40.0,17.0,24.1,14979.980000000001
2015-07-04 16:00:00,1,40.0,18.0,16.7,14867.280000000004
2015-07-04 17:00:00,1,40.6,18.0,37.0,14693.609999999995
2015-07-04 18:00:00,1,40.6,18.0,37.0,14459.169999999996
2015-07-04 19:00:00,1,38.9,21.0,24.1,14402.82
2015-07-04 20:00:00,1,38.3,20.0,20.4,14387.039999999999
2015-07-04 21:00:00,1,37.8,21.0,14.8,14180.619999999999
2015-07-04 22:00:00,1,36.7,24.0,11.1,14063.960000000001
2015-07-04 23:00:00,1,36.1,25.0,0.0,13927.29
2015-07-05 00:00:00,0,35.6,25.0,14.8,13834.204999999998
2015-07-05 01:00:00,0,35.0,27.0,18.5,13704.987500000003
2015-07-05 02:00:00,0,33.9,29.0,18.5,13721.577499999998
2015-07-05 03:00:00,0,33.9,28.0,25.9,13680.160000000002
2015-07-05 04:00:00,0,32.8,32.0,20.4,13679.262500000003
2015-07-05 05:00:00,0,32.2,35.0,20.4,13913.9625
2015-07-05 06:00:00,0,31.7,36.0,14.8,14200.214999999998
2015-07-05 07:00:00,0,31.7,38.0,11.1,14278.017499999998
2015-07-05 08:00:00,0,31.7,40.0,11.1,14482.099999999999
2015-07-05 09:00:00,0,33.3,35.0,11.1,14932.145
2015-07-05 10:00:00,0,35.6,30.0,7.4,15137.780000000004
2015-07-05 11:00:00,0,36.1,26.0,5.6,15072.435000000001
2015-07-05 12:00:00,0,37.2,23.0,9.3,15283.952499999998
2015-07-05 13:00:00,0,37.8,23.0,7.4,15278.025
2015-07-05 14:00:00,0,38.3,21.0,9.3,14963.035000000002
2015-07-05 15:00:00,0,37.8,22.0,14.8,15083.792499999998
2015-07-05 16:00:00,0,33.9,41.0,35.2,15172.05
2015-07-05 17:00:00,0,33.3,41.0,35.2,14830.657499999998
2015-07-05 18:00:00,0,33.3,39.0,35.2,14629.2525
2015-07-05 19:00:00,0,31.7,46.0,25.9,14532.762499999997
2015-07-05 20:00:00,0,29.4,55.0,22.2,14386.590000000006
2015-07-05 21:00:00,0,29.4,53.0,22.2,14190.829999999998
2015-07-05 22:00:00,0,29.4,53.0,13.0,13979.69
2015-07-05 23:00:00,0,29.4,49.0,11.1,13808.155
2015-07-06 00:00:00,0,28.9,53.0,11.1,13755.980000000001
2015-07-06 01:00:00,0,28.9,53.0,11.1,13770.109999999999
2015-07-06 02:00:00,0,29.4,51.0,7.4,13883.1
2015-07-06 03:00:00,0,29.4,51.0,0.0,14188.750000000004
2015-07-06 04:00:00,0,29.4,51.0,0.0,14723.179999999998
2015-07-06 05:00:00,0,28.9,55.0,14.8,15185.19
2015-07-06 06:00:00,0,26.1,69.0,16.7,15468.6
2015-07-06 07:00:00,0,26.7,67.0,9.3,15820.359999999999
2015-07-06 08:00:00,0,28.3,56.0,7.4,16671.260000000006
2015-07-06 09:00:00,0,30.6,51.0,11.1,17282.600000000002
2015-07-06 10:00:00,0,30.6,49.0,5.6,17781.740000000005
2015-07-06 11:00:00,0,34.4,37.0,9.3,17975.554999999997
2015-07-06 12:00:00,0,35.0,36.0,14.8,18059.665
2015-07-06 13:00:00,0,37.8,27.0,14.8,18119.272500000006
2015-07-06 14:00:00,0,37.8,27.0,5.6,18104.574999999997
2015-07-06 15:00:00,0,38.9,22.0,14.8,17946.265000000003
2015-07-06 16:00:00,0,39.4,22.0,20.4,17785.13
2015-07-06 17:00:00,0,39.4,20.0,18.5,17217.04
2015-07-06 18:00:00,0,40.0,20.0,18.5,16428.530000000002
2015-07-06 19:00:00,0,38.9,22.0,9.3,15873.779999999993
2015-07-06 20:00:00,0,38.3,24.0,14.8,15686.589999999998
2015-07-06 21:00:00,0,36.1,24.0,14.8,15196.659999999996
2015-07-06 22:00:00,0,35.6,23.0,11.1,14483.939999999999
2015-07-06 23:00:00,0,35.6,23.0,13.0,14147.869999999997
2015-07-07 00:00:00,0,35.0,26.0,11.1,13981.080000000004
2015-07-07 01:00:00,0,34.4,31.0,14.8,13883.300000000003
2015-07-07 02:00:00,0,33.9,30.0,16.7,13985.299999999997
2015-07-07 03:00:00,0,32.8,33.0,5.6,14069.53
2015-07-07 04:00:00,0,30.6,48.0,13.0,14298.25
2015-07-07 05:00:00,0,30.0,49.0,11.1,14861.13
2015-07-07 06:00:00,0,30.0,49.0,11.1,15597.87
2015-07-07 07:00:00,0,30.6,44.0,11.1,16078.050000000003
2015-07-07 08:00:00,0,32.2,40.0,5.6,16831.829999999998
2015-07-07 09:00:00,0,33.3,35.0,0.0,17494.269999999997
2015-07-07 10:00:00,0,35.0,30.0,9.3,17939.649999999998
2015-07-07 11:00:00,0,36.1,27.0,0.0,18157.657499999998
2015-07-07 12:00:00,0,37.2,23.0,0.0,18190.4925
2015-07-07 13:00:00,0,40.0,20.0,11.1,18302.7175
2015-07-07 14:00:00,0,40.0,20.0,16.7,18339.454999999994
2015-07-07 15:00:00,0,40.6,18.0,18.5,18112.895
2015-07-07 16:00:00,0,41.7,14.0,14.8,17880.210000000003
2015-07-07 17:00:00,0,41.7,14.0,24.1,17282.500000000004
2015-07-07 18:00:00,0,40.6,15.0,11.1,16426.74
2015-07-07 19:00:00,0,40.6,14.0,11.1,15859.82
2015-07-07 20:00:00,0,40.0,13.0,16.7,15558.390000000003
2015-07-07 21:00:00,0,39.4,14.0,9.3,15142.349999999999
2015-07-07 22:00:00,0,36.7,18.0,7.4,14473.68
2015-07-07 23:00:00,0,36.7,16.0,20.4,13987.930000000006
2015-07-08 00:00:00,0,35.6,16.0,11.1,13702.519999999999
2015-07-08 01:00:00,0,35.0,17.0,14.8,13637.34
2015-07-08 02:00:00,0,33.9,18.0,18.5,13688.810000000001
2015-07-08 03:00:00,0,33.3,19.0,13.0,13665.04
2015-07-08 04:00:00,0,33.3,18.0,9.3,13922.370000000004
2015-07-08 05:00:00,0,31.1,25.0,9.3,14450.28
2015-07-08 06:00:00,0,30.6,25.0,13.0,15115.830000000002
2015-07-08 07:00:00,0,30.6,29.0,14.8,15587.669999999996
2015-07-08 08:00:00,0,32.2,25.0,14.8,16455.179999999997
2015-07-08 09:00:00,0,34.4,21.0,14.8,17267.15
2015-07-08 10:00:00,0,36.7,18.0,9.3,17792.245000000003
2015-07-08 11:00:00,0,38.3,14.0,14.8,18041.51
2015-07-08 12:00:00,0,39.4,15.0,25.9,18161.080000000005
2015-07-08 13:00:00,0,40.6,12.0,13.0,18193.672499999993
2015-07-08 14:00:00,0,40.6,12.0,18.5,18147.947500000002
2015-07-08 15:00:00,0,42.2,9.0,18.5,18074.945
2015-07-08 16:00:00,0,42.2,11.0,25.9,17894.710000000003
2015-07-08 17:00:00,0,41.7,12.0,25.9,17284.9
2015-07-08 18:00:00,0,41.1,13.0,22.2,16416.82
2015-07-08 19:00:00,0,38.9,14.0,33.3,15815.73
2015-07-08 20:00:00,0,37.8,15.0,20.4,15614.529999999999
2015-07-08 21:00:00,0,36.7,16.0,16.7,15132.550000000001
2015-07-08 22:00:00,0,35.6,8.0,20.4,14386.520000000002
2015-07-08 23:00:00,0,33.9,9.0,18.5,13853.830000000002
2015-07-09 00:00:00,0,33.3,9.0,11.1,13648.919999999996
2015-07-09 01:00:00,0,32.2,10.0,5.6,13514.130000000001
2015-07-09 02:00:00,0,31.1,11.0,11.1,13563.460000000005
2015-07-09 03:00:00,0,30.6,12.0,11.1,13606.430000000002
2015-07-09 04:00:00,0,29.4,14.0,7.4,13757.969999999998
2015-07-09 05:00:00,0,29.4,13.0,11.1,14304.830000000002
2015-07-09 06:00:00,0,28.3,15.0,5.6,14926.88
2015-07-09 07:00:00,0,30.0,15.0,11.1,15305.500000000005
2015-07-09 08:00:00,0,31.1,18.0,9.3,16080.749999999996
2015-07-09 09:00:00,0,32.2,22.0,11.1,16898.170000000006
2015-07-09 10:00:00,0,32.8,26.0,25.9,17448.550000000003
2015-07-09 11:00:00,0,33.9,25.0,20.4,17665.1
2015-07-09 12:00:00,0,35.6,22.0,20.4,17791.615000000005
2015-07-09 13:00:00,0,36.7,20.0,24.1,17879.879999999997
2015-07-09 14:00:00,0,38.3,17.0,31.5,17959.774999999994
2015-07-09 15:00:00,0,37.2,18.0,24.1,17807.410000000003
2015-07-09 16:00:00,0,38.9,13.0,24.1,17562.94
2015-07-09 17:00:00,0,38.3,11.0,29.6,16879.850000000002
2015-07-09 18:00:00,0,37.8,11.0,31.5,15980.270000000002
2015-07-09 19:00:00,0,36.7,12.0,27.8,15415.309999999998
2015-07-09 20:00:00,0,35.0,11.0,20.4,15192.520000000002
2015-07-09 21:00:00,0,33.3,11.0,14.8,14718.899999999996
2015-07-09 22:00:00,0,32.2,12.0,9.3,14060.560000000001
2015-07-09 23:00:00,0,31.7,12.0,14.8,13629.949999999995
2015-07-10 00:00:00,0,30.6,13.0,7.4,13432.18
2015-07-10 01:00:00,0,29.4,16.0,7.4,13272.0
2015-07-10 02:00:00,0,28.9,17.0,9.3,13377.03
2015-07-10 03:00:00,0,28.3,23.0,14.8,13422.52
2015-07-10 04:00:00,0,27.8,23.0,7.4,13620.34
2015-07-10 05:00:00,0,27.2,22.0,0.0,14133.480000000001
2015-07-10 06:00:00,0,26.7,30.0,9.3,14734.750000000002
2015-07-10 07:00:00,0,28.3,28.0,13.0,15230.090000000002
2015-07-10 08:00:00,0,30.0,28.0,11.1,16153.109999999995
2015-07-10 09:00:00,0,31.1,27.0,16.7,16885.069999999996
2015-07-10 10:00:00,0,33.3,23.0,25.9,17325.859999999997
2015-07-10 11:00:00,0,35.0,21.0,18.5,17551.819999999992
2015-07-10 12:00:00,0,35.6,21.0,16.7,17532.78
2015-07-10 13:00:00,0,37.2,18.0,25.9,17635.59
2015-07-10 14:00:00,0,37.2,16.0,22.2,17731.47
2015-07-10 15:00:00,0,38.9,15.0,20.4,17625.01
2015-07-10 16:00:00,0,39.4,16.0,24.1,17359.289999999997
2015-07-10 17:00:00,0,38.9,16.0,24.1,16616.16
2015-07-10 18:00:00,0,37.8,18.0,24.1,15702.37
2015-07-10 19:00:00,0,36.7,23.0,38.9,15283.609999999997
2015-07-10 20:00:00,0,35.0,23.0,33.3,15103.189999999995
2015-07-10 21:00:00,0,34.4,26.0,31.5,14779.609999999999
2015-07-10 22:00:00,0,33.3,30.0,25.9,14209.009999999997
2015-07-10 23:00:00,0,32.8,29.0,22.2,13786.960000000001
2015-07-11 00:00:00,0,32.2,28.0,16.7,13525.202499999998
2015-07-11 01:00:00,0,31.7,30.0,16.7,13432.8
2015-07-11 02:00:00,0,31.1,32.0,13.0,13403.58
2015-07-11 03:00:00,0,30.6,32.0,13.0,13425.87
2015-07-11 04:00:00,0,30.0,35.0,9.3,13493.710000000001
2015-07-11 05:00:00,0,30.0,35.0,7.4,13753.570000000002
2015-07-11 06:00:00,0,30.0,33.0,9.3,13815.16
2015-07-11 07:00:00,0,30.0,31.0,7.4,14215.850000000002
2015-07-11 08:00:00,0,31.1,30.0,5.6,14520.470000000001
2015-07-11 09:00:00,0,31.7,29.0,0.0,14740.380000000001
2015-07-11 10:00:00,0,34.4,27.0,9.3,15035.020000000002
2015-07-11 11:00:00,0,35.0,29.0,9.3,15288.400000000001
2015-07-11 12:00:00,0,36.1,26.0,7.4,15325.920000000002
2015-07-11 13:00:00,0,37.2,21.0,20.4,15289.170000000002
2015-07-11 14:00:00,0,38.3,18.0,18.5,15312.580000000002
2015-07-11 15:00:00,0,40.0,13.0,24.1,15047.310000000003
2015-07-11 16:00:00,0,40.6,12.0,11.1,14885.099999999997
2015-07-11 17:00:00,0,40.0,12.0,14.8,14694.04
2015-07-11 18:00:00,0,39.4,13.0,11.1,14585.280000000002
2015-07-11 19:00:00,0,38.9,13.0,25.9,14342.210000000001
2015-07-11 20:00:00,0,37.2,15.0,24.1,14358.600000000002
2015-07-11 21:00:00,0,36.1,16.0,24.1,14159.860000000002
2015-07-11 22:00:00,0,35.0,17.0,20.4,13820.170000000002
2015-07-11 23:00:00,0,34.4,15.0,20.4,13543.540000000003
2015-07-12 00:00:00,0,33.9,15.0,14.8,13410.899999999998
2015-07-12 01:00:00,0,32.8,16.0,11.1,13297.319999999996
2015-07-12 02:00:00,0,32.2,17.0,7.4,13345.550000000001
2015-07-12 03:00:00,0,31.7,17.0,13.0,13290.89
2015-07-12 04:00:00,0,30.6,18.0,5.6,13296.939999999999
2015-07-12 05:00:00,0,29.4,21.0,0.0,13495.390000000003
2015-07-12 06:00:00,0,31.1,13.0,7.4,13870.02
2015-07-12 07:00:00,0,30.6,16.0,7.4,14278.219999999994
2015-07-12 08:00:00,0,31.7,14.0,9.3,14179.019999999995
2015-07-12 09:00:00,0,32.8,12.0,0.0,14454.88
2015-07-12 10:00:00,0,34.4,11.0,7.4,14642.119999999997
2015-07-12 11:00:00,0,36.1,11.0,9.3,14831.43
2015-07-12 12:00:00,0,37.8,13.0,11.1,15146.629999999997
2015-07-12 13:00:00,0,39.4,14.0,9.3,15212.250000000004
2015-07-12 14:00:00,0,39.4,14.0,0.0,15237.729999999996
2015-07-12 15:00:00,0,40.6,13.0,18.5,15231.55
2015-07-12 16:00:00,0,38.9,13.0,9.3,14998.510000000002
2015-07-12 17:00:00,0,40.0,13.0,22.2,14603.739999999998
2015-07-12 18:00:00,0,38.9,13.0,14.8,14310.96
2015-07-12 19:00:00,0,38.9,12.0,14.8,14281.95
2015-07-12 20:00:00,0,38.3,13.0,7.4,14357.689999999997
2015-07-12 21:00:00,0,37.8,14.0,5.6,14193.79
2015-07-12 22:00:00,0,37.2,15.0,5.6,14013.070000000002
2015-07-12 23:00:00,0,36.1,17.0,14.8,13998.779999999997
2015-07-13 00:00:00,0,34.4,28.0,14.8,13911.400000000003
2015-07-13 01:00:00,0,33.3,32.0,18.5,13861.770000000002
2015-07-13 02:00:00,0,32.8,34.0,13.0,14002.970000000001
2015-07-13 03:00:00,0,32.2,37.0,9.3,14297.959999999997
2015-07-13 04:00:00,0,32.8,34.0,5.6,14853.190000000004
2015-07-13 05:00:00,0,32.2,37.0,0.0,15371.389999999998
2015-07-13 06:00:00,0,31.7,39.0,9.3,15707.529999999999
2015-07-13 07:00:00,0,32.2,38.0,9.3,16069.830000000002
2015-07-13 08:00:00,0,32.8,34.0,14.8,16549.010000000002
2015-07-13 09:00:00,0,33.3,33.0,11.1,17227.47000000001
2015-07-13 10:00:00,0,35.0,26.0,7.4,17956.769999999997
2015-07-13 11:00:00,0,37.2,24.0,14.8,18290.560000000005
2015-07-13 12:00:00,0,39.4,21.0,14.8,18338.504999999997
2015-07-13 13:00:00,0,40.0,19.0,7.4,18416.997499999998
2015-07-13 14:00:00,0,40.6,18.0,11.1,18394.585000000003
2015-07-13 15:00:00,0,41.1,18.0,16.7,18373.132499999996
2015-07-13 16:00:00,0,41.1,18.0,22.2,18162.692500000005
2015-07-13 17:00:00,0,41.7,14.0,24.1,17479.347500000003
2015-07-13 18:00:00,0,41.1,14.0,20.4,16496.479999999996
2015-07-13 19:00:00,0,40.6,14.0,22.2,15923.44
2015-07-13 20:00:00,0,40.0,14.0,20.4,15668.32
2015-07-13 21:00:00,0,39.4,15.0,16.7,15236.909999999998
2015-07-13 22:00:00,0,37.2,18.0,7.4,14730.259999999997
2015-07-13 23:00:00,0,35.0,28.0,20.4,14383.954999999998
2015-07-14 00:00:00,0,33.9,31.0,13.0,14181.675
2015-07-14 01:00:00,0,33.9,31.0,14.8,14199.572499999998
2015-07-14 02:00:00,0,33.3,32.0,27.8,14188.515
2015-07-14 03:00:00,0,32.2,35.0,22.2,14308.67
2015-07-14 04:00:00,0,31.7,36.0,18.5,14466.920000000002
2015-07-14 05:00:00,0,31.7,35.0,14.8,15003.039999999997
2015-07-14 06:00:00,0,31.1,36.0,13.0,15648.769999999999
2015-07-14 07:00:00,0,31.1,37.0,9.3,15916.269999999993
2015-07-14 08:00:00,0,31.7,36.0,14.8,16595.82
2015-07-14 09:00:00,0,33.9,31.0,14.8,17565.100000000002
2015-07-14 10:00:00,0,35.6,27.0,11.1,18067.0
2015-07-14 11:00:00,0,37.2,24.0,9.3,18234.387499999997
2015-07-14 12:00:00,0,38.9,20.0,5.6,18423.272499999995
2015-07-14 13:00:00,0,40.0,19.0,16.7,18493.217499999995
2015-07-14 14:00:00,0,41.1,17.0,0.0,18431.7025
2015-07-14 15:00:00,0,41.1,16.0,13.0,18358.815
2015-07-14 16:00:00,0,41.7,16.0,14.8,18187.1325
2015-07-14 17:00:00,0,41.1,15.0,0.0,17483.790000000005
2015-07-14 18:00:00,0,42.2,14.0,24.1,16668.030000000002
2015-07-14 19:00:00,0,39.4,20.0,24.1,15940.130000000001
2015-07-14 20:00:00,0,37.2,23.0,13.0,15733.720000000001
2015-07-14 21:00:00,0,37.2,23.0,11.1,15321.719999999998
2015-07-14 22:00:00,0,36.1,25.0,0.0,14754.990000000002
2015-07-14 23:00:00,0,36.7,16.0,5.6,14277.199999999999
2015-07-15 00:00:00,0,34.4,29.0,13.0,14059.81
2015-07-15 01:00:00,0,33.3,32.0,16.7,13940.839999999998
2015-07-15 02:00:00,0,32.8,34.0,13.0,14018.01
2015-07-15 03:00:00,0,32.2,35.0,7.4,14077.189999999999
2015-07-15 04:00:00,0,31.7,35.0,9.3,14252.499999999998
2015-07-15 05:00:00,0,31.7,32.0,13.0,14871.220000000001
2015-07-15 06:00:00,0,31.1,34.0,11.1,15592.19
2015-07-15 07:00:00,0,31.7,32.0,13.0,15986.539999999999
2015-07-15 08:00:00,0,32.8,30.0,18.5,16777.77
2015-07-15 09:00:00,0,33.9,29.0,18.5,17602.37
2015-07-15 10:00:00,0,36.1,26.0,31.5,18228.215
2015-07-15 11:00:00,0,36.7,26.0,27.8,18491.435000000005
2015-07-15 12:00:00,0,37.2,23.0,7.4,18453.144999999993
2015-07-15 13:00:00,0,37.8,21.0,16.7,18462.329999999994
2015-07-15 14:00:00,0,39.4,20.0,13.0,18439.420000000002
2015-07-15 15:00:00,0,39.4,20.0,5.6,18427.425
2015-07-15 16:00:00,0,39.4,20.0,16.7,18172.8275
2015-07-15 17:00:00,0,40.6,19.0,0.0,17531.01249999999
2015-07-15 18:00:00,0,40.6,18.0,16.7,16690.149999999998
2015-07-15 19:00:00,0,40.0,19.0,13.0,16044.66
2015-07-15 20:00:00,0,38.9,20.0,9.3,15851.62
2015-07-15 21:00:00,0,37.8,24.0,13.0,15387.460000000001
2015-07-15 22:00:00,0,37.2,23.0,18.5,14779.699999999999
2015-07-15 23:00:00,0,36.7,23.0,16.7,14375.619999999999
2015-07-16 00:00:00,0,35.6,21.0,11.1,14097.47
2015-07-16 01:00:00,0,35.0,22.0,13.0,13992.479999999994
2015-07-16 02:00:00,0,34.4,21.0,7.4,14090.55
2015-07-16 03:00:00,0,33.3,30.0,9.3,14147.409999999998
2015-07-16 04:00:00,0,32.2,34.0,9.3,14324.879999999997
2015-07-16 05:00:00,0,31.7,36.0,11.1,14948.720000000003
2015-07-16 06:00:00,0,30.6,37.0,14.8,15754.44
2015-07-16 07:00:00,0,31.7,31.0,11.1,16016.010000000002
2015-07-16 08:00:00,0,32.2,34.0,7.4,16707.62
2015-07-16 09:00:00,0,33.9,29.0,9.3,17406.6
2015-07-16 10:00:00,0,36.1,22.0,5.6,17920.189999999995
2015-07-16 11:00:00,0,37.2,17.0,0.0,18072.152500000004
2015-07-16 12:00:00,0,40.0,15.0,14.8,18214.760000000006
2015-07-16 13:00:00,0,40.0,15.0,0.0,18311.452500000003
2015-07-16 14:00:00,0,40.6,14.0,5.6,18299.824999999997
2015-07-16 15:00:00,0,41.7,13.0,24.1,18291.095
2015-07-16 16:00:00,0,41.1,13.0,9.3,18073.035
2015-07-16 17:00:00,0,41.1,14.0,22.2,17464.250000000004
2015-07-16 18:00:00,0,41.1,14.0,13.0,16582.129999999997
2015-07-16 19:00:00,0,40.6,14.0,14.8,15914.560000000001
2015-07-16 20:00:00,0,39.4,16.0,13.0,15736.449999999995
2015-07-16 21:00:00,0,38.3,19.0,9.3,15378.159999999998
2015-07-16 22:00:00,0,37.2,21.0,7.4,14792.509999999997
2015-07-16 23:00:00,0,35.6,29.0,24.1,14463.61
2015-07-17 00:00:00,0,33.3,33.0,22.2,14171.589999999998
2015-07-17 01:00:00,0,31.7,39.0,16.7,14111.650000000001
2015-07-17 02:00:00,0,32.2,38.0,13.0,14186.76
2015-07-17 03:00:00,0,31.7,39.0,9.3,14173.660000000002
2015-07-17 04:00:00,0,31.1,39.0,5.6,14330.58
2015-07-17 05:00:00,0,31.1,39.0,0.0,14945.14
2015-07-17 06:00:00,0,31.1,40.0,7.4,15658.407499999998
2015-07-17 07:00:00,0,31.7,38.0,0.0,16028.864999999998
2015-07-17 08:00:00,0,32.8,34.0,13.0,16668.895
2015-07-17 09:00:00,0,33.3,33.0,20.4,17422.059999999998
2015-07-17 10:00:00,0,32.2,39.0,16.7,17801.559999999998
2015-07-17 11:00:00,0,35.0,30.0,27.8,18002.3375
2015-07-17 12:00:00,0,36.7,26.0,25.9,18055.772499999995
2015-07-17 13:00:00,0,37.2,25.0,22.2,18160.712499999998
2015-07-17 14:00:00,0,38.3,24.0,16.7,18145.482499999995
2015-07-17 15:00:00,0,40.0,23.0,14.8,17966.559999999998
2015-07-17 16:00:00,0,38.3,25.0,18.5,17693.734999999997
2015-07-17 17:00:00,0,37.8,25.0,22.2,16999.375
2015-07-17 18:00:00,0,38.3,23.0,20.4,16090.670000000004
2015-07-17 19:00:00,0,37.2,25.0,13.0,15569.977500000003
2015-07-17 20:00:00,0,36.1,27.0,14.8,15392.7
2015-07-17 21:00:00,0,35.6,28.0,18.5,15046.782500000001
2015-07-17 22:00:00,0,31.1,51.0,16.7,14572.227499999999
2015-07-17 23:00:00,0,28.9,56.0,9.3,14115.262499999995
2015-07-18 00:00:00,0,28.9,58.0,9.3,13824.0725
2015-07-18 01:00:00,0,28.9,63.0,11.1,13337.325
2015-07-18 02:00:00,0,28.9,55.0,0.0,13855.5
2015-07-18 03:00:00,0,29.4,53.0,5.6,13850.9625
2015-07-18 04:00:00,0,28.3,58.0,5.6,13926.135000000002
2015-07-18 05:00:00,0,28.3,53.0,9.3,14182.992500000004
2015-07-18 06:00:00,0,27.8,52.0,11.1,14276.407500000001
2015-07-18 07:00:00,0,28.3,53.0,11.1,14498.902499999997
2015-07-18 08:00:00,0,28.9,51.0,13.0,14697.877499999999
2015-07-18 09:00:00,0,30.0,48.0,11.1,14375.415000000003
2015-07-18 10:00:00,0,31.7,43.0,13.0,12334.382499999998
2015-07-18 11:00:00,0,33.9,37.0,14.8,15333.750000000002
2015-07-18 12:00:00,0,34.4,33.0,9.3,15317.379999999997
2015-07-18 13:00:00,0,36.7,29.0,11.1,15467.122500000005
2015-07-18 14:00:00,0,36.7,28.0,11.1,15131.444999999998
2015-07-18 15:00:00,0,35.6,30.0,7.4,15001.019999999997
2015-07-18 16:00:00,0,35.6,30.0,9.3,14913.5375
2015-07-18 17:00:00,0,32.2,40.0,25.9,14688.474999999997
2015-07-18 18:00:00,0,32.8,42.0,24.1,14600.347499999998
2015-07-18 19:00:00,0,30.6,48.0,33.3,14488.4325
2015-07-18 20:00:00,0,29.4,51.0,22.2,14580.95
2015-07-18 21:00:00,0,28.9,55.0,22.2,14452.802500000003
2015-07-18 22:00:00,0,24.4,87.0,0.0,14211.927499999998
2015-07-18 23:00:00,0,25.0,76.0,11.1,13864.597500000003
2015-07-19 00:00:00,0,25.6,71.0,7.4,13775.777500000002
2015-07-19 01:00:00,0,25.0,79.0,7.4,13578.217499999999
2015-07-19 02:00:00,0,25.0,76.0,9.3,13594.562500000005
2015-07-19 03:00:00,0,25.6,68.0,5.6,13621.649999999998
2015-07-19 04:00:00,0,25.6,68.0,7.4,13768.384999999998
2015-07-19 05:00:00,0,25.0,74.0,7.4,14020.305
2015-07-19 06:00:00,0,25.6,71.0,9.3,14156.005000000003
2015-07-19 07:00:00,0,25.6,71.0,11.1,14474.572500000002
2015-07-19 08:00:00,0,27.2,67.0,0.0,14701.130000000001
2015-07-19 09:00:00,0,28.3,60.0,5.6,14835.3025
2015-07-19 10:00:00,0,30.0,55.0,0.0,15128.967500000004
2015-07-19 11:00:00,0,31.1,48.0,0.0,15226.770000000002
2015-07-19 12:00:00,0,32.8,42.0,9.3,15217.145000000004
2015-07-19 13:00:00,0,33.3,39.0,9.3,15209.205000000004
2015-07-19 14:00:00,0,33.9,37.0,5.6,15299.255000000001
2015-07-19 15:00:00,0,35.0,34.0,9.3,15299.015
2015-07-19 16:00:00,0,35.0,32.0,7.4,15164.192500000003
2015-07-19 17:00:00,0,35.6,31.0,9.3,14785.410000000002
2015-07-19 18:00:00,0,35.0,33.0,16.7,14516.744999999997
2015-07-19 19:00:00,0,34.4,36.0,16.7,14502.829999999998
2015-07-19 20:00:00,0,33.9,37.0,22.2,14568.337499999998
2015-07-19 21:00:00,0,33.3,41.0,22.2,14448.734999999997
2015-07-19 22:00:00,0,32.8,41.0,18.5,14217.105
2015-07-19 23:00:00,0,32.8,39.0,22.2,14054.8525
2015-07-20 00:00:00,0,32.2,39.0,18.5,13948.56
2015-07-20 01:00:00,0,31.7,40.0,16.7,13911.167499999998
2015-07-20 02:00:00,0,31.1,42.0,14.8,14078.605
2015-07-20 03:00:00,0,29.4,49.0,0.0,14340.112500000003
2015-07-20 04:00:00,0,30.6,44.0,9.3,14882.339999999995
2015-07-20 05:00:00,0,28.9,53.0,5.6,15121.714999999998
2015-07-20 06:00:00,0,29.4,49.0,5.6,15364.324999999995
2015-07-20 07:00:00,0,30.0,48.0,5.6,15740.752499999997
2015-07-20 08:00:00,0,31.1,45.0,5.6,16481.284999999996
2015-07-20 09:00:00,0,31.7,45.0,11.1,17341.124999999996
2015-07-20 10:00:00,0,32.2,43.0,7.4,17937.87
2015-07-20 11:00:00,0,33.9,38.0,9.3,18221.63
2015-07-20 12:00:00,0,34.4,35.0,7.4,18283.08
2015-07-20 13:00:00,0,35.6,29.0,5.6,18194.07
2015-07-20 14:00:00,0,37.2,25.0,11.1,18259.92
2015-07-20 15:00:00,0,37.8,28.0,11.1,18112.91
2015-07-20 16:00:00,0,37.8,27.0,22.2,18021.059999999998
2015-07-20 17:00:00,0,38.3,26.0,20.4,17371.770000000004
2015-07-20 18:00:00,0,37.8,26.0,20.4,16520.95
2015-07-20 19:00:00,0,36.7,25.0,14.8,15931.429999999998
2015-07-20 20:00:00,0,36.1,25.0,13.0,15669.069999999996
2015-07-20 21:00:00,0,36.1,25.0,11.1,15224.51
2015-07-20 22:00:00,0,34.4,30.0,7.4,14599.06
2015-07-20 23:00:00,0,33.3,31.0,9.3,14200.370000000003
2015-07-21 00:00:00,0,33.3,31.0,9.3,13987.010000000004
2015-07-21 01:00:00,0,33.3,30.0,11.1,13832.680000000002
2015-07-21 02:00:00,0,32.2,34.0,9.3,14064.33
2015-07-21 03:00:00,0,31.1,39.0,9.3,14057.18
2015-07-21 04:00:00,0,30.0,43.0,5.6,14213.77
2015-07-21 05:00:00,0,30.0,44.0,7.4,14793.68
2015-07-21 06:00:00,0,31.1,42.0,13.0,15489.470000000007
2015-07-21 07:00:00,0,31.1,43.0,7.4,15894.83
2015-07-21 08:00:00,0,32.2,38.0,0.0,16728.59
2015-07-21 09:00:00,0,32.8,36.0,7.4,17512.149999999994
2015-07-21 10:00:00,0,35.0,32.0,7.4,18038.739999999998
2015-07-21 11:00:00,0,36.7,26.0,9.3,18113.289999999997
2015-07-21 12:00:00,0,37.8,24.0,9.3,18288.71749999999
2015-07-21 13:00:00,0,39.4,22.0,14.8,18233.7325
2015-07-21 14:00:00,0,39.4,21.0,7.4,18370.024999999998
2015-07-21 15:00:00,0,38.9,21.0,0.0,18375.0175
2015-07-21 16:00:00,0,40.6,20.0,18.5,18148.1675
2015-07-21 17:00:00,0,39.4,21.0,14.8,17524.1375
2015-07-21 18:00:00,0,40.6,17.0,18.5,16593.22
2015-07-21 19:00:00,0,38.9,17.0,13.0,15832.069999999998
2015-07-21 20:00:00,0,38.3,19.0,22.2,15709.529999999999
2015-07-21 21:00:00,0,37.8,19.0,16.7,15350.920000000004
2015-07-21 22:00:00,0,36.1,23.0,5.6,14704.359999999999
2015-07-21 23:00:00,0,36.1,23.0,9.3,14291.13
2015-07-22 00:00:00,0,35.0,23.0,22.2,13997.039999999999
2015-07-22 01:00:00,0,34.4,21.0,20.4,13878.290000000003
2015-07-22 02:00:00,0,33.3,22.0,14.8,13959.869999999997
2015-07-22 03:00:00,0,31.7,26.0,0.0,13989.039999999997
2015-07-22 04:00:00,0,31.1,26.0,0.0,14177.720000000001
2015-07-22 05:00:00,0,30.6,28.0,5.6,14701.7
2015-07-22 06:00:00,0,30.0,30.0,7.4,15247.309999999996
2015-07-22 07:00:00,0,31.1,25.0,7.4,15681.139999999998
2015-07-22 08:00:00,0,32.2,23.0,9.3,16476.199999999993
2015-07-22 09:00:00,0,32.8,19.0,5.6,17177.995
2015-07-22 10:00:00,0,35.0,15.0,0.0,17690.480000000003
2015-07-22 11:00:00,0,35.6,15.0,0.0,17803.250000000004
2015-07-22 12:00:00,0,36.7,15.0,0.0,17847.350000000002
2015-07-22 13:00:00,0,38.9,12.0,0.0,17911.49
2015-07-22 14:00:00,0,39.4,13.0,20.4,18044.460000000003
2015-07-22 15:00:00,0,40.6,11.0,9.3,17892.58
2015-07-22 16:00:00,0,40.6,11.0,25.9,17702.620000000003
2015-07-22 17:00:00,0,39.4,12.0,13.0,17231.21
2015-07-22 18:00:00,0,40.0,12.0,0.0,16375.949999999999
2015-07-22 19:00:00,0,39.4,14.0,11.1,15762.069999999996
2015-07-22 20:00:00,0,38.9,15.0,13.0,15587.449999999997
2015-07-22 21:00:00,0,36.7,23.0,18.5,15262.69
2015-07-22 22:00:00,0,36.7,16.0,25.9,14572.890000000003
2015-07-22 23:00:00,0,35.6,18.0,25.9,14126.519999999999
2015-07-23 00:00:00,0,34.4,18.0,18.5,13972.749999999996
2015-07-23 01:00:00,0,32.8,20.0,0.0,13816.700000000004
2015-07-23 02:00:00,0,32.2,20.0,0.0,13919.999999999998
2015-07-23 03:00:00,0,31.7,19.0,9.3,14003.949999999999
2015-07-23 04:00:00,0,31.1,17.0,9.3,14098.889999999996
2015-07-23 05:00:00,0,31.1,15.0,5.6,14586.080000000004
2015-07-23 06:00:00,0,29.4,20.0,0.0,15171.17
2015-07-23 07:00:00,0,30.0,21.0,0.0,15576.349999999999
2015-07-23 08:00:00,0,32.8,15.0,5.6,16354.52
2015-07-23 09:00:00,0,33.3,16.0,7.4,17115.91
2015-07-23 10:00:00,0,33.9,16.0,0.0,17731.279999999995
2015-07-23 11:00:00,0,36.1,14.0,9.3,18032.940000000002
2015-07-23 12:00:00,0,36.7,18.0,9.3,18061.16
2015-07-23 13:00:00,0,37.8,20.0,16.7,18141.215
2015-07-23 14:00:00,0,37.8,18.0,9.3,18192.005
2015-07-23 15:00:00,0,37.8,18.0,7.4,18069.300000000003
2015-07-23 16:00:00,0,39.4,16.0,7.4,17850.98
2015-07-23 17:00:00,0,38.9,16.0,0.0,17268.440000000006
2015-07-23 18:00:00,0,39.4,15.0,9.3,16415.68
2015-07-23 19:00:00,0,38.9,15.0,0.0,15837.289999999999
2015-07-23 20:00:00,0,38.3,16.0,9.3,15722.189999999999
2015-07-23 21:00:00,0,35.0,31.0,18.5,15461.630000000003
2015-07-23 22:00:00,0,33.9,34.0,18.5,14846.640000000001
2015-07-23 23:00:00,0,32.8,39.0,13.0,14481.870000000003
2015-07-24 00:00:00,0,31.1,45.0,20.4,14260.759999999997
2015-07-24 01:00:00,0,30.6,46.0,14.8,14205.830000000002
2015-07-24 02:00:00,0,30.6,46.0,11.1,14245.570000000003
2015-07-24 03:00:00,0,30.6,46.0,11.1,14265.92
2015-07-24 04:00:00,0,31.1,45.0,9.3,14504.700000000003
2015-07-24 05:00:00,0,30.6,46.0,9.3,15083.95
2015-07-24 06:00:00,0,30.6,46.0,7.4,15727.949999999999
2015-07-24 07:00:00,0,30.6,44.0,9.3,16009.53
2015-07-24 08:00:00,0,30.6,48.0,11.1,16686.432500000006
2015-07-24 09:00:00,0,31.1,46.0,5.6,17369.2025
2015-07-24 10:00:00,0,31.7,45.0,7.4,17840.020000000004
2015-07-24 11:00:00,0,33.9,33.0,5.6,17865.500000000007
2015-07-24 12:00:00,0,35.0,30.0,9.3,17815.730000000003
2015-07-24 13:00:00,0,35.6,29.0,9.3,17761.530000000002
2015-07-24 14:00:00,0,37.2,24.0,9.3,17957.690000000006
2015-07-24 15:00:00,0,38.9,19.0,14.8,17935.250000000004
2015-07-24 16:00:00,0,39.4,20.0,14.8,17702.260000000002
2015-07-24 17:00:00,0,39.4,18.0,22.2,17011.1
2015-07-24 18:00:00,0,39.4,18.0,22.2,16033.74
2015-07-24 19:00:00,0,38.3,18.0,16.7,15478.310000000001
2015-07-24 20:00:00,0,37.8,17.0,14.8,15293.539999999997
2015-07-24 21:00:00,0,37.2,20.0,9.3,15001.239999999998
2015-07-24 22:00:00,0,35.6,22.0,9.3,14338.839999999998
2015-07-24 23:00:00,0,35.0,23.0,9.3,14012.090000000002
2015-07-25 00:00:00,0,35.0,22.0,13.0,13803.159999999996
2015-07-25 01:00:00,0,34.4,20.0,9.3,13631.839999999998
2015-07-25 02:00:00,0,32.2,26.0,0.0,13646.679999999998
2015-07-25 03:00:00,0,33.9,21.0,11.1,13568.070000000002
2015-07-25 04:00:00,0,32.8,23.0,13.0,13646.970000000001
2015-07-25 05:00:00,0,32.2,24.0,11.1,13988.370000000003
2015-07-25 06:00:00,0,31.7,24.0,9.3,14104.350000000002
2015-07-25 07:00:00,0,31.7,22.0,7.4,14216.55
2015-07-25 08:00:00,0,32.2,23.0,9.3,14416.169999999998
2015-07-25 09:00:00,0,33.9,18.0,5.6,14762.599999999995
2015-07-25 10:00:00,0,35.6,15.0,9.3,14895.95
2015-07-25 11:00:00,0,37.8,13.0,11.1,15042.510000000002
2015-07-25 12:00:00,0,39.4,10.0,11.1,15157.03
2015-07-25 13:00:00,0,40.0,8.0,7.4,15108.119999999997
2015-07-25 14:00:00,0,41.1,7.0,9.3,15206.049999999996
2015-07-25 15:00:00,0,42.2,7.0,14.8,15117.019999999997
2015-07-25 16:00:00,0,42.2,6.0,24.1,14872.94
2015-07-25 17:00:00,0,42.2,6.0,29.6,14689.399999999998
2015-07-25 18:00:00,0,41.7,6.0,22.2,14526.730000000003
2015-07-25 19:00:00,0,41.1,6.0,25.9,14448.980000000001
2015-07-25 20:00:00,0,39.4,7.0,13.0,14420.029999999997
2015-07-25 21:00:00,0,37.8,10.0,9.3,14223.689999999999
2015-07-25 22:00:00,0,36.1,11.0,11.1,13844.73
2015-07-25 23:00:00,0,36.1,12.0,13.0,13651.669999999998
2015-07-26 00:00:00,0,36.1,11.0,14.8,13526.39
2015-07-26 01:00:00,0,35.6,12.0,11.1,13474.749999999998
2015-07-26 02:00:00,0,32.2,15.0,7.4,13504.089999999998
2015-07-26 03:00:00,0,31.1,17.0,5.6,13555.130000000001
2015-07-26 04:00:00,0,32.2,15.0,0.0,13637.779999999997
2015-07-26 05:00:00,0,30.6,21.0,9.3,13801.71
2015-07-26 06:00:00,0,30.6,21.0,5.6,13987.569999999998
2015-07-26 07:00:00,0,30.6,24.0,9.3,14191.100000000002
2015-07-26 08:00:00,0,31.1,19.0,9.3,14237.529999999997
2015-07-26 09:00:00,0,32.8,19.0,9.3,14496.819999999998
2015-07-26 10:00:00,0,35.6,15.0,9.3,14818.359999999997
2015-07-26 11:00:00,0,38.3,11.0,9.3,15028.52
2015-07-26 12:00:00,0,40.6,9.0,16.7,15161.3
2015-07-26 13:00:00,0,41.1,8.0,22.2,15239.149999999998
2015-07-26 14:00:00,0,41.1,8.0,25.9,15188.570000000002
2015-07-26 15:00:00,0,40.6,10.0,13.0,15039.130000000005
2015-07-26 16:00:00,0,41.7,7.0,20.4,14901.190000000006
2015-07-26 17:00:00,0,41.7,7.0,22.2,14559.630000000003
2015-07-26 18:00:00,0,41.7,7.0,24.1,14437.090000000002
2015-07-26 19:00:00,0,40.6,8.0,25.9,14351.43
2015-07-26 20:00:00,0,38.9,12.0,16.7,14449.71
2015-07-26 21:00:00,0,37.8,12.0,16.7,14333.5
2015-07-26 22:00:00,0,37.2,11.0,13.0,14009.769999999997
2015-07-26 23:00:00,0,36.7,14.0,14.8,13939.069999999994
2015-07-27 00:00:00,0,35.0,21.0,14.8,13898.01
2015-07-27 01:00:00,0,35.0,23.0,25.9,13849.82
2015-07-27 02:00:00,0,33.9,25.0,14.8,14021.680000000004
2015-07-27 03:00:00,0,32.8,27.0,13.0,14274.819999999998
2015-07-27 04:00:00,0,31.7,29.0,7.4,14723.450000000003
2015-07-27 05:00:00,0,30.6,32.0,5.6,15098.660000000002
2015-07-27 06:00:00,0,30.6,33.0,0.0,15456.140000000003
2015-07-27 07:00:00,0,31.7,30.0,7.4,15921.659999999996
2015-07-27 08:00:00,0,32.2,30.0,11.1,16639.07
2015-07-27 09:00:00,0,33.9,27.0,14.8,17398.799999999996
2015-07-27 10:00:00,0,35.6,22.0,5.6,17950.1
2015-07-27 11:00:00,0,36.1,20.0,9.3,18123.285
2015-07-27 12:00:00,0,38.9,17.0,9.3,18281.097499999996
2015-07-27 13:00:00,0,40.0,17.0,5.6,18221.034999999996
2015-07-27 14:00:00,0,38.9,17.0,7.4,18199.1175
2015-07-27 15:00:00,0,40.0,16.0,14.8,18197.225000000002
2015-07-27 16:00:00,0,40.6,16.0,18.5,17973.719999999998
2015-07-27 17:00:00,0,40.0,18.0,14.8,17446.09
2015-07-27 18:00:00,0,40.6,17.0,18.5,16478.95
2015-07-27 19:00:00,0,40.0,17.0,18.5,15899.61
2015-07-27 20:00:00,0,39.4,18.0,18.5,15738.88
2015-07-27 21:00:00,0,38.9,19.0,16.7,15347.130000000001
2015-07-27 22:00:00,0,38.3,19.0,18.5,14654.84
2015-07-27 23:00:00,0,36.7,25.0,22.2,14351.190000000002
2015-07-28 00:00:00,0,36.1,26.0,22.2,14139.910000000002
2015-07-28 01:00:00,0,35.0,27.0,20.4,14038.820000000002
2015-07-28 02:00:00,0,33.9,30.0,18.5,14079.739999999996
2015-07-28 03:00:00,0,33.3,33.0,20.4,14123.189999999999
2015-07-28 04:00:00,0,32.8,33.0,16.7,14261.920000000002
2015-07-28 05:00:00,0,32.2,34.0,13.0,14917.700000000003
2015-07-28 06:00:00,0,31.1,37.0,0.0,15653.689999999999
2015-07-28 07:00:00,0,32.2,34.0,0.0,16005.05
2015-07-28 08:00:00,0,33.3,32.0,9.3,16611.100000000006
2015-07-28 09:00:00,0,34.4,30.0,0.0,17307.829999999998
2015-07-28 10:00:00,0,35.0,29.0,9.3,18119.49
2015-07-28 11:00:00,0,35.6,26.0,7.4,18460.999999999996
2015-07-28 12:00:00,0,37.2,23.0,5.6,18415.28
2015-07-28 13:00:00,0,37.8,21.0,5.6,18514.355
2015-07-28 14:00:00,0,39.4,20.0,16.7,18433.170000000002
2015-07-28 15:00:00,0,39.4,18.0,7.4,18565.069999999996
2015-07-28 16:00:00,0,40.6,16.0,18.5,18205.13
2015-07-28 17:00:00,0,40.0,17.0,14.8,17363.949999999997
2015-07-28 18:00:00,0,39.4,19.0,11.1,16593.69
2015-07-28 19:00:00,0,39.4,20.0,13.0,15944.949999999997
2015-07-28 20:00:00,0,38.9,21.0,9.3,15810.400000000003
2015-07-28 21:00:00,0,38.3,22.0,13.0,15573.070000000002
2015-07-28 22:00:00,0,33.3,37.0,48.2,14908.409999999994
2015-07-28 23:00:00,0,32.2,39.0,31.5,14359.940000000002
2015-07-29 00:00:00,0,32.2,40.0,14.8,14193.61
2015-07-29 01:00:00,0,32.2,37.0,16.7,14016.6025
2015-07-29 02:00:00,0,31.1,42.0,9.3,14240.840000000002
2015-07-29 03:00:00,0,31.1,40.0,13.0,14280.537499999997
2015-07-29 04:00:00,0,30.6,41.0,9.3,14349.37
2015-07-29 05:00:00,0,30.6,41.0,0.0,14930.7
2015-07-29 06:00:00,0,31.1,40.0,9.3,15611.020000000002
2015-07-29 07:00:00,0,31.1,40.0,11.1,16034.479999999996
2015-07-29 08:00:00,0,31.1,42.0,13.0,16635.33
2015-07-29 09:00:00,0,32.2,39.0,9.3,17342.339999999997
2015-07-29 10:00:00,0,33.3,37.0,7.4,17992.809999999994
2015-07-29 11:00:00,0,33.9,36.0,9.3,18183.9275
2015-07-29 12:00:00,0,34.4,35.0,5.6,18255.9725
2015-07-29 13:00:00,0,35.0,34.0,5.6,18478.397500000003
2015-07-29 14:00:00,0,35.6,33.0,7.4,18517.855000000003
2015-07-29 15:00:00,0,37.2,28.0,24.1,18455.5625
2015-07-29 16:00:00,0,37.2,28.0,20.4,17931.770000000004
2015-07-29 17:00:00,0,37.2,28.0,22.2,17306.219999999998
2015-07-29 18:00:00,0,37.8,27.0,18.5,16358.580000000004
2015-07-29 19:00:00,0,36.7,28.0,14.8,15991.209999999997
2015-07-29 20:00:00,0,33.3,34.0,37.0,15639.8
2015-07-29 21:00:00,0,32.8,34.0,18.5,15293.239999999998
2015-07-29 22:00:00,0,31.7,42.0,24.1,14753.66
2015-07-29 23:00:00,0,31.1,42.0,29.6,14267.99
2015-07-30 00:00:00,0,31.1,42.0,14.8,14215.429999999998
2015-07-30 01:00:00,0,30.6,41.0,11.1,14077.990000000002
2015-07-30 02:00:00,0,30.6,43.0,18.5,14234.779999999999
2015-07-30 03:00:00,0,30.0,44.0,9.3,14260.49
2015-07-30 04:00:00,0,29.4,48.0,7.4,14268.980000000001
2015-07-30 05:00:00,0,30.0,46.0,14.8,14855.589999999997
2015-07-30 06:00:00,0,29.4,49.0,13.0,15480.669999999996
2015-07-30 07:00:00,0,29.4,49.0,16.7,15847.62
2015-07-30 08:00:00,0,31.1,43.0,16.7,16688.360000000004
2015-07-30 09:00:00,0,33.3,35.0,16.7,17458.38999999999
2015-07-30 10:00:00,0,33.9,34.0,9.3,18038.489999999998
2015-07-30 11:00:00,0,35.0,32.0,11.1,18170.722500000003
2015-07-30 12:00:00,0,36.7,28.0,9.3,18228.529999999995
2015-07-30 13:00:00,0,36.7,27.0,7.4,18393.307500000003
2015-07-30 14:00:00,0,39.4,23.0,13.0,18398.605000000007
2015-07-30 15:00:00,0,40.0,20.0,11.1,18311.229999999996
2015-07-30 16:00:00,0,39.4,20.0,11.1,17979.105
2015-07-30 17:00:00,0,40.0,18.0,5.6,17364.960000000003
2015-07-30 18:00:00,0,39.4,20.0,0.0,16390.22
2015-07-30 19:00:00,0,39.4,20.0,7.4,15855.220000000001
2015-07-30 20:00:00,0,38.9,21.0,7.4,15609.6
2015-07-30 21:00:00,0,38.9,22.0,7.4,15303.66
2015-07-30 22:00:00,0,37.8,23.0,18.5,14677.400000000001
2015-07-30 23:00:00,0,36.7,26.0,18.5,14290.319999999998
2015-07-31 00:00:00,0,36.1,28.0,7.4,14230.510000000002
2015-07-31 01:00:00,0,35.0,30.0,5.6,14094.599999999999
2015-07-31 02:00:00,0,35.0,30.0,14.8,14244.039999999997
2015-07-31 03:00:00,0,33.9,32.0,13.0,14311.38
2015-07-31 04:00:00,0,33.3,34.0,11.1,14406.560000000001
2015-07-31 05:00:00,0,32.2,37.0,0.0,14925.790000000003
2015-07-31 06:00:00,0,31.7,39.0,7.4,15479.420000000002
2015-07-31 07:00:00,0,32.8,35.0,7.4,16046.730000000001
2015-07-31 08:00:00,0,33.9,33.0,0.0,16836.32
2015-07-31 09:00:00,0,35.6,29.0,9.3,17567.829999999998
2015-07-31 10:00:00,0,37.2,26.0,7.4,17912.620000000006
2015-07-31 11:00:00,0,38.9,23.0,16.7,18161.805
2015-07-31 12:00:00,0,40.0,21.0,14.8,18213.104999999996
2015-07-31 13:00:00,0,40.6,20.0,7.4,18243.08
2015-07-31 14:00:00,0,41.7,19.0,11.1,18318.532499999998
2015-07-31 15:00:00,0,42.2,18.0,14.8,18123.3375
2015-07-31 16:00:00,0,36.1,30.0,42.6,17181.79
2015-07-31 17:00:00,0,31.1,59.0,13.0,16350.910000000002
2015-07-31 18:00:00,0,26.1,79.0,22.2,15707.480000000003
2015-07-31 19:00:00,0,28.3,65.0,25.9,15459.210000000003
2015-07-31 20:00:00,0,26.7,74.0,16.7,15226.740000000002
2015-07-31 21:00:00,0,27.8,67.0,16.7,15043.29
2015-07-31 22:00:00,0,27.2,74.0,11.1,14525.209999999995
2015-07-31 23:00:00,0,27.8,69.0,16.7,14123.310000000001
2015-08-01 00:00:00,0,27.2,72.0,7.4,13989.9
2015-08-01 01:00:00,0,27.2,74.0,5.6,13741.2
2015-08-01 02:00:00,0,27.8,69.0,0.0,13838.499999999998
2015-08-01 03:00:00,0,27.8,69.0,11.1,13749.800000000001
2015-08-01 04:00:00,0,27.8,67.0,5.6,13977.980000000005
2015-08-01 05:00:00,0,28.3,63.0,9.3,14465.199999999997
2015-08-01 06:00:00,0,28.3,63.0,11.1,14368.100000000002
2015-08-01 07:00:00,0,28.3,65.0,11.1,14580.569999999998
2015-08-01 08:00:00,0,28.3,65.0,9.3,14810.620000000003
2015-08-01 09:00:00,0,30.0,57.0,5.6,14926.329999999998
2015-08-01 10:00:00,0,32.2,45.0,5.6,15214.75
2015-08-01 11:00:00,0,34.4,43.0,11.1,15376.790000000005
2015-08-01 12:00:00,0,35.0,36.0,0.0,15486.98
2015-08-01 13:00:00,0,36.7,33.0,0.0,15419.270000000004
2015-08-01 14:00:00,0,37.8,29.0,13.0,15530.38
2015-08-01 15:00:00,0,38.3,29.0,11.1,15393.659999999996
2015-08-01 16:00:00,0,38.9,26.0,11.1,15236.810000000003
2015-08-01 17:00:00,0,39.4,23.0,14.8,15084.999999999995
2015-08-01 18:00:00,0,39.4,21.0,13.0,14835.359999999999
2015-08-01 19:00:00,0,38.3,25.0,9.3,14749.690000000002
2015-08-01 20:00:00,0,37.2,28.0,13.0,14748.33
2015-08-01 21:00:00,0,36.7,28.0,9.3,14633.299999999997
2015-08-01 22:00:00,0,34.4,38.0,7.4,14257.320000000003
2015-08-01 23:00:00,0,33.9,39.0,7.4,14068.439999999999
2015-08-02 00:00:00,0,33.9,36.0,11.1,13917.245
2015-08-02 01:00:00,0,33.3,39.0,5.6,13879.799999999997
2015-08-02 02:00:00,0,31.7,45.0,16.7,13792.677500000002
2015-08-02 03:00:00,0,31.1,45.0,11.1,13871.394999999999
2015-08-02 04:00:00,0,31.1,45.0,9.3,14014.4725
2015-08-02 05:00:00,0,30.6,48.0,11.1,14211.12
2015-08-02 06:00:00,0,30.0,51.0,11.1,14427.249999999996
2015-08-02 07:00:00,0,30.6,48.0,13.0,14601.732499999998
2015-08-02 08:00:00,0,31.7,45.0,11.1,14983.437500000002
2015-08-02 09:00:00,0,33.9,36.0,13.0,15106.3
2015-08-02 10:00:00,0,35.0,34.0,11.1,15181.355
2015-08-02 11:00:00,0,36.7,28.0,11.1,15263.499999999998
2015-08-02 12:00:00,0,38.3,21.0,5.6,15368.922500000002
2015-08-02 13:00:00,0,39.4,20.0,18.5,15311.037499999999
2015-08-02 14:00:00,0,40.6,17.0,14.8,15396.427499999996
2015-08-02 15:00:00,0,41.7,17.0,22.2,15344.805
2015-08-02 16:00:00,0,41.7,14.0,14.8,15172.115
2015-08-02 17:00:00,0,42.2,13.0,22.2,14760.19
2015-08-02 18:00:00,0,42.2,13.0,25.9,14579.232499999998
2015-08-02 19:00:00,0,41.1,13.0,18.5,14582.815
2015-08-02 20:00:00,0,38.9,16.0,11.1,14441.010000000002
2015-08-02 21:00:00,0,37.2,21.0,9.3,14261.6075
2015-08-02 22:00:00,0,36.1,23.0,9.3,14161.192500000001
2015-08-02 23:00:00,0,35.6,25.0,7.4,13931.122500000003
2015-08-03 00:00:00,0,35.6,24.0,9.3,13865.619999999995
2015-08-03 01:00:00,0,35.6,23.0,14.8,13844.859999999999
2015-08-03 02:00:00,0,35.0,25.0,7.4,14196.049999999996
2015-08-03 03:00:00,0,33.3,31.0,7.4,14461.750000000002
2015-08-03 04:00:00,0,31.7,35.0,5.6,14759.009999999998
2015-08-03 05:00:00,0,31.7,35.0,13.0,15119.259999999998
2015-08-03 06:00:00,0,30.6,36.0,11.1,15302.75
2015-08-03 07:00:00,0,31.1,35.0,9.3,15791.344999999996
2015-08-03 08:00:00,0,33.3,29.0,9.3,16621.647499999992
2015-08-03 09:00:00,0,35.0,27.0,9.3,17440.2725
2015-08-03 10:00:00,0,36.7,23.0,0.0,17950.620000000003
2015-08-03 11:00:00,0,38.3,20.0,9.3,18149.539999999997
2015-08-03 12:00:00,0,39.4,16.0,5.6,18053.695
2015-08-03 13:00:00,0,40.6,15.0,5.6,18074.615
2015-08-03 14:00:00,0,41.7,13.0,14.8,18443.422499999993
2015-08-03 15:00:00,0,42.2,13.0,9.3,18227.754999999997
2015-08-03 16:00:00,0,42.8,11.0,18.5,17835.549999999996
2015-08-03 17:00:00,0,42.2,12.0,16.7,17201.849999999995
2015-08-03 18:00:00,0,42.2,11.0,22.2,16392.649999999998
2015-08-03 19:00:00,0,42.2,11.0,22.2,15811.099999999999
2015-08-03 20:00:00,0,41.1,11.0,11.1,15569.2
2015-08-03 21:00:00,0,39.4,15.0,9.3,15347.259999999995
2015-08-03 22:00:00,0,36.7,22.0,11.1,14664.660000000003
2015-08-03 23:00:00,0,35.6,24.0,7.4,14166.689999999995
2015-08-04 00:00:00,0,34.4,26.0,11.1,14142.9
2015-08-04 01:00:00,0,35.0,23.0,9.3,13973.539999999999
2015-08-04 02:00:00,0,35.6,20.0,16.7,13947.719999999998
2015-08-04 03:00:00,0,35.0,22.0,14.8,14070.67
2015-08-04 04:00:00,0,34.4,21.0,14.8,14176.239999999998
2015-08-04 05:00:00,0,33.9,22.0,13.0,14786.53
2015-08-04 06:00:00,0,31.7,30.0,5.6,15495.76
2015-08-04 07:00:00,0,32.8,27.0,9.3,15971.689999999999
2015-08-04 08:00:00,0,33.3,27.0,9.3,16749.600000000002
2015-08-04 09:00:00,0,35.0,23.0,7.4,17590.079999999998
2015-08-04 10:00:00,0,37.2,20.0,7.4,17972.940000000002
2015-08-04 11:00:00,0,38.9,17.0,5.6,18208.5475
2015-08-04 12:00:00,0,40.6,15.0,5.6,18389.780000000006
2015-08-04 13:00:00,0,41.7,11.0,14.8,18489.6975
2015-08-04 14:00:00,0,42.8,12.0,16.7,18508.7225
2015-08-04 15:00:00,0,43.3,11.0,20.4,18386.102499999997
2015-08-04 16:00:00,0,43.3,9.0,9.3,18088.472500000003
2015-08-04 17:00:00,0,42.8,9.0,11.1,17440.410000000007
2015-08-04 18:00:00,0,42.8,10.0,13.0,16446.83
2015-08-04 19:00:00,0,42.2,10.0,22.2,15942.48
2015-08-04 20:00:00,0,41.7,11.0,16.7,15742.950000000006
2015-08-04 21:00:00,0,38.9,15.0,11.1,15299.06
2015-08-04 22:00:00,0,37.2,18.0,7.4,14703.989999999996
2015-08-04 23:00:00,0,37.8,17.0,9.3,14257.647500000001
2015-08-05 00:00:00,0,36.1,19.0,5.6,13761.260000000002
2015-08-05 01:00:00,0,36.7,18.0,9.3,13931.455000000002
2015-08-05 02:00:00,0,36.1,18.0,7.4,14008.885000000002
2015-08-05 03:00:00,0,36.1,16.0,13.0,14051.7675
2015-08-05 04:00:00,0,35.0,18.0,16.7,14135.562499999996
2015-08-05 05:00:00,0,34.4,19.0,11.1,14511.047499999999
2015-08-05 06:00:00,0,33.3,22.0,9.3,15334.860000000004
2015-08-05 07:00:00,0,32.8,26.0,5.6,15753.4
2015-08-05 08:00:00,0,34.4,21.0,0.0,16673.010000000002
2015-08-05 09:00:00,0,36.1,19.0,5.6,17497.99
2015-08-05 10:00:00,0,37.2,17.0,7.4,18077.245000000003
2015-08-05 11:00:00,0,38.9,14.0,7.4,18192.589999999993
2015-08-05 12:00:00,0,41.1,12.0,11.1,18327.33
2015-08-05 13:00:00,0,42.8,10.0,14.8,18476.107499999995
2015-08-05 14:00:00,0,42.8,9.0,16.7,18370.589999999997
2015-08-05 15:00:00,0,43.3,8.0,16.7,18295.8275
2015-08-05 16:00:00,0,42.8,10.0,11.1,18116.944999999996
2015-08-05 17:00:00,0,43.3,11.0,18.5,17508.51
2015-08-05 18:00:00,0,42.8,12.0,11.1,16448.43
2015-08-05 19:00:00,0,42.2,13.0,16.7,16032.53
2015-08-05 20:00:00,0,41.7,13.0,14.8,15903.139999999996
2015-08-05 21:00:00,0,39.4,17.0,11.1,15330.390000000001
2015-08-05 22:00:00,0,37.8,21.0,9.3,14732.669999999995
2015-08-05 23:00:00,0,38.3,19.0,9.3,14406.14
2015-08-06 00:00:00,0,38.9,21.0,11.1,14213.46
2015-08-06 01:00:00,0,37.8,24.0,16.7,14283.580000000004
2015-08-06 02:00:00,0,37.2,26.0,16.7,14290.940000000002
2015-08-06 03:00:00,0,34.4,33.0,0.0,14347.910000000003
2015-08-06 04:00:00,0,35.0,34.0,16.7,14522.02
2015-08-06 05:00:00,0,34.4,37.0,14.8,15163.490000000002
2015-08-06 06:00:00,0,33.3,41.0,5.6,15903.989999999998
2015-08-06 07:00:00,0,33.9,38.0,5.6,16145.967499999997
2015-08-06 08:00:00,0,34.4,36.0,24.1,16901.08
2015-08-06 09:00:00,0,35.0,34.0,13.0,17470.57
2015-08-06 10:00:00,0,34.4,33.0,16.7,17952.479999999996
2015-08-06 11:00:00,0,35.0,32.0,14.8,18252.560000000005
2015-08-06 12:00:00,0,36.1,30.0,13.0,18256.2
2015-08-06 13:00:00,0,36.7,27.0,22.2,18164.780000000002
2015-08-06 14:00:00,0,37.2,25.0,7.4,18322.379999999997
2015-08-06 15:00:00,0,37.8,23.0,5.6,18239.07
2015-08-06 16:00:00,0,39.4,20.0,0.0,17926.330000000005
2015-08-06 17:00:00,0,40.0,16.0,7.4,17207.019999999997
2015-08-06 18:00:00,0,40.0,15.0,9.3,16303.579999999998
2015-08-06 19:00:00,0,39.4,17.0,7.4,15761.01
2015-08-06 20:00:00,0,37.8,19.0,5.6,15562.479999999996
2015-08-06 21:00:00,0,37.2,20.0,0.0,15234.6
2015-08-06 22:00:00,0,35.6,25.0,5.6,14568.749999999996
2015-08-06 23:00:00,0,35.0,27.0,0.0,14164.180000000002
2015-08-07 00:00:00,0,34.4,27.0,5.6,13987.189999999999
2015-08-07 01:00:00,0,33.9,31.0,0.0,13901.590000000002
2015-08-07 02:00:00,0,33.3,32.0,7.4,13986.729999999998
2015-08-07 03:00:00,0,32.8,32.0,13.0,14158.119999999999
2015-08-07 04:00:00,0,32.2,34.0,11.1,14194.459999999997
2015-08-07 05:00:00,0,32.2,34.0,9.3,14921.900000000001
2015-08-07 06:00:00,0,32.2,38.0,5.6,15661.929999999997
2015-08-07 07:00:00,0,32.2,42.0,14.8,15883.34
2015-08-07 08:00:00,0,32.8,42.0,18.5,16719.48
2015-08-07 09:00:00,0,33.9,41.0,18.5,17637.530000000006
2015-08-07 10:00:00,0,35.0,36.0,20.4,18016.489999999994
2015-08-07 11:00:00,0,36.1,31.0,16.7,18211.86
2015-08-07 12:00:00,0,37.8,25.0,11.1,18221.332500000004
2015-08-07 13:00:00,0,38.9,25.0,5.6,18305.565000000002
2015-08-07 14:00:00,0,41.1,21.0,9.3,18283.54499999999
2015-08-07 15:00:00,0,39.4,23.0,16.7,18227.6025
2015-08-07 16:00:00,0,40.0,23.0,13.0,17813.99
2015-08-07 17:00:00,0,34.4,40.0,31.5,16916.469999999998
2015-08-07 18:00:00,0,29.4,67.0,22.2,16082.550000000001
2015-08-07 19:00:00,0,27.8,71.0,22.2,15656.01
2015-08-07 20:00:00,0,28.3,69.0,20.4,15394.69
2015-08-07 21:00:00,0,28.3,67.0,13.0,15071.500000000002
2015-08-07 22:00:00,0,28.3,65.0,14.8,14492.15
2015-08-07 23:00:00,0,28.3,65.0,13.0,14061.039999999999
2015-08-08 00:00:00,0,28.3,60.0,7.4,13938.680000000002
2015-08-08 01:00:00,0,27.8,65.0,11.1,13795.53
2015-08-08 02:00:00,0,27.8,69.0,14.8,13878.16
2015-08-08 03:00:00,0,27.2,69.0,13.0,13808.74
2015-08-08 04:00:00,0,27.2,69.0,7.4,14040.44
2015-08-08 05:00:00,0,27.2,72.0,13.0,14515.12
2015-08-08 06:00:00,0,26.7,71.0,9.3,14556.279999999999
2015-08-08 07:00:00,0,27.2,69.0,11.1,14707.72
2015-08-08 08:00:00,0,28.3,58.0,20.4,14906.52
2015-08-08 09:00:00,0,30.0,53.0,16.7,15138.390000000001
2015-08-08 10:00:00,0,31.7,52.0,14.8,15369.949999999997
2015-08-08 11:00:00,0,33.3,44.0,11.1,15466.680000000004
2015-08-08 12:00:00,0,35.0,37.0,7.4,15513.59
2015-08-08 13:00:00,0,36.1,29.0,0.0,15467.1
2015-08-08 14:00:00,0,37.2,30.0,0.0,15517.859999999999
2015-08-08 15:00:00,0,37.8,28.0,0.0,15423.589999999998
2015-08-08 16:00:00,0,38.3,26.0,9.3,15271.35
2015-08-08 17:00:00,0,38.3,25.0,13.0,15087.47
2015-08-08 18:00:00,0,38.3,24.0,0.0,15059.599999999999
2015-08-08 19:00:00,0,37.8,25.0,0.0,14844.900000000003
2015-08-08 20:00:00,0,36.7,33.0,9.3,14839.390000000003
2015-08-08 21:00:00,0,35.0,37.0,7.4,14677.780000000002
2015-08-08 22:00:00,0,35.0,37.0,5.6,14339.610000000002
2015-08-08 23:00:00,0,35.0,37.0,5.6,14109.130000000005
2015-08-09 00:00:00,0,34.4,37.0,7.4,13951.210000000001
2015-08-09 01:00:00,0,34.4,35.0,0.0,13969.060000000001
2015-08-09 02:00:00,0,32.8,42.0,7.4,13849.0
2015-08-09 03:00:00,0,32.2,43.0,9.3,13900.609999999997
2015-08-09 04:00:00,0,31.7,46.0,9.3,14084.090000000004
2015-08-09 05:00:00,0,30.6,53.0,11.1,14322.92
2015-08-09 06:00:00,0,30.6,49.0,7.4,14461.700000000003
2015-08-09 07:00:00,0,31.1,46.0,11.1,14624.209999999995
2015-08-09 08:00:00,0,32.2,43.0,14.8,15095.300000000003
2015-08-09 09:00:00,0,32.8,39.0,9.3,15218.71
2015-08-09 10:00:00,0,35.0,36.0,5.6,15381.049999999996
2015-08-09 11:00:00,0,35.6,32.0,5.6,15560.330000000002
2015-08-09 12:00:00,0,38.3,26.0,13.0,15650.249999999996
2015-08-09 13:00:00,0,38.3,25.0,7.4,15582.950000000003
2015-08-09 14:00:00,0,38.9,23.0,5.6,15549.869999999999
2015-08-09 15:00:00,0,39.4,23.0,9.3,15571.480000000003
2015-08-09 16:00:00,0,41.1,19.0,14.8,15492.690000000002
2015-08-09 17:00:00,0,40.0,22.0,13.0,15030.279999999999
2015-08-09 18:00:00,0,40.6,20.0,9.3,14867.380000000005
2015-08-09 19:00:00,0,40.0,21.0,7.4,14838.359999999999
2015-08-09 20:00:00,0,39.4,20.0,16.7,14657.610000000002
2015-08-09 21:00:00,0,39.4,18.0,16.7,14452.53
2015-08-09 22:00:00,0,32.8,36.0,31.5,14142.46
2015-08-09 23:00:00,0,35.0,25.0,13.0,14012.429999999998
2015-08-10 00:00:00,0,33.9,31.0,13.0,13985.139999999998
2015-08-10 01:00:00,0,32.2,39.0,22.2,14091.83
2015-08-10 02:00:00,0,32.2,38.0,13.0,14341.910000000002
2015-08-10 03:00:00,0,32.2,39.0,13.0,14554.879999999997
2015-08-10 04:00:00,0,31.1,43.0,7.4,15105.8
2015-08-10 05:00:00,0,30.6,44.0,5.6,15476.18
2015-08-10 06:00:00,0,30.6,46.0,11.1,15666.459999999997
2015-08-10 07:00:00,0,31.1,45.0,9.3,15857.339999999998
2015-08-10 08:00:00,0,31.1,45.0,11.1,16624.020000000008
2015-08-10 09:00:00,0,32.2,40.0,18.5,17349.079999999994
2015-08-10 10:00:00,0,32.8,41.0,11.1,17975.91
2015-08-10 11:00:00,0,35.0,33.0,9.3,18190.277500000004
2015-08-10 12:00:00,0,36.1,30.0,5.6,18377.195
2015-08-10 13:00:00,0,37.2,25.0,5.6,18293.827499999996
2015-08-10 14:00:00,0,38.3,22.0,14.8,18269.18
2015-08-10 15:00:00,0,38.9,22.0,5.6,18260.804999999993
2015-08-10 16:00:00,0,39.4,21.0,9.3,17972.7975
2015-08-10 17:00:00,0,40.0,20.0,9.3,17338.352499999997
2015-08-10 18:00:00,0,39.4,22.0,7.4,16452.24
2015-08-10 19:00:00,0,38.9,22.0,5.6,16002.12
2015-08-10 20:00:00,0,38.3,22.0,9.3,15688.509999999998
2015-08-10 21:00:00,0,37.2,25.0,7.4,15328.720000000003
2015-08-10 22:00:00,0,37.2,26.0,5.6,14661.559999999998
2015-08-10 23:00:00,0,36.7,25.0,9.3,14222.930000000004
2015-08-11 00:00:00,0,35.6,30.0,5.6,14002.930000000002
2015-08-11 01:00:00,0,34.4,33.0,7.4,13978.889999999998
2015-08-11 02:00:00,0,33.9,37.0,0.0,14168.9
2015-08-11 03:00:00,0,33.9,38.0,7.4,14202.660000000002
2015-08-11 04:00:00,0,32.8,41.0,9.3,14357.78
2015-08-11 05:00:00,0,32.8,41.0,7.4,15023.780000000004
2015-08-11 06:00:00,0,32.2,43.0,9.3,15725.14
2015-08-11 07:00:00,0,32.2,43.0,13.0,15990.61
2015-08-11 08:00:00,0,32.2,42.0,16.7,16859.219999999994
2015-08-11 09:00:00,0,34.4,37.0,16.7,17511.079999999998
2015-08-11 10:00:00,0,32.2,43.0,59.3,17845.89
2015-08-11 11:00:00,0,25.0,82.0,7.4,17906.309999999998
2015-08-11 12:00:00,0,27.2,67.0,13.0,17833.12
2015-08-11 13:00:00,0,29.4,51.0,13.0,17783.59
2015-08-11 14:00:00,0,31.7,43.0,9.3,18064.459999999995
2015-08-11 15:00:00,0,34.4,32.0,5.6,17973.66
2015-08-11 16:00:00,0,35.0,32.0,0.0,17599.690000000006
2015-08-11 17:00:00,0,35.6,29.0,7.4,16932.72
2015-08-11 18:00:00,0,35.0,30.0,9.3,16122.479999999998
2015-08-11 19:00:00,0,35.6,26.0,7.4,15706.249999999996
2015-08-11 20:00:00,0,35.6,26.0,5.6,15393.030000000002
2015-08-11 21:00:00,0,32.2,48.0,7.4,15132.589999999998
2015-08-11 22:00:00,0,28.3,56.0,38.9,14489.739999999996
2015-08-11 23:00:00,0,26.1,72.0,14.8,14054.370000000003
2015-08-12 00:00:00,0,28.3,54.0,25.9,13885.249999999998
2015-08-12 01:00:00,0,27.8,58.0,11.1,13871.349999999999
2015-08-12 02:00:00,0,28.9,49.0,14.8,14052.51
2015-08-12 03:00:00,0,27.2,67.0,9.3,14174.759999999998
2015-08-12 04:00:00,0,26.7,69.0,7.4,14296.789999999999
2015-08-12 05:00:00,0,26.7,69.0,5.6,14829.130000000003
2015-08-12 06:00:00,0,26.7,69.0,5.6,15275.620000000003
2015-08-12 07:00:00,0,27.2,65.0,7.4,15663.020000000002
2015-08-12 08:00:00,0,29.4,55.0,0.0,16582.330000000005
2015-08-12 09:00:00,0,33.3,35.0,18.5,17339.500000000004
2015-08-12 10:00:00,0,34.4,33.0,14.8,17878.8
2015-08-12 11:00:00,0,36.1,29.0,13.0,18110.215
2015-08-12 12:00:00,0,37.2,26.0,5.6,18182.3325
2015-08-12 13:00:00,0,39.4,24.0,7.4,18233.737500000003
2015-08-12 14:00:00,0,41.7,19.0,7.4,18335.925000000003
2015-08-12 15:00:00,0,40.6,20.0,7.4,18336.92
2015-08-12 16:00:00,0,41.1,19.0,9.3,18128.890000000003
2015-08-12 17:00:00,0,41.1,19.0,0.0,17371.319999999996
2015-08-12 18:00:00,0,40.6,18.0,0.0,16431.469999999998
2015-08-12 19:00:00,0,40.6,19.0,0.0,16089.31
2015-08-12 20:00:00,0,39.4,22.0,13.0,15764.31
2015-08-12 21:00:00,0,36.7,28.0,16.7,15335.200000000003
2015-08-12 22:00:00,0,37.2,28.0,7.4,14767.340000000002
2015-08-12 23:00:00,0,35.6,33.0,18.5,14283.32
2015-08-13 00:00:00,0,34.4,35.0,11.1,14082.809999999998
2015-08-13 01:00:00,0,34.4,32.0,0.0,13914.630000000003
2015-08-13 02:00:00,0,32.2,43.0,7.4,14141.510000000006
2015-08-13 03:00:00,0,32.8,42.0,0.0,14250.630000000001
2015-08-13 04:00:00,0,32.8,39.0,13.0,14306.580000000002
2015-08-13 05:00:00,0,32.2,42.0,5.6,14997.140000000003
2015-08-13 06:00:00,0,31.7,43.0,7.4,15644.89
2015-08-13 07:00:00,0,31.7,42.0,11.1,16035.389999999996
2015-08-13 08:00:00,0,32.8,39.0,11.1,16775.949999999997
2015-08-13 09:00:00,0,35.0,31.0,11.1,17558.244999999995
2015-08-13 10:00:00,0,37.2,26.0,11.1,18183.57
2015-08-13 11:00:00,0,39.4,24.0,5.6,18415.537500000002
2015-08-13 12:00:00,0,41.1,20.0,11.1,18510.87
2015-08-13 13:00:00,0,43.9,15.0,14.8,18495.554999999993
2015-08-13 14:00:00,0,43.9,13.0,18.5,18480.687499999996
2015-08-13 15:00:00,0,45.0,10.0,18.5,18416.53
2015-08-13 16:00:00,0,44.4,12.0,13.0,18240.047500000004
2015-08-13 17:00:00,0,44.4,11.0,9.3,17336.065000000002
2015-08-13 18:00:00,0,43.9,12.0,7.4,16372.789999999999
2015-08-13 19:00:00,0,42.8,13.0,9.3,15874.550000000001
2015-08-13 20:00:00,0,41.7,14.0,0.0,15633.89
2015-08-13 21:00:00,0,40.0,18.0,5.6,15148.800000000001
2015-08-13 22:00:00,0,41.1,14.0,9.3,14600.580000000002
2015-08-13 23:00:00,0,37.2,25.0,7.4,14116.43
2015-08-14 00:00:00,0,36.1,25.0,9.3,13827.729999999998
2015-08-14 01:00:00,0,36.7,25.0,7.4,13774.029999999997
2015-08-14 02:00:00,0,37.8,18.0,11.1,13919.889999999998
2015-08-14 03:00:00,0,36.7,22.0,7.4,13947.859999999999
2015-08-14 04:00:00,0,35.0,28.0,5.6,14200.997500000003
2015-08-14 05:00:00,0,34.4,32.0,5.6,14998.09
2015-08-14 06:00:00,0,35.0,30.0,14.8,15736.285000000002
2015-08-14 07:00:00,0,35.0,28.0,14.8,15882.782499999998
2015-08-14 08:00:00,0,34.4,33.0,11.1,16714.302499999998
2015-08-14 09:00:00,0,36.7,30.0,11.1,17574.252500000006
2015-08-14 10:00:00,0,38.3,26.0,9.3,18043.947500000002
2015-08-14 11:00:00,0,40.0,23.0,13.0,18362.420000000002
2015-08-14 12:00:00,0,42.2,19.0,14.8,18409.7975
2015-08-14 13:00:00,0,43.3,17.0,14.8,18536.882499999996
2015-08-14 14:00:00,0,44.4,14.0,9.3,18440.502500000002
2015-08-14 15:00:00,0,45.6,13.0,9.3,18448.742500000004
2015-08-14 16:00:00,0,46.7,12.0,14.8,18080.617499999997
2015-08-14 17:00:00,0,45.6,12.0,5.6,17166.717499999995
2015-08-14 18:00:00,0,45.0,12.0,13.0,16145.074999999999
2015-08-14 19:00:00,0,43.9,13.0,7.4,15874.279999999999
2015-08-14 20:00:00,0,40.0,20.0,20.4,15582.989999999998
2015-08-14 21:00:00,0,40.6,18.0,14.8,15303.627499999999
2015-08-14 22:00:00,0,41.1,17.0,9.3,14571.565000000002
2015-08-14 23:00:00,0,40.6,18.0,5.6,14218.002500000002
2015-08-15 00:00:00,0,38.3,22.0,11.1,13972.630000000001
2015-08-15 01:00:00,0,38.9,21.0,7.4,13840.320000000002
2015-08-15 02:00:00,0,35.6,28.0,7.4,13887.569999999998
2015-08-15 03:00:00,0,35.6,29.0,14.8,13728.75
2015-08-15 04:00:00,0,34.4,32.0,9.3,13796.347500000002
2015-08-15 05:00:00,0,33.9,30.0,7.4,14326.157499999998
2015-08-15 06:00:00,0,33.9,29.0,7.4,14370.17
2015-08-15 07:00:00,0,34.4,27.0,13.0,14543.274999999998
2015-08-15 08:00:00,0,35.6,26.0,11.1,14911.110000000004
2015-08-15 09:00:00,0,37.8,22.0,7.4,15327.6325
2015-08-15 10:00:00,0,38.9,21.0,0.0,15546.632500000003
2015-08-15 11:00:00,0,41.1,19.0,7.4,15586.055000000002
2015-08-15 12:00:00,0,41.7,19.0,5.6,15773.135
2015-08-15 13:00:00,0,42.2,17.0,9.3,15825.674999999997
2015-08-15 14:00:00,0,43.3,17.0,0.0,15843.102499999997
2015-08-15 15:00:00,0,44.4,14.0,0.0,15633.255000000001
2015-08-15 16:00:00,0,45.6,13.0,13.0,15461.699999999999
2015-08-15 17:00:00,0,45.6,11.0,14.8,15246.980000000001
2015-08-15 18:00:00,0,45.0,12.0,14.8,15008.142499999998
2015-08-15 19:00:00,0,44.4,11.0,11.1,14874.110000000002
2015-08-15 20:00:00,0,43.9,13.0,13.0,14787.225000000006
2015-08-15 21:00:00,0,41.1,18.0,5.6,14601.555000000002
2015-08-15 22:00:00,0,40.6,19.0,9.3,14393.342499999997
2015-08-15 23:00:00,0,39.4,22.0,5.6,14007.005000000001
2015-08-16 00:00:00,0,38.9,22.0,9.3,13916.8475
2015-08-16 01:00:00,0,37.2,25.0,0.0,13809.595000000003
2015-08-16 02:00:00,0,36.7,25.0,0.0,13797.524999999998
2015-08-16 03:00:00,0,36.1,28.0,0.0,13820.472500000002
2015-08-16 04:00:00,0,36.1,27.0,11.1,13917.175000000005
2015-08-16 05:00:00,0,35.6,28.0,22.2,14265.277499999998
2015-08-16 06:00:00,0,34.4,33.0,20.4,14346.3275
2015-08-16 07:00:00,0,33.9,41.0,16.7,14578.055000000002
2015-08-16 08:00:00,0,33.9,42.0,7.4,14896.5475
2015-08-16 09:00:00,0,35.0,38.0,7.4,15070.252500000002
2015-08-16 10:00:00,0,36.7,35.0,0.0,15312.775000000001
2015-08-16 11:00:00,0,38.3,28.0,11.1,15437.564999999999
2015-08-16 12:00:00,0,39.4,24.0,20.4,15563.860000000002
2015-08-16 13:00:00,0,41.1,20.0,18.5,15691.155000000002
2015-08-16 14:00:00,0,41.7,18.0,14.8,15740.1975
2015-08-16 15:00:00,0,43.3,16.0,9.3,15672.630000000001
2015-08-16 16:00:00,0,43.3,17.0,16.7,15593.547500000002
2015-08-16 17:00:00,0,43.9,16.0,22.2,15284.394999999997
2015-08-16 18:00:00,0,43.9,16.0,25.9,15125.1875
2015-08-16 19:00:00,0,43.3,17.0,24.1,15015.3425
2015-08-16 20:00:00,0,42.2,17.0,16.7,14822.752500000004
2015-08-16 21:00:00,0,40.6,20.0,11.1,14594.662499999999
2015-08-16 22:00:00,0,40.6,23.0,29.6,14518.622500000001
2015-08-16 23:00:00,0,39.4,26.0,25.9,14295.7975
2015-08-17 00:00:00,0,37.8,29.0,24.1,14173.082499999997
2015-08-17 01:00:00,0,36.7,30.0,22.2,14081.147500000001
2015-08-17 02:00:00,0,36.1,31.0,20.4,14231.264999999998
2015-08-17 03:00:00,0,35.6,31.0,14.8,14560.555000000002
2015-08-17 04:00:00,0,35.6,31.0,11.1,14906.415000000005
2015-08-17 05:00:00,0,35.0,31.0,7.4,15365.482500000002
2015-08-17 06:00:00,0,33.3,37.0,13.0,15657.319999999998
2015-08-17 07:00:00,0,33.3,35.0,9.3,16414.2525
2015-08-17 08:00:00,0,33.9,34.0,5.6,17369.002500000002
2015-08-17 09:00:00,0,34.4,37.0,18.5,18051.1425
2015-08-17 10:00:00,0,35.6,36.0,20.4,18529.6975
2015-08-17 11:00:00,0,36.1,35.0,20.4,18900.677499999994
2015-08-17 12:00:00,0,37.2,34.0,16.7,18840.537499999995
2015-08-17 13:00:00,0,37.8,32.0,7.4,18882.030000000006
2015-08-17 14:00:00,0,39.4,28.0,13.0,18907.000000000004
2015-08-17 15:00:00,0,40.6,25.0,11.1,18642.2675
2015-08-17 16:00:00,0,42.2,22.0,18.5,18266.707500000008
2015-08-17 17:00:00,0,41.7,20.0,24.1,17547.979999999996
2015-08-17 18:00:00,0,41.7,21.0,29.6,16927.602500000005
2015-08-17 19:00:00,0,41.1,21.0,31.5,16655.6125
2015-08-17 20:00:00,0,38.9,27.0,25.9,16375.757500000002
2015-08-17 21:00:00,0,38.3,26.0,18.5,15839.142500000005
2015-08-17 22:00:00,0,37.2,28.0,24.1,14945.422500000002
2015-08-17 23:00:00,0,36.1,29.0,24.1,14452.130000000001
2015-08-18 00:00:00,0,35.0,27.0,20.4,14109.142499999998
2015-08-18 01:00:00,0,34.4,26.0,20.4,13933.855000000001
2015-08-18 02:00:00,0,33.3,27.0,11.1,14083.45
2015-08-18 03:00:00,0,33.3,27.0,20.4,14095.267500000002
2015-08-18 04:00:00,0,31.7,30.0,9.3,14142.022499999997
2015-08-18 05:00:00,0,31.1,31.0,7.4,14906.3475
2015-08-18 06:00:00,0,31.1,34.0,5.6,15838.847499999996
2015-08-18 07:00:00,0,31.7,36.0,13.0,16226.179999999998
2015-08-18 08:00:00,0,32.2,35.0,7.4,16861.157499999998
2015-08-18 09:00:00,0,33.3,31.0,9.3,17705.317499999994
2015-08-18 10:00:00,0,34.4,28.0,0.0,18337.390000000003
2015-08-18 11:00:00,0,36.1,24.0,9.3,18659.662500000006
2015-08-18 12:00:00,0,36.7,20.0,7.4,18638.922500000008
2015-08-18 13:00:00,0,38.9,18.0,13.0,18596.799999999996
2015-08-18 14:00:00,0,39.4,19.0,9.3,18751.29
2015-08-18 15:00:00,0,40.6,17.0,24.1,18621.944999999996
2015-08-18 16:00:00,0,41.7,17.0,27.8,18383.3175
2015-08-18 17:00:00,0,40.6,18.0,24.1,17670.167499999996
2015-08-18 18:00:00,0,40.6,18.0,24.1,16813.702499999996
2015-08-18 19:00:00,0,40.0,18.0,18.5,16269.700000000006
2015-08-18 20:00:00,0,38.3,19.0,13.0,16003.365000000003
2015-08-18 21:00:00,0,37.2,20.0,9.3,15476.5375
2015-08-18 22:00:00,0,36.1,23.0,13.0,14788.087499999998
2015-08-18 23:00:00,0,35.6,22.0,13.0,14238.525
2015-08-19 00:00:00,0,35.6,22.0,13.0,13958.722500000002
2015-08-19 01:00:00,0,35.0,23.0,16.7,14000.109999999999
2015-08-19 02:00:00,0,33.9,24.0,13.0,14051.779999999997
2015-08-19 03:00:00,0,32.8,26.0,0.0,14106.6125
2015-08-19 04:00:00,0,32.8,25.0,5.6,14179.695
2015-08-19 05:00:00,0,32.2,26.0,7.4,14759.205
2015-08-19 06:00:00,0,30.0,36.0,11.1,15532.487500000003
2015-08-19 07:00:00,0,30.0,33.0,13.0,15774.802499999994
2015-08-19 08:00:00,0,31.7,29.0,9.3,16705.755000000005
2015-08-19 09:00:00,0,33.3,27.0,9.3,17479.4125
2015-08-19 10:00:00,0,34.4,24.0,11.1,18006.232499999995
2015-08-19 11:00:00,0,35.6,22.0,7.4,18354.66249999999
2015-08-19 12:00:00,0,37.2,21.0,0.0,18404.465
2015-08-19 13:00:00,0,38.9,18.0,9.3,18406.015000000003
2015-08-19 14:00:00,0,40.0,16.0,14.8,18519.89
2015-08-19 15:00:00,0,40.0,17.0,11.1,18534.135000000002
2015-08-19 16:00:00,0,40.0,17.0,18.5,18172.869999999995
2015-08-19 17:00:00,0,40.6,17.0,11.1,17533.882500000007
2015-08-19 18:00:00,0,40.6,18.0,18.5,16707.0325
2015-08-19 19:00:00,0,40.0,18.0,16.7,16370.972500000002
2015-08-19 20:00:00,0,39.4,20.0,18.5,16271.887499999999
2015-08-19 21:00:00,0,38.3,21.0,11.1,15594.985
2015-08-19 22:00:00,0,36.7,25.0,11.1,14848.197500000002
2015-08-19 23:00:00,0,35.6,30.0,11.1,14402.212499999998
2015-08-20 00:00:00,0,35.6,29.0,20.4,14186.392499999998
2015-08-20 01:00:00,0,35.0,30.0,13.0,14118.705
2015-08-20 02:00:00,0,33.9,31.0,13.0,14131.620000000004
2015-08-20 03:00:00,0,33.3,32.0,13.0,14252.522500000005
2015-08-20 04:00:00,0,31.7,38.0,0.0,14300.857500000004
2015-08-20 05:00:00,0,31.1,39.0,0.0,14978.62
2015-08-20 06:00:00,0,31.1,40.0,5.6,15851.0675
2015-08-20 07:00:00,0,31.7,39.0,9.3,16294.2275
2015-08-20 08:00:00,0,32.8,36.0,11.1,17322.610000000004
2015-08-20 09:00:00,0,33.9,34.0,16.7,18389.1625
2015-08-20 10:00:00,0,35.6,32.0,9.3,18961.592500000006
2015-08-20 11:00:00,0,36.1,31.0,0.0,19217.937500000004
2015-08-20 12:00:00,0,38.9,27.0,7.4,19359.4125
2015-08-20 13:00:00,0,40.6,24.0,14.8,19454.112500000007
2015-08-20 14:00:00,0,40.6,24.0,14.8,19249.477500000008
2015-08-20 15:00:00,0,40.0,24.0,9.3,19286.7375
2015-08-20 16:00:00,0,40.6,22.0,14.8,18987.2125
2015-08-20 17:00:00,0,40.6,23.0,14.8,18019.3375
2015-08-20 18:00:00,0,40.6,20.0,22.2,17352.09
2015-08-20 19:00:00,0,40.0,18.0,22.2,16769.9
2015-08-20 20:00:00,0,39.4,18.0,20.4,16222.41
2015-08-20 21:00:00,0,38.3,19.0,9.3,15689.41
2015-08-20 22:00:00,0,36.7,24.0,9.3,14796.650000000001
2015-08-20 23:00:00,0,35.6,29.0,7.4,14442.190000000002
2015-08-21 00:00:00,0,35.0,34.0,9.3,14051.330000000002
2015-08-21 01:00:00,0,34.4,37.0,5.6,14034.580000000002
2015-08-21 02:00:00,0,33.9,38.0,5.6,14235.55
2015-08-21 03:00:00,0,33.9,39.0,11.1,14140.269999999999
2015-08-21 04:00:00,0,32.8,44.0,9.3,14299.71
2015-08-21 05:00:00,0,32.2,43.0,11.1,15036.679999999995
2015-08-21 06:00:00,0,31.7,43.0,5.6,15791.89
2015-08-21 07:00:00,0,32.2,42.0,13.0,16236.309999999998
2015-08-21 08:00:00,0,32.8,41.0,9.3,17281.59
2015-08-21 09:00:00,0,33.9,37.0,9.3,18397.58
2015-08-21 10:00:00,0,35.0,37.0,9.3,18965.2275
2015-08-21 11:00:00,0,37.2,35.0,11.1,19112.88
2015-08-21 12:00:00,0,37.8,33.0,9.3,19050.137499999997
2015-08-21 13:00:00,0,37.8,32.0,13.0,18809.465000000004
2015-08-21 14:00:00,0,38.9,30.0,0.0,18802.282500000005
2015-08-21 15:00:00,0,40.0,25.0,13.0,18570.909999999996
2015-08-21 16:00:00,0,39.4,25.0,7.4,18221.895
2015-08-21 17:00:00,0,40.0,23.0,20.4,17420.4475
2015-08-21 18:00:00,0,40.6,20.0,20.4,16594.405
2015-08-21 19:00:00,0,40.0,20.0,25.9,16164.387499999999
2015-08-21 20:00:00,0,39.4,22.0,24.1,15893.085000000005
2015-08-21 21:00:00,0,37.8,25.0,22.2,15445.625
2015-08-21 22:00:00,0,37.2,26.0,20.4,14704.585000000001
2015-08-21 23:00:00,0,35.6,30.0,16.7,14262.5375
2015-08-22 00:00:00,0,35.0,31.0,18.5,14015.572500000002
2015-08-22 01:00:00,0,34.4,33.0,25.9,14010.175000000003
2015-08-22 02:00:00,0,33.9,37.0,25.9,13946.675000000001
2015-08-22 03:00:00,0,32.8,41.0,22.2,13927.804999999997
2015-08-22 04:00:00,0,32.2,43.0,11.1,14056.124999999998
2015-08-22 05:00:00,0,31.7,46.0,7.4,14488.169999999998
2015-08-22 06:00:00,0,31.1,48.0,5.6,14570.669999999998
2015-08-22 07:00:00,0,31.1,48.0,7.4,14761.240000000003
2015-08-22 08:00:00,0,32.2,43.0,5.6,15004.802499999996
2015-08-22 09:00:00,0,33.3,41.0,7.4,15260.3925
2015-08-22 10:00:00,0,34.4,36.0,9.3,15463.554999999998
2015-08-22 11:00:00,0,36.7,33.0,11.1,15568.7275
2015-08-22 12:00:00,0,36.1,31.0,5.6,15551.009999999997
2015-08-22 13:00:00,0,37.8,28.0,11.1,15722.865000000002
2015-08-22 14:00:00,0,38.9,25.0,9.3,15570.074999999997
2015-08-22 15:00:00,0,39.4,23.0,9.3,15515.760000000002
2015-08-22 16:00:00,0,40.6,21.0,13.0,15335.5175
2015-08-22 17:00:00,0,40.0,21.0,13.0,15112.175000000001
2015-08-22 18:00:00,0,40.0,21.0,18.5,15103.99
2015-08-22 19:00:00,0,39.4,19.0,13.0,14808.564999999999
2015-08-22 20:00:00,0,38.9,20.0,13.0,14662.335000000001
2015-08-22 21:00:00,0,38.3,22.0,11.1,14493.637500000004
2015-08-22 22:00:00,0,35.6,28.0,14.8,14207.155
2015-08-22 23:00:00,0,35.0,31.0,13.0,13926.602499999999
2015-08-23 00:00:00,0,33.3,37.0,11.1,13796.509999999997
2015-08-23 01:00:00,0,33.3,35.0,14.8,13764.489999999998
2015-08-23 02:00:00,0,32.2,40.0,13.0,13716.607499999996
2015-08-23 03:00:00,0,31.7,40.0,11.1,13801.725
2015-08-23 04:00:00,0,31.1,42.0,7.4,13963.614999999998
2015-08-23 05:00:00,0,30.6,43.0,9.3,14152.339999999998
2015-08-23 06:00:00,0,30.6,44.0,7.4,14369.6925
2015-08-23 07:00:00,0,30.6,44.0,9.3,14377.9925
2015-08-23 08:00:00,0,31.7,42.0,7.4,14577.157499999996
2015-08-23 09:00:00,0,34.4,36.0,0.0,14883.720000000001
2015-08-23 10:00:00,0,34.4,35.0,0.0,15009.752500000002
2015-08-23 11:00:00,0,36.7,29.0,0.0,15194.892500000002
2015-08-23 12:00:00,0,37.8,28.0,13.0,15497.962500000001
2015-08-23 13:00:00,0,39.4,24.0,0.0,15482.987500000001
2015-08-23 14:00:00,0,40.6,22.0,7.4,15562.5725
2015-08-23 15:00:00,0,40.6,20.0,9.3,15486.422500000002
2015-08-23 16:00:00,0,41.7,19.0,13.0,15365.165000000003
2015-08-23 17:00:00,0,40.6,20.0,20.4,15152.127499999997
2015-08-23 18:00:00,0,41.1,19.0,9.3,14949.682499999997
2015-08-23 19:00:00,0,39.4,20.0,13.0,14869.015000000001
2015-08-23 20:00:00,0,38.9,22.0,7.4,14560.715000000002
2015-08-23 21:00:00,0,36.7,24.0,18.5,14484.895
2015-08-23 22:00:00,0,33.9,38.0,20.4,14291.072499999998
2015-08-23 23:00:00,0,33.3,41.0,24.1,14093.76
2015-08-24 00:00:00,0,32.8,42.0,13.0,14048.330000000002
2015-08-24 01:00:00,0,32.8,41.0,11.1,13814.355
2015-08-24 02:00:00,0,32.2,42.0,13.0,14120.05
2015-08-24 03:00:00,0,32.2,38.0,13.0,14349.897500000003
2015-08-24 04:00:00,0,31.1,43.0,9.3,14877.24
2015-08-24 05:00:00,0,31.7,40.0,9.3,15327.694999999996
2015-08-24 06:00:00,0,31.1,40.0,9.3,15808.2325
2015-08-24 07:00:00,0,31.7,40.0,14.8,16355.689999999999
2015-08-24 08:00:00,0,32.8,35.0,13.0,17317.925000000007
2015-08-24 09:00:00,0,33.9,32.0,9.3,18336.120000000006
2015-08-24 10:00:00,0,35.6,28.0,18.5,18906.004999999997
2015-08-24 11:00:00,0,36.7,27.0,14.8,19257.442499999997
2015-08-24 12:00:00,0,37.8,25.0,16.7,19343.482500000002
2015-08-24 13:00:00,0,39.4,23.0,7.4,19587.275
2015-08-24 14:00:00,0,41.1,20.0,13.0,19497.787499999995
2015-08-24 15:00:00,0,41.1,19.0,11.1,19408.492499999997
2015-08-24 16:00:00,0,41.1,19.0,7.4,19162.3675
2015-08-24 17:00:00,0,40.6,19.0,9.3,18411.254999999997
2015-08-24 18:00:00,0,40.0,20.0,0.0,17513.352500000005
2015-08-24 19:00:00,0,40.0,20.0,11.1,16982.4
2015-08-24 20:00:00,0,38.9,20.0,16.7,16499.019999999997
2015-08-24 21:00:00,0,36.1,28.0,9.3,15863.379999999994
2015-08-24 22:00:00,0,36.7,23.0,16.7,15057.370000000004
2015-08-24 23:00:00,0,35.6,25.0,7.4,14473.33
2015-08-25 00:00:00,0,35.0,27.0,5.6,14301.289999999997
2015-08-25 01:00:00,0,31.7,42.0,13.0,14422.989999999998
2015-08-25 02:00:00,0,30.0,57.0,22.2,14369.239999999994
2015-08-25 03:00:00,0,32.2,42.0,20.4,14338.039999999999
2015-08-25 04:00:00,0,28.9,63.0,11.1,14485.840000000002
2015-08-25 05:00:00,0,28.9,61.0,13.0,15149.285000000005
2015-08-25 06:00:00,0,28.9,61.0,7.4,16032.002500000006
2015-08-25 07:00:00,0,30.0,55.0,7.4,16323.05
2015-08-25 08:00:00,0,30.6,53.0,5.6,17385.49
2015-08-25 09:00:00,0,32.2,45.0,0.0,18489.190000000002
2015-08-25 10:00:00,0,32.2,42.0,5.6,18983.1025
2015-08-25 11:00:00,0,33.3,39.0,5.6,19188.870000000006
2015-08-25 12:00:00,0,33.3,39.0,0.0,19286.7475
2015-08-25 13:00:00,0,35.0,33.0,9.3,19529.684999999994
2015-08-25 14:00:00,0,36.7,30.0,13.0,19545.789999999997
2015-08-25 15:00:00,0,36.7,29.0,11.1,19322.1475
2015-08-25 16:00:00,0,37.2,28.0,13.0,18623.784999999993
2015-08-25 17:00:00,0,36.7,29.0,14.8,17903.469999999998
2015-08-25 18:00:00,0,31.1,53.0,35.2,17365.499999999996
2015-08-25 19:00:00,0,30.0,65.0,9.3,16982.889999999996
2015-08-25 20:00:00,0,29.4,65.0,11.1,16390.239999999998
2015-08-25 21:00:00,0,29.4,67.0,14.8,15831.17
2015-08-25 22:00:00,0,30.0,59.0,14.8,14984.020000000002
2015-08-25 23:00:00,0,29.4,61.0,13.0,14422.910000000002
2015-08-26 00:00:00,0,30.6,49.0,18.5,14198.120000000003
2015-08-26 01:00:00,0,30.0,53.0,11.1,14112.230000000005
2015-08-26 02:00:00,0,30.0,49.0,9.3,14172.060000000001
2015-08-26 03:00:00,0,29.4,51.0,9.3,14215.42
2015-08-26 04:00:00,0,28.9,53.0,7.4,14193.49
2015-08-26 05:00:00,0,29.4,49.0,13.0,14789.57
2015-08-26 06:00:00,0,29.4,49.0,11.1,15517.234999999999
2015-08-26 07:00:00,0,29.4,49.0,13.0,15848.689999999999
2015-08-26 08:00:00,0,30.6,46.0,11.1,17133.660000000003
2015-08-26 09:00:00,0,32.8,39.0,13.0,18268.659999999996
2015-08-26 10:00:00,0,33.3,38.0,7.4,18927.680000000008
2015-08-26 11:00:00,0,35.6,32.0,9.3,19081.680000000004
2015-08-26 12:00:00,0,36.7,30.0,9.3,19288.5425
2015-08-26 13:00:00,0,37.8,29.0,11.1,19449.220000000005
2015-08-26 14:00:00,0,38.9,26.0,9.3,19311.730000000003
2015-08-26 15:00:00,0,40.0,21.0,7.4,19295.9575
2015-08-26 16:00:00,0,39.4,23.0,9.3,19100.51000000001
2015-08-26 17:00:00,0,40.0,22.0,7.4,18352.114999999998
2015-08-26 18:00:00,0,39.4,22.0,14.8,17400.4875
2015-08-26 19:00:00,0,38.9,21.0,16.7,17081.799999999996
2015-08-26 20:00:00,0,38.3,22.0,9.3,16526.959999999995
2015-08-26 21:00:00,0,37.2,25.0,5.6,15872.609999999997
2015-08-26 22:00:00,0,36.7,26.0,13.0,15014.330000000005
2015-08-26 23:00:00,0,34.4,33.0,16.7,14425.930000000002
2015-08-27 00:00:00,0,33.9,33.0,7.4,14295.380000000005
2015-08-27 01:00:00,0,33.3,34.0,11.1,14218.429999999998
2015-08-27 02:00:00,0,32.8,36.0,7.4,14229.91
2015-08-27 03:00:00,0,32.2,38.0,14.8,14232.460000000001
2015-08-27 04:00:00,0,31.7,39.0,11.1,14242.15
2015-08-27 05:00:00,0,31.1,42.0,11.1,15011.605000000001
2015-08-27 06:00:00,0,30.6,44.0,13.0,15728.922499999999
2015-08-27 07:00:00,0,31.1,43.0,9.3,16007.909999999996
2015-08-27 08:00:00,0,32.2,40.0,7.4,17196.27
2015-08-27 09:00:00,0,34.4,33.0,11.1,18388.52
2015-08-27 10:00:00,0,35.6,30.0,7.4,18962.479999999996
2015-08-27 11:00:00,0,37.8,27.0,9.3,19289.437499999996
2015-08-27 12:00:00,0,40.6,23.0,7.4,19438.0975
2015-08-27 13:00:00,0,40.6,23.0,13.0,19504.459999999995
2015-08-27 14:00:00,0,41.1,20.0,20.4,19635.107500000002
2015-08-27 15:00:00,0,41.7,19.0,11.1,19065.755000000005
2015-08-27 16:00:00,0,41.1,19.0,18.5,18486.772499999995
2015-08-27 17:00:00,0,27.8,69.0,37.0,17520.1025
2015-08-27 18:00:00,0,28.9,65.0,13.0,16979.967500000006
2015-08-27 19:00:00,0,31.7,46.0,5.6,16663.159999999996
2015-08-27 20:00:00,0,31.1,61.0,0.0,16315.990000000003
2015-08-27 21:00:00,0,31.7,52.0,5.6,15634.019999999997
2015-08-27 22:00:00,0,30.6,57.0,7.4,14836.45
2015-08-27 23:00:00,0,30.0,67.0,7.4,14515.110000000002
2015-08-28 00:00:00,0,29.4,65.0,9.3,14013.859999999997
2015-08-28 01:00:00,0,30.6,55.0,9.3,13946.39
2015-08-28 02:00:00,0,28.9,58.0,7.4,14053.94
2015-08-28 03:00:00,0,28.3,56.0,9.3,13985.749999999998
2015-08-28 04:00:00,0,28.3,56.0,9.3,14095.2
2015-08-28 05:00:00,0,27.8,58.0,7.4,14672.0425
2015-08-28 06:00:00,0,27.8,56.0,9.3,15374.054999999998
2015-08-28 07:00:00,0,28.3,56.0,9.3,15677.15
2015-08-28 08:00:00,0,30.0,49.0,11.1,16935.46
2015-08-28 09:00:00,0,31.7,43.0,11.1,17877.75
2015-08-28 10:00:00,0,33.3,37.0,11.1,18338.9625
2015-08-28 11:00:00,0,36.1,30.0,0.0,18635.484999999997
2015-08-28 12:00:00,0,36.7,27.0,0.0,18738.9575
2015-08-28 13:00:00,0,38.3,24.0,9.3,18846.769999999997
2015-08-28 14:00:00,0,40.0,20.0,7.4,18812.577499999996
2015-08-28 15:00:00,0,41.7,17.0,7.4,18582.879999999994
2015-08-28 16:00:00,0,42.2,15.0,0.0,18240.3525
2015-08-28 17:00:00,0,41.7,16.0,7.4,17336.88
2015-08-28 18:00:00,0,41.1,15.0,16.7,16385.73
2015-08-28 19:00:00,0,40.6,16.0,14.8,16106.73
2015-08-28 20:00:00,0,39.4,18.0,9.3,15750.529999999999
2015-08-28 21:00:00,0,37.2,24.0,5.6,15350.069999999996
2015-08-28 22:00:00,0,37.2,24.0,0.0,14750.960000000001
2015-08-28 23:00:00,0,35.6,32.0,0.0,14252.759999999998
2015-08-29 00:00:00,0,35.6,31.0,0.0,14013.869999999997
2015-08-29 01:00:00,0,35.0,30.0,0.0,13821.660000000003
2015-08-29 02:00:00,0,33.3,44.0,9.3,13895.590000000004
2015-08-29 03:00:00,0,32.8,38.0,5.6,13720.65
2015-08-29 04:00:00,0,31.7,40.0,9.3,13786.399999999996
2015-08-29 05:00:00,0,31.1,42.0,11.1,14156.739999999998
2015-08-29 06:00:00,0,30.6,37.0,9.3,14282.160000000005
2015-08-29 07:00:00,0,31.1,35.0,11.1,14470.729999999998
2015-08-29 08:00:00,0,32.2,34.0,13.0,14717.41
2015-08-29 09:00:00,0,34.4,31.0,14.8,15086.970000000003
2015-08-29 10:00:00,0,36.7,28.0,14.8,15421.249999999998
2015-08-29 11:00:00,0,38.3,25.0,11.1,15615.140000000001
2015-08-29 12:00:00,0,40.0,22.0,11.1,15716.41
2015-08-29 13:00:00,0,40.6,20.0,9.3,15668.470000000003
2015-08-29 14:00:00,0,42.8,18.0,0.0,15650.400000000001
2015-08-29 15:00:00,0,42.8,16.0,7.4,15537.94
2015-08-29 16:00:00,0,43.3,16.0,13.0,15501.940000000002
2015-08-29 17:00:00,0,43.9,15.0,14.8,15183.31
2015-08-29 18:00:00,0,42.2,17.0,7.4,15017.14
2015-08-29 19:00:00,0,42.2,16.0,13.0,14926.829999999996
2015-08-29 20:00:00,0,39.4,21.0,7.4,14690.540000000003
2015-08-29 21:00:00,0,27.8,67.0,20.4,14488.129999999997
2015-08-29 22:00:00,0,30.6,53.0,13.0,14199.189999999999
2015-08-29 23:00:00,0,30.0,59.0,13.0,13894.390000000003
2015-08-30 00:00:00,0,30.0,57.0,7.4,13893.604999999996
2015-08-30 01:00:00,0,30.0,57.0,9.3,13713.467499999999
2015-08-30 02:00:00,0,30.0,57.0,14.8,13783.692500000001
2015-08-30 03:00:00,0,29.4,59.0,13.0,13702.1525
2015-08-30 04:00:00,0,29.4,55.0,9.3,13947.489999999998
2015-08-30 05:00:00,0,28.9,61.0,14.8,14107.844999999998
2015-08-30 06:00:00,0,28.3,63.0,9.3,14165.317499999997
2015-08-30 07:00:00,0,28.9,56.0,11.1,14373.0375
2015-08-30 08:00:00,0,31.7,46.0,11.1,14510.372500000001
2015-08-30 09:00:00,0,33.3,42.0,13.0,14788.820000000002
2015-08-30 10:00:00,0,35.0,31.0,11.1,14988.4375
2015-08-30 11:00:00,0,37.2,28.0,14.8,15042.125000000002
2015-08-30 12:00:00,0,37.8,24.0,9.3,15214.469999999998
2015-08-30 13:00:00,0,40.6,20.0,13.0,15321.580000000002
2015-08-30 14:00:00,0,39.4,22.0,5.6,15330.342500000002
2015-08-30 15:00:00,0,41.1,20.0,13.0,15418.7025
2015-08-30 16:00:00,0,40.6,20.0,5.6,15261.040000000003
2015-08-30 17:00:00,0,41.7,19.0,13.0,15061.715000000002
2015-08-30 18:00:00,0,40.6,20.0,7.4,14955.3975
2015-08-30 19:00:00,0,34.4,38.0,37.0,14892.567500000001
2015-08-30 20:00:00,0,33.9,33.0,24.1,14524.592500000006
2015-08-30 21:00:00,0,35.0,27.0,16.7,14419.102500000005
2015-08-30 22:00:00,0,32.8,41.0,11.1,14164.010000000002
2015-08-30 23:00:00,0,33.3,37.0,18.5,14056.7025
2015-08-31 00:00:00,0,32.8,41.0,20.4,13960.652500000002
2015-08-31 01:00:00,0,31.7,45.0,13.0,13841.257500000002
2015-08-31 02:00:00,0,31.1,46.0,9.3,14014.4925
2015-08-31 03:00:00,0,31.7,43.0,9.3,14262.015000000003
2015-08-31 04:00:00,0,30.6,48.0,13.0,14754.305000000002
2015-08-31 05:00:00,0,30.0,51.0,11.1,15293.352499999999
2015-08-31 06:00:00,0,30.0,49.0,11.1,15767.817500000003
2015-08-31 07:00:00,0,30.6,48.0,11.1,16247.220000000001
2015-08-31 08:00:00,0,32.2,43.0,14.8,17339.225
2015-08-31 09:00:00,0,33.3,39.0,13.0,18261.4
2015-08-31 10:00:00,0,35.0,36.0,14.8,18920.649999999998
2015-08-31 11:00:00,0,36.1,32.0,13.0,19260.002500000006
2015-08-31 12:00:00,0,37.8,29.0,11.1,19259.4875
2015-08-31 13:00:00,0,38.9,24.0,5.6,19342.805000000004
2015-08-31 14:00:00,0,40.0,21.0,20.4,19481.339999999997
2015-08-31 15:00:00,0,40.6,20.0,14.8,19365.837499999998
2015-08-31 16:00:00,0,40.6,21.0,11.1,19051.600000000002
2015-08-31 17:00:00,0,40.0,21.0,9.3,18450.432500000003
2015-08-31 18:00:00,0,40.0,22.0,7.4,17540.032499999994
2015-08-31 19:00:00,0,39.4,22.0,13.0,16954.215
2015-08-31 20:00:00,0,25.6,71.0,48.2,15977.330000000002
2015-08-31 21:00:00,0,28.0,66.0,20.4,15399.662500000004
2015-08-31 22:00:00,0,28.0,66.0,16.7,14698.509999999998
2015-08-31 23:00:00,0,28.0,66.0,16.7,14400.2
2015-09-01 00:00:00,0,28.0,66.0,16.7,14067.765000000001
2015-09-01 01:00:00,0,22.8,26.0,9.3,13951.530000000002
2015-09-01 02:00:00,0,22.8,26.0,9.3,14055.224999999997
2015-09-01 03:00:00,0,26.9,61.0,11.1,14050.232499999998
2015-09-01 04:00:00,0,26.9,61.0,11.1,14139.864999999996
2015-09-01 05:00:00,0,26.9,61.0,11.1,14827.72
2015-09-01 06:00:00,0,26.1,66.0,5.6,15566.742500000004
2015-09-01 07:00:00,0,26.7,69.0,0.0,16030.594999999998
2015-09-01 08:00:00,0,28.3,53.0,0.0,17045.867499999997
2015-09-01 09:00:00,0,28.9,53.0,7.4,17779.782499999994
2015-09-01 10:00:00,0,30.6,46.0,16.7,18653.72749999999
2015-09-01 11:00:00,0,32.2,42.0,14.8,19023.52
2015-09-01 12:00:00,0,32.8,41.0,7.4,19144.005
2015-09-01 13:00:00,0,35.0,37.0,13.0,19310.809999999998
2015-09-01 14:00:00,0,36.1,32.0,13.0,19334.56000000001
2015-09-01 15:00:00,0,36.1,31.0,11.1,19197.2625
2015-09-01 16:00:00,0,37.2,28.0,7.4,18852.372500000005
2015-09-01 17:00:00,0,36.1,28.0,0.0,17998.385
2015-09-01 18:00:00,0,36.7,27.0,9.3,17207.634999999995
2015-09-01 19:00:00,0,36.1,28.0,7.4,16794.697500000002
2015-09-01 20:00:00,0,35.6,29.0,13.0,16155.555
2015-09-01 21:00:00,0,35.0,30.0,11.1,15502.0275
2015-09-01 22:00:00,0,33.9,36.0,7.4,14857.344999999998
2015-09-01 23:00:00,0,32.2,43.0,0.0,14305.965
2015-09-02 00:00:00,0,32.2,43.0,5.6,14105.182500000004
2015-09-02 01:00:00,0,32.2,40.0,0.0,13988.9925
2015-09-02 02:00:00,0,32.8,38.0,7.4,14031.907500000003
2015-09-02 03:00:00,0,31.7,43.0,13.0,14119.217499999999
2015-09-02 04:00:00,0,30.0,53.0,9.3,14195.450000000003
2015-09-02 05:00:00,0,30.6,49.0,11.1,14779.419999999996
2015-09-02 06:00:00,0,28.9,58.0,9.3,15562.352500000005
2015-09-02 07:00:00,0,29.4,51.0,9.3,15894.999999999998
2015-09-02 08:00:00,0,30.0,41.0,9.3,16801.727499999994
2015-09-02 09:00:00,0,30.6,40.0,5.6,17696.6375
2015-09-02 10:00:00,0,31.1,39.0,7.4,18237.60749999999
2015-09-02 11:00:00,0,32.8,34.0,9.3,18609.59
2015-09-02 12:00:00,0,35.0,27.0,5.6,18783.42499999999
2015-09-02 13:00:00,0,35.6,22.0,11.1,18909.96
2015-09-02 14:00:00,0,37.2,18.0,0.0,18898.805000000004
2015-09-02 15:00:00,0,37.2,20.0,11.1,18889.022500000003
2015-09-02 16:00:00,0,37.8,18.0,14.8,18703.085
2015-09-02 17:00:00,0,37.8,18.0,18.5,18040.515
2015-09-02 18:00:00,0,37.2,18.0,20.4,17051.8675
2015-09-02 19:00:00,0,36.7,19.0,14.8,16579.157499999998
2015-09-02 20:00:00,0,36.1,20.0,11.1,16120.279999999997
2015-09-02 21:00:00,0,34.4,25.0,9.3,15525.444999999998
2015-09-02 22:00:00,0,33.3,27.0,7.4,14604.217499999995
2015-09-02 23:00:00,0,31.7,36.0,7.4,14293.16
2015-09-03 00:00:00,0,32.2,29.0,0.0,13977.825000000003
2015-09-03 01:00:00,0,30.6,41.0,9.3,13986.120000000004
2015-09-03 02:00:00,0,30.6,37.0,7.4,13989.337499999998
2015-09-03 03:00:00,0,28.3,44.0,0.0,13913.347500000002
2015-09-03 04:00:00,0,29.4,37.0,7.4,14076.21
2015-09-03 05:00:00,0,28.9,37.0,9.3,14618.1875
2015-09-03 06:00:00,0,28.3,41.0,9.3,15282.0075
2015-09-03 07:00:00,0,28.9,43.0,7.4,15791.505000000001
2015-09-03 08:00:00,0,30.0,43.0,13.0,16792.925
2015-09-03 09:00:00,0,31.1,36.0,7.4,17851.297499999993
2015-09-03 10:00:00,0,32.8,32.0,11.1,18570.175000000003
2015-09-03 11:00:00,0,34.4,28.0,9.3,18664.379999999997
2015-09-03 12:00:00,0,35.0,25.0,7.4,18747.030000000002
2015-09-03 13:00:00,0,36.7,15.0,9.3,18910.8175
2015-09-03 14:00:00,0,37.2,19.0,16.7,18931.887499999997
2015-09-03 15:00:00,0,33.9,38.0,27.8,18994.677499999998
2015-09-03 16:00:00,0,35.0,33.0,22.2,18592.675
2015-09-03 17:00:00,0,35.0,26.0,24.1,17854.837499999998
2015-09-03 18:00:00,0,26.7,64.0,44.4,16984.145000000004
2015-09-03 19:00:00,0,26.1,64.0,40.7,16425.964999999997
2015-09-03 20:00:00,0,25.0,69.0,18.5,15869.517500000002
2015-09-03 21:00:00,0,25.6,62.0,13.0,15254.117500000002
2015-09-03 22:00:00,0,25.6,64.0,20.4,14455.922499999997
2015-09-03 23:00:00,0,25.6,64.0,11.1,13946.115000000005
2015-09-04 00:00:00,0,25.6,66.0,11.1,13720.2325
2015-09-04 01:00:00,0,26.1,62.0,0.0,13562.19
2015-09-04 02:00:00,0,26.1,62.0,5.6,13772.040000000003
2015-09-04 03:00:00,0,25.6,62.0,5.6,13818.227499999999
2015-09-04 04:00:00,0,25.6,62.0,5.6,13746.137499999995
2015-09-04 05:00:00,0,25.0,64.0,9.3,14381.555000000002
2015-09-04 06:00:00,0,25.0,66.0,9.3,14975.505000000001
2015-09-04 07:00:00,0,25.0,66.0,11.1,15350.679999999997
2015-09-04 08:00:00,0,26.1,62.0,9.3,16448.555
2015-09-04 09:00:00,0,28.3,51.0,16.7,17209.502499999995
2015-09-04 10:00:00,0,30.6,44.0,13.0,17752.465
2015-09-04 11:00:00,0,31.7,40.0,16.7,18027.722499999996
2015-09-04 12:00:00,0,32.8,38.0,11.1,18164.3975
2015-09-04 13:00:00,0,33.9,33.0,11.1,18174.774999999998
2015-09-04 14:00:00,0,35.0,32.0,18.5,18145.897499999995
2015-09-04 15:00:00,0,35.6,28.0,7.4,17771.040000000005
2015-09-04 16:00:00,0,34.4,30.0,18.5,17255.702499999996
2015-09-04 17:00:00,0,33.9,31.0,18.5,16465.092499999995
2015-09-04 18:00:00,0,33.9,31.0,18.5,15637.632499999998
2015-09-04 19:00:00,0,33.3,32.0,13.0,15311.209999999995
2015-09-04 20:00:00,0,32.2,39.0,20.4,15102.415000000005
2015-09-04 21:00:00,0,31.1,37.0,0.0,14812.809999999998
2015-09-04 22:00:00,0,30.6,41.0,11.1,14024.5325
2015-09-04 23:00:00,0,29.4,48.0,11.1,13670.085000000003
2015-09-05 00:00:00,0,28.3,53.0,20.4,13300.207499999995
2015-09-05 01:00:00,0,28.3,54.0,11.1,13217.992499999998
2015-09-05 02:00:00,0,28.3,54.0,11.1,13301.295
2015-09-05 03:00:00,0,27.8,58.0,9.3,13170.275
2015-09-05 04:00:00,0,27.8,58.0,9.3,13324.195
2015-09-05 05:00:00,0,27.2,60.0,5.6,13704.330000000002
2015-09-05 06:00:00,0,27.2,60.0,5.6,13865.130000000001
2015-09-05 07:00:00,0,27.8,60.0,9.3,13894.230000000001
2015-09-05 08:00:00,0,27.8,60.0,9.3,14025.239999999998
2015-09-05 09:00:00,0,28.9,55.0,13.0,14246.5525
2015-09-05 10:00:00,0,29.4,53.0,18.5,14445.610000000002
2015-09-05 11:00:00,0,30.0,51.0,18.5,14581.440000000002
2015-09-05 12:00:00,0,31.7,45.0,25.9,14840.022499999997
2015-09-05 13:00:00,0,32.8,41.0,13.0,14832.225000000002
2015-09-05 14:00:00,0,33.9,36.0,20.4,14738.7575
2015-09-05 15:00:00,0,33.9,37.0,13.0,14691.900000000003
2015-09-05 16:00:00,0,34.4,33.0,22.2,14521.0175
2015-09-05 17:00:00,0,33.9,33.0,18.5,14204.159999999998
2015-09-05 18:00:00,0,33.3,35.0,18.5,14154.260000000002
2015-09-05 19:00:00,0,32.8,36.0,11.1,14120.7475
2015-09-05 20:00:00,0,32.2,39.0,13.0,13973.912499999999
2015-09-05 21:00:00,0,31.7,39.0,16.7,13867.314999999997
2015-09-05 22:00:00,0,31.7,42.0,13.0,13522.075
2015-09-05 23:00:00,0,30.6,46.0,11.1,13329.570000000002
2015-09-06 00:00:00,0,30.6,46.0,11.1,13317.662500000004
2015-09-06 01:00:00,0,30.0,48.0,14.8,13064.120000000004
2015-09-06 02:00:00,0,30.0,46.0,11.1,13255.272500000001
2015-09-06 03:00:00,0,29.4,49.0,9.3,13200.12
2015-09-06 04:00:00,0,29.4,48.0,11.1,13342.602499999997
2015-09-06 05:00:00,0,28.9,51.0,14.8,13583.6825
2015-09-06 06:00:00,0,28.3,54.0,9.3,13684.389999999998
2015-09-06 07:00:00,0,28.9,53.0,7.4,13771.610000000002
2015-09-06 08:00:00,0,30.0,46.0,7.4,13982.907500000001
2015-09-06 09:00:00,0,31.7,40.0,9.3,14290.807500000003
2015-09-06 10:00:00,0,33.3,35.0,0.0,14475.9075
2015-09-06 11:00:00,0,35.0,31.0,7.4,14572.175000000005
2015-09-06 12:00:00,0,35.6,30.0,0.0,14753.399999999998
2015-09-06 13:00:00,0,36.7,27.0,9.3,14903.170000000002
2015-09-06 14:00:00,0,37.2,25.0,5.6,14834.492500000002
2015-09-06 15:00:00,0,37.2,25.0,9.3,14760.545000000002
2015-09-06 16:00:00,0,38.3,23.0,5.6,14626.4275
2015-09-06 17:00:00,0,38.9,21.0,0.0,14357.664999999999
2015-09-06 18:00:00,0,38.3,22.0,7.4,14183.070000000002
2015-09-06 19:00:00,0,37.2,25.0,16.7,14310.62
2015-09-06 20:00:00,0,36.7,25.0,11.1,14019.96
2015-09-06 21:00:00,0,36.7,24.0,7.4,13866.675000000001
2015-09-06 22:00:00,0,36.1,25.0,5.6,13676.687499999998
2015-09-06 23:00:00,0,33.3,37.0,7.4,13483.6375
2015-09-07 00:00:00,1,33.3,38.0,5.6,13449.852499999995
2015-09-07 01:00:00,1,35.0,29.0,7.4,13263.9975
2015-09-07 02:00:00,1,33.9,32.0,0.0,13387.3075
2015-09-07 03:00:00,1,32.2,39.0,7.4,13464.395
2015-09-07 04:00:00,1,31.1,39.0,9.3,13755.945000000003
2015-09-07 05:00:00,1,31.1,36.0,7.4,14121.309999999998
2015-09-07 06:00:00,1,30.0,43.0,11.1,14208.099999999999
2015-09-07 07:00:00,1,30.0,43.0,13.0,14056.7675
2015-09-07 08:00:00,1,30.6,40.0,11.1,14115.595000000001
2015-09-07 09:00:00,1,31.7,38.0,14.8,14310.657499999998
2015-09-07 10:00:00,1,32.2,39.0,5.6,14521.937500000002
2015-09-07 11:00:00,1,35.0,33.0,13.0,14645.5725
2015-09-07 12:00:00,1,35.0,32.0,9.3,14625.355000000005
2015-09-07 13:00:00,1,35.6,30.0,13.0,14603.792500000001
2015-09-07 14:00:00,1,35.6,29.0,7.4,14651.745
2015-09-07 15:00:00,1,33.3,42.0,0.0,14669.942500000001
2015-09-07 16:00:00,1,35.0,32.0,7.4,14654.677500000002
2015-09-07 17:00:00,1,36.7,25.0,0.0,14553.114999999998
2015-09-07 18:00:00,1,36.1,25.0,0.0,14376.915000000003
2015-09-07 19:00:00,1,35.6,30.0,7.4,14342.3675
2015-09-07 20:00:00,1,34.4,33.0,0.0,14275.742499999997
2015-09-07 21:00:00,1,33.9,34.0,7.4,14104.47
2015-09-07 22:00:00,1,33.9,29.0,20.4,13632.852499999999
2015-09-07 23:00:00,1,33.9,30.0,14.8,13319.537499999999
2015-09-08 00:00:00,0,33.3,32.0,9.3,13277.8875
2015-09-08 01:00:00,0,31.1,43.0,5.6,13244.78
2015-09-08 02:00:00,0,31.7,42.0,7.4,13355.055
2015-09-08 03:00:00,0,30.6,48.0,11.1,13538.547500000002
2015-09-08 04:00:00,0,30.0,46.0,7.4,13692.247499999998
2015-09-08 05:00:00,0,30.6,41.0,7.4,14373.197499999998
2015-09-08 06:00:00,0,29.4,48.0,5.6,15214.482499999996
2015-09-08 07:00:00,0,30.0,46.0,5.6,15510.149999999996
2015-09-08 08:00:00,0,31.7,34.0,5.6,16599.2425
2015-09-08 09:00:00,0,33.9,29.0,5.6,17825.495000000003
2015-09-08 10:00:00,0,35.6,27.0,14.8,18374.197500000002
2015-09-08 11:00:00,0,35.6,27.0,13.0,18750.495
2015-09-08 12:00:00,0,36.7,25.0,16.7,18907.125
2015-09-08 13:00:00,0,38.3,22.0,13.0,19013.487500000003
2015-09-08 14:00:00,0,39.4,20.0,9.3,18952.72749999999
2015-09-08 15:00:00,0,40.0,20.0,13.0,18860.86
2015-09-08 16:00:00,0,40.0,18.0,0.0,18610.14
2015-09-08 17:00:00,0,39.4,19.0,0.0,17908.147499999995
2015-09-08 18:00:00,0,38.9,20.0,9.3,17066.54
2015-09-08 19:00:00,0,37.2,24.0,18.5,16508.854999999996
2015-09-08 20:00:00,0,36.7,24.0,11.1,15978.544999999996
2015-09-08 21:00:00,0,32.8,33.0,29.6,15396.6275
2015-09-08 22:00:00,0,32.2,35.0,9.3,14412.7775
2015-09-08 23:00:00,0,33.9,29.0,16.7,13966.442499999996
2015-09-09 00:00:00,0,31.1,51.0,33.3,13826.770000000002
2015-09-09 01:00:00,0,30.0,51.0,22.2,13683.569999999998
2015-09-09 02:00:00,0,29.4,53.0,13.0,13809.435
2015-09-09 03:00:00,0,28.9,55.0,11.1,13735.530000000002
2015-09-09 04:00:00,0,28.9,53.0,7.4,13858.080000000002
2015-09-09 05:00:00,0,29.4,51.0,0.0,14472.4575
2015-09-09 06:00:00,0,29.4,51.0,0.0,15276.024999999994
2015-09-09 07:00:00,0,28.9,53.0,9.3,15586.074999999995
2015-09-09 08:00:00,0,29.4,51.0,7.4,16565.082500000008
2015-09-09 09:00:00,0,30.0,51.0,13.0,17640.3225
2015-09-09 10:00:00,0,30.6,48.0,7.4,18180.002499999995
2015-09-09 11:00:00,0,31.1,46.0,0.0,18379.777499999997
2015-09-09 12:00:00,0,31.7,45.0,0.0,18636.550000000003
2015-09-09 13:00:00,0,33.3,39.0,7.4,18877.524999999998
2015-09-09 14:00:00,0,33.9,37.0,9.3,18204.3425
2015-09-09 15:00:00,0,35.0,34.0,13.0,18865.832499999993
2015-09-09 16:00:00,0,35.0,33.0,16.7,18522.1275
2015-09-09 17:00:00,0,35.0,33.0,16.7,17568.405
2015-09-09 18:00:00,0,35.0,30.0,18.5,17167.560000000005
2015-09-09 19:00:00,0,35.0,31.0,20.4,15939.3875
2015-09-09 20:00:00,0,33.3,37.0,11.1,15999.5825
2015-09-09 21:00:00,0,32.8,39.0,11.1,15400.345000000001
2015-09-09 22:00:00,0,32.8,38.0,9.3,14689.065000000002
2015-09-09 23:00:00,0,32.8,36.0,9.3,14181.6025
2015-09-10 00:00:00,0,32.8,36.0,9.3,13365.539999999999
2015-09-10 01:00:00,0,31.7,39.0,7.4,13825.135
2015-09-10 02:00:00,0,31.7,40.0,9.3,13871.514999999998
2015-09-10 03:00:00,0,31.1,45.0,16.7,13797.8825
2015-09-10 04:00:00,0,31.1,45.0,13.0,13378.377499999999
2015-09-10 05:00:00,0,30.6,49.0,7.4,13982.722500000005
2015-09-10 06:00:00,0,30.0,53.0,18.5,15489.627499999997
2015-09-10 07:00:00,0,29.4,57.0,0.0,15733.005
2015-09-10 08:00:00,0,29.4,59.0,13.0,16585.99
2015-09-10 09:00:00,0,30.0,57.0,7.4,16907.132500000003
2015-09-10 10:00:00,0,31.1,51.0,7.4,17550.6675
2015-09-10 11:00:00,0,32.2,48.0,9.3,18449.2575
2015-09-10 12:00:00,0,33.3,42.0,5.6,18605.167500000003
2015-09-10 13:00:00,0,33.3,41.0,14.8,18104.267499999998
2015-09-10 14:00:00,0,33.3,39.0,16.7,18802.620000000003
2015-09-10 15:00:00,0,33.3,37.0,27.8,18686.6075
2015-09-10 16:00:00,0,33.3,34.0,29.6,18406.3625
2015-09-10 17:00:00,0,32.8,35.0,20.4,17575.524999999998
2015-09-10 18:00:00,0,31.1,39.0,14.8,16787.275000000005
2015-09-10 19:00:00,0,30.6,40.0,9.3,16430.2875
2015-09-10 20:00:00,0,30.0,44.0,11.1,15756.1575
2015-09-10 21:00:00,0,28.9,47.0,13.0,15284.067500000001
2015-09-10 22:00:00,0,27.8,56.0,14.8,14432.337500000001
2015-09-10 23:00:00,0,27.8,56.0,11.1,13990.172499999999
2015-09-11 00:00:00,0,27.2,58.0,13.0,13673.9025
2015-09-11 01:00:00,0,27.2,56.0,5.6,13543.0175
2015-09-11 02:00:00,0,26.7,58.0,7.4,13672.705000000002
2015-09-11 03:00:00,0,26.7,60.0,7.4,13691.599999999999
2015-09-11 04:00:00,0,26.1,62.0,7.4,13811.65
2015-09-11 05:00:00,0,26.1,64.0,9.3,14313.500000000002
2015-09-11 06:00:00,0,25.6,66.0,5.6,14946.0
2015-09-11 07:00:00,0,26.1,64.0,5.6,15304.957500000002
2015-09-11 08:00:00,0,27.2,60.0,9.3,16405.260000000002
2015-09-11 09:00:00,0,28.9,55.0,9.3,17576.665000000005
2015-09-11 10:00:00,0,31.1,45.0,0.0,18123.237500000007
2015-09-11 11:00:00,0,32.8,36.0,0.0,18316.477500000005
2015-09-11 12:00:00,0,35.6,30.0,13.0,18400.127500000002
2015-09-11 13:00:00,0,36.1,26.0,13.0,18414.075
2015-09-11 14:00:00,0,36.7,25.0,14.8,18474.9025
2015-09-11 15:00:00,0,37.2,25.0,9.3,18346.760000000002
2015-09-11 16:00:00,0,38.3,22.0,14.8,18036.254999999997
2015-09-11 17:00:00,0,38.3,23.0,20.4,17223.5475
2015-09-11 18:00:00,0,37.8,23.0,18.5,16251.674999999997
2015-09-11 19:00:00,0,36.7,24.0,11.1,15880.799999999997
2015-09-11 20:00:00,0,36.1,26.0,7.4,15502.769999999999
2015-09-11 21:00:00,0,34.4,31.0,9.3,15094.007499999998
2015-09-11 22:00:00,0,34.4,31.0,9.3,14428.054999999998
2015-09-11 23:00:00,0,34.4,31.0,7.4,14079.857500000002
2015-09-12 00:00:00,0,33.9,32.0,9.3,13699.6425
2015-09-12 01:00:00,0,32.8,41.0,11.1,13625.112500000001
2015-09-12 02:00:00,0,32.2,39.0,11.1,13696.247500000003
2015-09-12 03:00:00,0,31.1,43.0,9.3,13522.667499999998
2015-09-12 04:00:00,0,30.6,41.0,9.3,13588.0575
2015-09-12 05:00:00,0,30.0,43.0,5.6,14045.292500000005
2015-09-12 06:00:00,0,28.3,51.0,7.4,14164.794999999998
2015-09-12 07:00:00,0,28.9,46.0,7.4,14250.310000000001
2015-09-12 08:00:00,0,30.6,41.0,9.3,14572.700000000003
2015-09-12 09:00:00,0,32.2,38.0,0.0,14885.777500000002
2015-09-12 10:00:00,0,34.4,31.0,0.0,15221.694999999996
2015-09-12 11:00:00,0,35.6,28.0,5.6,15424.534999999996
2015-09-12 12:00:00,0,37.2,25.0,0.0,15458.914999999999
2015-09-12 13:00:00,0,40.0,21.0,11.1,15351.695000000003
2015-09-12 14:00:00,0,39.4,21.0,11.1,15471.297499999995
2015-09-12 15:00:00,0,40.6,18.0,7.4,15295.259999999998
2015-09-12 16:00:00,0,40.0,19.0,5.6,15171.489999999996
2015-09-12 17:00:00,0,40.6,19.0,11.1,14909.484999999999
2015-09-12 18:00:00,0,40.0,20.0,13.0,14659.8625
2015-09-12 19:00:00,0,38.9,21.0,13.0,14689.404999999995
2015-09-12 20:00:00,0,37.2,25.0,5.6,14504.6225
2015-09-12 21:00:00,0,35.0,31.0,24.1,14358.167499999996
2015-09-12 22:00:00,0,33.9,29.0,27.8,13966.377500000002
2015-09-12 23:00:00,0,33.3,29.0,14.8,13849.772499999997
2015-09-13 00:00:00,0,32.8,29.0,5.6,13513.055
2015-09-13 01:00:00,0,33.3,27.0,0.0,13482.842500000002
2015-09-13 02:00:00,0,33.3,31.0,0.0,13582.927500000002
2015-09-13 03:00:00,0,31.1,36.0,11.1,13529.839999999998
2015-09-13 04:00:00,0,32.2,34.0,7.4,13748.702499999996
2015-09-13 05:00:00,0,30.6,39.0,9.3,13821.685000000001
2015-09-13 06:00:00,0,30.0,41.0,9.3,14038.285000000003
2015-09-13 07:00:00,0,30.6,41.0,9.3,14185.814999999999
2015-09-13 08:00:00,0,30.6,43.0,9.3,14329.257500000002
2015-09-13 09:00:00,0,32.8,36.0,9.3,14565.917500000001
2015-09-13 10:00:00,0,35.0,30.0,9.3,14637.685000000003
2015-09-13 11:00:00,0,36.1,27.0,9.3,14820.935000000001
2015-09-13 12:00:00,0,37.2,25.0,13.0,15150.477499999997
2015-09-13 13:00:00,0,37.2,24.0,14.8,15162.169999999998
2015-09-13 14:00:00,0,38.9,21.0,16.7,15160.674999999996
2015-09-13 15:00:00,0,38.9,19.0,11.1,15135.93
2015-09-13 16:00:00,0,39.4,18.0,20.4,14978.965
2015-09-13 17:00:00,0,38.9,18.0,14.8,14779.349999999999
2015-09-13 18:00:00,0,38.3,20.0,11.1,14709.855000000001
2015-09-13 19:00:00,0,37.8,21.0,11.1,14786.502499999997
2015-09-13 20:00:00,0,33.9,32.0,33.3,14405.782500000003
2015-09-13 21:00:00,0,31.7,39.0,20.4,14138.264999999998
2015-09-13 22:00:00,0,26.1,69.0,20.4,13870.769999999999
2015-09-13 23:00:00,0,26.1,69.0,7.4,13844.805000000002
2015-09-14 00:00:00,0,26.1,72.0,14.8,13628.884999999998
2015-09-14 01:00:00,0,26.1,72.0,13.0,13679.077500000001
2015-09-14 02:00:00,0,24.4,85.0,13.0,13776.577499999998
2015-09-14 03:00:00,0,25.0,79.0,11.1,13995.052500000002
2015-09-14 04:00:00,0,24.4,79.0,11.1,14372.800000000001
2015-09-14 05:00:00,0,25.0,71.0,5.6,14933.655
2015-09-14 06:00:00,0,25.0,69.0,5.6,15424.730000000003
2015-09-14 07:00:00,0,25.6,68.0,5.6,15771.002499999999
2015-09-14 08:00:00,0,26.1,69.0,16.7,16810.684999999994
2015-09-14 09:00:00,0,27.2,65.0,16.7,17783.6125
2015-09-14 10:00:00,0,28.9,56.0,13.0,18450.0775
2015-09-14 11:00:00,0,30.6,48.0,13.0,18683.4725
2015-09-14 12:00:00,0,33.3,39.0,14.8,18891.925
2015-09-14 13:00:00,0,34.4,37.0,13.0,19011.89
2015-09-14 14:00:00,0,35.6,33.0,9.3,19066.537499999995
2015-09-14 15:00:00,0,36.1,29.0,5.6,19052.339999999993
2015-09-14 16:00:00,0,36.1,28.0,7.4,18700.219999999994
2015-09-14 17:00:00,0,36.1,30.0,9.3,18074.315
2015-09-14 18:00:00,0,35.0,33.0,13.0,17282.3175
2015-09-14 19:00:00,0,33.3,41.0,5.6,16734.120000000006
2015-09-14 20:00:00,0,26.1,66.0,16.7,16046.880000000005
2015-09-14 21:00:00,0,27.2,74.0,9.3,15440.935000000001
2015-09-14 22:00:00,0,26.7,71.0,13.0,14664.047499999999
2015-09-14 23:00:00,0,26.7,71.0,16.7,14181.372500000003
2015-09-15 00:00:00,0,26.1,74.0,7.4,14016.6475
2015-09-15 01:00:00,0,26.7,74.0,7.4,13872.275000000001
2015-09-15 02:00:00,0,27.2,69.0,0.0,14033.195
2015-09-15 03:00:00,0,27.8,65.0,9.3,13970.412499999999
2015-09-15 04:00:00,0,27.2,65.0,9.3,14062.652499999998
2015-09-15 05:00:00,0,27.2,62.0,18.5,14727.1
2015-09-15 06:00:00,0,26.7,64.0,16.7,15463.442500000003
2015-09-15 07:00:00,0,26.1,66.0,14.8,15870.507500000002
2015-09-15 08:00:00,0,27.8,60.0,13.0,16849.19
2015-09-15 09:00:00,0,29.4,51.0,11.1,17944.51
2015-09-15 10:00:00,0,31.7,39.0,11.1,18534.95
2015-09-15 11:00:00,0,32.8,34.0,7.4,18744.717499999995
2015-09-15 12:00:00,0,33.3,34.0,13.0,18877.737500000003
2015-09-15 13:00:00,0,34.4,31.0,16.7,18956.700000000004
2015-09-15 14:00:00,0,34.4,27.0,14.8,18958.870000000003
2015-09-15 15:00:00,0,34.4,27.0,11.1,18762.987499999996
2015-09-15 16:00:00,0,35.6,25.0,9.3,18524.214999999997
2015-09-15 17:00:00,0,35.0,27.0,13.0,17791.199999999997
2015-09-15 18:00:00,0,35.0,27.0,7.4,17108.350000000002
2015-09-15 19:00:00,0,33.9,30.0,7.4,16561.299999999996
2015-09-15 20:00:00,0,33.3,33.0,9.3,16000.45
2015-09-15 21:00:00,0,32.8,35.0,7.4,15332.849999999997
2015-09-15 22:00:00,0,31.7,30.0,13.0,14589.249999999998
2015-09-15 23:00:00,0,30.6,33.0,0.0,13991.06
2015-09-16 00:00:00,0,30.0,31.0,11.1,13531.219999999998
2015-09-16 01:00:00,0,28.9,32.0,11.1,13429.99
2015-09-16 02:00:00,0,28.3,36.0,9.3,13730.140000000003
2015-09-16 03:00:00,0,26.7,45.0,14.8,13648.05
2015-09-16 04:00:00,0,26.7,47.0,9.3,13741.710000000001
2015-09-16 05:00:00,0,26.1,52.0,11.1,14412.81
2015-09-16 06:00:00,0,25.6,56.0,11.1,14983.240000000002
2015-09-16 07:00:00,0,26.1,54.0,13.0,15436.949999999999
2015-09-16 08:00:00,0,27.8,51.0,16.7,16626.77
2015-09-16 09:00:00,0,29.4,46.0,24.1,17694.55
2015-09-16 10:00:00,0,31.1,40.0,18.5,18305.899999999998
2015-09-16 11:00:00,0,32.8,35.0,24.1,18594.309999999994
2015-09-16 12:00:00,0,34.4,30.0,22.2,18790.659999999993
2015-09-16 13:00:00,0,34.4,29.0,14.8,18651.082500000008
2015-09-16 14:00:00,0,35.6,26.0,18.5,18716.995000000003
2015-09-16 15:00:00,0,35.0,26.0,0.0,18816.65
2015-09-16 16:00:00,0,35.6,24.0,9.3,18455.710000000003
2015-09-16 17:00:00,0,36.1,23.0,16.7,17768.079999999994
2015-09-16 18:00:00,0,35.6,24.0,14.8,16954.99
2015-09-16 19:00:00,0,34.4,26.0,11.1,16482.870000000006
2015-09-16 20:00:00,0,34.4,25.0,14.8,15924.390000000001
2015-09-16 21:00:00,0,31.7,31.0,9.3,15299.7
2015-09-16 22:00:00,0,31.7,28.0,11.1,14411.439999999999
2015-09-16 23:00:00,0,31.1,30.0,11.1,13992.449999999997
2015-09-17 00:00:00,0,30.6,31.0,0.0,13096.565
2015-09-17 01:00:00,0,29.4,33.0,0.0,13497.980000000003
2015-09-17 02:00:00,0,28.3,39.0,0.0,13621.100000000002
2015-09-17 03:00:00,0,27.2,45.0,9.3,13641.3
2015-09-17 04:00:00,0,26.1,48.0,5.6,13731.730000000001
2015-09-17 05:00:00,0,25.6,48.0,11.1,14331.909999999996
2015-09-17 06:00:00,0,25.0,52.0,11.1,14944.219999999994
2015-09-17 07:00:00,0,25.6,46.0,11.1,15347.96
2015-09-17 08:00:00,0,26.7,43.0,13.0,16469.33
2015-09-17 09:00:00,0,28.9,37.0,7.4,17646.24
2015-09-17 10:00:00,0,30.6,35.0,11.1,18295.05
2015-09-17 11:00:00,0,32.8,28.0,11.1,18514.030000000002
2015-09-17 12:00:00,0,33.3,25.0,0.0,18591.52
2015-09-17 13:00:00,0,34.4,23.0,5.6,18749.959999999995
2015-09-17 14:00:00,0,33.9,24.0,0.0,18706.930000000004
2015-09-17 15:00:00,0,35.6,22.0,0.0,18732.940000000002
2015-09-17 16:00:00,0,36.7,20.0,13.0,18430.63
2015-09-17 17:00:00,0,35.6,22.0,16.7,17632.089999999997
2015-09-17 18:00:00,0,35.0,22.0,13.0,16887.269999999997
2015-09-17 19:00:00,0,33.9,25.0,16.7,16387.670000000006
2015-09-17 20:00:00,0,33.9,24.0,9.3,15794.809999999996
2015-09-17 21:00:00,0,33.3,26.0,7.4,15171.450000000004
2015-09-17 22:00:00,0,31.1,31.0,0.0,14419.369999999999
2015-09-17 23:00:00,0,30.0,37.0,0.0,13948.150000000001
2015-09-18 00:00:00,0,29.4,38.0,0.0,13638.179999999995
2015-09-18 01:00:00,0,30.0,33.0,7.4,13422.989999999996
2015-09-18 02:00:00,0,28.3,38.0,5.6,13662.480000000001
2015-09-18 03:00:00,0,28.9,28.0,7.4,13518.410000000003
2015-09-18 04:00:00,0,26.1,44.0,5.6,13613.029999999997
2015-09-18 05:00:00,0,25.6,42.0,5.6,14150.919999999998
2015-09-18 06:00:00,0,25.6,43.0,5.6,14682.519999999999
2015-09-18 07:00:00,0,26.1,44.0,7.4,15049.929999999997
2015-09-18 08:00:00,0,27.2,38.0,0.0,16203.989999999998
2015-09-18 09:00:00,0,30.0,29.0,5.6,17383.550000000007
2015-09-18 10:00:00,0,31.1,27.0,0.0,17931.16
2015-09-18 11:00:00,0,32.8,24.0,9.3,18160.309999999994
2015-09-18 12:00:00,0,33.9,23.0,0.0,18258.75
2015-09-18 13:00:00,0,35.6,19.0,7.4,18293.319999999996
2015-09-18 14:00:00,0,37.2,17.0,13.0,18165.829999999998
2015-09-18 15:00:00,0,37.8,14.0,14.8,18124.580000000005
2015-09-18 16:00:00,0,37.2,14.0,9.3,17825.729999999996
2015-09-18 17:00:00,0,37.2,13.0,9.3,16829.6
2015-09-18 18:00:00,0,36.7,12.0,11.1,15893.490000000002
2015-09-18 19:00:00,0,35.6,14.0,13.0,15471.169999999998
2015-09-18 20:00:00,0,35.0,15.0,9.3,15057.340000000002
2015-09-18 21:00:00,0,32.2,22.0,7.4,14858.36
2015-09-18 22:00:00,0,32.2,22.0,5.6,14218.769999999995
2015-09-18 23:00:00,0,30.6,26.0,7.4,13678.730000000003
2015-09-19 00:00:00,0,30.0,22.0,9.3,13390.589999999997
2015-09-19 01:00:00,0,28.9,28.0,0.0,13139.509999999998
2015-09-19 02:00:00,0,28.3,25.0,5.6,13258.13
2015-09-19 03:00:00,0,27.8,25.0,11.1,13081.939999999999
2015-09-19 04:00:00,0,27.8,23.0,5.6,13213.05
2015-09-19 05:00:00,0,27.2,25.0,0.0,13474.810000000003
2015-09-19 06:00:00,0,26.7,25.0,7.4,13695.390000000005
2015-09-19 07:00:00,0,26.7,26.0,5.6,13836.52
2015-09-19 08:00:00,0,28.9,24.0,5.6,14190.92
2015-09-19 09:00:00,0,30.0,22.0,9.3,14601.21
2015-09-19 10:00:00,0,33.3,18.0,11.1,14876.019999999997
2015-09-19 11:00:00,0,35.0,14.0,7.4,15004.479999999996
2015-09-19 12:00:00,0,36.1,13.0,7.4,15082.880000000001
2015-09-19 13:00:00,0,37.2,13.0,5.6,15115.34
2015-09-19 14:00:00,0,37.8,13.0,5.6,15120.77
2015-09-19 15:00:00,0,38.3,14.0,18.5,15046.020000000002
2015-09-19 16:00:00,0,38.9,14.0,14.8,14890.049999999997
2015-09-19 17:00:00,0,36.7,16.0,9.3,14704.960000000003
2015-09-19 18:00:00,0,37.8,15.0,9.3,14502.889999999996
2015-09-19 19:00:00,0,36.7,17.0,9.3,14512.610000000002
2015-09-19 20:00:00,0,36.1,18.0,7.4,14403.920000000002
2015-09-19 21:00:00,0,33.9,31.0,24.1,14324.630000000001
2015-09-19 22:00:00,0,32.8,33.0,25.9,13862.670000000002
2015-09-19 23:00:00,0,32.2,34.0,22.2,13727.72
2015-09-20 00:00:00,0,31.1,36.0,20.4,13596.210000000005
2015-09-20 01:00:00,0,31.1,37.0,25.9,13521.039999999997
2015-09-20 02:00:00,0,30.6,40.0,16.7,13608.122500000003
2015-09-20 03:00:00,0,30.0,41.0,14.8,13490.039999999995
2015-09-20 04:00:00,0,29.4,43.0,11.1,13614.979999999998
2015-09-20 05:00:00,0,28.3,47.0,11.1,13801.800000000003
2015-09-20 06:00:00,0,27.8,49.0,13.0,13950.669999999998
2015-09-20 07:00:00,0,28.3,46.0,13.0,14059.500000000002
2015-09-20 08:00:00,0,29.4,44.0,11.1,14254.520000000002
2015-09-20 09:00:00,0,31.1,37.0,13.0,14419.120000000003
2015-09-20 10:00:00,0,33.9,32.0,7.4,14657.64
2015-09-20 11:00:00,0,34.4,30.0,7.4,14774.319999999998
2015-09-20 12:00:00,0,36.7,24.0,11.1,14958.850000000004
2015-09-20 13:00:00,0,36.1,24.0,9.3,15044.320000000003
2015-09-20 14:00:00,0,37.2,22.0,5.6,15114.65
2015-09-20 15:00:00,0,38.9,20.0,14.8,15057.839999999997
2015-09-20 16:00:00,0,38.3,21.0,7.4,14967.289999999997
2015-09-20 17:00:00,0,38.9,19.0,9.3,14719.250000000002
2015-09-20 18:00:00,0,37.8,21.0,11.1,14693.629999999994
2015-09-20 19:00:00,0,37.2,21.0,13.0,14672.96
2015-09-20 20:00:00,0,36.7,22.0,13.0,14286.499999999998
2015-09-20 21:00:00,0,36.1,23.0,11.1,14078.950000000003
2015-09-20 22:00:00,0,33.3,31.0,7.4,13953.259999999998
2015-09-20 23:00:00,0,34.4,28.0,0.0,13777.009999999998
2015-09-21 00:00:00,0,32.8,33.0,5.6,13704.359999999999
2015-09-21 01:00:00,0,31.7,50.0,18.5,13836.119999999997
2015-09-21 02:00:00,0,30.6,55.0,11.1,13951.210000000003
2015-09-21 03:00:00,0,30.6,55.0,7.4,14359.94
2015-09-21 04:00:00,0,30.0,59.0,14.8,14644.922500000002
2015-09-21 05:00:00,0,28.9,65.0,13.0,15136.484999999997
2015-09-21 06:00:00,0,28.9,67.0,11.1,15710.240000000003
2015-09-21 07:00:00,0,28.9,67.0,11.1,15904.130000000005
2015-09-21 08:00:00,0,28.9,65.0,11.1,16954.469999999998
2015-09-21 09:00:00,0,30.0,61.0,7.4,17916.590000000004
2015-09-21 10:00:00,0,30.0,59.0,0.0,18451.58
2015-09-21 11:00:00,0,29.4,67.0,7.4,18732.389999999996
2015-09-21 12:00:00,0,30.0,59.0,9.3,18601.94
2015-09-21 13:00:00,0,30.0,59.0,13.0,18465.390000000003
2015-09-21 14:00:00,0,30.6,49.0,5.6,18421.1
2015-09-21 15:00:00,0,31.7,40.0,13.0,18105.859999999993
2015-09-21 16:00:00,0,27.2,60.0,13.0,17896.539999999997
2015-09-21 17:00:00,0,28.3,53.0,22.2,17056.84
2015-09-21 18:00:00,0,26.1,58.0,33.3,16615.27
2015-09-21 19:00:00,0,25.6,58.0,11.1,16270.2425
2015-09-21 20:00:00,0,25.0,62.0,20.4,15732.082499999999
2015-09-21 21:00:00,0,25.0,64.0,13.0,15141.589999999998
2015-09-21 22:00:00,0,25.0,64.0,11.1,14447.310000000001
2015-09-21 23:00:00,0,25.0,66.0,7.4,14027.94
2015-09-22 00:00:00,0,24.4,69.0,7.4,13839.07
2015-09-22 01:00:00,0,24.4,69.0,9.3,13747.130000000003
2015-09-22 02:00:00,0,23.9,73.0,11.1,13838.559999999998
2015-09-22 03:00:00,0,23.3,76.0,13.0,13787.150000000003
2015-09-22 04:00:00,0,23.3,76.0,14.8,13874.41
2015-09-22 05:00:00,0,23.9,71.0,11.1,14475.820000000005
2015-09-22 06:00:00,0,23.3,76.0,7.4,15158.32
2015-09-22 07:00:00,0,23.3,79.0,11.1,15500.430000000004
2015-09-22 08:00:00,0,23.9,76.0,13.0,16549.86
2015-09-22 09:00:00,0,25.0,69.0,14.8,17626.3
2015-09-22 10:00:00,0,26.7,62.0,9.3,18421.869999999995
2015-09-22 11:00:00,0,28.3,54.0,5.6,18824.929999999997
2015-09-22 12:00:00,0,30.0,48.0,0.0,19037.050000000003
2015-09-22 13:00:00,0,30.0,46.0,5.6,19140.270000000008
2015-09-22 14:00:00,0,32.2,40.0,7.4,19084.350000000006
2015-09-22 15:00:00,0,32.2,39.0,13.0,19043.35
2015-09-22 16:00:00,0,31.7,40.0,11.1,18627.87
2015-09-22 17:00:00,0,32.2,39.0,9.3,17852.84
2015-09-22 18:00:00,0,31.7,40.0,11.1,17071.850000000002
2015-09-22 19:00:00,0,26.1,62.0,9.3,16467.479999999996
2015-09-22 20:00:00,0,24.4,76.0,20.4,15919.340000000004
2015-09-22 21:00:00,0,25.0,66.0,14.8,15268.869999999997
2015-09-22 22:00:00,0,24.4,71.0,11.1,14571.370000000003
2015-09-22 23:00:00,0,23.9,73.0,11.1,14079.939999999999
2015-09-23 00:00:00,0,24.4,69.0,11.1,13633.890000000001
2015-09-23 01:00:00,0,23.9,66.0,11.1,13513.760000000002
2015-09-23 02:00:00,0,23.3,68.0,7.4,13721.05
2015-09-23 03:00:00,0,22.8,71.0,7.4,13723.169999999993
2015-09-23 04:00:00,0,23.9,62.0,7.4,13821.710000000003
2015-09-23 05:00:00,0,23.3,68.0,7.4,14283.769999999999
2015-09-23 06:00:00,0,22.8,71.0,5.6,14894.850000000006
2015-09-23 07:00:00,0,23.3,76.0,0.0,15333.63
2015-09-23 08:00:00,0,25.0,60.0,5.6,16445.12
2015-09-23 09:00:00,0,26.1,56.0,0.0,17606.500000000004
2015-09-23 10:00:00,0,28.3,49.0,5.6,18202.35
2015-09-23 11:00:00,0,29.4,43.0,0.0,18701.38
2015-09-23 12:00:00,0,31.1,37.0,0.0,18740.53
2015-09-23 13:00:00,0,32.2,34.0,9.3,18842.999999999996
2015-09-23 14:00:00,0,33.3,31.0,0.0,18824.382499999996
2015-09-23 15:00:00,0,34.4,29.0,5.6,18801.4875
2015-09-23 16:00:00,0,35.0,27.0,11.1,18557.702500000003
2015-09-23 17:00:00,0,35.6,25.0,7.4,17696.755
2015-09-23 18:00:00,0,34.4,27.0,9.3,17006.132499999992
2015-09-23 19:00:00,0,32.8,33.0,7.4,16490.430000000004
2015-09-23 20:00:00,0,31.7,39.0,5.6,15862.36
2015-09-23 21:00:00,0,31.7,34.0,0.0,15279.030000000002
2015-09-23 22:00:00,0,32.8,30.0,0.0,14599.859999999999
2015-09-23 23:00:00,0,30.0,46.0,7.4,14076.810000000003
2015-09-24 00:00:00,0,28.9,47.0,7.4,13763.719999999998
2015-09-24 01:00:00,0,28.3,49.0,9.3,13745.71
2015-09-24 02:00:00,0,28.3,49.0,9.3,13800.539999999999
2015-09-24 03:00:00,0,26.7,56.0,9.3,13827.519999999997
2015-09-24 04:00:00,0,27.8,49.0,7.4,13823.260000000002
2015-09-24 05:00:00,0,26.1,54.0,0.0,14392.539999999999
2015-09-24 06:00:00,0,26.1,52.0,5.6,15025.209999999997
2015-09-24 07:00:00,0,25.6,58.0,7.4,15427.100000000004
2015-09-24 08:00:00,0,27.8,45.0,13.0,16656.710000000003
2015-09-24 09:00:00,0,29.4,46.0,11.1,17736.799999999996
2015-09-24 10:00:00,0,31.7,39.0,5.6,18202.35
2015-09-24 11:00:00,0,33.9,30.0,7.4,18701.38
2015-09-24 12:00:00,0,35.0,27.0,5.6,18740.53
2015-09-24 13:00:00,0,36.7,23.0,7.4,18842.999999999996
2015-09-24 14:00:00,0,38.3,19.0,9.3,18805.372499999994
2015-09-24 15:00:00,0,40.0,18.0,16.7,18777.4925
2015-09-24 16:00:00,0,40.0,17.0,14.8,18485.865000000005
2015-09-24 17:00:00,0,39.4,18.0,11.1,17954.777500000004
2015-09-24 18:00:00,0,38.3,19.0,9.3,17224.464999999997
2015-09-24 19:00:00,0,37.2,21.0,5.6,16664.382500000003
2015-09-24 20:00:00,0,37.2,20.0,7.4,15974.035
2015-09-24 21:00:00,0,36.7,20.0,0.0,15406.68
2015-09-24 22:00:00,0,32.8,35.0,0.0,14699.060000000001
2015-09-24 23:00:00,0,31.7,42.0,0.0,14178.054999999997
2015-09-25 00:00:00,0,32.2,34.0,5.6,13765.9675
2015-09-25 01:00:00,0,30.0,43.0,7.4,13733.115
2015-09-25 02:00:00,0,30.0,36.0,16.7,13775.205000000007
2015-09-25 03:00:00,0,29.4,41.0,13.0,13690.580000000002
2015-09-25 04:00:00,0,28.9,41.0,11.1,13810.854999999998
2015-09-25 05:00:00,0,28.3,41.0,11.1,14337.742499999998
2015-09-25 06:00:00,0,28.3,38.0,9.3,14993.662500000006
2015-09-25 07:00:00,0,27.8,41.0,9.3,15280.4425
2015-09-25 08:00:00,0,29.4,34.0,16.7,16478.16
2015-09-25 09:00:00,0,32.2,30.0,9.3,17489.300000000003
2015-09-25 10:00:00,0,34.4,22.0,11.1,18114.452500000003
2015-09-25 11:00:00,0,36.1,16.0,22.2,18047.815
2015-09-25 12:00:00,0,36.7,18.0,22.2,18234.315
2015-09-25 13:00:00,0,38.3,18.0,18.5,18562.550000000007
2015-09-25 14:00:00,0,38.3,19.0,14.8,18661.084999999995
2015-09-25 15:00:00,0,38.9,18.0,18.5,18417.812500000004
2015-09-25 16:00:00,0,38.9,17.0,20.4,18002.9075
2015-09-25 17:00:00,0,38.3,19.0,24.1,17261.920000000002
2015-09-25 18:00:00,0,37.2,21.0,25.9,16373.390000000001
2015-09-25 19:00:00,0,36.1,22.0,9.3,15925.399999999994
2015-09-25 20:00:00,0,35.0,25.0,13.0,15476.440000000004
2015-09-25 21:00:00,0,33.9,27.0,14.8,15144.840000000007
2015-09-25 22:00:00,0,33.3,29.0,14.8,14514.61
2015-09-25 23:00:00,0,32.2,29.0,16.7,13989.77
2015-09-26 00:00:00,0,31.7,29.0,9.3,13745.560000000001
2015-09-26 01:00:00,0,30.6,32.0,11.1,13681.929999999998
2015-09-26 02:00:00,0,29.4,36.0,11.1,13538.07
2015-09-26 03:00:00,0,30.0,33.0,11.1,13492.870000000003
2015-09-26 04:00:00,0,28.9,37.0,9.3,13542.73
2015-09-26 05:00:00,0,28.9,37.0,13.0,13786.34
2015-09-26 06:00:00,0,28.3,38.0,11.1,14049.8
2015-09-26 07:00:00,0,28.3,38.0,7.4,14158.810000000001
2015-09-26 08:00:00,0,30.0,35.0,9.3,14506.380000000001
2015-09-26 09:00:00,0,32.2,30.0,9.3,14860.93
2015-09-26 10:00:00,0,33.9,27.0,13.0,15126.035000000005
2015-09-26 11:00:00,0,36.7,21.0,20.4,15353.090000000006
2015-09-26 12:00:00,0,37.2,19.0,25.9,15413.209999999995
2015-09-26 13:00:00,0,38.3,19.0,22.2,15386.310000000001
2015-09-26 14:00:00,0,39.4,17.0,18.5,15381.59
2015-09-26 15:00:00,0,39.4,16.0,9.3,15319.41
2015-09-26 16:00:00,0,39.4,16.0,13.0,15116.650000000003
2015-09-26 17:00:00,0,39.4,16.0,9.3,14811.939999999999
2015-09-26 18:00:00,0,38.3,15.0,18.5,14685.58
2015-09-26 19:00:00,0,36.7,16.0,9.3,14574.669999999998
2015-09-26 20:00:00,0,35.6,19.0,5.6,14303.24
2015-09-26 21:00:00,0,33.9,24.0,5.6,14145.499999999996
2015-09-26 22:00:00,0,33.3,25.0,0.0,13885.640000000001
2015-09-26 23:00:00,0,32.2,26.0,11.1,13561.979999999998
2015-09-27 00:00:00,0,31.7,27.0,7.4,13327.769999999997
2015-09-27 01:00:00,0,30.6,28.0,11.1,13257.05
2015-09-27 02:00:00,0,30.6,27.0,14.8,13261.06
2015-09-27 03:00:00,0,30.0,29.0,9.3,13200.47
2015-09-27 04:00:00,0,28.9,29.0,11.1,13417.339999999998
2015-09-27 05:00:00,0,28.3,31.0,5.6,13488.28
2015-09-27 06:00:00,0,27.8,31.0,5.6,13731.820000000002
2015-09-27 07:00:00,0,27.8,31.0,7.4,13770.659999999994
2015-09-27 08:00:00,0,28.9,28.0,11.1,14119.580000000002
2015-09-27 09:00:00,0,30.6,27.0,11.1,14223.369999999999
2015-09-27 10:00:00,0,32.8,23.0,11.1,14474.880000000001
2015-09-27 11:00:00,0,33.9,22.0,9.3,14769.150000000001
2015-09-27 12:00:00,0,36.7,20.0,5.6,14997.920000000002
2015-09-27 13:00:00,0,37.8,20.0,13.0,15163.320000000002
2015-09-27 14:00:00,0,38.3,19.0,7.4,15186.559999999998
2015-09-27 15:00:00,0,39.4,15.0,5.6,15197.289999999997
2015-09-27 16:00:00,0,39.4,17.0,7.4,14976.43
2015-09-27 17:00:00,0,38.9,16.0,9.3,14723.449999999999
2015-09-27 18:00:00,0,38.3,17.0,14.8,14657.09
2015-09-27 19:00:00,0,37.8,18.0,7.4,14631.839999999998
2015-09-27 20:00:00,0,37.2,18.0,7.4,14217.039999999997
2015-09-27 21:00:00,0,35.0,22.0,5.6,14099.429999999997
2015-09-27 22:00:00,0,33.9,26.0,0.0,13842.889999999998
2015-09-27 23:00:00,0,32.8,29.0,0.0,13602.15
2015-09-28 00:00:00,0,31.7,31.0,9.3,13426.87
2015-09-28 01:00:00,0,30.6,30.0,5.6,13434.549999999996
2015-09-28 02:00:00,0,30.0,32.0,0.0,13532.909999999998
2015-09-28 03:00:00,0,28.9,37.0,7.4,13819.73
2015-09-28 04:00:00,0,28.3,34.0,9.3,14294.300000000005
2015-09-28 05:00:00,0,27.8,35.0,11.1,14694.599999999999
2015-09-28 06:00:00,0,26.7,38.0,11.1,15138.960000000001
2015-09-28 07:00:00,0,27.2,38.0,7.4,15522.63
2015-09-28 08:00:00,0,28.9,34.0,13.0,16583.420000000006
2015-09-28 09:00:00,0,30.6,33.0,9.3,17804.929999999997
2015-09-28 10:00:00,0,32.8,30.0,9.3,18545.870000000003
2015-09-28 11:00:00,0,34.4,27.0,5.6,19001.120000000006
2015-09-28 12:00:00,0,35.6,24.0,0.0,19080.412500000002
2015-09-28 13:00:00,0,37.2,21.0,14.8,19169.212499999998
2015-09-28 14:00:00,0,38.9,18.0,9.3,19161.2975
2015-09-28 15:00:00,0,38.9,18.0,13.0,19144.472500000007
2015-09-28 16:00:00,0,39.4,16.0,16.7,18904.42000000001
2015-09-28 17:00:00,0,37.8,18.0,16.7,17998.200000000008
2015-09-28 18:00:00,0,37.8,16.0,14.8,17316.802500000005
2015-09-28 19:00:00,0,36.1,22.0,7.4,16790.030000000002
2015-09-28 20:00:00,0,34.4,25.0,5.6,16270.519999999999
2015-09-28 21:00:00,0,33.3,30.0,5.6,15648.550000000003
2015-09-28 22:00:00,0,33.3,27.0,0.0,14676.279999999999
2015-09-28 23:00:00,0,31.7,32.0,7.4,14184.910000000003
2015-09-29 00:00:00,0,30.0,36.0,7.4,14042.89
2015-09-29 01:00:00,0,29.4,37.0,0.0,13804.230000000003
2015-09-29 02:00:00,0,30.0,35.0,5.6,13888.429999999998
2015-09-29 03:00:00,0,28.3,42.0,7.4,13849.56
2015-09-29 04:00:00,0,27.8,39.0,7.4,13867.879999999996
2015-09-29 05:00:00,0,27.2,42.0,9.3,14406.179999999998
2015-09-29 06:00:00,0,26.7,43.0,9.3,15273.740000000003
2015-09-29 07:00:00,0,26.7,43.0,11.1,15630.829999999994
2015-09-29 08:00:00,0,28.3,37.0,13.0,16792.539999999997
2015-09-29 09:00:00,0,30.6,32.0,11.1,18009.100000000002
2015-09-29 10:00:00,0,32.8,28.0,5.6,18666.23
2015-09-29 11:00:00,0,33.9,26.0,0.0,18893.0325
2015-09-29 12:00:00,0,36.7,22.0,11.1,19123.0225
2015-09-29 13:00:00,0,37.8,19.0,7.4,19134.825
2015-09-29 14:00:00,0,38.3,18.0,0.0,19225.932500000006
2015-09-29 15:00:00,0,38.9,16.0,13.0,19193.265
2015-09-29 16:00:00,0,39.4,16.0,13.0,18892.7275
2015-09-29 17:00:00,0,38.9,16.0,11.1,17999.940000000002
2015-09-29 18:00:00,0,38.3,17.0,13.0,17240.215
2015-09-29 19:00:00,0,37.2,17.0,11.1,16674.365
2015-09-29 20:00:00,0,35.0,22.0,5.6,16084.129999999996
2015-09-29 21:00:00,0,34.4,24.0,0.0,15404.760000000006
2015-09-29 22:00:00,0,33.9,25.0,0.0,14599.389999999996
2015-09-29 23:00:00,0,32.2,29.0,0.0,14205.410000000002
2015-09-30 00:00:00,0,31.1,32.0,9.3,13708.500000000004
2015-09-30 01:00:00,0,30.0,33.0,11.1,13537.99
2015-09-30 02:00:00,0,29.4,34.0,9.3,13638.19
2015-09-30 03:00:00,0,28.9,35.0,7.4,13630.479999999998
2015-09-30 04:00:00,0,27.8,39.0,11.1,13746.369999999999
2015-09-30 05:00:00,0,27.2,39.0,11.1,14304.0
2015-09-30 06:00:00,0,26.1,40.0,14.8,15150.6
2015-09-30 07:00:00,0,25.6,42.0,13.0,15408.780000000002
2015-09-30 08:00:00,0,27.2,38.0,13.0,16570.070000000003
2015-09-30 09:00:00,0,30.0,32.0,11.1,17681.490000000005
2015-09-30 10:00:00,0,32.8,25.0,11.1,18340.8325
2015-09-30 11:00:00,0,35.0,22.0,0.0,18719.19
2015-09-30 12:00:00,0,37.2,18.0,5.6,18844.112500000003
2015-09-30 13:00:00,0,38.3,17.0,0.0,18976.3675
2015-09-30 14:00:00,0,40.0,13.0,7.4,19168.450000000004
2015-09-30 15:00:00,0,40.0,12.0,13.0,19045.574999999993
2015-09-30 16:00:00,0,40.6,11.0,9.3,18665.9075
2015-09-30 17:00:00,0,40.6,11.0,7.4,17995.124999999996
2015-09-30 18:00:00,0,39.4,12.0,11.1,17204.895
2015-09-30 19:00:00,0,38.9,11.0,9.3,16496.739999999998
2015-09-30 20:00:00,0,37.2,14.0,9.3,15876.500000000002
2015-09-30 21:00:00,0,34.4,18.0,5.6,15227.47
2015-09-30 22:00:00,0,32.8,22.0,5.6,14452.149999999996
2015-09-30 23:00:00,0,32.2,24.0,5.6,14041.199999999997
2015-10-01 00:00:00,0,31.7,22.0,0.0,13748.02
2015-10-01 01:00:00,0,30.0,28.0,5.6,13639.399999999998
2015-10-01 02:00:00,0,28.9,26.0,13.0,13653.279999999999
2015-10-01 03:00:00,0,28.3,27.0,11.1,13633.010000000002
2015-10-01 04:00:00,0,27.2,29.0,14.8,13679.0
2015-10-01 05:00:00,0,26.7,31.0,9.3,14350.449999999997
2015-10-01 06:00:00,0,26.1,29.0,14.8,15026.789999999999
2015-10-01 07:00:00,0,25.6,32.0,14.8,15375.739999999996
2015-10-01 08:00:00,0,27.8,28.0,14.8,16403.0
2015-10-01 09:00:00,0,30.0,25.0,14.8,17577.27
2015-10-01 10:00:00,0,32.8,21.0,14.8,18323.670000000002
2015-10-01 11:00:00,0,35.0,19.0,13.0,18632.81
2015-10-01 12:00:00,0,37.2,15.0,9.3,18784.64
2015-10-01 13:00:00,0,38.3,13.0,16.7,18947.315
2015-10-01 14:00:00,0,39.4,12.0,11.1,19011.877500000002
2015-10-01 15:00:00,0,41.1,10.0,7.4,18927.305000000008
2015-10-01 16:00:00,0,40.6,10.0,7.4,18614.957499999993
2015-10-01 17:00:00,0,40.0,10.0,13.0,17771.37
2015-10-01 18:00:00,0,38.9,10.0,22.2,17057.220000000005
2015-10-01 19:00:00,0,36.7,11.0,13.0,16314.08
2015-10-01 20:00:00,0,34.4,14.0,9.3,15716.939999999999
2015-10-01 21:00:00,0,34.4,15.0,9.3,15131.989999999996
2015-10-01 22:00:00,0,33.9,19.0,14.8,14337.9
2015-10-01 23:00:00,0,33.3,19.0,5.6,13972.5
2015-10-02 00:00:00,0,31.1,22.0,7.4,13593.490000000002
2015-10-02 01:00:00,0,30.0,23.0,7.4,13499.540000000003
2015-10-02 02:00:00,0,27.8,29.0,0.0,13432.170000000002
2015-10-02 03:00:00,0,27.8,29.0,5.6,13426.039999999997
2015-10-02 04:00:00,0,26.1,34.0,5.6,13520.259999999998
2015-10-02 05:00:00,0,26.1,30.0,11.1,14171.76
2015-10-02 06:00:00,0,25.0,33.0,13.0,14862.250000000004
2015-10-02 07:00:00,0,23.9,36.0,9.3,15107.199999999999
2015-10-02 08:00:00,0,26.1,34.0,7.4,16124.240000000003
2015-10-02 09:00:00,0,28.9,29.0,7.4,17235.53
2015-10-02 10:00:00,0,30.6,22.0,5.6,17660.739999999998
2015-10-02 11:00:00,0,33.3,20.0,7.4,17924.28
2015-10-02 12:00:00,0,33.3,16.0,0.0,18120.459999999995
2015-10-02 13:00:00,0,33.9,16.0,9.3,18123.54
2015-10-02 14:00:00,0,35.0,15.0,11.1,18116.19
2015-10-02 15:00:00,0,36.7,13.0,14.8,17897.51
2015-10-02 16:00:00,0,35.6,12.0,27.8,17543.037500000002
2015-10-02 17:00:00,0,35.0,13.0,22.2,16708.640000000003
2015-10-02 18:00:00,0,33.9,13.0,24.1,15721.309999999994
2015-10-02 19:00:00,0,32.8,13.0,25.9,15247.970000000001
2015-10-02 20:00:00,0,32.8,13.0,25.9,14852.330000000004
2015-10-02 21:00:00,0,32.8,13.0,25.9,14533.380000000001
2015-10-02 22:00:00,0,22.8,26.0,9.3,13869.889999999996
2015-10-02 23:00:00,0,22.8,26.0,9.3,13405.820000000002
2015-10-03 00:00:00,0,22.8,26.0,9.3,13300.0
2015-10-03 01:00:00,0,26.7,20.0,0.0,13117.250000000002
2015-10-03 02:00:00,0,25.6,25.0,7.4,13013.21
2015-10-03 03:00:00,0,23.9,31.0,0.0,12923.240000000002
2015-10-03 04:00:00,0,22.8,35.0,9.3,12987.389999999998
2015-10-03 05:00:00,0,21.7,38.0,7.4,13269.429999999998
2015-10-03 06:00:00,0,21.7,38.0,7.4,13642.640000000001
2015-10-03 07:00:00,0,21.7,32.0,13.0,13692.989999999996
2015-10-03 08:00:00,0,22.8,31.0,13.0,14069.820000000002
2015-10-03 09:00:00,0,25.6,25.0,11.1,14266.93
2015-10-03 10:00:00,0,27.8,20.0,9.3,14465.029999999999
2015-10-03 11:00:00,0,29.4,18.0,9.3,14704.970000000001
2015-10-03 12:00:00,0,31.1,15.0,9.3,14822.159999999998
2015-10-03 13:00:00,0,32.2,13.0,5.6,14813.369999999999
2015-10-03 14:00:00,0,32.8,12.0,9.3,14770.460000000003
2015-10-03 15:00:00,0,33.3,12.0,13.0,14605.14
2015-10-03 16:00:00,0,33.9,12.0,11.1,14422.679999999997
2015-10-03 17:00:00,0,33.3,11.0,0.0,14273.759999999998
2015-10-03 18:00:00,0,32.8,12.0,7.4,14199.439999999999
2015-10-03 19:00:00,0,32.2,12.0,11.1,13974.909999999996
2015-10-03 20:00:00,0,31.1,13.0,9.3,13877.419999999996
2015-10-03 21:00:00,0,28.3,19.0,7.4,13600.820000000002
2015-10-03 22:00:00,0,27.2,23.0,0.0,13291.909999999996
2015-10-03 23:00:00,0,27.2,25.0,9.3,13107.48
2015-10-04 00:00:00,0,27.8,18.0,11.1,12973.519999999999
2015-10-04 01:00:00,0,28.9,20.0,20.4,13022.54
2015-10-04 02:00:00,0,26.7,24.0,20.4,13071.590000000002
2015-10-04 03:00:00,0,25.6,27.0,7.4,12973.189999999999
2015-10-04 04:00:00,0,25.6,30.0,13.0,13175.13
2015-10-04 05:00:00,0,24.4,36.0,13.0,13344.18
2015-10-04 06:00:00,0,23.9,37.0,14.8,13630.710000000001
2015-10-04 07:00:00,0,24.4,36.0,11.1,13595.059999999996
2015-10-04 08:00:00,0,25.0,39.0,9.3,13693.969999999998
2015-10-04 09:00:00,0,21.7,78.0,13.0,13985.829999999998
2015-10-04 10:00:00,0,25.0,62.0,13.0,14370.459999999997
2015-10-04 11:00:00,0,27.2,54.0,11.1,14519.639999999996
2015-10-04 12:00:00,0,32.2,30.0,27.8,14729.909999999998
2015-10-04 13:00:00,0,33.9,26.0,33.3,14794.250000000002
2015-10-04 14:00:00,0,33.9,25.0,33.3,14678.809999999996
2015-10-04 15:00:00,0,34.4,21.0,25.9,14643.879999999997
2015-10-04 16:00:00,0,34.4,21.0,31.5,14486.550000000001
2015-10-04 17:00:00,0,33.9,22.0,27.8,14369.47
2015-10-04 18:00:00,0,32.2,25.0,22.2,14417.63
2015-10-04 19:00:00,0,31.7,26.0,16.7,14379.299999999997
2015-10-04 20:00:00,0,29.4,34.0,25.9,14085.460000000003
2015-10-04 21:00:00,0,27.8,42.0,25.9,13954.65
2015-10-04 22:00:00,0,26.7,47.0,25.9,13689.439999999999
2015-10-04 23:00:00,0,26.1,48.0,14.8,13487.050000000003
2015-10-05 00:00:00,0,26.1,47.0,9.3,13411.400000000001
2015-10-05 01:00:00,0,25.6,48.0,5.6,13213.44
2015-10-05 02:00:00,0,25.6,50.0,13.0,13555.73
2015-10-05 03:00:00,0,24.4,52.0,11.1,13788.36
2015-10-05 04:00:00,0,23.9,53.0,11.1,14203.019999999997
2015-10-05 05:00:00,0,23.9,53.0,0.0,14623.0
2015-10-05 06:00:00,0,23.9,53.0,0.0,15224.529999999999
2015-10-05 07:00:00,0,24.4,54.0,0.0,15486.080000000004
2015-10-05 08:00:00,0,23.9,60.0,14.8,16331.9
2015-10-05 09:00:00,0,24.4,60.0,14.8,17336.532500000005
2015-10-05 10:00:00,0,25.0,58.0,9.3,17913.520000000004
2015-10-05 11:00:00,0,26.1,50.0,25.9,18166.03
2015-10-05 12:00:00,0,28.9,38.0,20.4,18301.899999999998
2015-10-05 13:00:00,0,30.0,31.0,27.8,18175.81
2015-10-05 14:00:00,0,30.6,31.0,29.6,18328.790000000005
2015-10-05 15:00:00,0,30.0,33.0,33.3,18426.19
2015-10-05 16:00:00,0,28.9,35.0,25.9,18079.259999999995
2015-10-05 17:00:00,0,28.3,34.0,25.9,17223.660000000003
2015-10-05 18:00:00,0,27.8,34.0,20.4,16619.5
2015-10-05 19:00:00,0,27.2,35.0,22.2,16212.119999999999
2015-10-05 20:00:00,0,26.1,38.0,22.2,15618.490000000002
2015-10-05 21:00:00,0,25.6,40.0,16.7,15105.250000000002
2015-10-05 22:00:00,0,25.0,43.0,16.7,14254.939999999999
2015-10-05 23:00:00,0,23.9,50.0,7.4,13730.960000000005
2015-10-06 00:00:00,0,20.6,75.0,22.2,13642.829999999998
2015-10-06 01:00:00,0,21.1,76.0,7.4,13554.300000000001
2015-10-06 02:00:00,0,21.1,76.0,9.3,13691.100000000002
2015-10-06 03:00:00,0,21.7,68.0,0.0,13667.39
2015-10-06 04:00:00,0,21.7,66.0,5.6,13775.820000000002
2015-10-06 05:00:00,0,20.6,78.0,9.3,14312.910000000002
2015-10-06 06:00:00,0,20.0,76.0,16.7,15018.650000000003
2015-10-06 07:00:00,0,20.6,73.0,14.8,15381.720000000001
2015-10-06 08:00:00,0,21.1,68.0,14.8,16310.380000000001
2015-10-06 09:00:00,0,22.8,64.0,14.8,17421.34
2015-10-06 10:00:00,0,25.0,54.0,11.1,17893.64
2015-10-06 11:00:00,0,25.6,48.0,0.0,18193.730000000003
2015-10-06 12:00:00,0,26.1,47.0,9.3,18130.969999999994
2015-10-06 13:00:00,0,21.1,71.0,13.0,18250.23
2015-10-06 14:00:00,0,21.1,76.0,20.4,18171.399999999998
2015-10-06 15:00:00,0,20.0,68.0,27.8,18066.779999999995
2015-10-06 16:00:00,0,20.6,63.0,14.8,17700.58
2015-10-06 17:00:00,0,20.6,61.0,20.4,16983.320000000003
2015-10-06 18:00:00,0,19.4,73.0,11.1,16486.2
2015-10-06 19:00:00,0,18.9,87.0,5.6,15951.83
2015-10-06 20:00:00,0,19.4,81.0,0.0,15426.489999999998
2015-10-06 21:00:00,0,18.9,81.0,11.1,14963.839999999998
2015-10-06 22:00:00,0,18.9,81.0,0.0,14097.209999999995
2015-10-06 23:00:00,0,18.9,84.0,11.1,13573.689999999999
2015-10-07 00:00:00,0,18.9,78.0,0.0,13248.890000000003
2015-10-07 01:00:00,0,19.4,73.0,5.6,13283.68
2015-10-07 02:00:00,0,18.3,87.0,0.0,13444.720000000003
2015-10-07 03:00:00,0,18.3,87.0,0.0,13408.369999999997
2015-10-07 04:00:00,0,18.3,87.0,0.0,13464.16
2015-10-07 05:00:00,0,17.8,87.0,5.6,14014.969999999996
2015-10-07 06:00:00,0,18.3,84.0,0.0,14586.65
2015-10-07 07:00:00,0,17.8,87.0,0.0,15092.660000000002
2015-10-07 08:00:00,0,19.4,79.0,0.0,15968.050000000005
2015-10-07 09:00:00,0,20.6,73.0,0.0,16944.67
2015-10-07 10:00:00,0,22.2,59.0,7.4,17545.689999999995
2015-10-07 11:00:00,0,23.9,53.0,11.1,17796.670000000002
2015-10-07 12:00:00,0,24.4,50.0,9.3,17930.189999999995
2015-10-07 13:00:00,0,25.6,45.0,5.6,17922.010000000006
2015-10-07 14:00:00,0,26.7,40.0,7.4,18029.11
2015-10-07 15:00:00,0,27.2,38.0,5.6,18001.739999999998
2015-10-07 16:00:00,0,27.8,38.0,14.8,17716.460000000003
2015-10-07 17:00:00,0,27.2,39.0,13.0,17070.8
2015-10-07 18:00:00,0,26.7,40.0,11.1,16405.6
2015-10-07 19:00:00,0,26.1,42.0,5.6,16058.439999999999
2015-10-07 20:00:00,0,26.1,39.0,11.1,15459.470000000001
2015-10-07 21:00:00,0,26.1,40.0,9.3,14911.24
2015-10-07 22:00:00,0,25.0,45.0,7.4,14102.2
2015-10-07 23:00:00,0,25.0,45.0,7.4,13580.939999999999
2015-10-08 00:00:00,0,23.9,48.0,7.4,13313.010000000006
2015-10-08 01:00:00,0,22.2,59.0,0.0,13257.329999999998
2015-10-08 02:00:00,0,21.7,63.0,7.4,13409.939999999999
2015-10-08 03:00:00,0,21.1,65.0,5.6,13368.630000000001
2015-10-08 04:00:00,0,20.6,68.0,0.0,13393.829999999994
2015-10-08 05:00:00,0,20.0,70.0,9.3,14002.060000000005
2015-10-08 06:00:00,0,19.4,73.0,7.4,14660.230000000001
2015-10-08 07:00:00,0,19.4,73.0,0.0,15091.789999999997
2015-10-08 08:00:00,0,20.6,68.0,9.3,16089.33
2015-10-08 09:00:00,0,22.8,57.0,5.6,17223.239999999998
2015-10-08 10:00:00,0,25.0,47.0,0.0,17666.92
2015-10-08 11:00:00,0,26.7,40.0,0.0,17852.85
2015-10-08 12:00:00,0,27.8,35.0,5.6,17990.119999999995
2015-10-08 13:00:00,0,30.6,29.0,5.6,18080.390000000003
2015-10-08 14:00:00,0,31.7,27.0,9.3,18208.09
2015-10-08 15:00:00,0,32.8,23.0,11.1,18305.690000000006
2015-10-08 16:00:00,0,33.3,23.0,9.3,17907.640000000003
2015-10-08 17:00:00,0,32.8,23.0,9.3,17242.570000000007
2015-10-08 18:00:00,0,31.7,25.0,7.4,16435.83
2015-10-08 19:00:00,0,30.0,30.0,9.3,15966.789999999997
2015-10-08 20:00:00,0,29.4,32.0,5.6,15380.669999999998
2015-10-08 21:00:00,0,28.3,36.0,0.0,14895.35
2015-10-08 22:00:00,0,27.2,39.0,9.3,14063.289999999997
2015-10-08 23:00:00,0,26.7,40.0,11.1,13628.489999999998
2015-10-09 00:00:00,0,26.1,39.0,7.4,13222.94
2015-10-09 01:00:00,0,25.0,45.0,11.1,13195.8
2015-10-09 02:00:00,0,24.4,48.0,11.1,13425.88
2015-10-09 03:00:00,0,23.9,51.0,11.1,13442.060000000003
2015-10-09 04:00:00,0,23.9,51.0,9.3,13463.699999999999
2015-10-09 05:00:00,0,24.4,50.0,9.3,13988.389999999998
2015-10-09 06:00:00,0,23.3,53.0,11.1,14639.04
2015-10-09 07:00:00,0,23.9,50.0,9.3,14975.129999999997
2015-10-09 08:00:00,0,26.1,44.0,9.3,15948.470000000003
2015-10-09 09:00:00,0,28.3,36.0,11.1,16915.499999999996
2015-10-09 10:00:00,0,29.4,32.0,9.3,17296.720000000005
2015-10-09 11:00:00,0,30.6,29.0,11.1,17696.890000000003
2015-10-09 12:00:00,0,31.7,26.0,0.0,17778.940000000006
2015-10-09 13:00:00,0,33.9,22.0,24.1,17821.960000000006
2015-10-09 14:00:00,0,34.4,21.0,20.4,17702.389999999996
2015-10-09 15:00:00,0,34.4,21.0,25.9,17693.614999999998
2015-10-09 16:00:00,0,35.0,20.0,13.0,17326.4425
2015-10-09 17:00:00,0,33.9,20.0,18.5,16473.960000000003
2015-10-09 18:00:00,0,33.3,21.0,16.7,15642.82
2015-10-09 19:00:00,0,32.2,23.0,16.7,15315.4
2015-10-09 20:00:00,0,31.1,24.0,11.1,14913.989999999998
2015-10-09 21:00:00,0,30.0,28.0,9.3,14660.670000000002
2015-10-09 22:00:00,0,29.4,28.0,9.3,14036.769999999997
2015-10-09 23:00:00,0,28.3,31.0,13.0,13521.729999999998
2015-10-10 00:00:00,0,27.8,31.0,5.6,13316.450000000003
2015-10-10 01:00:00,0,27.2,34.0,11.1,13140.490000000003
2015-10-10 02:00:00,0,26.1,38.0,11.1,13032.349999999997
2015-10-10 03:00:00,0,25.0,42.0,7.4,13020.21
2015-10-10 04:00:00,0,25.0,42.0,5.6,13217.949999999995
2015-10-10 05:00:00,0,25.6,40.0,11.1,13442.229999999998
2015-10-10 06:00:00,0,23.9,48.0,5.6,13771.88
2015-10-10 07:00:00,0,23.9,48.0,5.6,13747.480000000001
2015-10-10 08:00:00,0,27.8,39.0,16.7,14110.629999999997
2015-10-10 09:00:00,0,28.3,37.0,20.4,14418.559999999998
2015-10-10 10:00:00,0,30.6,31.0,20.4,14416.959999999997
2015-10-10 11:00:00,0,30.6,31.0,11.1,14673.63
2015-10-10 12:00:00,0,31.1,31.0,9.3,14653.279999999997
2015-10-10 13:00:00,0,31.7,29.0,11.1,14782.089999999998
2015-10-10 14:00:00,0,33.3,26.0,5.6,14719.329999999998
2015-10-10 15:00:00,0,33.9,25.0,0.0,14677.25
2015-10-10 16:00:00,0,33.9,24.0,0.0,14506.45
2015-10-10 17:00:00,0,33.9,24.0,5.6,14400.770000000002
2015-10-10 18:00:00,0,33.3,26.0,0.0,14329.93
2015-10-10 19:00:00,0,32.8,26.0,5.6,14257.56
2015-10-10 20:00:00,0,31.7,29.0,0.0,13967.74
2015-10-10 21:00:00,0,30.0,33.0,0.0,13742.82
2015-10-10 22:00:00,0,28.9,37.0,0.0,13409.889999999998
2015-10-10 23:00:00,0,27.8,39.0,0.0,13226.789999999999
2015-10-11 00:00:00,0,26.7,45.0,5.6,13105.110000000002
2015-10-11 01:00:00,0,26.7,42.0,0.0,12951.019999999997
2015-10-11 02:00:00,0,25.6,45.0,9.3,12992.88
2015-10-11 03:00:00,0,25.6,45.0,0.0,12975.440000000002
2015-10-11 04:00:00,0,25.6,45.0,0.0,13128.029999999997
2015-10-11 05:00:00,0,24.4,48.0,9.3,13394.990000000002
2015-10-11 06:00:00,0,23.9,48.0,11.1,13600.51
2015-10-11 07:00:00,0,24.4,48.0,9.3,13579.639999999996
2015-10-11 08:00:00,0,25.6,46.0,14.8,13892.800000000003
2015-10-11 09:00:00,0,27.8,41.0,9.3,14030.62
2015-10-11 10:00:00,0,30.0,35.0,14.8,14244.120000000003
2015-10-11 11:00:00,0,31.7,31.0,11.1,14520.180000000002
2015-10-11 12:00:00,0,32.2,29.0,0.0,14548.049999999997
2015-10-11 13:00:00,0,35.0,25.0,11.1,14714.549999999996
2015-10-11 14:00:00,0,35.0,22.0,11.1,14605.020000000002
2015-10-11 15:00:00,0,36.1,22.0,7.4,14676.23
2015-10-11 16:00:00,0,36.1,19.0,16.7,14428.98
2015-10-11 17:00:00,0,35.6,19.0,7.4,14314.19
2015-10-11 18:00:00,0,35.0,21.0,13.0,14326.340000000002
2015-10-11 19:00:00,0,33.9,22.0,11.1,14236.810000000001
2015-10-11 20:00:00,0,31.7,27.0,0.0,13749.339999999998
2015-10-11 21:00:00,0,31.7,28.0,5.6,13596.759999999998
2015-10-11 22:00:00,0,31.7,27.0,5.6,13419.53
2015-10-11 23:00:00,0,30.6,30.0,5.6,13241.13
2015-10-12 00:00:00,1,27.2,41.0,5.6,13217.140000000001
2015-10-12 01:00:00,1,27.2,42.0,5.6,13106.459999999997
2015-10-12 02:00:00,1,26.1,47.0,0.0,13330.700000000003
2015-10-12 03:00:00,1,26.1,45.0,0.0,13606.620000000003
2015-10-12 04:00:00,1,24.4,50.0,0.0,14002.240000000003
2015-10-12 05:00:00,1,23.9,51.0,7.4,14310.05
2015-10-12 06:00:00,1,26.1,42.0,9.3,14807.737500000001
2015-10-12 07:00:00,1,24.4,46.0,5.6,14855.779999999999
2015-10-12 08:00:00,1,26.7,40.0,11.1,15531.352500000003
2015-10-12 09:00:00,1,28.3,37.0,13.0,16226.619999999999
2015-10-12 10:00:00,1,30.6,33.0,7.4,16611.45
2015-10-12 11:00:00,1,31.1,31.0,0.0,16967.789999999997
2015-10-12 12:00:00,1,32.8,28.0,5.6,17029.7
2015-10-12 13:00:00,1,35.0,24.0,7.4,17137.27
2015-10-12 14:00:00,1,34.4,25.0,9.3,17229.19
2015-10-12 15:00:00,1,35.0,22.0,13.0,17246.160000000007
2015-10-12 16:00:00,1,35.6,22.0,16.7,16998.550000000003
2015-10-12 17:00:00,1,35.0,23.0,13.0,16343.96
2015-10-12 18:00:00,1,33.9,25.0,11.1,15936.32
2015-10-12 19:00:00,1,33.9,24.0,7.4,15544.320000000002
2015-10-12 20:00:00,1,31.7,29.0,0.0,15195.439999999995
2015-10-12 21:00:00,1,31.1,31.0,0.0,14732.880000000001
2015-10-12 22:00:00,1,30.0,35.0,0.0,14107.709999999997
2015-10-12 23:00:00,1,29.4,37.0,0.0,13718.74
2015-10-13 00:00:00,0,29.4,37.0,0.0,13457.349999999999
2015-10-13 01:00:00,0,27.2,41.0,0.0,13386.08
2015-10-13 02:00:00,0,26.7,42.0,7.4,13448.3
2015-10-13 03:00:00,0,25.0,48.0,5.6,13400.769999999999
2015-10-13 04:00:00,0,26.1,44.0,9.3,13444.12
2015-10-13 05:00:00,0,24.4,46.0,11.1,14052.959999999995
2015-10-13 06:00:00,0,24.4,48.0,7.4,14803.240000000003
2015-10-13 07:00:00,0,23.9,50.0,7.4,14835.440000000008
2015-10-13 08:00:00,0,26.1,44.0,7.4,15572.220000000001
2015-10-13 09:00:00,0,28.3,39.0,5.6,16400.930000000004
2015-10-13 10:00:00,0,30.0,37.0,0.0,16889.320000000003
2015-10-13 11:00:00,0,30.6,36.0,0.0,17134.23
2015-10-13 12:00:00,0,32.2,33.0,7.4,17211.970000000005
2015-10-13 13:00:00,0,33.9,29.0,0.0,17258.709999999995
2015-10-13 14:00:00,0,35.6,24.0,18.5,17362.909999999996
2015-10-13 15:00:00,0,35.6,23.0,16.7,17342.229999999996
2015-10-13 16:00:00,0,36.1,21.0,14.8,17033.39
2015-10-13 17:00:00,0,35.6,21.0,13.0,16399.300000000003
2015-10-13 18:00:00,0,35.0,22.0,16.7,15760.249999999998
2015-10-13 19:00:00,0,33.9,24.0,11.1,15372.61
2015-10-13 20:00:00,0,31.7,29.0,0.0,15090.020000000002
2015-10-13 21:00:00,0,32.2,27.0,0.0,14603.930000000002
2015-10-13 22:00:00,0,30.6,31.0,0.0,14017.139999999998
2015-10-13 23:00:00,0,29.4,36.0,0.0,13565.020000000002
2015-10-14 00:00:00,0,28.3,39.0,5.6,13346.050000000003
2015-10-14 01:00:00,0,27.8,39.0,0.0,13250.400000000001
2015-10-14 02:00:00,0,26.7,45.0,9.3,13392.769999999997
2015-10-14 03:00:00,0,26.1,45.0,5.6,13349.830000000002
2015-10-14 04:00:00,0,25.6,46.0,9.3,13425.460000000001
2015-10-14 05:00:00,0,25.0,47.0,9.3,13952.559999999998
2015-10-14 06:00:00,0,25.0,45.0,13.0,14642.81
2015-10-14 07:00:00,0,25.0,45.0,7.4,14901.03
2015-10-14 08:00:00,0,26.7,42.0,9.3,15969.710000000001
2015-10-14 09:00:00,0,28.3,37.0,14.8,17274.64
2015-10-14 10:00:00,0,31.1,31.0,11.1,17890.359999999997
2015-10-14 11:00:00,0,32.2,30.0,9.3,18176.82
2015-10-14 12:00:00,0,34.4,26.0,5.6,18418.7025
2015-10-14 13:00:00,0,34.4,25.0,0.0,18546.84
2015-10-14 14:00:00,0,35.0,22.0,5.6,18563.510000000002
2015-10-14 15:00:00,0,36.7,19.0,0.0,18628.685000000005
2015-10-14 16:00:00,0,37.2,18.0,5.6,18265.12249999999
2015-10-14 17:00:00,0,37.2,20.0,11.1,17435.010000000006
2015-10-14 18:00:00,0,36.1,19.0,14.8,17050.760000000006
2015-10-14 19:00:00,0,34.4,24.0,11.1,16272.87
2015-10-14 20:00:00,0,32.2,28.0,5.6,15626.289999999997
2015-10-14 21:00:00,0,33.3,25.0,5.6,15104.910000000002
2015-10-14 22:00:00,0,32.8,28.0,0.0,14232.020000000002
2015-10-14 23:00:00,0,31.1,29.0,7.4,13865.59
2015-10-15 00:00:00,0,27.8,39.0,5.6,13540.400000000001
2015-10-15 01:00:00,0,27.2,39.0,11.1,13416.12
2015-10-15 02:00:00,0,27.2,33.0,7.4,13440.809999999998
2015-10-15 03:00:00,0,26.1,36.0,7.4,13466.61
2015-10-15 04:00:00,0,26.1,39.0,11.1,13516.04
2015-10-15 05:00:00,0,24.4,43.0,0.0,14024.86
2015-10-15 06:00:00,0,25.0,37.0,7.4,14689.650000000003
2015-10-15 07:00:00,0,25.0,37.0,9.3,15015.150000000001
2015-10-15 08:00:00,0,27.2,29.0,11.1,16156.210000000001
2015-10-15 09:00:00,0,29.4,25.0,5.6,17249.609999999997
2015-10-15 10:00:00,0,31.7,21.0,9.3,17856.270000000004
2015-10-15 11:00:00,0,33.9,20.0,9.3,18205.41
2015-10-15 12:00:00,0,34.4,19.0,5.6,18284.2775
2015-10-15 13:00:00,0,35.0,20.0,11.1,18218.612500000003
2015-10-15 14:00:00,0,34.4,21.0,9.3,18242.329999999998
2015-10-15 15:00:00,0,33.9,25.0,14.8,18182.600000000002
2015-10-15 16:00:00,0,33.9,24.0,13.0,17926.070000000003
2015-10-15 17:00:00,0,33.9,24.0,14.8,17183.4625
2015-10-15 18:00:00,0,32.8,25.0,11.1,16684.899999999998
2015-10-15 19:00:00,0,32.2,26.0,11.1,16060.580000000002
2015-10-15 20:00:00,0,31.7,27.0,11.1,15441.739999999996
2015-10-15 21:00:00,0,30.0,32.0,7.4,14916.290000000003
2015-10-15 22:00:00,0,30.6,30.0,13.0,14274.829999999993
2015-10-15 23:00:00,0,30.0,31.0,13.0,13821.570000000002
2015-10-16 00:00:00,0,29.4,33.0,5.6,13545.77
2015-10-16 01:00:00,0,29.4,32.0,11.1,13321.649999999998
2015-10-16 02:00:00,0,28.9,33.0,7.4,13397.720000000003
2015-10-16 03:00:00,0,28.3,34.0,14.8,13445.849999999999
2015-10-16 04:00:00,0,27.2,35.0,9.3,13416.889999999994
2015-10-16 05:00:00,0,25.6,40.0,11.1,13966.53
2015-10-16 06:00:00,0,26.1,38.0,11.1,14720.98
2015-10-16 07:00:00,0,25.0,42.0,16.7,14937.589999999998
2015-10-16 08:00:00,0,26.1,40.0,11.1,15823.82
2015-10-16 09:00:00,0,27.8,37.0,16.7,16907.640000000003
2015-10-16 10:00:00,0,30.0,32.0,18.5,17325.63
2015-10-16 11:00:00,0,32.8,26.0,20.4,17756.489999999998
2015-10-16 12:00:00,0,33.9,24.0,11.1,17924.74
2015-10-16 13:00:00,0,35.0,22.0,18.5,17872.719999999998
2015-10-16 14:00:00,0,35.0,21.0,16.7,17721.039999999997
2015-10-16 15:00:00,0,26.1,56.0,29.6,17584.889999999996
2015-10-16 16:00:00,0,26.1,58.0,27.8,17129.609999999997
2015-10-16 17:00:00,0,23.9,71.0,16.7,16406.839999999993
2015-10-16 18:00:00,0,24.4,64.0,14.8,15815.929999999997
2015-10-16 19:00:00,0,24.4,62.0,16.7,15315.069999999994
2015-10-16 20:00:00,0,25.0,60.0,18.5,15083.070000000002
2015-10-16 21:00:00,0,25.0,58.0,7.4,14704.6
2015-10-16 22:00:00,0,25.0,60.0,5.6,14027.129999999997
2015-10-16 23:00:00,0,23.9,66.0,9.3,13601.340000000002
2015-10-17 00:00:00,0,24.4,64.0,13.0,13348.699999999997
2015-10-17 01:00:00,0,23.9,64.0,5.6,13235.449999999999
2015-10-17 02:00:00,0,23.9,66.0,0.0,13173.939999999999
2015-10-17 03:00:00,0,25.0,54.0,5.6,13097.130000000003
2015-10-17 04:00:00,0,24.4,56.0,5.6,13267.120000000004
2015-10-17 05:00:00,0,23.3,68.0,9.3,13550.920000000002
2015-10-17 06:00:00,0,23.3,62.0,11.1,14024.48
2015-10-17 07:00:00,0,22.8,64.0,11.1,13973.119999999997
2015-10-17 08:00:00,0,23.3,57.0,13.0,14171.970000000001
2015-10-17 09:00:00,0,25.0,52.0,9.3,14462.710000000001
2015-10-17 10:00:00,0,27.8,41.0,18.5,14508.080000000004
2015-10-17 11:00:00,0,28.3,39.0,24.1,14643.82
2015-10-17 12:00:00,0,28.9,37.0,16.7,14769.63
2015-10-17 13:00:00,0,29.4,33.0,9.3,14499.150000000005
2015-10-17 14:00:00,0,30.6,32.0,18.5,14553.860000000002
2015-10-17 15:00:00,0,30.6,32.0,14.8,14510.070000000002
2015-10-17 16:00:00,0,31.1,31.0,25.9,14402.959999999997
2015-10-17 17:00:00,0,30.0,33.0,22.2,14187.949999999997
2015-10-17 18:00:00,0,29.4,36.0,16.7,14256.33
2015-10-17 19:00:00,0,28.9,37.0,9.3,14049.760000000002
2015-10-17 20:00:00,0,27.2,47.0,22.2,13901.590000000004
2015-10-17 21:00:00,0,26.7,47.0,18.5,13651.190000000002
2015-10-17 22:00:00,0,25.6,54.0,18.5,13385.16
2015-10-17 23:00:00,0,25.6,52.0,20.4,13234.479999999998
2015-10-18 00:00:00,0,25.0,56.0,20.4,13199.43
2015-10-18 01:00:00,0,24.4,58.0,13.0,13068.280000000004
2015-10-18 02:00:00,0,23.9,60.0,7.4,13067.41
2015-10-18 03:00:00,0,23.9,60.0,9.3,13037.77
2015-10-18 04:00:00,0,23.3,59.0,5.6,13208.68
2015-10-18 05:00:00,0,22.8,64.0,9.3,13429.14
2015-10-18 06:00:00,0,22.8,66.0,7.4,13621.830000000002
2015-10-18 07:00:00,0,22.2,68.0,5.6,13633.92
2015-10-18 08:00:00,0,23.3,64.0,7.4,13784.6
2015-10-18 09:00:00,0,25.6,54.0,13.0,13935.260000000002
2015-10-18 10:00:00,0,27.8,45.0,16.7,14094.550000000001
2015-10-18 11:00:00,0,29.4,40.0,18.5,14218.939999999999
2015-10-18 12:00:00,0,30.6,33.0,24.1,14320.079999999998
2015-10-18 13:00:00,0,32.2,33.0,16.7,14455.970000000003
2015-10-18 14:00:00,0,32.2,34.0,11.1,14623.439999999999
2015-10-18 15:00:00,0,31.7,36.0,11.1,14446.909999999996
2015-10-18 16:00:00,0,30.6,40.0,20.4,14388.909999999998
2015-10-18 17:00:00,0,25.6,64.0,11.1,14131.94
2015-10-18 18:00:00,0,26.1,62.0,7.4,14335.799999999996
2015-10-18 19:00:00,0,21.7,73.0,11.1,14057.430000000004
2015-10-18 20:00:00,0,22.2,78.0,13.0,13772.740000000003
2015-10-18 21:00:00,0,22.8,79.0,0.0,13607.239999999998
2015-10-18 22:00:00,0,22.8,81.0,11.1,13476.830000000002
2015-10-18 23:00:00,0,23.3,82.0,7.4,13393.239999999996
2015-10-19 00:00:00,0,22.8,81.0,14.8,13221.660000000002
2015-10-19 01:00:00,0,22.8,84.0,14.8,13224.599999999999
2015-10-19 02:00:00,0,22.8,81.0,11.1,13370.990000000003
2015-10-19 03:00:00,0,21.1,90.0,7.4,13598.559999999998
2015-10-19 04:00:00,0,21.7,84.0,0.0,13973.989999999996
2015-10-19 05:00:00,0,21.7,87.0,7.4,14324.229999999998
2015-10-19 06:00:00,0,21.1,90.0,0.0,14717.770000000002
2015-10-19 07:00:00,0,20.0,93.0,0.0,14926.92
2015-10-19 08:00:00,0,22.2,81.0,7.4,15929.080000000004
2015-10-19 09:00:00,0,23.3,73.0,0.0,17075.420000000002
2015-10-19 10:00:00,0,25.6,62.0,0.0,17697.440000000002
2015-10-19 11:00:00,0,27.2,54.0,9.3,17964.239999999994
2015-10-19 12:00:00,0,27.2,50.0,7.4,17983.349999999995
2015-10-19 13:00:00,0,28.9,43.0,13.0,18073.570000000003
2015-10-19 14:00:00,0,29.4,38.0,14.8,18112.179999999997
2015-10-19 15:00:00,0,30.0,37.0,7.4,18092.210000000003
2015-10-19 16:00:00,0,30.0,32.0,9.3,17729.49
2015-10-19 17:00:00,0,28.9,34.0,9.3,16947.977499999997
2015-10-19 18:00:00,0,28.3,37.0,0.0,16476.370000000003
2015-10-19 19:00:00,0,27.8,42.0,0.0,15977.519999999995
2015-10-19 20:00:00,0,27.2,41.0,7.4,15561.999999999996
2015-10-19 21:00:00,0,25.6,54.0,0.0,14910.150000000001
2015-10-19 22:00:00,0,25.0,60.0,9.3,14164.339999999998
2015-10-19 23:00:00,0,25.0,58.0,13.0,13771.410000000003
2015-10-20 00:00:00,0,25.0,58.0,11.1,13526.110000000002
2015-10-20 01:00:00,0,24.4,60.0,9.3,13485.68
2015-10-20 02:00:00,0,23.3,68.0,0.0,13614.699999999999
2015-10-20 03:00:00,0,23.3,68.0,9.3,13501.900000000003
2015-10-20 04:00:00,0,22.2,73.0,11.1,13565.830000000007
2015-10-20 05:00:00,0,22.2,71.0,5.6,13972.000000000002
2015-10-20 06:00:00,0,22.8,68.0,0.0,14726.93
2015-10-20 07:00:00,0,22.2,66.0,0.0,15125.879999999997
2015-10-20 08:00:00,0,22.2,66.0,13.0,16001.66
2015-10-20 09:00:00,0,23.3,62.0,16.7,17038.039999999997
2015-10-20 10:00:00,0,24.4,58.0,16.7,17593.1
2015-10-20 11:00:00,0,25.6,48.0,18.5,17868.049999999992
2015-10-20 12:00:00,0,26.1,39.0,20.4,17885.84
2015-10-20 13:00:00,0,20.6,61.0,31.5,17805.460000000003
2015-10-20 14:00:00,0,22.8,44.0,18.5,17867.1
2015-10-20 15:00:00,0,24.4,37.0,11.1,17744.7
2015-10-20 16:00:00,0,23.9,40.0,5.6,17452.35
2015-10-20 17:00:00,0,24.4,38.0,0.0,16785.86
2015-10-20 18:00:00,0,24.4,40.0,5.6,16228.740000000002
2015-10-20 19:00:00,0,23.3,48.0,16.7,15719.310000000001
2015-10-20 20:00:00,0,22.2,57.0,9.3,15149.500000000005
2015-10-20 21:00:00,0,21.7,59.0,5.6,14694.350000000002
2015-10-20 22:00:00,0,22.8,48.0,7.4,13960.729999999998
2015-10-20 23:00:00,0,22.2,51.0,7.4,13450.699999999995
2015-10-21 00:00:00,0,20.6,63.0,22.2,13109.919999999998
2015-10-21 01:00:00,0,20.6,54.0,5.6,13010.55
2015-10-21 02:00:00,0,19.4,73.0,7.4,13240.26
2015-10-21 03:00:00,0,19.4,70.0,0.0,13154.859999999997
2015-10-21 04:00:00,0,20.0,68.0,5.6,13265.289999999999
2015-10-21 05:00:00,0,18.9,78.0,13.0,13731.600000000002
2015-10-21 06:00:00,0,17.8,87.0,11.1,14439.900000000001
2015-10-21 07:00:00,0,17.8,80.0,5.6,14874.979999999992
2015-10-21 08:00:00,0,19.4,68.0,5.6,15775.64
2015-10-21 09:00:00,0,18.9,73.0,20.4,16556.43
2015-10-21 10:00:00,0,20.6,58.0,18.5,17246.91
2015-10-21 11:00:00,0,21.7,55.0,14.8,17458.730000000003
2015-10-21 12:00:00,0,22.8,49.0,13.0,17553.87
2015-10-21 13:00:00,0,23.3,45.0,22.2,17529.769999999993
2015-10-21 14:00:00,0,22.8,42.0,11.1,17490.969999999998
2015-10-21 15:00:00,0,24.4,35.0,9.3,17481.420000000002
2015-10-21 16:00:00,0,23.9,38.0,11.1,17158.300000000003
2015-10-21 17:00:00,0,23.3,40.0,9.3,16560.35
2015-10-21 18:00:00,0,22.8,41.0,7.4,16031.579999999998
2015-10-21 19:00:00,0,21.7,49.0,7.4,15425.7
2015-10-21 20:00:00,0,20.6,57.0,13.0,14997.559999999996
2015-10-21 21:00:00,0,20.0,61.0,7.4,14544.35
2015-10-21 22:00:00,0,19.4,63.0,0.0,13754.130000000001
2015-10-21 23:00:00,0,18.9,59.0,7.4,13340.75
2015-10-22 00:00:00,0,18.3,63.0,9.3,13148.259999999998
2015-10-22 01:00:00,0,17.8,65.0,9.3,13081.599999999999
2015-10-22 02:00:00,0,17.2,70.0,7.4,13213.7
2015-10-22 03:00:00,0,17.2,67.0,7.4,13188.24
2015-10-22 04:00:00,0,16.7,72.0,9.3,13252.090000000004
2015-10-22 05:00:00,0,16.1,75.0,0.0,13736.650000000001
2015-10-22 06:00:00,0,16.7,72.0,5.6,14466.2825
2015-10-22 07:00:00,0,16.1,72.0,7.4,14961.8775
2015-10-22 08:00:00,0,17.2,67.0,9.3,15807.909999999996
2015-10-22 09:00:00,0,18.9,60.0,9.3,16753.6
2015-10-22 10:00:00,0,21.1,51.0,7.4,17330.39
2015-10-22 11:00:00,0,22.8,44.0,5.6,17678.070000000003
2015-10-22 12:00:00,0,23.9,41.0,5.6,17678.069999999996
2015-10-22 13:00:00,0,25.0,37.0,7.4,17714.63
2015-10-22 14:00:00,0,25.6,36.0,7.4,17738.265000000003
2015-10-22 15:00:00,0,26.1,35.0,11.1,17700.637500000004
2015-10-22 16:00:00,0,25.6,33.0,7.4,17454.5125
2015-10-22 17:00:00,0,25.6,35.0,11.1,16627.559999999998
2015-10-22 18:00:00,0,25.0,37.0,7.4,16109.340000000002
2015-10-22 19:00:00,0,23.9,41.0,9.3,15563.39
2015-10-22 20:00:00,0,22.8,48.0,5.6,15038.29
2015-10-22 21:00:00,0,22.8,46.0,0.0,14617.879999999997
2015-10-22 22:00:00,0,22.8,46.0,0.0,13925.097499999998
2015-10-22 23:00:00,0,21.0,60.0,0.0,13408.9
2015-10-23 00:00:00,0,21.1,55.0,0.0,13039.129999999997
2015-10-23 01:00:00,0,20.0,59.0,0.0,13004.000000000002
2015-10-23 02:00:00,0,19.4,61.0,5.6,13089.829999999998
2015-10-23 03:00:00,0,18.9,63.0,0.0,13065.99
2015-10-23 04:00:00,0,18.3,68.0,0.0,13137.589999999998
2015-10-23 05:00:00,0,17.8,73.0,0.0,13591.330000000002
2015-10-23 06:00:00,0,17.8,70.0,0.0,14278.535000000002
2015-10-23 07:00:00,0,17.2,72.0,7.4,14870.499999999998
2015-10-23 08:00:00,0,18.9,65.0,5.6,15653.789999999997
2015-10-23 09:00:00,0,21.1,53.0,13.0,16493.600000000002
2015-10-23 10:00:00,0,22.8,48.0,9.3,17047.920000000006
2015-10-23 11:00:00,0,24.4,42.0,5.6,17215.307500000003
2015-10-23 12:00:00,0,25.6,39.0,0.0,17251.392499999998
2015-10-23 13:00:00,0,26.7,34.0,5.6,17332.245000000006
2015-10-23 14:00:00,0,27.2,33.0,5.6,17274.769999999997
2015-10-23 15:00:00,0,28.3,31.0,11.1,17086.892499999994
2015-10-23 16:00:00,0,28.9,28.0,13.0,16772.530000000002
2015-10-23 17:00:00,0,28.3,29.0,20.4,16009.017499999998
2015-10-23 18:00:00,0,27.2,34.0,7.4,15446.109999999997
2015-10-23 19:00:00,0,26.1,38.0,5.6,15024.247499999998
2015-10-23 20:00:00,0,25.0,43.0,0.0,14682.074999999999
2015-10-23 21:00:00,0,24.4,46.0,5.6,14386.689999999997
2015-10-23 22:00:00,0,25.0,42.0,9.3,13774.320000000003
2015-10-23 23:00:00,0,24.4,42.0,13.0,13305.350000000004
2015-10-24 00:00:00,0,22.2,49.0,0.0,13024.999999999998
2015-10-24 01:00:00,0,21.1,51.0,0.0,12856.580000000002
2015-10-24 02:00:00,0,21.7,47.0,0.0,12864.390000000001
2015-10-24 03:00:00,0,20.0,52.0,0.0,12808.720000000001
2015-10-24 04:00:00,0,21.1,47.0,7.4,12888.329999999996
2015-10-24 05:00:00,0,17.8,65.0,13.0,13100.000000000002
2015-10-24 06:00:00,0,18.3,56.0,9.3,13520.399999999998
2015-10-24 07:00:00,0,17.8,63.0,0.0,13573.480000000003
2015-10-24 08:00:00,0,21.1,46.0,0.0,13862.150000000003
2015-10-24 09:00:00,0,23.3,41.0,5.6,14120.55
2015-10-24 10:00:00,0,26.7,28.0,13.0,14276.689999999999
2015-10-24 11:00:00,0,28.9,23.0,18.5,14357.530000000002
2015-10-24 12:00:00,0,29.4,21.0,7.4,14442.16
2015-10-24 13:00:00,0,31.1,19.0,7.4,14397.32
2015-10-24 14:00:00,0,31.1,18.0,13.0,14454.76
2015-10-24 15:00:00,0,31.7,16.0,7.4,14330.93
2015-10-24 16:00:00,0,32.2,17.0,13.0,14229.46
2015-10-24 17:00:00,0,31.7,18.0,7.4,13970.219999999998
2015-10-24 18:00:00,0,30.0,20.0,5.6,13999.230000000001
2015-10-24 19:00:00,0,28.3,24.0,11.1,13812.730000000001
2015-10-24 20:00:00,0,27.2,27.0,7.4,13600.509999999997
2015-10-24 21:00:00,0,25.6,31.0,11.1,13423.880000000001
2015-10-24 22:00:00,0,25.6,31.0,11.1,13131.809999999998
2015-10-24 23:00:00,0,23.9,33.0,11.1,12906.400000000001
2015-10-25 00:00:00,0,23.3,35.0,7.4,12761.539999999999
2015-10-25 01:00:00,0,23.3,35.0,0.0,12715.26
2015-10-25 02:00:00,0,23.9,33.0,5.6,12764.239999999998
2015-10-25 03:00:00,0,22.8,38.0,0.0,12686.089999999997
2015-10-25 04:00:00,0,21.7,41.0,0.0,12912.910000000002
2015-10-25 05:00:00,0,21.1,46.0,11.1,13011.64
2015-10-25 06:00:00,0,21.7,44.0,16.7,13320.8
2015-10-25 07:00:00,0,22.2,43.0,14.8,13239.679999999998
2015-10-25 08:00:00,0,23.3,40.0,5.6,13340.150000000003
2015-10-25 09:00:00,0,26.1,34.0,14.8,13478.669999999998
2015-10-25 10:00:00,0,27.2,30.0,13.0,13520.19
2015-10-25 11:00:00,0,27.8,29.0,13.0,13642.859999999995
2015-10-25 12:00:00,0,29.4,26.0,18.5,13756.729999999998
2015-10-25 13:00:00,0,30.6,25.0,18.5,13892.909999999998
2015-10-25 14:00:00,0,30.6,24.0,13.0,13969.099999999999
2015-10-25 15:00:00,0,31.1,23.0,18.5,13907.859999999999
2015-10-25 16:00:00,0,30.0,26.0,7.4,13804.4
2015-10-25 17:00:00,0,30.0,26.0,9.3,13702.94
2015-10-25 18:00:00,0,29.4,27.0,0.0,13879.36
2015-10-25 19:00:00,0,28.3,31.0,11.1,13773.3
2015-10-25 20:00:00,0,27.2,33.0,5.6,13451.619999999999
2015-10-25 21:00:00,0,26.1,34.0,7.4,13299.5
2015-10-25 22:00:00,0,24.4,43.0,0.0,13135.629999999997
2015-10-25 23:00:00,0,24.4,42.0,0.0,13017.010000000004
2015-10-26 00:00:00,0,23.3,46.0,0.0,12823.039999999999
2015-10-26 01:00:00,0,22.8,48.0,0.0,12810.61
2015-10-26 02:00:00,0,21.7,53.0,0.0,13061.829999999996
2015-10-26 03:00:00,0,21.7,49.0,5.6,13228.11
2015-10-26 04:00:00,0,20.0,61.0,5.6,13532.31
2015-10-26 05:00:00,0,21.1,53.0,5.6,13983.350000000002
2015-10-26 06:00:00,0,19.4,63.0,0.0,14339.500000000002
2015-10-26 07:00:00,0,20.6,54.0,0.0,14649.929999999995
2015-10-26 08:00:00,0,21.7,51.0,0.0,15545.320000000002
2015-10-26 09:00:00,0,24.4,42.0,7.4,16491.690000000002
2015-10-26 10:00:00,0,26.7,35.0,11.1,17210.8
2015-10-26 11:00:00,0,27.8,30.0,7.4,17481.15
2015-10-26 12:00:00,0,29.4,27.0,13.0,17652.530000000002
2015-10-26 13:00:00,0,30.6,24.0,7.4,17807.129999999997
2015-10-26 14:00:00,0,31.1,23.0,0.0,17950.890000000003
2015-10-26 15:00:00,0,31.7,22.0,5.6,17828.919999999995
2015-10-26 16:00:00,0,31.7,21.0,9.3,17568.350000000002
2015-10-26 17:00:00,0,31.1,22.0,13.0,16818.479999999996
2015-10-26 18:00:00,0,30.6,21.0,11.1,16280.200000000003
2015-10-26 19:00:00,0,30.0,22.0,11.1,15658.86
2015-10-26 20:00:00,0,26.7,32.0,7.4,15194.08
2015-10-26 21:00:00,0,25.6,36.0,5.6,14721.899999999998
2015-10-26 22:00:00,0,26.1,34.0,0.0,13850.120000000003
2015-10-26 23:00:00,0,22.8,48.0,7.4,13480.7
2015-10-27 00:00:00,0,22.8,41.0,9.3,13329.28
2015-10-27 01:00:00,0,23.3,38.0,5.6,13135.589999999997
2015-10-27 02:00:00,0,22.8,38.0,5.6,13261.05
2015-10-27 03:00:00,0,20.6,45.0,0.0,13172.58
2015-10-27 04:00:00,0,20.0,45.0,5.6,13238.719999999996
2015-10-27 05:00:00,0,18.9,52.0,0.0,13706.480000000001
2015-10-27 06:00:00,0,18.9,50.0,11.1,14449.28
2015-10-27 07:00:00,0,18.9,50.0,7.4,14765.489999999998
2015-10-27 08:00:00,0,20.6,45.0,11.1,15782.51
2015-10-27 09:00:00,0,22.8,38.0,13.0,16751.759999999995
2015-10-27 10:00:00,0,25.6,33.0,16.7,17468.370000000003
2015-10-27 11:00:00,0,26.7,31.0,13.0,17791.349999999995
2015-10-27 12:00:00,0,28.9,27.0,9.3,17865.885000000002
2015-10-27 13:00:00,0,29.4,23.0,0.0,17929.72
2015-10-27 14:00:00,0,30.6,20.0,7.4,17979.242500000008
2015-10-27 15:00:00,0,30.6,18.0,11.1,17844.367500000004
2015-10-27 16:00:00,0,31.1,15.0,9.3,17467.85
2015-10-27 17:00:00,0,30.6,16.0,11.1,16705.359999999997
2015-10-27 18:00:00,0,28.9,20.0,9.3,16144.599999999995
2015-10-27 19:00:00,0,28.9,20.0,5.6,15571.607499999998
2015-10-27 20:00:00,0,27.2,25.0,0.0,15232.767499999998
2015-10-27 21:00:00,0,26.7,26.0,7.4,14560.177499999996
2015-10-27 22:00:00,0,25.6,30.0,7.4,13864.065
2015-10-27 23:00:00,0,23.3,38.0,5.6,13425.644999999997
2015-10-28 00:00:00,0,23.3,37.0,0.0,13093.785
2015-10-28 01:00:00,0,23.3,37.0,0.0,13029.024999999998
2015-10-28 02:00:00,0,21.7,41.0,0.0,13095.3525
2015-10-28 03:00:00,0,20.6,45.0,11.1,13123.355000000003
2015-10-28 04:00:00,0,20.0,49.0,9.3,13163.944999999998
2015-10-28 05:00:00,0,20.6,44.0,13.0,13553.9225
2015-10-28 06:00:00,0,20.0,42.0,13.0,14266.282500000001
2015-10-28 07:00:00,0,20.0,40.0,14.8,14571.255000000001
2015-10-28 08:00:00,0,20.6,40.0,11.1,15535.154999999999
2015-10-28 09:00:00,0,21.7,38.0,11.1,16446.624999999996
2015-10-28 10:00:00,0,22.8,35.0,14.8,17025.375
2015-10-28 11:00:00,0,25.0,31.0,11.1,17362.9825
2015-10-28 12:00:00,0,26.7,29.0,11.1,17639.3
2015-10-28 13:00:00,0,28.3,23.0,11.1,17682.7075
2015-10-28 14:00:00,0,28.3,24.0,0.0,17743.12
2015-10-28 15:00:00,0,29.4,22.0,5.6,17695.569999999992
2015-10-28 16:00:00,0,29.4,20.0,9.3,17307.237500000003
2015-10-28 17:00:00,0,28.9,19.0,5.6,16653.18
2015-10-28 18:00:00,0,27.8,22.0,5.6,16077.670000000002
2015-10-28 19:00:00,0,27.2,25.0,5.6,15573.630000000001
2015-10-28 20:00:00,0,26.7,26.0,5.6,15137.769999999999
2015-10-28 21:00:00,0,25.0,34.0,0.0,14571.630000000001
2015-10-28 22:00:00,0,25.0,32.0,5.6,13739.840000000004
2015-10-28 23:00:00,0,24.4,33.0,9.3,13358.119999999995
2015-10-29 00:00:00,0,24.4,32.0,11.1,13141.390000000001
2015-10-29 01:00:00,0,23.3,38.0,11.1,12996.449999999995
2015-10-29 02:00:00,0,21.7,47.0,14.8,13051.26
2015-10-29 03:00:00,0,21.7,45.0,13.0,13083.309999999998
2015-10-29 04:00:00,0,20.6,58.0,11.1,13189.640000000003
2015-10-29 05:00:00,0,20.6,54.0,18.5,13542.349999999999
2015-10-29 06:00:00,0,20.0,59.0,13.0,14301.1
2015-10-29 07:00:00,0,18.9,68.0,18.5,14678.000000000002
2015-10-29 08:00:00,0,20.0,59.0,18.5,15636.680000000004
2015-10-29 09:00:00,0,21.1,55.0,11.1,16732.110000000004
2015-10-29 10:00:00,0,23.3,46.0,9.3,17466.099999999995
2015-10-29 11:00:00,0,25.0,37.0,16.7,17620.36
2015-10-29 12:00:00,0,26.1,34.0,11.1,17662.21
2015-10-29 13:00:00,0,27.2,33.0,14.8,17644.78
2015-10-29 14:00:00,0,26.7,27.0,24.1,17617.210000000003
2015-10-29 15:00:00,0,25.0,29.0,14.8,17492.23
2015-10-29 16:00:00,0,24.4,31.0,16.7,17204.53
2015-10-29 17:00:00,0,23.3,34.0,25.9,16527.299999999996
2015-10-29 18:00:00,0,21.1,41.0,20.4,16040.509999999998
2015-10-29 19:00:00,0,20.0,49.0,18.5,15560.369999999995
2015-10-29 20:00:00,0,18.3,61.0,16.7,15110.630000000001
2015-10-29 21:00:00,0,18.9,54.0,13.0,14650.43
2015-10-29 22:00:00,0,18.9,54.0,11.1,13812.650000000001
2015-10-29 23:00:00,0,18.3,56.0,9.3,13354.879999999997
2015-10-30 00:00:00,0,18.3,63.0,0.0,13080.929999999995
2015-10-30 01:00:00,0,17.8,67.0,5.6,12937.660000000002
2015-10-30 02:00:00,0,17.2,75.0,9.3,13154.250000000002
2015-10-30 03:00:00,0,16.7,78.0,7.4,13100.509999999995
2015-10-30 04:00:00,0,15.6,93.0,5.6,13237.750000000002
2015-10-30 05:00:00,0,16.1,83.0,0.0,13650.759999999998
2015-10-30 06:00:00,0,16.1,81.0,0.0,14342.190000000004
2015-10-30 07:00:00,0,16.1,78.0,0.0,14740.420000000004
2015-10-30 08:00:00,0,16.7,72.0,11.1,15547.569999999998
2015-10-30 09:00:00,0,18.9,59.0,11.1,16344.159999999994
2015-10-30 10:00:00,0,19.4,57.0,13.0,16818.439999999995
2015-10-30 11:00:00,0,21.1,47.0,5.6,17019.410000000007
2015-10-30 12:00:00,0,22.2,44.0,5.6,17108.780000000002
2015-10-30 13:00:00,0,22.8,39.0,7.4,17087.41
2015-10-30 14:00:00,0,24.4,33.0,11.1,17028.950000000004
2015-10-30 15:00:00,0,25.6,27.0,16.7,16916.85
2015-10-30 16:00:00,0,25.6,25.0,22.2,16597.920000000006
2015-10-30 17:00:00,0,25.6,24.0,14.8,15968.449999999999
2015-10-30 18:00:00,0,25.0,24.0,13.0,15327.339999999998
2015-10-30 19:00:00,0,24.4,24.0,11.1,14880.290000000003
2015-10-30 20:00:00,0,23.3,28.0,5.6,14539.150000000005
2015-10-30 21:00:00,0,22.2,31.0,0.0,14217.53
2015-10-30 22:00:00,0,22.2,33.0,5.6,13566.749999999998
2015-10-30 23:00:00,0,21.1,33.0,13.0,13133.070000000002
2015-10-31 00:00:00,0,18.3,47.0,0.0,12880.969999999998
2015-10-31 01:00:00,0,17.8,50.0,5.6,12838.570000000002
2015-10-31 02:00:00,0,17.2,56.0,0.0,12752.239999999998
2015-10-31 03:00:00,0,16.7,52.0,0.0,12776.41
2015-10-31 04:00:00,0,16.1,52.0,7.4,12974.12
2015-10-31 05:00:00,0,15.6,55.0,0.0,13183.8
2015-10-31 06:00:00,0,15.0,55.0,5.6,13565.670000000002
2015-10-31 07:00:00,0,14.4,56.0,7.4,13627.119999999997
2015-10-31 08:00:00,0,16.1,62.0,5.6,13801.920000000002
2015-10-31 09:00:00,0,17.8,41.0,7.4,13847.449999999999
2015-10-31 10:00:00,0,21.1,31.0,7.4,13896.97
2015-10-31 11:00:00,0,22.8,26.0,0.0,14058.710000000003
2015-10-31 12:00:00,0,25.0,23.0,0.0,14117.859999999999
2015-10-31 13:00:00,0,25.6,19.0,5.6,14034.059999999998
2015-10-31 14:00:00,0,26.7,17.0,5.6,13997.669999999998
2015-10-31 15:00:00,0,26.7,17.0,9.3,13967.480000000005
2015-10-31 16:00:00,0,27.8,18.0,14.8,13794.490000000002
2015-10-31 17:00:00,0,27.2,20.0,11.1,13655.000000000002
2015-10-31 18:00:00,0,25.6,24.0,9.3,13720.67
2015-10-31 19:00:00,0,23.3,30.0,9.3,13569.829999999998
2015-10-31 20:00:00,0,25.0,24.0,7.4,13407.960000000001
2015-10-31 21:00:00,0,22.8,30.0,5.6,13310.230000000003
2015-10-31 22:00:00,0,21.1,35.0,9.3,13071.030000000002
2015-10-31 23:00:00,0,20.6,36.0,9.3,12805.640000000003
2015-11-01 00:00:00,0,18.9,43.0,13.0,12651.510000000002
2015-11-01 01:00:00,0,18.3,47.0,11.1,12667.29
2015-11-01 02:00:00,0,17.8,46.0,13.0,12626.97
2015-11-01 03:00:00,0,17.2,48.0,11.1,12660.61
2015-11-01 04:00:00,0,16.1,54.0,13.0,12915.77
2015-11-01 05:00:00,0,16.1,52.0,16.7,12997.920000000002
2015-11-01 06:00:00,0,15.0,58.0,13.0,13276.050000000003
2015-11-01 07:00:00,0,15.0,58.0,14.8,13238.999999999996
2015-11-01 08:00:00,0,16.7,53.0,11.1,13212.679999999998
2015-11-01 09:00:00,0,18.9,45.0,16.7,13235.55
2015-11-01 10:00:00,0,21.1,38.0,11.1,13379.539999999994
2015-11-01 11:00:00,0,23.3,30.0,0.0,13515.56
2015-11-01 12:00:00,0,25.0,28.0,5.6,13666.740000000002
2015-11-01 13:00:00,0,26.1,24.0,5.6,13722.66
2015-11-01 14:00:00,0,27.8,22.0,7.4,13790.179999999998
2015-11-01 15:00:00,0,28.9,20.0,5.6,13789.019999999997
2015-11-01 16:00:00,0,28.9,19.0,0.0,13771.920000000002
2015-11-01 17:00:00,0,28.3,21.0,0.0,13710.329999999996
2015-11-01 18:00:00,0,27.8,22.0,0.0,13829.150000000001
2015-11-01 19:00:00,0,26.7,24.0,0.0,13750.499999999996
2015-11-01 20:00:00,0,23.3,35.0,0.0,13432.15
2015-11-01 21:00:00,0,23.3,34.0,5.6,13258.42
2015-11-01 22:00:00,0,21.7,39.0,9.3,13093.219999999998
2015-11-01 23:00:00,0,20.6,42.0,14.8,12882.989999999996
2015-11-02 00:00:00,0,19.4,44.0,13.0,12780.6
2015-11-02 01:00:00,0,18.9,45.0,7.4,12841.58
2015-11-02 02:00:00,0,17.8,52.0,11.1,12935.45
2015-11-02 03:00:00,0,17.8,50.0,9.3,13140.070000000002
2015-11-02 04:00:00,0,17.8,48.0,11.1,13513.19
2015-11-02 05:00:00,0,17.2,54.0,9.3,13915.540000000005
2015-11-02 06:00:00,0,17.2,54.0,11.1,14524.809999999996
2015-11-02 07:00:00,0,16.1,58.0,7.4,14870.920000000004
2015-11-02 08:00:00,0,17.2,56.0,11.1,15602.030000000006
2015-11-02 09:00:00,0,20.0,45.0,14.8,16478.13
2015-11-02 10:00:00,0,22.2,40.0,13.0,16992.550000000003
2015-11-02 11:00:00,0,24.4,35.0,16.7,17297.890000000003
2015-11-02 12:00:00,0,26.7,28.0,16.7,17498.339999999997
2015-11-02 13:00:00,0,28.9,25.0,11.1,17570.68
2015-11-02 14:00:00,0,30.0,20.0,0.0,17655.589999999993
2015-11-02 15:00:00,0,30.0,20.0,13.0,17554.96
2015-11-02 16:00:00,0,30.6,17.0,7.4,17203.739999999998
2015-11-02 17:00:00,0,30.0,18.0,9.3,16544.829999999998
2015-11-02 18:00:00,0,28.3,19.0,7.4,16126.920000000002
2015-11-02 19:00:00,0,26.7,22.0,7.4,15486.160000000002
2015-11-02 20:00:00,0,25.0,24.0,11.1,15087.530000000002
2015-11-02 21:00:00,0,24.4,26.0,9.3,14541.330000000004
2015-11-02 22:00:00,0,23.3,28.0,13.0,13834.989999999998
2015-11-02 23:00:00,0,22.2,31.0,16.7,13513.520000000002
2015-11-03 00:00:00,0,21.7,30.0,9.3,13159.020000000002
2015-11-03 01:00:00,0,22.2,28.0,13.0,13018.079999999998
2015-11-03 02:00:00,0,22.8,30.0,25.9,13193.86
2015-11-03 03:00:00,0,20.0,37.0,13.0,13127.26
2015-11-03 04:00:00,0,18.9,42.0,16.7,13199.020000000002
2015-11-03 05:00:00,0,17.8,45.0,5.6,13620.749999999998
2015-11-03 06:00:00,0,18.3,43.0,5.6,14406.329999999998
2015-11-03 07:00:00,0,18.3,43.0,11.1,14758.369999999997
2015-11-03 08:00:00,0,20.0,39.0,14.8,15606.460000000001
2015-11-03 09:00:00,0,21.7,35.0,22.2,16551.300000000003
2015-11-03 10:00:00,0,24.4,31.0,20.4,17092.91
2015-11-03 11:00:00,0,26.7,28.0,22.2,17357.66
2015-11-03 12:00:00,0,26.7,29.0,24.1,17522.909999999996
2015-11-03 13:00:00,0,28.3,27.0,20.4,17623.25
2015-11-03 14:00:00,0,25.6,37.0,24.1,17748.59999999999
2015-11-03 15:00:00,0,25.0,34.0,37.0,17649.484999999997
2015-11-03 16:00:00,0,23.9,29.0,37.0,17281.960000000006
2015-11-03 17:00:00,0,22.8,30.0,38.9,16505.68
2015-11-03 18:00:00,0,21.7,32.0,29.6,16071.260000000002
2015-11-03 19:00:00,0,20.6,26.0,22.2,15572.560000000001
2015-11-03 20:00:00,0,20.0,27.0,14.8,15037.689999999999
2015-11-03 21:00:00,0,20.0,28.0,16.7,14538.289999999997
2015-11-03 22:00:00,0,19.4,30.0,16.7,13736.69
2015-11-03 23:00:00,0,18.3,42.0,9.3,13326.639999999998
2015-11-04 00:00:00,0,17.8,43.0,16.7,13016.970000000001
2015-11-04 01:00:00,0,16.1,56.0,14.8,12994.750000000002
2015-11-04 02:00:00,0,15.6,67.0,14.8,13098.14
2015-11-04 03:00:00,0,15.0,67.0,11.1,13079.189999999999
2015-11-04 04:00:00,0,15.0,69.0,9.3,13170.370000000003
2015-11-04 05:00:00,0,14.4,72.0,5.6,13618.919999999996
2015-11-04 06:00:00,0,13.9,64.0,11.1,14381.920000000006
2015-11-04 07:00:00,0,13.9,74.0,11.1,14859.630000000001
2015-11-04 08:00:00,0,13.9,83.0,11.1,15659.109999999997
2015-11-04 09:00:00,0,15.0,62.0,9.3,16459.37
2015-11-04 10:00:00,0,14.4,60.0,9.3,16920.530000000002
2015-11-04 11:00:00,0,16.7,56.0,18.5,17292.49
2015-11-04 12:00:00,0,18.3,43.0,7.4,17525.26
2015-11-04 13:00:00,0,18.3,40.0,20.4,17368.49
2015-11-04 14:00:00,0,18.3,40.0,11.1,17362.479999999996
2015-11-04 15:00:00,0,18.9,36.0,24.1,17261.100000000002
2015-11-04 16:00:00,0,19.4,32.0,14.8,17057.380000000005
2015-11-04 17:00:00,0,19.4,32.0,20.4,16546.63
2015-11-04 18:00:00,0,15.6,55.0,22.2,16128.600000000002
2015-11-04 19:00:00,0,14.4,62.0,13.0,15680.070000000003
2015-11-04 20:00:00,0,13.3,69.0,14.8,15205.599999999997
2015-11-04 21:00:00,0,12.8,72.0,11.1,14697.470000000001
2015-11-04 22:00:00,0,12.8,69.0,5.6,13903.040000000003
2015-11-04 23:00:00,0,12.2,72.0,9.3,13379.82
2015-11-05 00:00:00,0,12.2,75.0,5.6,13104.84
2015-11-05 01:00:00,0,12.8,72.0,5.6,13024.810000000001
2015-11-05 02:00:00,0,12.2,77.0,11.1,13183.160000000003
2015-11-05 03:00:00,0,11.7,80.0,7.4,13207.149999999998
2015-11-05 04:00:00,0,11.1,86.0,5.6,13358.130000000001
2015-11-05 05:00:00,0,11.1,80.0,5.6,13830.329999999996
2015-11-05 06:00:00,0,10.6,86.0,0.0,14932.83
2015-11-05 07:00:00,0,10.0,89.0,5.6,15318.685000000001
2015-11-05 08:00:00,0,11.1,77.0,7.4,16228.449999999995
2015-11-05 09:00:00,0,12.8,72.0,9.3,16812.08
2015-11-05 10:00:00,0,13.3,69.0,7.4,17287.349999999995
2015-11-05 11:00:00,0,13.9,59.0,9.3,17444.19
2015-11-05 12:00:00,0,16.1,50.0,0.0,17444.53
2015-11-05 13:00:00,0,17.2,43.0,9.3,17439.969999999998
2015-11-05 14:00:00,0,17.8,37.0,5.6,17419.990000000005
2015-11-05 15:00:00,0,18.3,33.0,5.6,17377.180000000004
2015-11-05 16:00:00,0,18.9,30.0,14.8,17165.309999999998
2015-11-05 17:00:00,0,18.3,33.0,7.4,16640.510000000002
2015-11-05 18:00:00,0,17.8,35.0,7.4,16203.049999999997
2015-11-05 19:00:00,0,17.8,34.0,13.0,15698.18
2015-11-05 20:00:00,0,17.2,35.0,13.0,15271.4
2015-11-05 21:00:00,0,13.9,53.0,7.4,14799.289999999997
2015-11-05 22:00:00,0,15.6,42.0,9.3,13971.340000000002
2015-11-05 23:00:00,0,12.8,57.0,9.3,13366.48
2015-11-06 00:00:00,0,12.2,59.0,7.4,13085.169999999996
2015-11-06 01:00:00,0,12.2,57.0,7.4,13096.620000000003
2015-11-06 02:00:00,0,10.6,66.0,5.6,13304.2
2015-11-06 03:00:00,0,10.0,68.0,7.4,13316.349999999999
2015-11-06 04:00:00,0,10.0,68.0,5.6,13332.950000000003
2015-11-06 05:00:00,0,10.6,66.0,9.3,13994.870000000003
2015-11-06 06:00:00,0,9.4,71.0,5.6,14897.625
2015-11-06 07:00:00,0,10.0,68.0,7.4,15154.8
2015-11-06 08:00:00,0,10.6,66.0,0.0,16038.470000000001
2015-11-06 09:00:00,0,12.2,59.0,0.0,16649.190000000002
2015-11-06 10:00:00,0,15.0,46.0,0.0,16981.88
2015-11-06 11:00:00,0,16.1,41.0,5.6,16958.959999999992
2015-11-06 12:00:00,0,18.9,33.0,5.6,17008.989999999994
2015-11-06 13:00:00,0,19.4,27.0,9.3,17082.629999999997
2015-11-06 14:00:00,0,21.1,18.0,11.1,17084.024999999998
2015-11-06 15:00:00,0,21.7,17.0,7.4,16790.212500000005
2015-11-06 16:00:00,0,22.8,18.0,16.7,16489.38
2015-11-06 17:00:00,0,22.8,20.0,14.8,15833.569999999998
2015-11-06 18:00:00,0,20.6,24.0,16.7,15248.670000000004
2015-11-06 19:00:00,0,19.4,31.0,13.0,14861.86
2015-11-06 20:00:00,0,18.9,30.0,7.4,14462.749999999998
2015-11-06 21:00:00,0,18.9,28.0,7.4,14161.019999999997
2015-11-06 22:00:00,0,16.7,38.0,5.6,13507.349999999997
2015-11-06 23:00:00,0,15.6,39.0,0.0,13031.239999999998
2015-11-07 00:00:00,0,15.6,38.0,7.4,12799.859999999997
2015-11-07 01:00:00,0,13.3,47.0,7.4,12700.619999999999
2015-11-07 02:00:00,0,12.8,47.0,5.6,12716.749999999998
2015-11-07 03:00:00,0,11.7,55.0,0.0,12668.63
2015-11-07 04:00:00,0,12.2,49.0,0.0,12849.010000000002
2015-11-07 05:00:00,0,11.7,55.0,5.6,13093.180000000002
2015-11-07 06:00:00,0,11.7,52.0,0.0,13567.640000000003
2015-11-07 07:00:00,0,10.6,56.0,5.6,13659.530000000002
2015-11-07 08:00:00,0,12.2,51.0,0.0,13715.170000000002
2015-11-07 09:00:00,0,15.0,38.0,7.4,13790.02
2015-11-07 10:00:00,0,17.8,30.0,7.4,13878.19
2015-11-07 11:00:00,0,20.6,23.0,0.0,13979.21
2015-11-07 12:00:00,0,22.8,20.0,0.0,14047.0125
2015-11-07 13:00:00,0,24.4,18.0,18.5,13989.32
2015-11-07 14:00:00,0,25.6,17.0,16.7,13924.490000000002
2015-11-07 15:00:00,0,26.1,17.0,5.6,13797.230000000003
2015-11-07 16:00:00,0,26.1,17.0,0.0,13717.040000000003
2015-11-07 17:00:00,0,26.7,17.0,0.0,13548.690000000004
2015-11-07 18:00:00,0,23.9,23.0,7.4,13620.54
2015-11-07 19:00:00,0,21.7,28.0,5.6,13465.950000000003
2015-11-07 20:00:00,0,22.2,24.0,5.6,13312.62
2015-11-07 21:00:00,0,18.3,39.0,7.4,13248.279999999995
2015-11-07 22:00:00,0,18.9,33.0,0.0,12914.519999999999
2015-11-07 23:00:00,0,17.8,35.0,0.0,12716.75
2015-11-08 00:00:00,0,16.7,41.0,5.6,12589.27
2015-11-08 01:00:00,0,16.1,44.0,7.4,12533.429999999997
2015-11-08 02:00:00,0,17.8,34.0,7.4,12550.649999999998
2015-11-08 03:00:00,0,16.7,38.0,5.6,12517.049999999997
2015-11-08 04:00:00,0,16.7,38.0,0.0,12827.560000000001
2015-11-08 05:00:00,0,16.7,38.0,0.0,12930.220000000001
2015-11-08 06:00:00,0,15.6,44.0,5.6,13226.19
2015-11-08 07:00:00,0,15.0,46.0,5.6,13241.469999999998
2015-11-08 08:00:00,0,16.7,43.0,0.0,13145.889999999996
2015-11-08 09:00:00,0,19.4,37.0,13.0,13215.68
2015-11-08 10:00:00,0,21.7,30.0,5.6,13319.489999999998
2015-11-08 11:00:00,0,23.9,26.0,9.3,13416.33
2015-11-08 12:00:00,0,25.0,25.0,7.4,13554.440000000002
2015-11-08 13:00:00,0,26.1,23.0,0.0,13572.410000000003
2015-11-08 14:00:00,0,27.8,19.0,16.7,13630.82
2015-11-08 15:00:00,0,26.7,20.0,5.6,13656.21
2015-11-08 16:00:00,0,26.7,20.0,0.0,13484.599999999999
2015-11-08 17:00:00,0,27.2,21.0,0.0,13534.74
2015-11-08 18:00:00,0,25.0,25.0,0.0,13632.980000000003
2015-11-08 19:00:00,0,22.8,30.0,9.3,13475.979999999998
2015-11-08 20:00:00,0,21.1,35.0,9.3,13173.98
2015-11-08 21:00:00,0,20.6,38.0,0.0,13007.809999999998
2015-11-08 22:00:00,0,19.4,37.0,0.0,12901.58
2015-11-08 23:00:00,0,17.8,46.0,5.6,12753.400000000001
2015-11-09 00:00:00,0,16.7,48.0,7.4,12648.859999999999
2015-11-09 01:00:00,0,16.7,50.0,0.0,12637.910000000002
2015-11-09 02:00:00,0,16.1,54.0,9.3,12874.35
2015-11-09 03:00:00,0,15.6,53.0,5.6,13052.060000000001
2015-11-09 04:00:00,0,14.4,56.0,11.1,13280.97
2015-11-09 05:00:00,0,13.9,55.0,11.1,13834.79
2015-11-09 06:00:00,0,13.3,60.0,11.1,14666.539999999995
2015-11-09 07:00:00,0,13.9,57.0,13.0,15174.99
2015-11-09 08:00:00,0,15.0,53.0,14.8,15880.040000000003
2015-11-09 09:00:00,0,17.2,45.0,11.1,16489.170000000002
2015-11-09 10:00:00,0,19.4,37.0,9.3,16916.87
2015-11-09 11:00:00,0,21.7,30.0,9.3,17144.489999999998
2015-11-09 12:00:00,0,23.3,26.0,9.3,17283.820000000003
2015-11-09 13:00:00,0,25.0,24.0,7.4,17338.24
2015-11-09 14:00:00,0,26.1,21.0,13.0,17389.89
2015-11-09 15:00:00,0,25.6,17.0,0.0,17307.940000000002
2015-11-09 16:00:00,0,26.7,14.0,13.0,16950.31
2015-11-09 17:00:00,0,26.1,15.0,7.4,16370.32
2015-11-09 18:00:00,0,25.0,19.0,16.7,15869.770000000004
2015-11-09 19:00:00,0,23.3,24.0,11.1,15349.069999999998
2015-11-09 20:00:00,0,21.1,29.0,0.0,14936.02
2015-11-09 21:00:00,0,19.4,34.0,5.6,14453.35
2015-11-09 22:00:00,0,18.3,37.0,7.4,13625.850000000002
2015-11-09 23:00:00,0,17.8,41.0,9.3,13217.92
2015-11-10 00:00:00,0,16.7,39.0,11.1,13054.670000000002
2015-11-10 01:00:00,0,15.6,44.0,14.8,12964.119999999997
2015-11-10 02:00:00,0,15.6,42.0,13.0,13040.440000000004
2015-11-10 03:00:00,0,14.4,46.0,14.8,13046.419999999998
2015-11-10 04:00:00,0,13.9,45.0,13.0,13172.22
2015-11-10 05:00:00,0,13.3,49.0,11.1,13639.609999999997
2015-11-10 06:00:00,0,13.3,51.0,11.1,14646.120000000003
2015-11-10 07:00:00,0,13.9,49.0,5.6,15305.747499999994
2015-11-10 08:00:00,0,14.4,49.0,9.3,15772.487499999997
2015-11-10 09:00:00,0,15.6,49.0,7.4,16618.57
2015-11-10 10:00:00,0,17.2,50.0,11.1,16802.810000000005
2015-11-10 11:00:00,0,17.2,46.0,7.4,17209.309999999994
2015-11-10 12:00:00,0,18.3,33.0,24.1,17334.44
2015-11-10 13:00:00,0,20.6,29.0,13.0,17271.51
2015-11-10 14:00:00,0,21.7,26.0,31.5,17232.19
2015-11-10 15:00:00,0,21.1,27.0,25.9,17186.5825
2015-11-10 16:00:00,0,21.7,24.0,24.1,16946.769999999997
2015-11-10 17:00:00,0,20.6,22.0,35.2,16339.380000000001
2015-11-10 18:00:00,0,18.9,25.0,20.4,15859.01
2015-11-10 19:00:00,0,18.3,25.0,20.4,15547.099999999997
2015-11-10 20:00:00,0,17.2,23.0,22.2,15037.839999999998
2015-11-10 21:00:00,0,16.7,22.0,22.2,14418.069999999996
2015-11-10 22:00:00,0,15.0,25.0,7.4,13711.82
2015-11-10 23:00:00,0,14.4,26.0,9.3,13183.510000000002
2015-11-11 00:00:00,1,13.9,28.0,11.1,12891.840000000004
2015-11-11 01:00:00,1,11.7,37.0,7.4,12849.649999999998
2015-11-11 02:00:00,1,12.8,30.0,7.4,13137.69
2015-11-11 03:00:00,1,12.2,31.0,5.6,13102.119999999999
2015-11-11 04:00:00,1,11.7,32.0,11.1,13244.150000000003
2015-11-11 05:00:00,1,9.4,43.0,0.0,13690.66
2015-11-11 06:00:00,1,8.9,46.0,9.3,14334.1225
2015-11-11 07:00:00,1,10.0,41.0,0.0,14115.06
2015-11-11 08:00:00,1,10.0,43.0,7.4,14325.097500000002
2015-11-11 09:00:00,1,11.7,37.0,0.0,14480.690000000002
2015-11-11 10:00:00,1,14.4,31.0,5.6,14423.490000000003
2015-11-11 11:00:00,1,15.6,28.0,5.6,14445.470000000001
2015-11-11 12:00:00,1,16.7,26.0,0.0,14424.829999999994
2015-11-11 13:00:00,1,17.8,23.0,11.1,14415.039999999995
2015-11-11 14:00:00,1,18.3,21.0,5.6,14474.330000000002
2015-11-11 15:00:00,1,19.4,18.0,5.6,14336.229999999998
2015-11-11 16:00:00,1,19.4,17.0,9.3,14370.039999999999
2015-11-11 17:00:00,1,18.9,18.0,13.0,14317.119999999997
2015-11-11 18:00:00,1,17.8,23.0,7.4,14264.419999999998
2015-11-11 19:00:00,1,16.1,27.0,7.4,14213.05
2015-11-11 20:00:00,1,15.6,28.0,5.6,14011.14
2015-11-11 21:00:00,1,15.6,27.0,0.0,13887.39
2015-11-11 22:00:00,1,13.9,33.0,0.0,13368.5
2015-11-11 23:00:00,1,12.8,38.0,7.4,12966.369999999995
2015-11-12 00:00:00,0,11.1,49.0,7.4,12888.280000000004
2015-11-12 01:00:00,0,11.7,43.0,0.0,12921.45
2015-11-12 02:00:00,0,10.6,46.0,0.0,13167.35
2015-11-12 03:00:00,0,9.4,52.0,5.6,13219.360000000004
2015-11-12 04:00:00,0,9.4,48.0,0.0,13429.77
2015-11-12 05:00:00,0,8.9,52.0,0.0,14090.179999999998
2015-11-12 06:00:00,0,8.3,54.0,0.0,15051.124999999998
2015-11-12 07:00:00,0,8.9,52.0,5.6,15401.3925
2015-11-12 08:00:00,0,11.1,43.0,0.0,16424.865000000005
2015-11-12 09:00:00,0,13.9,34.0,7.4,17289.350000000002
2015-11-12 10:00:00,0,16.7,23.0,0.0,17473.280000000002
2015-11-12 11:00:00,0,20.0,14.0,18.5,17490.899999999998
2015-11-12 12:00:00,0,21.7,13.0,16.7,17545.709999999995
2015-11-12 13:00:00,0,22.8,11.0,18.5,17491.31
2015-11-12 14:00:00,0,23.9,11.0,9.3,17448.939999999995
2015-11-12 15:00:00,0,24.4,10.0,5.6,17388.48
2015-11-12 16:00:00,0,24.4,10.0,0.0,17137.439999999995
2015-11-12 17:00:00,0,24.4,10.0,0.0,16589.22
2015-11-12 18:00:00,0,21.7,15.0,5.6,16123.329999999994
2015-11-12 19:00:00,0,22.2,11.0,11.1,15563.009999999998
2015-11-12 20:00:00,0,18.3,19.0,7.4,15021.060000000001
2015-11-12 21:00:00,0,17.2,21.0,0.0,14598.169999999998
2015-11-12 22:00:00,0,15.6,25.0,5.6,13803.699999999999
2015-11-12 23:00:00,0,13.9,30.0,0.0,13283.8
2015-11-13 00:00:00,0,13.3,30.0,7.4,13040.189999999999
2015-11-13 01:00:00,0,12.8,33.0,0.0,12955.540000000003
2015-11-13 02:00:00,0,12.8,31.0,7.4,13123.300000000001
2015-11-13 03:00:00,0,11.7,37.0,7.4,13224.750000000004
2015-11-13 04:00:00,0,11.7,37.0,7.4,13223.399999999996
2015-11-13 05:00:00,0,11.1,40.0,0.0,13833.16
2015-11-13 06:00:00,0,11.7,40.0,0.0,14990.564999999999
2015-11-13 07:00:00,0,11.7,37.0,0.0,15348.267500000002
2015-11-13 08:00:00,0,12.2,40.0,7.4,16124.697499999997
2015-11-13 09:00:00,0,19.4,17.0,20.4,16593.760000000002
2015-11-13 10:00:00,0,21.1,14.0,29.6,16817.340000000004
2015-11-13 11:00:00,0,22.8,13.0,22.2,17006.379999999997
2015-11-13 12:00:00,0,24.4,11.0,29.6,16999.1
2015-11-13 13:00:00,0,24.4,11.0,9.3,16954.06
2015-11-13 14:00:00,0,26.1,10.0,7.4,16959.65
2015-11-13 15:00:00,0,26.7,9.0,9.3,16853.470000000005
2015-11-13 16:00:00,0,26.7,9.0,11.1,16557.27
2015-11-13 17:00:00,0,26.7,9.0,9.3,15922.549999999997
2015-11-13 18:00:00,0,25.0,11.0,7.4,15332.029999999995
2015-11-13 19:00:00,0,21.1,17.0,7.4,14876.349999999999
2015-11-13 20:00:00,0,20.6,18.0,5.6,14572.450000000003
2015-11-13 21:00:00,0,18.9,20.0,7.4,14291.430000000002
2015-11-13 22:00:00,0,18.3,20.0,0.0,13653.86
2015-11-13 23:00:00,0,18.3,20.0,7.4,13254.420000000004
2015-11-14 00:00:00,0,16.7,24.0,7.4,12949.480000000001
2015-11-14 01:00:00,0,13.9,33.0,7.4,12952.719999999998
2015-11-14 02:00:00,0,13.9,33.0,0.0,12829.52
2015-11-14 03:00:00,0,13.9,33.0,0.0,12836.92
2015-11-14 04:00:00,0,12.2,40.0,0.0,12990.36
2015-11-14 05:00:00,0,12.8,35.0,7.4,13187.199999999997
2015-11-14 06:00:00,0,12.2,37.0,7.4,13631.439999999999
2015-11-14 07:00:00,0,11.7,37.0,9.3,13690.080000000004
2015-11-14 08:00:00,0,12.2,38.0,11.1,13786.420000000002
2015-11-14 09:00:00,0,15.0,28.0,11.1,13868.45
2015-11-14 10:00:00,0,17.8,24.0,11.1,13884.170000000004
2015-11-14 11:00:00,0,20.0,21.0,7.4,13892.270000000002
2015-11-14 12:00:00,0,22.2,17.0,9.3,14078.83
2015-11-14 13:00:00,0,24.4,14.0,7.4,13977.789999999999
2015-11-14 14:00:00,0,24.4,14.0,9.3,13934.1
2015-11-14 15:00:00,0,25.6,13.0,5.6,13907.18
2015-11-14 16:00:00,0,25.0,13.0,5.6,13717.570000000002
2015-11-14 17:00:00,0,24.4,13.0,5.6,13717.44
2015-11-14 18:00:00,0,22.2,17.0,0.0,13644.94
2015-11-14 19:00:00,0,20.0,21.0,0.0,13544.019999999999
2015-11-14 20:00:00,0,18.9,24.0,0.0,13385.000000000004
2015-11-14 21:00:00,0,17.2,28.0,0.0,13258.170000000002
2015-11-14 22:00:00,0,16.7,31.0,9.3,13032.720000000003
2015-11-14 23:00:00,0,15.0,33.0,7.4,12892.720000000001
2015-11-15 00:00:00,0,15.6,30.0,11.1,12789.51
2015-11-15 01:00:00,0,15.0,31.0,9.3,12815.380000000001
2015-11-15 02:00:00,0,14.4,32.0,7.4,12760.639999999998
2015-11-15 03:00:00,0,15.0,29.0,7.4,12781.480000000001
2015-11-15 04:00:00,0,14.4,31.0,11.1,13043.010000000004
2015-11-15 05:00:00,0,13.9,34.0,11.1,13216.189999999997
2015-11-15 06:00:00,0,13.9,33.0,11.1,13528.590000000002
2015-11-15 07:00:00,0,13.9,34.0,11.1,13495.71
2015-11-15 08:00:00,0,15.0,38.0,13.0,13336.749999999996
2015-11-15 09:00:00,0,15.6,39.0,13.0,13350.05
2015-11-15 10:00:00,0,17.2,45.0,13.0,13337.579999999998
2015-11-15 11:00:00,0,18.3,43.0,18.5,13363.51
2015-11-15 12:00:00,0,17.2,54.0,20.4,13511.140000000005
2015-11-15 13:00:00,0,16.7,62.0,7.4,13638.830000000002
2015-11-15 14:00:00,0,16.1,70.0,18.5,13757.370000000004
2015-11-15 15:00:00,0,14.4,84.0,0.0,13769.070000000002
2015-11-15 16:00:00,0,15.0,81.0,7.4,13705.220000000003
2015-11-15 17:00:00,0,15.0,81.0,7.4,13793.649999999998
2015-11-15 18:00:00,0,15.0,81.0,13.0,13937.669999999998
2015-11-15 19:00:00,0,14.4,87.0,11.1,13833.249999999998
2015-11-15 20:00:00,0,14.4,90.0,5.6,13482.31
2015-11-15 21:00:00,0,14.4,90.0,0.0,13254.59
2015-11-15 22:00:00,0,14.4,90.0,9.3,13218.690000000002
2015-11-15 23:00:00,0,14.4,90.0,14.8,13032.03
2015-11-16 00:00:00,0,14.4,90.0,7.4,12976.120000000004
2015-11-16 01:00:00,0,15.0,83.0,14.8,12965.220000000003
2015-11-16 02:00:00,0,15.6,72.0,29.6,13167.050000000001
2015-11-16 03:00:00,0,15.0,67.0,25.9,13372.969999999998
2015-11-16 04:00:00,0,14.4,62.0,25.9,13712.569999999998
2015-11-16 05:00:00,0,13.3,57.0,22.2,14184.4
2015-11-16 06:00:00,0,12.8,51.0,24.1,15261.532500000001
2015-11-16 07:00:00,0,12.2,53.0,25.9,15524.479999999998
2015-11-16 08:00:00,0,12.2,55.0,22.2,16355.189999999995
2015-11-16 09:00:00,0,13.3,49.0,24.1,17007.11
2015-11-16 10:00:00,0,11.1,57.0,18.5,17080.5825
2015-11-16 11:00:00,0,12.2,53.0,20.4,17297.885
2015-11-16 12:00:00,0,13.9,40.0,38.9,17387.007500000003
2015-11-16 13:00:00,0,13.9,42.0,37.0,17495.054999999997
2015-11-16 14:00:00,0,13.9,40.0,38.9,17616.250000000004
2015-11-16 15:00:00,0,13.9,39.0,24.1,17481.207499999997
2015-11-16 16:00:00,0,14.4,33.0,22.2,17405.459999999995
2015-11-16 17:00:00,0,14.4,33.0,25.9,16846.18
2015-11-16 18:00:00,0,14.4,35.0,13.0,16501.170000000002
2015-11-16 19:00:00,0,13.9,40.0,7.4,16033.769999999999
2015-11-16 20:00:00,0,13.3,37.0,14.8,15570.909999999996
2015-11-16 21:00:00,0,12.2,38.0,16.7,15190.34
2015-11-16 22:00:00,0,10.6,46.0,11.1,14347.1
2015-11-16 23:00:00,0,11.7,38.0,16.7,13731.309999999998
2015-11-17 00:00:00,0,11.1,37.0,14.8,13520.25
2015-11-17 01:00:00,0,10.6,41.0,7.4,13354.450000000003
2015-11-17 02:00:00,0,8.3,54.0,7.4,13569.03
2015-11-17 03:00:00,0,7.2,63.0,14.8,13663.120000000003
2015-11-17 04:00:00,0,8.3,50.0,9.3,13730.84
2015-11-17 05:00:00,0,8.3,48.0,5.6,14294.252500000002
2015-11-17 06:00:00,0,8.3,48.0,5.6,15414.257500000002
2015-11-17 07:00:00,0,8.3,46.0,7.4,15902.700000000003
2015-11-17 08:00:00,0,8.3,50.0,5.6,16723.967500000002
2015-11-17 09:00:00,0,10.0,44.0,5.6,17593.872499999998
2015-11-17 10:00:00,0,11.1,38.0,0.0,17712.9825
2015-11-17 11:00:00,0,12.2,35.0,0.0,17925.795000000002
2015-11-17 12:00:00,0,13.9,32.0,9.3,17803.26
2015-11-17 13:00:00,0,14.4,31.0,5.6,17929.0325
2015-11-17 14:00:00,0,16.1,27.0,13.0,17884.694999999996
2015-11-17 15:00:00,0,16.7,25.0,14.8,17790.1225
2015-11-17 16:00:00,0,16.1,26.0,14.8,17544.97
2015-11-17 17:00:00,0,16.1,29.0,14.8,16968.649999999994
2015-11-17 18:00:00,0,15.0,32.0,0.0,16493.4925
2015-11-17 19:00:00,0,14.4,36.0,0.0,16065.829999999996
2015-11-17 20:00:00,0,13.3,40.0,7.4,15692.06
2015-11-17 21:00:00,0,12.2,47.0,5.6,15113.010000000002
2015-11-17 22:00:00,0,11.7,48.0,7.4,14302.260000000004
2015-11-17 23:00:00,0,11.7,45.0,13.0,13641.99
2015-11-18 00:00:00,0,10.0,61.0,13.0,13303.189999999999
2015-11-18 01:00:00,0,9.4,59.0,13.0,13240.279999999999
2015-11-18 02:00:00,0,9.4,59.0,13.0,13459.739999999998
2015-11-18 03:00:00,0,8.3,63.0,11.1,13517.460000000001
2015-11-18 04:00:00,0,7.8,66.0,9.3,13639.839999999997
2015-11-18 05:00:00,0,7.2,74.0,9.3,14323.957499999999
2015-11-18 06:00:00,0,7.2,68.0,13.0,15279.559999999996
2015-11-18 07:00:00,0,7.2,71.0,9.3,15743.260000000004
2015-11-18 08:00:00,0,8.3,68.0,9.3,16421.5325
2015-11-18 09:00:00,0,10.6,54.0,13.0,17275.17999999999
2015-11-18 10:00:00,0,12.2,45.0,7.4,17543.209999999995
2015-11-18 11:00:00,0,14.4,33.0,0.0,17695.530000000002
2015-11-18 12:00:00,0,16.1,29.0,9.3,17601.844999999998
2015-11-18 13:00:00,0,16.7,26.0,5.6,17560.77
2015-11-18 14:00:00,0,17.8,25.0,0.0,17538.177499999998
2015-11-18 15:00:00,0,18.3,24.0,9.3,17537.307500000003
2015-11-18 16:00:00,0,18.3,24.0,0.0,17334.867500000008
2015-11-18 17:00:00,0,18.9,25.0,0.0,17041.35
2015-11-18 18:00:00,0,17.2,34.0,5.6,16567.2
2015-11-18 19:00:00,0,15.6,41.0,0.0,16026.09
2015-11-18 20:00:00,0,14.4,44.0,0.0,15486.620000000004
2015-11-18 21:00:00,0,13.3,53.0,5.6,14989.169999999996
2015-11-18 22:00:00,0,12.8,51.0,5.6,14221.909999999998
2015-11-18 23:00:00,0,12.2,55.0,13.0,13618.140000000001
2015-11-19 00:00:00,0,11.1,61.0,7.4,13452.990000000002
2015-11-19 01:00:00,0,10.6,66.0,0.0,13401.599999999999
2015-11-19 02:00:00,0,10.6,66.0,9.3,13535.130000000001
2015-11-19 03:00:00,0,10.0,66.0,7.4,13588.410000000005
2015-11-19 04:00:00,0,9.4,69.0,5.6,13717.14
2015-11-19 05:00:00,0,8.9,71.0,7.4,14353.002499999999
2015-11-19 06:00:00,0,7.8,73.0,13.0,15291.3925
2015-11-19 07:00:00,0,8.3,71.0,14.8,15720.55
2015-11-19 08:00:00,0,8.9,68.0,11.1,16474.2475
2015-11-19 09:00:00,0,11.7,59.0,0.0,17176.072500000002
2015-11-19 10:00:00,0,14.4,47.0,0.0,17435.620000000006
2015-11-19 11:00:00,0,16.1,39.0,9.3,17600.160000000003
2015-11-19 12:00:00,0,18.3,34.0,5.6,17537.357499999995
2015-11-19 13:00:00,0,20.6,30.0,5.6,17645.3125
2015-11-19 14:00:00,0,22.8,24.0,5.6,17616.2
2015-11-19 15:00:00,0,23.9,22.0,11.1,17615.519999999997
2015-11-19 16:00:00,0,23.9,22.0,11.1,17373.670000000002
2015-11-19 17:00:00,0,23.3,24.0,11.1,16826.140000000007
2015-11-19 18:00:00,0,20.6,31.0,9.3,16234.129999999997
2015-11-19 19:00:00,0,20.0,33.0,0.0,15773.530000000002
2015-11-19 20:00:00,0,18.3,36.0,5.6,15284.320000000002
2015-11-19 21:00:00,0,17.2,41.0,5.6,14753.490000000002
2015-11-19 22:00:00,0,16.1,44.0,0.0,13958.439999999999
2015-11-19 23:00:00,0,15.0,49.0,0.0,13492.829999999998
2015-11-20 00:00:00,0,14.4,53.0,0.0,13140.1
2015-11-20 01:00:00,0,13.3,60.0,7.4,13087.85
2015-11-20 02:00:00,0,12.2,59.0,5.6,13297.139999999996
2015-11-20 03:00:00,0,13.3,51.0,9.3,13282.28
2015-11-20 04:00:00,0,12.2,55.0,9.3,13430.359999999997
2015-11-20 05:00:00,0,12.2,53.0,5.6,14033.110000000004
2015-11-20 06:00:00,0,11.7,55.0,11.1,15320.21
2015-11-20 07:00:00,0,11.7,55.0,0.0,15424.212500000003
2015-11-20 08:00:00,0,11.7,57.0,13.0,16163.7725
2015-11-20 09:00:00,0,14.4,47.0,11.1,16867.75
2015-11-20 10:00:00,0,18.3,34.0,13.0,17055.59
2015-11-20 11:00:00,0,20.6,30.0,13.0,17177.454999999998
2015-11-20 12:00:00,0,21.7,26.0,5.6,17263.9325
2015-11-20 13:00:00,0,23.3,24.0,0.0,17197.202500000003
2015-11-20 14:00:00,0,24.4,21.0,5.6,17164.422500000004
2015-11-20 15:00:00,0,25.0,17.0,0.0,17079.809999999998
2015-11-20 16:00:00,0,25.6,16.0,0.0,16794.620000000003
2015-11-20 17:00:00,0,25.6,17.0,7.4,16231.360000000002
2015-11-20 18:00:00,0,22.8,25.0,5.6,15564.110000000002
2015-11-20 19:00:00,0,21.1,29.0,0.0,15069.76
2015-11-20 20:00:00,0,19.4,32.0,5.6,14683.280000000002
2015-11-20 21:00:00,0,18.9,34.0,0.0,14389.409999999994
2015-11-20 22:00:00,0,16.7,48.0,7.4,13771.390000000003
2015-11-20 23:00:00,0,16.1,50.0,0.0,13309.830000000002
2015-11-21 00:00:00,0,16.1,46.0,0.0,12963.59
2015-11-21 01:00:00,0,15.6,46.0,5.6,12899.239999999998
2015-11-21 02:00:00,0,13.9,55.0,0.0,12879.539999999995
2015-11-21 03:00:00,0,14.4,51.0,0.0,12807.850000000002
2015-11-21 04:00:00,0,12.2,64.0,0.0,13021.809999999998
2015-11-21 05:00:00,0,13.3,57.0,0.0,13332.33
2015-11-21 06:00:00,0,10.6,71.0,0.0,13702.440000000002
2015-11-21 07:00:00,0,10.6,66.0,5.6,13792.469999999998
2015-11-21 08:00:00,0,14.4,47.0,5.6,13917.349999999999
2015-11-21 09:00:00,0,18.3,32.0,5.6,13855.410000000003
2015-11-21 10:00:00,0,22.2,17.0,11.1,13893.170000000004
2015-11-21 11:00:00,0,23.3,15.0,18.5,13987.39
2015-11-21 12:00:00,0,24.4,13.0,22.2,14096.520000000002
2015-11-21 13:00:00,0,26.1,13.0,25.9,13982.210000000005
2015-11-21 14:00:00,0,26.7,12.0,22.2,13995.139999999996
2015-11-21 15:00:00,0,27.2,11.0,20.4,13937.610000000002
2015-11-21 16:00:00,0,27.2,11.0,18.5,13913.070000000003
2015-11-21 17:00:00,0,26.7,13.0,13.0,13744.980000000001
2015-11-21 18:00:00,0,25.0,16.0,14.8,13792.050000000008
2015-11-21 19:00:00,0,22.8,20.0,14.8,13583.72
2015-11-21 20:00:00,0,23.3,19.0,14.8,13470.12
2015-11-21 21:00:00,0,23.3,18.0,25.9,13305.999999999996
2015-11-21 22:00:00,0,22.2,17.0,24.1,13054.979999999998
2015-11-21 23:00:00,0,21.1,17.0,20.4,12876.439999999999
2015-11-22 00:00:00,0,20.0,17.0,14.8,12792.509999999997
2015-11-22 01:00:00,0,18.9,19.0,11.1,12721.48
2015-11-22 02:00:00,0,16.1,26.0,0.0,12724.129999999997
2015-11-22 03:00:00,0,14.4,33.0,0.0,12745.250000000004
2015-11-22 04:00:00,0,16.1,25.0,7.4,12932.62
2015-11-22 05:00:00,0,17.8,20.0,16.7,13229.750000000004
2015-11-22 06:00:00,0,17.2,20.0,14.8,13485.850000000002
2015-11-22 07:00:00,0,16.7,21.0,5.6,13522.630000000003
2015-11-22 08:00:00,0,17.8,18.0,20.4,13464.440000000004
2015-11-22 09:00:00,0,19.4,17.0,22.2,13286.840000000002
2015-11-22 10:00:00,0,20.6,15.0,27.8,13294.020000000002
2015-11-22 11:00:00,0,22.8,15.0,18.5,13516.31
2015-11-22 12:00:00,0,23.3,16.0,14.8,13616.91
2015-11-22 13:00:00,0,24.4,15.0,14.8,13727.010000000002
2015-11-22 14:00:00,0,25.6,14.0,14.8,13881.230000000001
2015-11-22 15:00:00,0,26.1,14.0,14.8,13691.710000000005
2015-11-22 16:00:00,0,26.1,14.0,13.0,13633.619999999999
2015-11-22 17:00:00,0,25.6,15.0,11.1,13623.070000000003
2015-11-22 18:00:00,0,24.4,17.0,11.1,13738.5
2015-11-22 19:00:00,0,21.7,22.0,7.4,13614.25
2015-11-22 20:00:00,0,20.0,26.0,5.6,13381.27
2015-11-22 21:00:00,0,18.3,31.0,0.0,13192.369999999999
2015-11-22 22:00:00,0,16.7,37.0,5.6,12957.810000000001
2015-11-22 23:00:00,0,16.7,34.0,5.6,12865.28
2015-11-23 00:00:00,0,15.0,44.0,0.0,12827.250000000002
2015-11-23 01:00:00,0,15.0,39.0,0.0,12762.810000000001
2015-11-23 02:00:00,0,15.0,36.0,0.0,12947.220000000001
2015-11-23 03:00:00,0,14.4,41.0,0.0,13204.310000000003
2015-11-23 04:00:00,0,13.3,45.0,0.0,13620.499999999998
2015-11-23 05:00:00,0,13.3,45.0,0.0,14077.299999999996
2015-11-23 06:00:00,0,12.8,47.0,0.0,14998.990000000002
2015-11-23 07:00:00,0,12.8,43.0,0.0,15436.044999999998
2015-11-23 08:00:00,0,13.9,39.0,0.0,16182.37
2015-11-23 09:00:00,0,17.2,33.0,5.6,16622.329999999998
2015-11-23 10:00:00,0,20.6,22.0,22.2,17040.379999999997
2015-11-23 11:00:00,0,22.2,20.0,11.1,17283.85
2015-11-23 12:00:00,0,22.8,18.0,0.0,17275.89
2015-11-23 13:00:00,0,25.0,16.0,7.4,17441.949999999993
2015-11-23 14:00:00,0,26.1,15.0,7.4,17479.179999999993
2015-11-23 15:00:00,0,26.1,15.0,5.6,17294.480000000003
2015-11-23 16:00:00,0,26.7,15.0,7.4,17081.86
2015-11-23 17:00:00,0,26.1,16.0,5.6,16595.000000000004
2015-11-23 18:00:00,0,23.3,21.0,0.0,16111.300000000001
2015-11-23 19:00:00,0,21.1,27.0,5.6,15586.349999999997
2015-11-23 20:00:00,0,19.4,33.0,0.0,15094.840000000002
2015-11-23 21:00:00,0,18.3,36.0,0.0,14622.799999999997
2015-11-23 22:00:00,0,17.2,38.0,7.4,13784.410000000002
2015-11-23 23:00:00,0,16.7,39.0,9.3,13445.149999999998
2015-11-24 00:00:00,0,14.4,49.0,7.4,13174.68
2015-11-24 01:00:00,0,14.4,46.0,9.3,13095.159999999998
2015-11-24 02:00:00,0,13.3,49.0,7.4,13306.559999999998
2015-11-24 03:00:00,0,12.8,51.0,11.1,13272.279999999999
2015-11-24 04:00:00,0,12.2,51.0,9.3,13357.349999999997
2015-11-24 05:00:00,0,12.2,53.0,13.0,13873.499999999995
2015-11-24 06:00:00,0,11.7,52.0,14.8,15170.810000000003
2015-11-24 07:00:00,0,12.2,51.0,5.6,15620.862499999996
2015-11-24 08:00:00,0,12.8,49.0,11.1,16277.91
2015-11-24 09:00:00,0,15.0,42.0,16.7,16790.62999999999
2015-11-24 10:00:00,0,18.3,33.0,11.1,17278.79
2015-11-24 11:00:00,0,20.6,31.0,7.4,17284.989999999998
2015-11-24 12:00:00,0,22.2,26.0,7.4,17362.71
2015-11-24 13:00:00,0,23.3,23.0,5.6,17402.930000000004
2015-11-24 14:00:00,0,25.0,21.0,9.3,17503.72000000001
2015-11-24 15:00:00,0,25.0,20.0,11.1,17446.079999999998
2015-11-24 16:00:00,0,26.1,17.0,11.1,17124.949999999993
2015-11-24 17:00:00,0,25.6,17.0,9.3,16661.739999999998
2015-11-24 18:00:00,0,23.3,21.0,0.0,15917.7475
2015-11-24 19:00:00,0,21.1,27.0,0.0,15450.91
2015-11-24 20:00:00,0,20.6,29.0,0.0,15013.030000000002
2015-11-24 21:00:00,0,17.2,38.0,7.4,14483.709999999995
2015-11-24 22:00:00,0,17.2,38.0,11.1,13709.250000000002
2015-11-24 23:00:00,0,15.6,42.0,13.0,13280.369999999997
2015-11-25 00:00:00,0,16.7,35.0,18.5,13018.019999999999
2015-11-25 01:00:00,0,16.1,35.0,18.5,12993.249999999998
2015-11-25 02:00:00,0,15.6,38.0,20.4,13058.560000000003
2015-11-25 03:00:00,0,14.4,42.0,9.3,13166.210000000001
2015-11-25 04:00:00,0,15.0,41.0,11.1,13171.150000000001
2015-11-25 05:00:00,0,15.0,41.0,11.1,13537.135000000002
2015-11-25 06:00:00,0,15.6,38.0,22.2,14572.282500000005
2015-11-25 07:00:00,0,15.6,35.0,14.8,14989.980000000003
2015-11-25 08:00:00,0,15.6,38.0,16.7,15399.48
2015-11-25 09:00:00,0,16.7,34.0,14.8,15984.580000000005
2015-11-25 10:00:00,0,18.9,26.0,14.8,16405.82
2015-11-25 11:00:00,0,19.4,26.0,13.0,16517.52
2015-11-25 12:00:00,0,20.0,27.0,11.1,16512.179999999997
2015-11-25 13:00:00,0,21.1,28.0,18.5,16490.399999999998
2015-11-25 14:00:00,0,20.6,32.0,13.0,16456.27
2015-11-25 15:00:00,0,21.1,33.0,9.3,16230.42
2015-11-25 16:00:00,0,21.1,36.0,13.0,15985.649999999996
2015-11-25 17:00:00,0,21.1,31.0,14.8,15621.600000000002
2015-11-25 18:00:00,0,21.1,28.0,0.0,15276.060000000003
2015-11-25 19:00:00,0,20.0,26.0,9.3,14874.979999999996
2015-11-25 20:00:00,0,19.4,34.0,13.0,14557.819999999998
2015-11-25 21:00:00,0,18.3,31.0,14.8,14046.11
2015-11-25 22:00:00,0,17.8,30.0,16.7,13416.26
2015-11-25 23:00:00,0,17.2,28.0,14.8,13022.309999999998
2015-11-26 00:00:00,1,17.2,27.0,14.8,12892.470000000001
2015-11-26 01:00:00,1,15.0,33.0,0.0,12765.91
2015-11-26 02:00:00,1,15.0,33.0,7.4,12902.14
2015-11-26 03:00:00,1,12.2,57.0,7.4,13012.949999999997
2015-11-26 04:00:00,1,11.7,61.0,7.4,13198.660000000002
2015-11-26 05:00:00,1,11.1,63.0,0.0,13451.73
2015-11-26 06:00:00,1,12.2,43.0,9.3,14181.675000000001
2015-11-26 07:00:00,1,12.2,43.0,11.1,13930.234999999999
2015-11-26 08:00:00,1,11.1,57.0,0.0,13948.3
2015-11-26 09:00:00,1,12.8,47.0,0.0,13696.67
2015-11-26 10:00:00,1,13.3,42.0,0.0,13477.159999999996
2015-11-26 11:00:00,1,15.0,38.0,0.0,13265.62
2015-11-26 12:00:00,1,15.0,36.0,13.0,13305.589999999998
2015-11-26 13:00:00,1,15.6,36.0,11.1,13262.470000000001
2015-11-26 14:00:00,1,16.1,34.0,5.6,13166.369999999999
2015-11-26 15:00:00,1,16.7,31.0,9.3,13216.470000000005
2015-11-26 16:00:00,1,17.2,29.0,7.4,13176.839999999998
2015-11-26 17:00:00,1,17.2,28.0,18.5,13337.879999999996
2015-11-26 18:00:00,1,16.1,30.0,16.7,13562.509999999998
2015-11-26 19:00:00,1,15.6,31.0,11.1,13654.579999999998
2015-11-26 20:00:00,1,13.9,36.0,7.4,13566.350000000004
2015-11-26 21:00:00,1,12.8,42.0,5.6,13575.2
2015-11-26 22:00:00,1,12.2,45.0,0.0,13239.700000000003
2015-11-26 23:00:00,1,11.1,50.0,9.3,12810.12
2015-11-27 00:00:00,1,10.0,57.0,0.0,12733.650000000001
2015-11-27 01:00:00,1,9.4,54.0,9.3,12653.660000000002
2015-11-27 02:00:00,1,8.9,56.0,9.3,12943.53
2015-11-27 03:00:00,1,8.3,56.0,5.6,13138.820000000005
2015-11-27 04:00:00,1,7.2,63.0,7.4,13226.779999999999
2015-11-27 05:00:00,1,7.2,60.0,7.4,13629.280000000006
2015-11-27 06:00:00,1,5.6,65.0,13.0,14314.332500000002
2015-11-27 07:00:00,1,6.7,63.0,5.6,14223.465000000002
2015-11-27 08:00:00,1,6.7,63.0,5.6,14137.58
2015-11-27 09:00:00,1,8.9,54.0,9.3,14181.230000000003
2015-11-27 10:00:00,1,11.7,41.0,5.6,14061.559999999996
2015-11-27 11:00:00,1,13.3,34.0,0.0,13817.379999999996
2015-11-27 12:00:00,1,15.0,31.0,5.6,13728.350000000002
2015-11-27 13:00:00,1,15.6,28.0,14.8,13708.07
2015-11-27 14:00:00,1,15.6,27.0,14.8,13582.53
2015-11-27 15:00:00,1,16.1,26.0,9.3,13497.660000000003
2015-11-27 16:00:00,1,16.1,26.0,13.0,13515.160000000002
2015-11-27 17:00:00,1,15.6,27.0,11.1,13693.070000000002
2015-11-27 18:00:00,1,15.0,27.0,13.0,13867.45
2015-11-27 19:00:00,1,15.0,28.0,7.4,13979.34
2015-11-27 20:00:00,1,13.9,32.0,0.0,13878.949999999999
2015-11-27 21:00:00,1,12.2,37.0,0.0,13836.010000000002
2015-11-27 22:00:00,1,11.1,41.0,0.0,13379.390000000005
2015-11-27 23:00:00,1,10.6,44.0,13.0,12850.3
2015-11-28 00:00:00,0,9.4,46.0,9.3,12749.779999999995
2015-11-28 01:00:00,0,8.9,50.0,9.3,12712.660000000003
2015-11-28 02:00:00,0,8.9,48.0,7.4,12759.05
2015-11-28 03:00:00,0,8.9,48.0,9.3,12780.03
2015-11-28 04:00:00,0,8.3,50.0,7.4,13172.83
2015-11-28 05:00:00,0,7.2,53.0,11.1,13444.515
2015-11-28 06:00:00,0,6.7,55.0,5.6,14021.3225
2015-11-28 07:00:00,0,6.1,60.0,0.0,14061.592500000002
2015-11-28 08:00:00,0,6.1,60.0,0.0,14062.517499999998
2015-11-28 09:00:00,0,9.4,46.0,0.0,13957.87
2015-11-28 10:00:00,0,11.7,38.0,0.0,13886.262499999999
2015-11-28 11:00:00,0,12.8,34.0,0.0,13937.069999999998
2015-11-28 12:00:00,0,13.9,33.0,7.4,13859.950000000004
2015-11-28 13:00:00,0,15.0,29.0,7.4,13732.050000000001
2015-11-28 14:00:00,0,16.1,26.0,5.6,13600.2
2015-11-28 15:00:00,0,16.7,25.0,7.4,13606.859999999997
2015-11-28 16:00:00,0,17.2,25.0,11.1,13496.009999999997
2015-11-28 17:00:00,0,16.1,26.0,13.0,13589.070000000002
2015-11-28 18:00:00,0,15.0,28.0,13.0,13728.87
2015-11-28 19:00:00,0,14.4,33.0,11.1,13651.030000000002
2015-11-28 20:00:00,0,12.2,40.0,0.0,13564.339999999998
2015-11-28 21:00:00,0,12.8,38.0,0.0,13382.429999999997
2015-11-28 22:00:00,0,11.7,41.0,7.4,13177.739999999998
2015-11-28 23:00:00,0,10.0,46.0,7.4,13022.369999999999
2015-11-29 00:00:00,0,9.4,46.0,7.4,12925.079999999998
2015-11-29 01:00:00,0,9.4,44.0,0.0,12919.679999999997
2015-11-29 02:00:00,0,8.3,52.0,7.4,12935.93
2015-11-29 03:00:00,0,8.3,50.0,0.0,13027.139999999998
2015-11-29 04:00:00,0,6.7,60.0,7.4,13329.180000000002
2015-11-29 05:00:00,0,6.7,58.0,7.4,13494.277500000004
2015-11-29 06:00:00,0,6.1,62.0,0.0,13919.542500000005
2015-11-29 07:00:00,0,5.6,65.0,0.0,13970.7225
2015-11-29 08:00:00,0,6.7,55.0,0.0,13880.855000000001
2015-11-29 09:00:00,0,8.3,50.0,5.6,13668.070000000002
2015-11-29 10:00:00,0,9.4,46.0,7.4,13606.577500000001
2015-11-29 11:00:00,0,11.1,41.0,5.6,13765.830000000002
2015-11-29 12:00:00,0,12.2,38.0,0.0,13684.84
2015-11-29 13:00:00,0,14.4,32.0,5.6,13739.569999999998
2015-11-29 14:00:00,0,15.6,27.0,18.5,13780.37
2015-11-29 15:00:00,0,15.0,26.0,13.0,13640.530000000002
2015-11-29 16:00:00,0,16.7,22.0,13.0,13652.549999999997
2015-11-29 17:00:00,0,15.6,23.0,11.1,13763.069999999998
2015-11-29 18:00:00,0,13.9,27.0,7.4,13967.689999999999
2015-11-29 19:00:00,0,12.2,34.0,5.6,13849.250000000004
2015-11-29 20:00:00,0,11.7,32.0,0.0,13541.85
2015-11-29 21:00:00,0,12.8,23.0,14.8,13475.67
2015-11-29 22:00:00,0,9.4,35.0,9.3,13292.240000000002
2015-11-29 23:00:00,0,8.9,36.0,0.0,13228.289999999999
2015-11-30 00:00:00,0,9.4,32.0,0.0,13236.190000000004
2015-11-30 01:00:00,0,7.8,39.0,0.0,13093.239999999998
2015-11-30 02:00:00,0,7.2,40.0,7.4,13492.742500000002
2015-11-30 03:00:00,0,6.1,43.0,5.6,13739.972500000002
2015-11-30 04:00:00,0,5.6,49.0,7.4,14241.872499999992
2015-11-30 05:00:00,0,5.0,53.0,5.6,14762.61
2015-11-30 06:00:00,0,5.6,55.0,5.6,15715.317499999997
2015-11-30 07:00:00,0,4.4,60.0,0.0,16332.142499999998
2015-11-30 08:00:00,0,5.0,57.0,5.6,16883.560000000005
2015-11-30 09:00:00,0,6.7,51.0,0.0,17437.800000000003
2015-11-30 10:00:00,0,10.0,36.0,0.0,17646.117500000004
2015-11-30 11:00:00,0,11.1,32.0,5.6,17706.479999999992
2015-11-30 12:00:00,0,13.9,25.0,7.4,17590.705
2015-11-30 13:00:00,0,13.9,25.0,0.0,17755.487500000007
2015-11-30 14:00:00,0,15.0,22.0,9.3,17948.860000000004
2015-11-30 15:00:00,0,15.6,19.0,9.3,17787.070000000003
2015-11-30 16:00:00,0,15.6,17.0,11.1,17521.250000000004
2015-11-30 17:00:00,0,15.6,18.0,7.4,17197.830000000005
2015-11-30 18:00:00,0,13.3,24.0,5.6,16622.695000000003
2015-11-30 19:00:00,0,12.2,26.0,7.4,16220.827500000005
2015-11-30 20:00:00,0,11.7,26.0,5.6,15791.385000000002
2015-11-30 21:00:00,0,10.0,35.0,5.6,15249.677499999998
2015-11-30 22:00:00,0,9.4,35.0,0.0,14359.715
2015-11-30 23:00:00,0,8.9,39.0,7.4,13874.659999999998
2015-12-01 00:00:00,0,8.3,37.0,0.0,13490.02
2015-12-01 01:00:00,0,7.2,46.0,0.0,13472.719999999998
2015-12-01 02:00:00,0,6.7,53.0,9.3,13761.970000000001
2015-12-01 03:00:00,0,6.1,49.0,0.0,13836.050000000001
2015-12-01 04:00:00,0,5.6,51.0,5.6,13872.400000000001
2015-12-01 05:00:00,0,5.0,51.0,0.0,14354.667499999998
2015-12-01 06:00:00,0,5.0,51.0,5.6,15616.635000000002
2015-12-01 07:00:00,0,5.0,51.0,9.3,16192.795
2015-12-01 08:00:00,0,5.0,51.0,7.4,16848.73
2015-12-01 09:00:00,0,7.2,44.0,5.6,17577.4075
2015-12-01 10:00:00,0,9.4,33.0,0.0,17812.100000000002
2015-12-01 11:00:00,0,11.7,27.0,7.4,17974.605000000003
2015-12-01 12:00:00,0,13.9,24.0,5.6,17940.76
2015-12-01 13:00:00,0,14.4,22.0,5.6,17888.14
2015-12-01 14:00:00,0,16.7,18.0,5.6,17696.265
2015-12-01 15:00:00,0,17.8,17.0,9.3,17627.239999999998
2015-12-01 16:00:00,0,17.8,17.0,9.3,17467.079999999998
2015-12-01 17:00:00,0,17.2,18.0,9.3,17186.26
2015-12-01 18:00:00,0,15.0,22.0,7.4,16772.04
2015-12-01 19:00:00,0,13.3,26.0,5.6,16373.049999999996
2015-12-01 20:00:00,0,13.3,25.0,0.0,15878.649999999998
2015-12-01 21:00:00,0,13.9,25.0,5.6,15185.817499999997
2015-12-01 22:00:00,0,12.8,27.0,0.0,14310.3375
2015-12-01 23:00:00,0,8.3,41.0,7.4,13659.400000000005
2015-12-02 00:00:00,0,8.9,37.0,5.6,13369.25
2015-12-02 01:00:00,0,8.3,44.0,0.0,13326.140000000003
2015-12-02 02:00:00,0,6.7,47.0,5.6,13591.459999999997
2015-12-02 03:00:00,0,6.1,53.0,5.6,13648.13
2015-12-02 04:00:00,0,6.1,47.0,9.3,13837.809999999998
2015-12-02 05:00:00,0,5.6,49.0,5.6,14374.842499999997
2015-12-02 06:00:00,0,5.0,53.0,7.4,15733.03
2015-12-02 07:00:00,0,4.4,55.0,5.6,16152.612499999996
2015-12-02 08:00:00,0,5.0,53.0,0.0,16681.484999999993
2015-12-02 09:00:00,0,8.9,37.0,7.4,17140.932500000006
2015-12-02 10:00:00,0,11.1,26.0,9.3,17474.555
2015-12-02 11:00:00,0,13.3,24.0,5.6,17685.2975
2015-12-02 12:00:00,0,16.1,19.0,0.0,17739.9675
2015-12-02 13:00:00,0,18.3,15.0,5.6,17632.025
2015-12-02 14:00:00,0,19.4,12.0,0.0,17647.16
2015-12-02 15:00:00,0,20.6,11.0,0.0,17614.470000000005
2015-12-02 16:00:00,0,21.1,9.0,0.0,17324.612500000003
2015-12-02 17:00:00,0,20.6,10.0,9.3,16873.010000000002
2015-12-02 18:00:00,0,19.4,11.0,7.4,16464.62
2015-12-02 19:00:00,0,16.7,17.0,5.6,16003.26
2015-12-02 20:00:00,0,13.9,22.0,0.0,15573.709999999997
2015-12-02 21:00:00,0,13.3,23.0,0.0,15201.32
2015-12-02 22:00:00,0,12.2,28.0,11.1,14351.710000000001
2015-12-02 23:00:00,0,12.2,28.0,0.0,13717.87
2015-12-03 00:00:00,0,11.1,31.0,0.0,13603.89
2015-12-03 01:00:00,0,9.4,36.0,7.4,13461.230000000001
2015-12-03 02:00:00,0,10.0,31.0,0.0,13634.22
2015-12-03 03:00:00,0,7.2,44.0,5.6,13597.869999999999
2015-12-03 04:00:00,0,6.7,43.0,7.4,13847.907500000001
2015-12-03 05:00:00,0,6.7,43.0,7.4,14449.21750000001
2015-12-03 06:00:00,0,7.8,37.0,5.6,15538.582499999999
2015-12-03 07:00:00,0,8.3,34.0,5.6,15869.547499999999
2015-12-03 08:00:00,0,8.3,34.0,5.6,16619.347500000003
2015-12-03 09:00:00,0,11.1,28.0,0.0,17349.5775
2015-12-03 10:00:00,0,13.9,22.0,0.0,17554.125
2015-12-03 11:00:00,0,16.1,18.0,5.6,17569.075
2015-12-03 12:00:00,0,18.3,15.0,0.0,17474.690000000002
2015-12-03 13:00:00,0,20.6,13.0,0.0,17498.2
2015-12-03 14:00:00,0,22.8,10.0,0.0,17443.239999999998
2015-12-03 15:00:00,0,24.4,8.0,7.4,17364.379999999997
2015-12-03 16:00:00,0,25.0,8.0,5.6,17098.41
2015-12-03 17:00:00,0,23.9,9.0,5.6,16675.889999999992
2015-12-03 18:00:00,0,19.4,16.0,9.3,16142.279999999999
2015-12-03 19:00:00,0,20.6,13.0,9.3,15686.950000000004
2015-12-03 20:00:00,0,17.2,18.0,5.6,15283.200000000003
2015-12-03 21:00:00,0,15.0,24.0,0.0,14821.529999999999
2015-12-03 22:00:00,0,15.6,22.0,9.3,14075.940000000006
2015-12-03 23:00:00,0,14.4,23.0,5.6,13571.539999999999
2015-12-04 00:00:00,0,12.8,30.0,5.6,13279.350000000002
2015-12-04 01:00:00,0,11.7,34.0,9.3,13243.149999999998
2015-12-04 02:00:00,0,11.1,35.0,11.1,13437.239999999996
2015-12-04 03:00:00,0,11.7,30.0,0.0,13479.14
2015-12-04 04:00:00,0,10.0,35.0,14.8,13558.85
2015-12-04 05:00:00,0,10.0,33.0,14.8,14144.842500000004
2015-12-04 06:00:00,0,10.0,32.0,9.3,15191.614999999996
2015-12-04 07:00:00,0,9.4,36.0,11.1,15469.865000000002
2015-12-04 08:00:00,0,8.9,39.0,9.3,16230.63
2015-12-04 09:00:00,0,13.3,26.0,0.0,16695.397499999995
2015-12-04 10:00:00,0,16.1,21.0,13.0,16885.635000000002
2015-12-04 11:00:00,0,17.2,21.0,9.3,16959.117499999997
2015-12-04 12:00:00,0,20.0,15.0,11.1,16987.940000000002
2015-12-04 13:00:00,0,21.1,14.0,5.6,16986.450000000004
2015-12-04 14:00:00,0,22.2,14.0,5.6,16928.48
2015-12-04 15:00:00,0,22.2,14.0,0.0,16768.759999999995
2015-12-04 16:00:00,0,22.2,14.0,0.0,16564.339999999997
2015-12-04 17:00:00,0,21.7,15.0,0.0,16106.43
2015-12-04 18:00:00,0,18.3,21.0,5.6,15353.739999999994
2015-12-04 19:00:00,0,17.8,22.0,0.0,14972.280000000004
2015-12-04 20:00:00,0,15.0,33.0,9.3,14624.210000000001
2015-12-04 21:00:00,0,16.1,23.0,9.3,14250.84
2015-12-04 22:00:00,0,15.0,29.0,0.0,13602.410000000002
2015-12-04 23:00:00,0,15.0,31.0,13.0,13192.329999999998
2015-12-05 00:00:00,0,14.4,35.0,0.0,13029.36
2015-12-05 01:00:00,0,12.8,35.0,0.0,12968.81
2015-12-05 02:00:00,0,11.7,41.0,7.4,12950.66
2015-12-05 03:00:00,0,10.6,44.0,7.4,12965.17
2015-12-05 04:00:00,0,10.0,43.0,9.3,13314.919999999998
2015-12-05 05:00:00,0,7.8,50.0,11.1,13432.980000000001
2015-12-05 06:00:00,0,9.4,43.0,5.6,13760.000000000004
2015-12-05 07:00:00,0,8.3,41.0,7.4,14072.99
2015-12-05 08:00:00,0,7.8,46.0,5.6,14075.48
2015-12-05 09:00:00,0,10.6,38.0,5.6,14088.8
2015-12-05 10:00:00,0,14.4,23.0,7.4,14109.32
2015-12-05 11:00:00,0,16.1,21.0,7.4,14145.23
2015-12-05 12:00:00,0,18.3,17.0,5.6,14077.999999999998
2015-12-05 13:00:00,0,20.0,14.0,5.6,14092.060000000001
2015-12-05 14:00:00,0,22.2,12.0,5.6,14077.600000000002
2015-12-05 15:00:00,0,23.3,11.0,0.0,13996.87
2015-12-05 16:00:00,0,23.3,11.0,5.6,13896.530000000004
2015-12-05 17:00:00,0,22.8,11.0,11.1,13838.04
2015-12-05 18:00:00,0,21.1,13.0,9.3,13899.319999999998
2015-12-05 19:00:00,0,17.8,19.0,7.4,13795.600000000002
2015-12-05 20:00:00,0,16.1,21.0,7.4,13641.559999999994
2015-12-05 21:00:00,0,15.6,22.0,0.0,13515.84
2015-12-05 22:00:00,0,13.9,33.0,11.1,13251.139999999998
2015-12-05 23:00:00,0,13.3,29.0,0.0,13033.190000000002
2015-12-06 00:00:00,0,11.7,35.0,7.4,12934.889999999994
2015-12-06 01:00:00,0,12.2,33.0,5.6,12882.910000000002
2015-12-06 02:00:00,0,10.6,36.0,0.0,12968.980000000001
2015-12-06 03:00:00,0,11.1,37.0,5.6,12969.919999999998
2015-12-06 04:00:00,0,10.0,39.0,0.0,13316.409999999998
2015-12-06 05:00:00,0,10.0,33.0,7.4,13348.822499999998
2015-12-06 06:00:00,0,9.4,35.0,5.6,13737.62
2015-12-06 07:00:00,0,8.9,37.0,0.0,13888.415
2015-12-06 08:00:00,0,7.8,44.0,5.6,13726.220000000001
2015-12-06 09:00:00,0,11.7,32.0,0.0,13567.519999999999
2015-12-06 10:00:00,0,13.9,27.0,5.6,13631.589999999998
2015-12-06 11:00:00,0,18.3,19.0,0.0,13616.54
2015-12-06 12:00:00,0,21.1,15.0,5.6,13632.650000000005
2015-12-06 13:00:00,0,24.4,10.0,7.4,13648.630000000003
2015-12-06 14:00:00,0,25.6,10.0,9.3,13702.320000000003
2015-12-06 15:00:00,0,25.6,10.0,5.6,13590.119999999994
2015-12-06 16:00:00,0,25.0,11.0,5.6,13578.509999999997
2015-12-06 17:00:00,0,24.4,12.0,0.0,13686.220000000001
2015-12-06 18:00:00,0,20.0,21.0,5.6,13694.720000000003
2015-12-06 19:00:00,0,18.3,24.0,5.6,13635.69
2015-12-06 20:00:00,0,16.7,28.0,5.6,13366.430000000002
2015-12-06 21:00:00,0,17.2,25.0,0.0,13235.93
2015-12-06 22:00:00,0,15.0,29.0,0.0,13170.29
2015-12-06 23:00:00,0,16.1,26.0,5.6,13085.039999999997
2015-12-07 00:00:00,0,13.3,34.0,0.0,13019.769999999999
2015-12-07 01:00:00,0,13.3,34.0,0.0,12985.850000000002
2015-12-07 02:00:00,0,13.3,39.0,9.3,13223.810000000003
2015-12-07 03:00:00,0,12.2,40.0,0.0,13404.81
2015-12-07 04:00:00,0,11.7,45.0,5.6,13867.57
2015-12-07 05:00:00,0,12.8,34.0,7.4,14306.710000000003
2015-12-07 06:00:00,0,12.2,37.0,0.0,15091.2025
2015-12-07 07:00:00,0,11.1,38.0,0.0,15542.179999999998
2015-12-07 08:00:00,0,11.7,34.0,0.0,16003.349999999993
2015-12-07 09:00:00,0,13.3,36.0,0.0,16600.285
2015-12-07 10:00:00,0,16.7,28.0,0.0,16791.530000000002
2015-12-07 11:00:00,0,21.1,19.0,0.0,16927.799999999996
2015-12-07 12:00:00,0,23.3,13.0,18.5,16960.2
2015-12-07 13:00:00,0,24.4,12.0,16.7,16853.219999999998
2015-12-07 14:00:00,0,25.6,11.0,11.1,16854.79
2015-12-07 15:00:00,0,26.1,11.0,0.0,16786.129999999997
2015-12-07 16:00:00,0,25.0,11.0,11.1,16524.870000000003
2015-12-07 17:00:00,0,23.9,14.0,13.0,16015.179999999998
2015-12-07 18:00:00,0,22.8,15.0,9.3,15552.2
2015-12-07 19:00:00,0,18.9,21.0,9.3,15120.890000000003
2015-12-07 20:00:00,0,17.8,24.0,0.0,14786.720000000001
2015-12-07 21:00:00,0,17.2,25.0,0.0,14480.870000000003
2015-12-07 22:00:00,0,15.6,28.0,0.0,13819.530000000002
2015-12-07 23:00:00,0,13.9,33.0,0.0,13420.340000000004
2015-12-08 00:00:00,0,11.7,41.0,5.6,13236.949999999997
2015-12-08 01:00:00,0,11.7,41.0,9.3,13194.27
2015-12-08 02:00:00,0,11.1,47.0,9.3,13314.759999999998
2015-12-08 03:00:00,0,11.1,45.0,9.3,13303.869999999999
2015-12-08 04:00:00,0,11.7,37.0,11.1,13445.810000000001
2015-12-08 05:00:00,0,10.6,41.0,11.1,13897.765000000001
2015-12-08 06:00:00,0,10.0,44.0,9.3,15010.5225
2015-12-08 07:00:00,0,10.0,43.0,9.3,15491.422499999999
2015-12-08 08:00:00,0,10.0,44.0,7.4,16293.167499999998
2015-12-08 09:00:00,0,12.8,34.0,13.0,16554.82
2015-12-08 10:00:00,0,15.0,27.0,7.4,16669.460000000003
2015-12-08 11:00:00,0,16.1,26.0,7.4,16801.859999999997
2015-12-08 12:00:00,0,19.4,21.0,7.4,16883.23
2015-12-08 13:00:00,0,21.1,18.0,0.0,16867.48
2015-12-08 14:00:00,0,22.2,17.0,5.6,16795.329999999998
2015-12-08 15:00:00,0,23.3,14.0,0.0,16645.59
2015-12-08 16:00:00,0,23.3,14.0,0.0,16428.62
2015-12-08 17:00:00,0,22.8,15.0,9.3,15940.200000000003
2015-12-08 18:00:00,0,21.1,18.0,0.0,15408.85
2015-12-08 19:00:00,0,18.9,23.0,0.0,15075.0
2015-12-08 20:00:00,0,17.2,28.0,0.0,14652.209999999997
2015-12-08 21:00:00,0,16.1,31.0,0.0,14334.070000000003
2015-12-08 22:00:00,0,15.6,31.0,5.6,13664.7
2015-12-08 23:00:00,0,15.0,36.0,7.4,13218.030000000002
2015-12-09 00:00:00,0,13.3,40.0,7.4,12948.220000000001
2015-12-09 01:00:00,0,12.8,40.0,9.3,12894.790000000005
2015-12-09 02:00:00,0,12.8,37.0,9.3,13159.330000000004
2015-12-09 03:00:00,0,12.2,41.0,9.3,13211.43
2015-12-09 04:00:00,0,11.7,43.0,5.6,13209.059999999998
2015-12-09 05:00:00,0,11.1,43.0,9.3,13702.779999999999
2015-12-09 06:00:00,0,11.1,41.0,14.8,15060.367500000004
2015-12-09 07:00:00,0,10.0,46.0,9.3,15392.062499999996
2015-12-09 08:00:00,0,11.1,41.0,9.3,15912.272500000001
2015-12-09 09:00:00,0,13.9,34.0,9.3,16207.942500000001
2015-12-09 10:00:00,0,16.7,28.0,9.3,16419.190000000002
2015-12-09 11:00:00,0,17.8,26.0,7.4,16595.02
2015-12-09 12:00:00,0,20.0,21.0,0.0,16621.900000000005
2015-12-09 13:00:00,0,21.1,20.0,0.0,16571.53000000001
2015-12-09 14:00:00,0,22.2,18.0,5.6,16633.24
2015-12-09 15:00:00,0,22.2,18.0,0.0,16471.640000000003
2015-12-09 16:00:00,0,22.2,20.0,0.0,16360.67
2015-12-09 17:00:00,0,21.1,24.0,5.6,15895.600000000002
2015-12-09 18:00:00,0,18.9,28.0,0.0,15485.359999999997
2015-12-09 19:00:00,0,18.3,31.0,0.0,15184.090000000002
2015-12-09 20:00:00,0,16.7,37.0,0.0,14801.63
2015-12-09 21:00:00,0,16.1,36.0,9.3,14319.449999999999
2015-12-09 22:00:00,0,15.6,38.0,14.8,13697.900000000001
2015-12-09 23:00:00,0,13.9,44.0,11.1,13284.799999999997
2015-12-10 00:00:00,0,13.3,42.0,5.6,13201.620000000003
2015-12-10 01:00:00,0,12.2,51.0,9.3,13022.440000000004
2015-12-10 02:00:00,0,11.1,54.0,9.3,13287.649999999996
2015-12-10 03:00:00,0,10.6,56.0,5.6,13223.979999999998
2015-12-10 04:00:00,0,12.8,43.0,14.8,13353.550000000001
2015-12-10 05:00:00,0,11.7,45.0,9.3,13880.995000000004
2015-12-10 06:00:00,0,10.0,54.0,11.1,15039.822499999998
2015-12-10 07:00:00,0,11.1,49.0,9.3,15487.810000000001
2015-12-10 08:00:00,0,11.7,47.0,13.0,16032.299999999997
2015-12-10 09:00:00,0,13.9,40.0,13.0,16331.32
2015-12-10 10:00:00,0,15.6,35.0,14.8,16581.695000000003
2015-12-10 11:00:00,0,17.8,29.0,7.4,16625.359999999997
2015-12-10 12:00:00,0,20.0,23.0,5.6,16534.13
2015-12-10 13:00:00,0,22.2,22.0,7.4,16546.570000000003
2015-12-10 14:00:00,0,23.3,21.0,9.3,16616.477499999994
2015-12-10 15:00:00,0,24.4,19.0,9.3,16528.57
2015-12-10 16:00:00,0,25.0,17.0,0.0,16341.01
2015-12-10 17:00:00,0,24.4,19.0,0.0,15845.56
2015-12-10 18:00:00,0,22.2,22.0,0.0,15331.849999999997
2015-12-10 19:00:00,0,20.0,27.0,0.0,14948.380000000006
2015-12-10 20:00:00,0,18.3,32.0,0.0,14588.26
2015-12-10 21:00:00,0,17.8,34.0,11.1,14274.49
2015-12-10 22:00:00,0,15.6,41.0,11.1,13577.419999999998
2015-12-10 23:00:00,0,15.6,39.0,13.0,13233.850000000002
2015-12-11 00:00:00,0,14.4,41.0,16.7,12944.500000000002
2015-12-11 01:00:00,0,13.9,40.0,13.0,12798.380000000001
2015-12-11 02:00:00,0,13.9,40.0,14.8,13066.739999999998
2015-12-11 03:00:00,0,13.9,39.0,9.3,12992.42
2015-12-11 04:00:00,0,13.3,42.0,11.1,13069.830000000002
2015-12-11 05:00:00,0,13.3,42.0,11.1,13609.539999999999
2015-12-11 06:00:00,0,13.3,40.0,13.0,14645.9425
2015-12-11 07:00:00,0,12.8,45.0,7.4,14964.390000000001
2015-12-11 08:00:00,0,12.2,49.0,7.4,15352.057499999999
2015-12-11 09:00:00,0,13.3,45.0,7.4,15848.920000000002
2015-12-11 10:00:00,0,14.4,41.0,7.4,16195.969999999998
2015-12-11 11:00:00,0,15.0,36.0,7.4,16289.342499999999
2015-12-11 12:00:00,0,15.6,36.0,7.4,16272.39
2015-12-11 13:00:00,0,18.3,37.0,5.6,16169.379999999997
2015-12-11 14:00:00,0,18.9,38.0,7.4,16241.619999999999
2015-12-11 15:00:00,0,18.3,40.0,11.1,16051.26
2015-12-11 16:00:00,0,18.3,40.0,0.0,15841.429999999998
2015-12-11 17:00:00,0,18.3,42.0,5.6,15419.029999999999
2015-12-11 18:00:00,0,18.3,42.0,0.0,14948.59
2015-12-11 19:00:00,0,17.8,38.0,9.3,14523.369999999999
2015-12-11 20:00:00,0,17.2,35.0,18.5,14189.07
2015-12-11 21:00:00,0,17.2,34.0,22.2,13855.680000000002
2015-12-11 22:00:00,0,16.7,37.0,13.0,13260.449999999999
2015-12-11 23:00:00,0,15.0,44.0,20.4,12907.099999999999
2015-12-12 00:00:00,0,12.2,69.0,13.0,12749.939999999999
2015-12-12 01:00:00,0,11.7,83.0,7.4,12783.230000000001
2015-12-12 02:00:00,0,11.1,86.0,7.4,12718.03
2015-12-12 03:00:00,0,11.1,80.0,11.1,12689.690000000002
2015-12-12 04:00:00,0,11.1,83.0,0.0,12913.690000000002
2015-12-12 05:00:00,0,11.1,69.0,24.1,13144.810000000001
2015-12-12 06:00:00,0,10.6,68.0,16.7,13402.454999999998
2015-12-12 07:00:00,0,10.6,63.0,11.1,13627.669999999998
2015-12-12 08:00:00,0,10.6,52.0,16.7,13626.41
2015-12-12 09:00:00,0,10.6,54.0,14.8,13632.740000000002
2015-12-12 10:00:00,0,10.6,56.0,13.0,13703.7
2015-12-12 11:00:00,0,13.3,51.0,20.4,13675.710000000001
2015-12-12 12:00:00,0,13.3,49.0,20.4,13688.669999999998
2015-12-12 13:00:00,0,15.0,44.0,20.4,13592.050000000003
2015-12-12 14:00:00,0,16.1,39.0,18.5,13441.4
2015-12-12 15:00:00,0,15.6,39.0,38.9,13570.600000000004
2015-12-12 16:00:00,0,12.8,67.0,25.9,13535.34
2015-12-12 17:00:00,0,11.7,71.0,14.8,13603.659999999996
2015-12-12 18:00:00,0,11.1,74.0,16.7,13818.92
2015-12-12 19:00:00,0,10.6,74.0,16.7,13672.6
2015-12-12 20:00:00,0,10.6,74.0,13.0,13559.69
2015-12-12 21:00:00,0,9.4,80.0,11.1,13420.009999999998
2015-12-12 22:00:00,0,9.4,77.0,11.1,13201.310000000003
2015-12-12 23:00:00,0,8.3,83.0,11.1,12916.66
2015-12-13 00:00:00,0,8.3,83.0,9.3,12895.7
2015-12-13 01:00:00,0,7.8,83.0,0.0,12917.939999999997
2015-12-13 02:00:00,0,7.2,86.0,0.0,12945.32
2015-12-13 03:00:00,0,6.7,85.0,0.0,13003.800000000001
2015-12-13 04:00:00,0,5.6,92.0,9.3,13299.96
2015-12-13 05:00:00,0,5.0,93.0,7.4,13426.77
2015-12-13 06:00:00,0,5.0,89.0,5.6,13861.805
2015-12-13 07:00:00,0,5.0,89.0,0.0,14078.474999999999
2015-12-13 08:00:00,0,5.0,93.0,0.0,13807.614999999998
2015-12-13 09:00:00,0,7.2,80.0,11.1,13683.539999999999
2015-12-13 10:00:00,0,8.3,68.0,13.0,13587.739999999996
2015-12-13 11:00:00,0,10.6,59.0,11.1,13610.519999999997
2015-12-13 12:00:00,0,12.8,49.0,9.3,13674.130000000005
2015-12-13 13:00:00,0,13.9,44.0,7.4,13629.179999999995
2015-12-13 14:00:00,0,15.0,38.0,7.4,13565.7
2015-12-13 15:00:00,0,16.1,27.0,11.1,13505.070000000002
2015-12-13 16:00:00,0,15.6,32.0,5.6,13424.549999999997
2015-12-13 17:00:00,0,15.0,29.0,11.1,13400.859999999997
2015-12-13 18:00:00,0,13.9,33.0,7.4,13581.13
2015-12-13 19:00:00,0,12.2,43.0,7.4,13557.780000000002
2015-12-13 20:00:00,0,11.1,47.0,7.4,13356.300000000001
2015-12-13 21:00:00,0,10.0,52.0,9.3,13287.56
2015-12-13 22:00:00,0,10.0,52.0,11.1,13172.139999999998
2015-12-13 23:00:00,0,8.9,58.0,11.1,13194.209999999995
2015-12-14 00:00:00,0,8.9,56.0,9.3,13114.100000000002
2015-12-14 01:00:00,0,7.8,61.0,13.0,13069.769999999999
2015-12-14 02:00:00,0,7.8,61.0,13.0,13424.259999999997
2015-12-14 03:00:00,0,7.8,61.0,13.0,13595.059999999998
2015-12-14 04:00:00,0,8.9,54.0,13.0,14021.757499999996
2015-12-14 05:00:00,0,8.3,56.0,11.1,14632.965000000002
2015-12-14 06:00:00,0,8.9,54.0,13.0,15332.455
2015-12-14 07:00:00,0,9.4,46.0,20.4,15803.297500000004
2015-12-14 08:00:00,0,7.8,76.0,16.7,16236.542499999998
2015-12-14 09:00:00,0,7.2,90.0,13.0,16726.100000000002
2015-12-14 10:00:00,0,7.2,86.0,7.4,16962.875
2015-12-14 11:00:00,0,8.3,86.0,9.3,16849.4525
2015-12-14 12:00:00,0,10.0,77.0,5.6,16747.739999999998
2015-12-14 13:00:00,0,11.7,55.0,16.7,16797.170000000002
2015-12-14 14:00:00,0,11.7,55.0,16.7,16722.41
2015-12-14 15:00:00,0,12.2,49.0,20.4,16546.190000000002
2015-12-14 16:00:00,0,11.7,55.0,14.8,16342.669999999998
2015-12-14 17:00:00,0,12.2,40.0,24.1,16131.26
2015-12-14 18:00:00,0,11.1,45.0,20.4,15775.0225
2015-12-14 19:00:00,0,11.1,41.0,24.1,15449.707499999997
2015-12-14 20:00:00,0,10.6,48.0,13.0,15330.482500000004
2015-12-14 21:00:00,0,7.8,63.0,5.6,14968.530000000006
2015-12-14 22:00:00,0,6.7,73.0,0.0,14170.692499999997
2015-12-14 23:00:00,0,7.8,63.0,0.0,13580.907500000001
2015-12-15 00:00:00,0,6.1,74.0,9.3,13375.089999999997
2015-12-15 01:00:00,0,6.1,71.0,11.1,13292.99
2015-12-15 02:00:00,0,5.6,76.0,5.6,13571.640000000003
2015-12-15 03:00:00,0,5.0,79.0,9.3,13567.21
2015-12-15 04:00:00,0,3.9,89.0,5.6,13624.66
2015-12-15 05:00:00,0,3.9,86.0,11.1,14343.2725
2015-12-15 06:00:00,0,3.3,86.0,9.3,15424.810000000001
2015-12-15 07:00:00,0,2.8,86.0,0.0,15938.809999999998
2015-12-15 08:00:00,0,2.8,89.0,5.6,16336.6275
2015-12-15 09:00:00,0,4.4,77.0,5.6,16707.382499999996
2015-12-15 10:00:00,0,6.7,65.0,5.6,16866.250000000004
2015-12-15 11:00:00,0,8.3,61.0,0.0,16976.219999999998
2015-12-15 12:00:00,0,10.0,54.0,5.6,16852.335
2015-12-15 13:00:00,0,10.0,50.0,5.6,16752.835
2015-12-15 14:00:00,0,11.7,35.0,14.8,16706.9825
2015-12-15 15:00:00,0,11.7,37.0,5.6,16557.127500000002
2015-12-15 16:00:00,0,12.2,34.0,13.0,16292.0825
2015-12-15 17:00:00,0,12.2,31.0,11.1,16102.452499999994
2015-12-15 18:00:00,0,10.6,41.0,0.0,15735.46
2015-12-15 19:00:00,0,10.0,41.0,0.0,15468.817499999997
2015-12-15 20:00:00,0,8.9,46.0,5.6,15260.380000000003
2015-12-15 21:00:00,0,8.3,44.0,5.6,14966.252500000004
2015-12-15 22:00:00,0,6.7,55.0,7.4,14266.797499999997
2015-12-15 23:00:00,0,5.6,62.0,7.4,13778.829999999998
2015-12-16 00:00:00,0,6.7,55.0,5.6,13407.055
2015-12-16 01:00:00,0,5.0,67.0,9.3,13300.857499999998
2015-12-16 02:00:00,0,4.4,73.0,11.1,13661.91
2015-12-16 03:00:00,0,4.4,70.0,9.3,13670.487499999997
2015-12-16 04:00:00,0,3.9,73.0,0.0,13748.119999999999
2015-12-16 05:00:00,0,3.3,76.0,0.0,14422.327500000003
2015-12-16 06:00:00,0,2.2,82.0,0.0,15594.702499999998
2015-12-16 07:00:00,0,2.8,76.0,0.0,15993.2575
2015-12-16 08:00:00,0,2.2,82.0,5.6,16356.977499999999
2015-12-16 09:00:00,0,5.0,65.0,5.6,16750.517499999998
2015-12-16 10:00:00,0,7.2,56.0,7.4,16807.8225
2015-12-16 11:00:00,0,8.9,46.0,9.3,16885.084999999995
2015-12-16 12:00:00,0,10.6,43.0,0.0,16822.6425
2015-12-16 13:00:00,0,10.6,38.0,5.6,16757.545000000002
2015-12-16 14:00:00,0,11.1,35.0,0.0,16667.995000000003
2015-12-16 15:00:00,0,12.8,30.0,7.4,16556.262499999997
2015-12-16 16:00:00,0,12.8,29.0,11.1,16391.19
2015-12-16 17:00:00,0,12.2,30.0,9.3,16040.067499999996
2015-12-16 18:00:00,0,11.7,29.0,14.8,15634.335000000001
2015-12-16 19:00:00,0,9.4,46.0,7.4,15468.269999999999
2015-12-16 20:00:00,0,8.9,46.0,7.4,15123.835000000005
2015-12-16 21:00:00,0,7.8,50.0,0.0,14837.127499999999
2015-12-16 22:00:00,0,7.2,53.0,0.0,14186.337499999996
2015-12-16 23:00:00,0,5.6,65.0,9.3,13627.109999999999
2015-12-17 00:00:00,0,5.6,65.0,7.4,13433.442499999997
2015-12-17 01:00:00,0,5.0,65.0,0.0,13428.95
2015-12-17 02:00:00,0,4.4,68.0,11.1,13711.274999999998
2015-12-17 03:00:00,0,3.9,70.0,9.3,13770.287499999999
2015-12-17 04:00:00,0,3.3,70.0,7.4,13828.807500000003
2015-12-17 05:00:00,0,3.3,70.0,5.6,14524.319999999998
2015-12-17 06:00:00,0,3.3,70.0,5.6,15491.354999999998
2015-12-17 07:00:00,0,2.8,70.0,13.0,15764.442500000001
2015-12-17 08:00:00,0,2.8,70.0,9.3,16424.629999999997
2015-12-17 09:00:00,0,4.4,65.0,0.0,16652.03
2015-12-17 10:00:00,0,6.7,53.0,5.6,16801.3775
2015-12-17 11:00:00,0,8.9,44.0,7.4,16780.597500000007
2015-12-17 12:00:00,0,10.0,39.0,0.0,16858.122499999998
2015-12-17 13:00:00,0,11.7,34.0,5.6,16675.495
2015-12-17 14:00:00,0,13.3,30.0,5.6,16542.08
2015-12-17 15:00:00,0,12.8,29.0,5.6,16287.702499999996
2015-12-17 16:00:00,0,13.9,27.0,5.6,16195.574999999999
2015-12-17 17:00:00,0,13.9,27.0,0.0,15787.930000000006
2015-12-17 18:00:00,0,13.3,29.0,7.4,15402.61
2015-12-17 19:00:00,0,11.1,40.0,5.6,15211.2775
2015-12-17 20:00:00,0,10.0,46.0,0.0,15033.989999999996
2015-12-17 21:00:00,0,8.9,52.0,5.6,14599.340000000004
2015-12-17 22:00:00,0,8.3,54.0,0.0,13900.835000000001
2015-12-17 23:00:00,0,7.2,58.0,0.0,13441.697500000004
2015-12-18 00:00:00,0,7.2,58.0,0.0,13144.59
2015-12-18 01:00:00,0,6.1,65.0,7.4,13125.7425
2015-12-18 02:00:00,0,5.6,67.0,5.6,13409.815
2015-12-18 03:00:00,0,6.1,62.0,5.6,13396.07
2015-12-18 04:00:00,0,5.6,65.0,5.6,13515.4025
2015-12-18 05:00:00,0,4.4,68.0,7.4,14236.129999999997
2015-12-18 06:00:00,0,4.4,70.0,5.6,15373.035
2015-12-18 07:00:00,0,4.4,68.0,5.6,15569.130000000001
2015-12-18 08:00:00,0,5.0,65.0,5.6,15923.645000000008
2015-12-18 09:00:00,0,7.8,54.0,7.4,16339.097499999998
2015-12-18 10:00:00,0,9.4,46.0,0.0,16349.89
2015-12-18 11:00:00,0,12.2,35.0,7.4,16388.764999999996
2015-12-18 12:00:00,0,15.0,31.0,0.0,16290.1275
2015-12-18 13:00:00,0,18.3,21.0,0.0,16090.827500000001
2015-12-18 14:00:00,0,20.6,18.0,14.8,15996.987500000003
2015-12-18 15:00:00,0,21.1,17.0,13.0,15819.074999999997
2015-12-18 16:00:00,0,21.7,16.0,9.3,15503.5975
2015-12-18 17:00:00,0,21.1,18.0,5.6,15085.067500000001
2015-12-18 18:00:00,0,16.7,32.0,7.4,14639.437499999998
2015-12-18 19:00:00,0,17.8,25.0,5.6,14402.515
2015-12-18 20:00:00,0,14.4,35.0,0.0,14246.37
2015-12-18 21:00:00,0,12.2,43.0,0.0,14017.06
2015-12-18 22:00:00,0,13.3,36.0,0.0,13367.5425
2015-12-18 23:00:00,0,12.2,41.0,5.6,12809.227499999999
2015-12-19 00:00:00,0,10.0,54.0,5.6,12729.142499999996
2015-12-19 01:00:00,0,11.1,45.0,5.6,12625.357500000002
2015-12-19 02:00:00,0,9.4,52.0,5.6,12594.115
2015-12-19 03:00:00,0,8.9,54.0,7.4,12621.04
2015-12-19 04:00:00,0,10.0,44.0,7.4,12948.387499999997
2015-12-19 05:00:00,0,8.9,50.0,7.4,13159.2425
2015-12-19 06:00:00,0,9.4,48.0,7.4,13385.585000000001
2015-12-19 07:00:00,0,11.1,40.0,9.3,13983.4425
2015-12-19 08:00:00,0,10.0,44.0,9.3,13905.297499999999
2015-12-19 09:00:00,0,10.0,46.0,14.8,13874.072499999998
2015-12-19 10:00:00,0,12.2,41.0,5.6,13738.177499999996
2015-12-19 11:00:00,0,14.4,31.0,9.3,13714.972499999998
2015-12-19 12:00:00,0,15.6,28.0,5.6,13658.675000000001
2015-12-19 13:00:00,0,16.1,30.0,5.6,13492.115000000003
2015-12-19 14:00:00,0,16.7,30.0,7.4,13254.8225
2015-12-19 15:00:00,0,16.7,30.0,0.0,13184.449999999999
2015-12-19 16:00:00,0,18.9,25.0,7.4,13034.680000000004
2015-12-19 17:00:00,0,17.2,31.0,5.6,13165.045
2015-12-19 18:00:00,0,15.6,33.0,0.0,13226.455000000002
2015-12-19 19:00:00,0,15.0,35.0,0.0,13128.182500000003
2015-12-19 20:00:00,0,15.0,33.0,7.4,13059.06
2015-12-19 21:00:00,0,14.4,35.0,7.4,12841.8425
2015-12-19 22:00:00,0,13.3,40.0,5.6,12547.915
2015-12-19 23:00:00,0,13.3,39.0,13.0,12368.697500000002
2015-12-20 00:00:00,0,12.2,41.0,7.4,12349.215000000002
2015-12-20 01:00:00,0,10.6,52.0,0.0,12305.610000000002
2015-12-20 02:00:00,0,9.4,56.0,13.0,12294.862499999997
2015-12-20 03:00:00,0,8.9,61.0,11.1,12384.589999999998
2015-12-20 04:00:00,0,9.4,52.0,9.3,12680.347500000003
2015-12-20 05:00:00,0,7.8,63.0,5.6,12809.4925
2015-12-20 06:00:00,0,7.8,63.0,0.0,13140.277500000002
2015-12-20 07:00:00,0,8.3,63.0,9.3,13276.880000000003
2015-12-20 08:00:00,0,9.4,52.0,11.1,13087.8
2015-12-20 09:00:00,0,9.4,56.0,7.4,13059.657499999998
2015-12-20 10:00:00,0,12.2,51.0,5.6,13328.110000000004
2015-12-20 11:00:00,0,13.9,55.0,9.3,13380.375000000002
2015-12-20 12:00:00,0,16.1,50.0,9.3,13415.449999999999
2015-12-20 13:00:00,0,16.1,41.0,9.3,13330.414999999999
2015-12-20 14:00:00,0,16.7,37.0,7.4,13227.832500000002
2015-12-20 15:00:00,0,17.2,35.0,9.3,12846.817500000001
2015-12-20 16:00:00,0,17.2,34.0,13.0,12790.960000000003
2015-12-20 17:00:00,0,16.7,35.0,9.3,12913.0275
2015-12-20 18:00:00,0,16.1,36.0,14.8,12983.182499999995
2015-12-20 19:00:00,0,15.6,38.0,11.1,13006.115
2015-12-20 20:00:00,0,14.4,42.0,9.3,12786.86
2015-12-20 21:00:00,0,13.9,47.0,5.6,12647.755000000003
2015-12-20 22:00:00,0,13.3,49.0,0.0,12502.025000000001
2015-12-20 23:00:00,0,11.7,55.0,0.0,12505.885
2015-12-21 00:00:00,0,10.6,59.0,5.6,12514.069999999998
2015-12-21 01:00:00,0,10.0,59.0,5.6,12512.899999999998
2015-12-21 02:00:00,0,8.9,66.0,0.0,12858.67
2015-12-21 03:00:00,0,7.8,71.0,0.0,13105.899999999998
2015-12-21 04:00:00,0,7.2,74.0,9.3,13517.737500000001
2015-12-21 05:00:00,0,7.2,71.0,7.4,14209.409999999998
2015-12-21 06:00:00,0,6.7,73.0,5.6,14829.920000000002
2015-12-21 07:00:00,0,7.2,71.0,9.3,15234.250000000002
2015-12-21 08:00:00,0,7.8,68.0,11.1,15516.070000000003
2015-12-21 09:00:00,0,8.9,63.0,11.1,15772.227500000005
2015-12-21 10:00:00,0,11.1,54.0,11.1,15933.9925
2015-12-21 11:00:00,0,12.8,49.0,5.6,15974.7775
2015-12-21 12:00:00,0,13.9,45.0,0.0,15862.872499999998
2015-12-21 13:00:00,0,15.0,41.0,7.4,15708.339999999998
2015-12-21 14:00:00,0,15.6,38.0,7.4,15600.005
2015-12-21 15:00:00,0,16.1,35.0,14.8,15496.714999999998
2015-12-21 16:00:00,0,16.7,32.0,5.6,15258.889999999998
2015-12-21 17:00:00,0,16.7,31.0,7.4,15053.7825
2015-12-21 18:00:00,0,13.9,40.0,5.6,14973.05
2015-12-21 19:00:00,0,13.9,39.0,0.0,14811.845
2015-12-21 20:00:00,0,12.8,45.0,0.0,14606.24
2015-12-21 21:00:00,0,11.1,53.0,7.4,14383.8525
2015-12-21 22:00:00,0,11.1,53.0,0.0,13573.047500000004
2015-12-21 23:00:00,0,10.6,54.0,11.1,13074.029999999999
2015-12-22 00:00:00,0,10.0,57.0,9.3,12927.390000000001
2015-12-22 01:00:00,0,10.0,59.0,11.1,12858.975000000002
2015-12-22 02:00:00,0,8.9,63.0,13.0,13080.554999999998
2015-12-22 03:00:00,0,8.3,66.0,13.0,13088.272499999997
2015-12-22 04:00:00,0,7.8,68.0,7.4,13121.675
2015-12-22 05:00:00,0,7.8,68.0,7.4,13800.847499999998
2015-12-22 06:00:00,0,8.3,63.0,7.4,14644.690000000006
2015-12-22 07:00:00,0,8.3,66.0,11.1,14928.944999999996
2015-12-22 08:00:00,0,8.3,66.0,13.0,15194.96
2015-12-22 09:00:00,0,8.9,63.0,13.0,15557.180000000002
2015-12-22 10:00:00,0,9.4,61.0,13.0,15811.404999999999
2015-12-22 11:00:00,0,10.0,59.0,13.0,15873.1075
2015-12-22 12:00:00,0,10.6,54.0,11.1,15899.647500000003
2015-12-22 13:00:00,0,12.2,49.0,13.0,15853.4425
2015-12-22 14:00:00,0,13.3,44.0,16.7,15728.124999999998
2015-12-22 15:00:00,0,13.3,44.0,18.5,15564.722499999996
2015-12-22 16:00:00,0,12.2,62.0,24.1,15428.867500000002
2015-12-22 17:00:00,0,11.7,66.0,16.7,15062.667499999998
2015-12-22 18:00:00,0,11.7,69.0,13.0,14806.91
2015-12-22 19:00:00,0,12.2,69.0,14.8,14644.742499999997
2015-12-22 20:00:00,0,12.2,69.0,7.4,14366.904999999997
2015-12-22 21:00:00,0,12.2,72.0,7.4,13995.147500000003
2015-12-22 22:00:00,0,12.2,72.0,9.3,13339.469999999994
2015-12-22 23:00:00,0,11.7,74.0,7.4,12824.792500000003
2015-12-23 00:00:00,0,11.7,74.0,9.3,12610.527499999997
2015-12-23 01:00:00,0,11.7,74.0,11.1,12554.747500000001
2015-12-23 02:00:00,0,11.7,77.0,11.1,12860.617499999998
2015-12-23 03:00:00,0,11.7,77.0,7.4,12864.779999999999
2015-12-23 04:00:00,0,11.7,77.0,7.4,12876.289999999997
2015-12-23 05:00:00,0,11.7,77.0,9.3,13439.457499999999
2015-12-23 06:00:00,0,11.7,77.0,11.1,14635.454999999998
2015-12-23 07:00:00,0,11.7,80.0,11.1,14676.102500000003
2015-12-23 08:00:00,0,11.7,83.0,11.1,14918.354999999996
2015-12-23 09:00:00,0,12.2,80.0,9.3,14972.637499999995
2015-12-23 10:00:00,0,13.9,72.0,7.4,15122.542499999998
2015-12-23 11:00:00,0,15.0,67.0,5.6,15288.582499999995
2015-12-23 12:00:00,0,16.7,62.0,0.0,15216.432499999997
2015-12-23 13:00:00,0,17.8,58.0,7.4,15123.262499999999
2015-12-23 14:00:00,0,18.9,54.0,9.3,14921.749999999998
2015-12-23 15:00:00,0,18.3,56.0,9.3,14689.724999999999
2015-12-23 16:00:00,0,18.3,56.0,7.4,14463.34
2015-12-23 17:00:00,0,18.3,56.0,14.8,14287.255000000001
2015-12-23 18:00:00,0,17.8,56.0,7.4,14283.8675
2015-12-23 19:00:00,0,16.1,64.0,0.0,14214.955000000004
2015-12-23 20:00:00,0,16.7,62.0,0.0,13987.8675
2015-12-23 21:00:00,0,14.4,72.0,7.4,13634.777500000002
2015-12-23 22:00:00,0,13.3,75.0,11.1,13021.615
2015-12-23 23:00:00,0,14.4,72.0,11.1,12549.592499999999
2015-12-24 00:00:00,1,13.9,74.0,11.1,12497.6925
2015-12-24 01:00:00,1,13.3,80.0,13.0,12444.652500000002
2015-12-24 02:00:00,1,13.3,80.0,11.1,12659.667499999994
2015-12-24 03:00:00,1,13.3,84.0,11.1,12654.060000000001
2015-12-24 04:00:00,1,12.8,83.0,7.4,12710.56
2015-12-24 05:00:00,1,12.2,86.0,9.3,12876.442500000001
2015-12-24 06:00:00,1,11.7,86.0,7.4,13179.845
2015-12-24 07:00:00,1,11.1,89.0,11.1,13176.054999999998
2015-12-24 08:00:00,1,11.1,86.0,11.1,12909.222499999996
2015-12-24 09:00:00,1,12.2,77.0,13.0,12834.8775
2015-12-24 10:00:00,1,13.9,72.0,11.1,12861.207499999999
2015-12-24 11:00:00,1,15.6,64.0,0.0,12847.417500000001
2015-12-24 12:00:00,1,17.2,60.0,0.0,12835.689999999999
2015-12-24 13:00:00,1,17.8,56.0,13.0,12716.577499999998
2015-12-24 14:00:00,1,18.3,54.0,11.1,12679.82
2015-12-24 15:00:00,1,18.3,52.0,14.8,12613.5125
2015-12-24 16:00:00,1,18.9,48.0,7.4,12599.95
2015-12-24 17:00:00,1,17.8,52.0,11.1,12761.614999999998
2015-12-24 18:00:00,1,17.8,48.0,9.3,12881.602499999997
2015-12-24 19:00:00,1,16.7,52.0,9.3,12846.182499999995
2015-12-24 20:00:00,1,16.1,54.0,5.6,12812.287500000004
2015-12-24 21:00:00,1,13.9,62.0,5.6,12615.372499999998
2015-12-24 22:00:00,1,13.3,67.0,7.4,12398.757500000005
2015-12-24 23:00:00,1,13.3,67.0,0.0,12247.997500000003
2015-12-25 00:00:00,1,12.2,72.0,9.3,12214.730000000001
2015-12-25 01:00:00,1,11.1,77.0,11.1,12210.107499999996
2015-12-25 02:00:00,1,10.6,80.0,13.0,12550.6975
2015-12-25 03:00:00,1,10.0,80.0,13.0,12632.242500000002
2015-12-25 04:00:00,1,10.0,80.0,9.3,12724.630000000003
2015-12-25 05:00:00,1,8.3,86.0,5.6,12963.857499999998
2015-12-25 06:00:00,1,8.9,83.0,0.0,13356.974999999999
2015-12-25 07:00:00,1,8.3,86.0,5.6,13354.64
2015-12-25 08:00:00,1,9.4,80.0,5.6,13012.1625
2015-12-25 09:00:00,1,10.6,68.0,18.5,12844.259999999997
2015-12-25 10:00:00,1,12.2,53.0,14.8,12777.404999999997
2015-12-25 11:00:00,1,12.8,45.0,13.0,12679.707499999997
2015-12-25 12:00:00,1,13.3,30.0,13.0,12607.245
2015-12-25 13:00:00,1,14.4,27.0,13.0,12634.732499999998
2015-12-25 14:00:00,1,15.0,16.0,27.8,12640.597500000002
2015-12-25 15:00:00,1,15.6,15.0,13.0,12575.832500000002
2015-12-25 16:00:00,1,15.6,16.0,20.4,12526.057499999999
2015-12-25 17:00:00,1,14.4,16.0,20.4,12606.099999999999
2015-12-25 18:00:00,1,12.8,18.0,13.0,12806.750000000002
2015-12-25 19:00:00,1,11.7,20.0,16.7,12865.482500000006
2015-12-25 20:00:00,1,10.6,23.0,11.1,12895.185000000001
2015-12-25 21:00:00,1,8.3,30.0,7.4,12711.214999999997
2015-12-25 22:00:00,1,7.8,31.0,7.4,12495.704999999998
2015-12-25 23:00:00,1,7.8,31.0,13.0,12354.647500000001
2015-12-26 00:00:00,0,6.1,38.0,11.1,12320.470000000003
2015-12-26 01:00:00,0,5.6,40.0,7.4,12385.079999999998
2015-12-26 02:00:00,0,6.7,34.0,11.1,12444.365
2015-12-26 03:00:00,0,6.1,35.0,9.3,12477.742499999998
2015-12-26 04:00:00,0,4.4,43.0,14.8,12789.757500000003
2015-12-26 05:00:00,0,3.9,43.0,14.8,12949.345000000001
2015-12-26 06:00:00,0,3.9,43.0,13.0,13365.6325
2015-12-26 07:00:00,0,2.8,46.0,11.1,13785.162500000004
2015-12-26 08:00:00,0,3.3,45.0,11.1,13132.025
2015-12-26 09:00:00,0,6.1,34.0,11.1,13573.74
2015-12-26 10:00:00,0,8.3,24.0,20.4,13567.455000000004
2015-12-26 11:00:00,0,9.4,23.0,14.8,13497.164999999997
2015-12-26 12:00:00,0,11.7,20.0,25.9,13553.999999999996
2015-12-26 13:00:00,0,12.2,17.0,38.9,13538.282500000001
2015-12-26 14:00:00,0,12.2,17.0,33.3,13391.265
2015-12-26 15:00:00,0,12.8,15.0,35.2,13237.499999999996
2015-12-26 16:00:00,0,12.8,13.0,33.3,13173.017499999998
2015-12-26 17:00:00,0,12.2,14.0,25.9,13223.4875
2015-12-26 18:00:00,0,11.1,16.0,25.9,13455.737500000005
2015-12-26 19:00:00,0,10.6,16.0,31.5,13463.972499999998
2015-12-26 20:00:00,0,9.4,18.0,25.9,13413.532500000001
2015-12-26 21:00:00,0,8.9,20.0,16.7,13182.850000000002
2015-12-26 22:00:00,0,8.3,21.0,20.4,12857.9975
2015-12-26 23:00:00,0,7.8,22.0,24.1,12650.0725
2015-12-27 00:00:00,0,7.2,23.0,13.0,12622.4025
2015-12-27 01:00:00,0,6.7,24.0,11.1,12646.265000000003
2015-12-27 02:00:00,0,4.4,32.0,0.0,12708.345000000003
2015-12-27 03:00:00,0,6.1,26.0,7.4,12734.507500000003
2015-12-27 04:00:00,0,6.1,26.0,5.6,12966.2725
2015-12-27 05:00:00,0,4.4,33.0,0.0,13154.970000000001
2015-12-27 06:00:00,0,3.9,36.0,0.0,13525.774999999998
2015-12-27 07:00:00,0,1.7,46.0,0.0,13719.670000000002
2015-12-27 08:00:00,0,1.7,46.0,11.1,13524.982500000004
2015-12-27 09:00:00,0,5.6,32.0,0.0,13312.547499999995
2015-12-27 10:00:00,0,7.8,24.0,7.4,13252.0825
2015-12-27 11:00:00,0,9.4,23.0,9.3,13233.852499999997
2015-12-27 12:00:00,0,11.7,19.0,0.0,13419.572500000004
2015-12-27 13:00:00,0,12.2,18.0,7.4,13317.695000000002
2015-12-27 14:00:00,0,13.3,17.0,7.4,13238.932499999997
2015-12-27 15:00:00,0,14.4,16.0,7.4,13066.902500000004
2015-12-27 16:00:00,0,14.4,16.0,9.3,12888.26
2015-12-27 17:00:00,0,15.0,16.0,7.4,12888.99
2015-12-27 18:00:00,0,12.8,21.0,5.6,13078.2125
2015-12-27 19:00:00,0,10.6,26.0,7.4,13128.427500000002
2015-12-27 20:00:00,0,11.1,24.0,0.0,12873.514999999996
2015-12-27 21:00:00,0,9.4,29.0,0.0,12761.574999999995
2015-12-27 22:00:00,0,8.9,32.0,5.6,12720.782500000001
2015-12-27 23:00:00,0,7.8,35.0,0.0,12700.185
2015-12-28 00:00:00,0,6.1,45.0,0.0,12674.962499999996
2015-12-28 01:00:00,0,6.1,45.0,7.4,12679.352499999999
2015-12-28 02:00:00,0,5.0,49.0,0.0,13018.929999999998
2015-12-28 03:00:00,0,5.0,47.0,7.4,13294.2575
2015-12-28 04:00:00,0,5.0,51.0,11.1,13751.6575
2015-12-28 05:00:00,0,4.4,55.0,14.8,14224.430000000002
2015-12-28 06:00:00,0,3.3,57.0,18.5,15133.729999999996
2015-12-28 07:00:00,0,3.9,55.0,16.7,15739.025000000003
2015-12-28 08:00:00,0,3.9,57.0,11.1,15892.437500000004
2015-12-28 09:00:00,0,6.1,49.0,7.4,15908.692500000001
2015-12-28 10:00:00,0,8.3,44.0,11.1,15915.504999999997
2015-12-28 11:00:00,0,10.0,36.0,7.4,15931.009999999997
2015-12-28 12:00:00,0,11.7,34.0,7.4,15841.129999999997
2015-12-28 13:00:00,0,12.2,33.0,0.0,15660.499999999995
2015-12-28 14:00:00,0,13.3,30.0,0.0,15585.96
2015-12-28 15:00:00,0,15.0,27.0,9.3,15389.929999999997
2015-12-28 16:00:00,0,14.4,28.0,0.0,15269.9975
2015-12-28 17:00:00,0,14.4,27.0,0.0,14974.8525
2015-12-28 18:00:00,0,12.8,31.0,7.4,14835.472499999996
2015-12-28 19:00:00,0,11.7,35.0,5.6,14660.762499999995
2015-12-28 20:00:00,0,10.0,39.0,0.0,14484.007500000002
2015-12-28 21:00:00,0,8.9,42.0,0.0,14162.205
2015-12-28 22:00:00,0,7.2,49.0,5.6,13460.9475
2015-12-28 23:00:00,0,7.8,44.0,0.0,12940.607500000002
2015-12-29 00:00:00,0,7.2,56.0,0.0,12700.507499999996
2015-12-29 01:00:00,0,7.2,53.0,5.6,12678.19
2015-12-29 02:00:00,0,6.1,58.0,7.4,12947.980000000003
2015-12-29 03:00:00,0,6.1,58.0,0.0,12922.437500000002
2015-12-29 04:00:00,0,6.7,55.0,0.0,12944.537500000004
2015-12-29 05:00:00,0,7.2,53.0,0.0,13660.215000000004
2015-12-29 06:00:00,0,6.7,43.0,22.2,14569.144999999999
2015-12-29 07:00:00,0,7.2,44.0,11.1,14898.439999999999
2015-12-29 08:00:00,0,6.7,51.0,5.6,15316.184999999998
2015-12-29 09:00:00,0,7.8,50.0,13.0,15725.297499999999
2015-12-29 10:00:00,0,8.3,52.0,13.0,16046.0375
2015-12-29 11:00:00,0,9.4,50.0,14.8,15814.249999999996
2015-12-29 12:00:00,0,9.4,44.0,13.0,15732.91
2015-12-29 13:00:00,0,10.0,44.0,9.3,15597.765000000001
2015-12-29 14:00:00,0,11.7,38.0,7.4,15595.059999999998
2015-12-29 15:00:00,0,12.2,35.0,7.4,15439.0775
2015-12-29 16:00:00,0,12.8,33.0,7.4,15143.305
2015-12-29 17:00:00,0,12.8,33.0,7.4,14822.9
2015-12-29 18:00:00,0,11.1,35.0,9.3,14829.465
2015-12-29 19:00:00,0,10.6,39.0,5.6,14758.664999999999
2015-12-29 20:00:00,0,10.0,43.0,0.0,14490.219999999996
2015-12-29 21:00:00,0,10.6,39.0,7.4,14100.792499999998
2015-12-29 22:00:00,0,8.3,48.0,0.0,13551.467500000004
2015-12-29 23:00:00,0,7.2,49.0,11.1,13008.302499999998
2015-12-30 00:00:00,0,6.7,49.0,13.0,12774.174999999996
2015-12-30 01:00:00,0,5.6,53.0,11.1,12734.767499999998
2015-12-30 02:00:00,0,5.0,57.0,5.6,13011.217500000002
2015-12-30 03:00:00,0,3.9,62.0,7.4,13120.235000000004
2015-12-30 04:00:00,0,3.9,60.0,5.6,13035.9375
2015-12-30 05:00:00,0,3.3,62.0,5.6,13860.172499999997
2015-12-30 06:00:00,0,3.3,65.0,9.3,14975.519999999997
2015-12-30 07:00:00,0,3.3,65.0,5.6,15290.619999999997
2015-12-30 08:00:00,0,3.3,65.0,5.6,15602.472500000003
2015-12-30 09:00:00,0,5.0,57.0,9.3,15896.167500000001
2015-12-30 10:00:00,0,7.2,48.0,9.3,15963.162500000006
2015-12-30 11:00:00,0,10.6,41.0,7.4,15983.002499999999
2015-12-30 12:00:00,0,11.7,37.0,5.6,15949.899999999998
2015-12-30 13:00:00,0,13.3,32.0,0.0,15711.104999999994
2015-12-30 14:00:00,0,13.3,26.0,0.0,15644.15
2015-12-30 15:00:00,0,14.4,23.0,5.6,15456.6
2015-12-30 16:00:00,0,15.0,22.0,5.6,15179.169999999998
2015-12-30 17:00:00,0,14.4,22.0,5.6,14886.672500000002
2015-12-30 18:00:00,0,12.8,27.0,5.6,14932.472500000003
2015-12-30 19:00:00,0,10.6,33.0,9.3,14868.467499999999
2015-12-30 20:00:00,0,9.4,36.0,9.3,14585.337499999998
2015-12-30 21:00:00,0,10.6,33.0,9.3,14250.429999999997
2015-12-30 22:00:00,0,7.2,44.0,7.4,13542.037499999999
2015-12-30 23:00:00,0,6.7,45.0,9.3,13055.477499999997
2015-12-31 00:00:00,0,6.7,43.0,9.3,12898.3875
2015-12-31 01:00:00,0,5.6,51.0,5.6,12866.437499999998
2015-12-31 02:00:00,0,3.9,57.0,5.6,13105.782500000001
2015-12-31 03:00:00,0,3.9,60.0,0.0,13143.3625
2015-12-31 04:00:00,0,3.3,60.0,0.0,13327.625000000002
2015-12-31 05:00:00,0,4.4,55.0,0.0,14013.192500000003
2015-12-31 06:00:00,0,3.9,57.0,0.0,14829.8075
2015-12-31 07:00:00,0,2.8,62.0,0.0,15044.272499999995
2015-12-31 08:00:00,0,2.2,64.0,0.0,15391.0825
2015-12-31 09:00:00,0,5.0,55.0,5.6,15604.93
2015-12-31 10:00:00,0,7.8,44.0,5.6,15627.022500000005
2015-12-31 11:00:00,0,10.6,32.0,0.0,15650.242500000006
2015-12-31 12:00:00,0,11.7,29.0,7.4,15522.225
2015-12-31 13:00:00,0,12.8,27.0,7.4,15396.51
2015-12-31 14:00:00,0,14.4,25.0,9.3,15139.5925
2015-12-31 15:00:00,0,15.0,24.0,11.1,14907.047500000002
2015-12-31 16:00:00,0,16.1,22.0,13.0,14619.897499999997
2015-12-31 17:00:00,0,15.6,23.0,13.0,14553.059999999996
2015-12-31 18:00:00,0,13.9,26.0,14.8,14656.872500000003
2015-12-31 19:00:00,0,13.3,27.0,11.1,14542.505000000001
2015-12-31 20:00:00,0,12.2,28.0,11.1,14399.805
2015-12-31 21:00:00,0,11.7,27.0,11.1,11601.287499999997
2015-12-31 22:00:00,0,10.0,31.0,5.6,13334.230000000001
2015-12-31 23:00:00,0,9.4,33.0,0.0,12858.629999999997
