Date,Holi,Temp,Humi,WS,Consumption
2015-01-01 00:00:00,1,2.8,79.0,2.5833333333333335,13544.780000000002
2015-01-01 01:00:00,1,2.9,77.0,1.8055555555555556,13459.234999999999
2015-01-01 02:00:00,1,2.8,76.0,1.5555555555555554,13750.787499999997
2015-01-01 03:00:00,1,2.2,82.0,1.5555555555555554,13859.64
2015-01-01 04:00:00,1,2.2,79.0,1.5555555555555554,14112.332499999997
2015-01-01 05:00:00,1,1.7,89.0,1.5555555555555554,14148.369999999999
2015-01-01 06:00:00,1,2.2,86.0,2.055555555555556,14640.717499999997
2015-01-01 07:00:00,1,2.8,86.0,2.055555555555556,14799.427500000002
2015-01-01 08:00:00,1,2.8,82.0,0.0,14754.062500000002
2015-01-01 09:00:00,1,3.9,76.0,0.0,14795.44
2015-01-01 10:00:00,1,5.0,65.0,2.5833333333333335,14685.425
2015-01-01 11:00:00,1,5.6,60.0,1.8055555555555556,14413.217499999997
2015-01-01 12:00:00,1,5.85,57.0,2.569444444444444,14346.8025
2015-01-01 13:00:00,1,6.7,51.0,0.0,14305.5275
2015-01-01 14:00:00,1,7.2,48.0,2.055555555555556,14417.602499999997
2015-01-01 15:00:00,1,7.2,48.0,1.5555555555555554,14333.3825
2015-01-01 16:00:00,1,7.2,48.0,0.0,14244.639999999998
2015-01-01 17:00:00,1,7.2,49.0,1.5555555555555554,14436.037499999999
2015-01-01 18:00:00,1,6.1,56.0,3.083333333333333,14717.982499999998
2015-01-01 19:00:00,1,5.0,62.0,2.5833333333333335,14797.699999999995
2015-01-01 20:00:00,1,5.0,60.0,2.055555555555556,14662.887499999999
2015-01-01 21:00:00,1,5.0,57.0,3.083333333333333,14396.305
2015-01-01 22:00:00,1,2.8,76.0,1.5555555555555554,13913.3375
2015-01-01 23:00:00,1,2.2,79.0,1.5555555555555554,13602.184999999994
2015-01-02 00:00:00,0,2.2,73.0,2.5833333333333335,13620.645000000004
2015-01-02 01:00:00,0,1.7,76.0,0.0,13619.975000000004
2015-01-02 02:00:00,0,1.7,76.0,0.0,13844.177500000002
2015-01-02 03:00:00,0,1.1,79.0,0.0,13922.207499999999
2015-01-02 04:00:00,0,0.6,82.0,2.055555555555556,14115.7
2015-01-02 05:00:00,0,0.0,85.0,2.055555555555556,14502.187500000002
2015-01-02 06:00:00,0,0.0,85.0,0.0,15569.177499999994
2015-01-02 07:00:00,0,0.6,82.0,2.055555555555556,16009.572499999997
2015-01-02 08:00:00,0,1.7,76.0,2.5833333333333335,16338.170000000002
2015-01-02 09:00:00,0,3.9,67.0,2.5833333333333335,16313.367500000006
2015-01-02 10:00:00,0,5.6,58.0,1.5555555555555554,16684.8075
2015-01-02 11:00:00,0,7.2,44.0,0.0,16520.04
2015-01-02 12:00:00,0,10.0,38.0,3.083333333333333,16349.444999999998
2015-01-02 13:00:00,0,10.6,33.0,3.083333333333333,16249.790000000003
2015-01-02 14:00:00,0,11.7,30.0,1.5555555555555554,16175.185000000001
2015-01-02 15:00:00,0,11.7,29.0,3.083333333333333,16146.957500000002
2015-01-02 16:00:00,0,11.1,31.0,3.611111111111111,15863.8125
2015-01-02 17:00:00,0,10.0,35.0,2.5833333333333335,15550.68
2015-01-02 18:00:00,0,8.9,41.0,2.055555555555556,15372.132500000002
2015-01-02 19:00:00,0,7.2,48.0,2.5833333333333335,15080.5925
2015-01-02 20:00:00,0,6.1,56.0,2.5833333333333335,14976.342499999997
2015-01-02 21:00:00,0,5.6,58.0,4.638888888888888,14696.397500000001
2015-01-02 22:00:00,0,5.0,62.0,3.611111111111111,14128.277500000002
2015-01-02 23:00:00,0,5.0,62.0,3.083333333333333,13834.320000000002
2015-01-03 00:00:00,1,3.9,70.0,2.5833333333333335,13637.69
2015-01-03 01:00:00,1,3.3,73.0,3.083333333333333,13695.565000000002
2015-01-03 02:00:00,1,2.8,76.0,3.611111111111111,13693.927500000002
2015-01-03 03:00:00,1,2.2,79.0,3.083333333333333,13703.287499999999
2015-01-03 04:00:00,1,1.7,78.0,3.083333333333333,13972.647500000003
2015-01-03 05:00:00,1,1.7,78.0,3.611111111111111,14045.014999999996
2015-01-03 06:00:00,1,1.1,79.0,3.083333333333333,14423.407500000001
2015-01-03 07:00:00,1,1.1,79.0,2.5833333333333335,14680.989999999996
2015-01-03 08:00:00,1,3.9,67.0,2.5833333333333335,14613.345000000001
2015-01-03 09:00:00,1,6.1,58.0,2.5833333333333335,14534.087499999998
2015-01-03 10:00:00,1,7.8,50.0,2.5833333333333335,14405.567500000003
2015-01-03 11:00:00,1,9.4,44.0,0.0,14386.244999999999
2015-01-03 12:00:00,1,10.0,39.0,2.055555555555556,14409.412500000002
2015-01-03 13:00:00,1,10.6,36.0,0.0,14343.332500000004
2015-01-03 14:00:00,1,11.7,34.0,0.0,14154.449999999999
2015-01-03 15:00:00,1,12.2,33.0,1.5555555555555554,13935.805000000004
2015-01-03 16:00:00,1,12.2,34.0,1.5555555555555554,13772.829999999998
2015-01-03 17:00:00,1,10.6,41.0,1.5555555555555554,13758.862500000001
2015-01-03 18:00:00,1,10.0,44.0,0.0,14109.3375
2015-01-03 19:00:00,1,8.9,46.0,0.0,14002.049999999997
2015-01-03 20:00:00,1,8.3,52.0,1.5555555555555554,13728.942500000003
2015-01-03 21:00:00,1,6.7,60.0,1.5555555555555554,13684.664999999997
2015-01-03 22:00:00,1,6.1,62.0,2.5833333333333335,13628.437499999998
2015-01-03 23:00:00,1,5.6,65.0,0.0,13673.947500000002
2015-01-04 00:00:00,1,5.0,67.0,0.0,13616.725000000002
2015-01-04 01:00:00,1,3.9,73.0,2.055555555555556,13576.547500000002
2015-01-04 02:00:00,1,3.9,73.0,2.5833333333333335,13681.592499999997
2015-01-04 03:00:00,1,3.9,73.0,2.5833333333333335,13695.58
2015-01-04 04:00:00,1,3.3,76.0,0.0,13959.394999999997
2015-01-04 05:00:00,1,2.8,76.0,1.5555555555555554,14085.782500000003
2015-01-04 06:00:00,1,2.8,76.0,0.0,14342.990000000002
2015-01-04 07:00:00,1,2.8,79.0,0.0,14556.099999999995
2015-01-04 08:00:00,1,4.4,73.0,0.0,14345.8125
2015-01-04 09:00:00,1,7.8,56.0,0.0,14179.422499999997
2015-01-04 10:00:00,1,11.7,43.0,2.5833333333333335,14027.154999999999
2015-01-04 11:00:00,1,12.8,40.0,2.5833333333333335,14064.480000000003
2015-01-04 12:00:00,1,15.6,33.0,2.055555555555556,14031.857499999998
2015-01-04 13:00:00,1,16.7,29.0,2.055555555555556,13931.674999999997
2015-01-04 14:00:00,1,17.8,27.0,1.5555555555555554,13750.8275
2015-01-04 15:00:00,1,17.8,27.0,2.055555555555556,13614.342499999999
2015-01-04 16:00:00,1,17.8,27.0,1.5555555555555554,13358.059999999996
2015-01-04 17:00:00,1,16.7,29.0,2.5833333333333335,13324.195
2015-01-04 18:00:00,1,13.3,42.0,2.055555555555556,13602.640000000005
2015-01-04 19:00:00,1,12.2,45.0,0.0,13650.082499999999
2015-01-04 20:00:00,1,11.7,47.0,0.0,13482.565
2015-01-04 21:00:00,1,10.6,52.0,0.0,13415.9575
2015-01-04 22:00:00,1,10.0,57.0,1.5555555555555554,13377.890000000003
2015-01-04 23:00:00,1,8.3,66.0,1.5555555555555554,13327.5725
2015-01-05 00:00:00,0,8.9,61.0,0.0,13350.910000000002
2015-01-05 01:00:00,0,8.3,63.0,0.0,13423.719999999998
2015-01-05 02:00:00,0,8.3,61.0,1.5555555555555554,13741.35
2015-01-05 03:00:00,0,7.8,63.0,0.0,13959.524999999996
2015-01-05 04:00:00,0,7.2,65.0,0.0,14538.827499999998
2015-01-05 05:00:00,0,6.7,68.0,0.0,15070.305000000006
2015-01-05 06:00:00,0,6.1,74.0,2.055555555555556,15615.295000000006
2015-01-05 07:00:00,0,6.1,71.0,0.0,16064.502499999997
2015-01-05 08:00:00,0,8.9,58.0,1.5555555555555554,16439.910000000007
2015-01-05 09:00:00,0,11.1,53.0,0.0,16851.275
2015-01-05 10:00:00,0,15.0,38.0,0.0,16968.7775
2015-01-05 11:00:00,0,16.7,32.0,0.0,16917.354999999996
2015-01-05 12:00:00,0,20.6,20.0,4.638888888888888,16895.915
2015-01-05 13:00:00,0,21.7,18.0,4.638888888888888,17121.037499999995
2015-01-05 14:00:00,0,22.8,16.0,4.111111111111112,16862.74
2015-01-05 15:00:00,0,23.3,16.0,2.055555555555556,16630.09
2015-01-05 16:00:00,0,23.3,16.0,1.5555555555555554,16356.500000000002
2015-01-05 17:00:00,0,19.4,26.0,2.5833333333333335,15794.27
2015-01-05 18:00:00,0,16.7,34.0,2.5833333333333335,15070.107499999996
2015-01-05 19:00:00,0,16.1,34.0,0.0,14829.400000000003
2015-01-05 20:00:00,0,14.4,41.0,0.0,14662.700000000004
2015-01-05 21:00:00,0,12.8,49.0,2.055555555555556,14393.429999999998
2015-01-05 22:00:00,0,12.2,49.0,0.0,13960.620000000003
2015-01-05 23:00:00,0,12.2,47.0,0.0,13604.380000000001
2015-01-06 00:00:00,0,11.1,49.0,3.083333333333333,13397.580000000004
2015-01-06 01:00:00,0,10.0,52.0,1.5555555555555554,13389.890000000003
2015-01-06 02:00:00,0,10.0,54.0,3.083333333333333,13715.63
2015-01-06 03:00:00,0,10.6,48.0,0.0,13768.619999999997
2015-01-06 04:00:00,0,8.3,61.0,0.0,13988.1325
2015-01-06 05:00:00,0,7.8,63.0,1.5555555555555554,14512.0725
2015-01-06 06:00:00,0,7.8,61.0,1.5555555555555554,15514.532500000003
2015-01-06 07:00:00,0,7.8,61.0,2.055555555555556,15939.660000000002
2015-01-06 08:00:00,0,11.1,49.0,0.0,16273.387499999999
2015-01-06 09:00:00,0,15.0,35.0,2.5833333333333335,16728.415
2015-01-06 10:00:00,0,17.2,31.0,0.0,16920.639999999996
2015-01-06 11:00:00,0,21.1,22.0,2.055555555555556,16856.780000000002
2015-01-06 12:00:00,0,22.8,18.0,4.111111111111112,16739.210000000003
2015-01-06 13:00:00,0,23.9,16.0,4.638888888888888,16553.385000000006
2015-01-06 14:00:00,0,24.4,16.0,2.5833333333333335,16518.66
2015-01-06 15:00:00,0,26.1,15.0,2.5833333333333335,16339.17
2015-01-06 16:00:00,0,25.0,16.0,2.5833333333333335,16085.470000000005
2015-01-06 17:00:00,0,22.8,20.0,2.5833333333333335,15482.999999999996
2015-01-06 18:00:00,0,18.9,29.0,2.5833333333333335,14751.819999999996
2015-01-06 19:00:00,0,18.3,29.0,0.0,14367.099999999999
2015-01-06 20:00:00,0,15.6,38.0,0.0,14218.240000000003
2015-01-06 21:00:00,0,13.9,44.0,1.5555555555555554,14115.69
2015-01-06 22:00:00,0,13.9,44.0,0.0,13742.039999999999
2015-01-06 23:00:00,0,13.3,49.0,0.0,13456.39
2015-01-07 00:00:00,0,12.8,49.0,0.0,13249.180000000002
2015-01-07 01:00:00,0,11.1,54.0,2.055555555555556,13194.400000000003
2015-01-07 02:00:00,0,12.2,51.0,1.5555555555555554,13473.02
2015-01-07 03:00:00,0,11.7,52.0,0.0,13568.67
2015-01-07 04:00:00,0,10.0,61.0,0.0,13907.570000000003
2015-01-07 05:00:00,0,10.0,61.0,0.0,14393.187500000004
2015-01-07 06:00:00,0,10.0,61.0,0.0,15215.02
2015-01-07 07:00:00,0,9.4,64.0,1.5555555555555554,15764.417500000005
2015-01-07 08:00:00,0,11.1,59.0,1.5555555555555554,16122.897499999997
2015-01-07 09:00:00,0,16.1,42.0,1.5555555555555554,16541.562499999993
2015-01-07 10:00:00,0,19.4,36.0,1.5555555555555554,16471.83
2015-01-07 11:00:00,0,22.2,28.0,3.083333333333333,16685.47
2015-01-07 12:00:00,0,25.0,22.0,4.111111111111112,16625.54
2015-01-07 13:00:00,0,26.1,18.0,3.611111111111111,16508.64
2015-01-07 14:00:00,0,26.7,17.0,1.5555555555555554,16352.789999999997
2015-01-07 15:00:00,0,26.7,18.0,1.5555555555555554,16180.529999999997
2015-01-07 16:00:00,0,26.7,18.0,3.083333333333333,16010.08
2015-01-07 17:00:00,0,23.3,24.0,2.5833333333333335,15423.599999999999
2015-01-07 18:00:00,0,21.7,28.0,3.083333333333333,14829.250000000002
2015-01-07 19:00:00,0,19.4,33.0,3.611111111111111,14478.130000000003
2015-01-07 20:00:00,0,18.3,36.0,3.611111111111111,14323.13
2015-01-07 21:00:00,0,19.4,33.0,4.111111111111112,14071.449999999997
2015-01-07 22:00:00,0,17.2,40.0,2.5833333333333335,13655.41
2015-01-07 23:00:00,0,16.7,41.0,0.0,13326.58
2015-01-08 00:00:00,0,16.1,42.0,1.5555555555555554,13308.410000000003
2015-01-08 01:00:00,0,15.6,44.0,2.055555555555556,13190.960000000001
2015-01-08 02:00:00,0,14.4,47.0,3.083333333333333,13193.617499999997
2015-01-08 03:00:00,0,15.6,42.0,3.611111111111111,13232.329999999996
2015-01-08 04:00:00,0,17.2,34.0,5.666666666666666,13355.357499999996
2015-01-08 05:00:00,0,16.7,35.0,7.722222222222222,13900.739999999998
2015-01-08 06:00:00,0,16.7,34.0,7.194444444444444,14398.23
2015-01-08 07:00:00,0,15.6,38.0,4.111111111111112,14861.230000000001
2015-01-08 08:00:00,0,15.6,39.0,5.138888888888888,15286.220000000001
2015-01-08 09:00:00,0,17.2,34.0,6.166666666666666,15866.609999999999
2015-01-08 10:00:00,0,18.3,32.0,6.166666666666666,16074.510000000004
2015-01-08 11:00:00,0,18.3,31.0,6.166666666666666,16210.080000000002
2015-01-08 12:00:00,0,18.9,30.0,3.611111111111111,16261.450000000003
2015-01-08 13:00:00,0,20.6,27.0,3.083333333333333,16185.069999999996
2015-01-08 14:00:00,0,21.7,27.0,4.111111111111112,16357.760000000006
2015-01-08 15:00:00,0,20.0,32.0,3.611111111111111,16124.829999999998
2015-01-08 16:00:00,0,18.9,33.0,6.166666666666666,16055.270000000002
2015-01-08 17:00:00,0,17.8,37.0,3.083333333333333,15444.67
2015-01-08 18:00:00,0,16.7,39.0,2.5833333333333335,14903.379999999997
2015-01-08 19:00:00,0,15.0,44.0,3.083333333333333,14649.230000000001
2015-01-08 20:00:00,0,15.0,46.0,2.5833333333333335,14356.949999999999
2015-01-08 21:00:00,0,13.3,55.0,3.083333333333333,14080.5
2015-01-08 22:00:00,0,14.4,46.0,2.055555555555556,13633.939999999997
2015-01-08 23:00:00,0,12.2,55.0,1.5555555555555554,13300.359999999999
2015-01-09 00:00:00,0,12.2,55.0,1.5555555555555554,13148.730000000001
2015-01-09 01:00:00,0,12.2,53.0,5.138888888888888,13056.04
2015-01-09 02:00:00,0,12.2,53.0,3.083333333333333,13235.839999999998
2015-01-09 03:00:00,0,12.2,53.0,5.138888888888888,13394.98
2015-01-09 04:00:00,0,12.2,51.0,3.083333333333333,13802.020000000002
2015-01-09 05:00:00,0,11.7,52.0,3.083333333333333,14188.034999999998
2015-01-09 06:00:00,0,11.7,55.0,1.5555555555555554,14815.11
2015-01-09 07:00:00,0,11.1,57.0,2.055555555555556,15569.309999999998
2015-01-09 08:00:00,0,13.3,49.0,3.083333333333333,16063.809999999998
2015-01-09 09:00:00,0,16.1,44.0,3.611111111111111,16447.19
2015-01-09 10:00:00,0,18.9,37.0,5.138888888888888,16577.54
2015-01-09 11:00:00,0,20.0,35.0,5.666666666666666,16583.659999999996
2015-01-09 12:00:00,0,21.7,34.0,2.5833333333333335,16655.159999999996
2015-01-09 13:00:00,0,22.2,33.0,1.5555555555555554,16607.369999999995
2015-01-09 14:00:00,0,23.3,32.0,2.5833333333333335,16637.76
2015-01-09 15:00:00,0,22.8,34.0,0.0,16565.360000000004
2015-01-09 16:00:00,0,23.3,34.0,4.638888888888888,16136.139999999996
2015-01-09 17:00:00,0,21.1,36.0,3.083333333333333,15533.809999999996
2015-01-09 18:00:00,0,20.0,37.0,3.083333333333333,14928.449999999997
2015-01-09 19:00:00,0,17.8,43.0,2.5833333333333335,14479.34
2015-01-09 20:00:00,0,16.7,46.0,2.055555555555556,14220.11
2015-01-09 21:00:00,0,15.6,49.0,2.5833333333333335,14052.14
2015-01-09 22:00:00,0,15.6,46.0,3.611111111111111,13615.54
2015-01-09 23:00:00,0,15.6,44.0,3.611111111111111,13229.679999999998
2015-01-10 00:00:00,1,14.4,49.0,3.083333333333333,13160.78
2015-01-10 01:00:00,1,14.4,47.0,3.611111111111111,12993.530000000002
2015-01-10 02:00:00,1,14.4,47.0,3.611111111111111,12994.210000000003
2015-01-10 03:00:00,1,13.9,49.0,2.5833333333333335,12984.65
2015-01-10 04:00:00,1,13.3,51.0,0.0,13101.82
2015-01-10 05:00:00,1,13.3,51.0,3.083333333333333,13214.220000000001
2015-01-10 06:00:00,1,13.3,49.0,3.083333333333333,13435.232499999998
2015-01-10 07:00:00,1,13.9,47.0,3.611111111111111,13734.110000000002
2015-01-10 08:00:00,1,13.9,47.0,3.083333333333333,13725.209999999997
2015-01-10 09:00:00,1,16.1,41.0,4.638888888888888,13853.809999999998
2015-01-10 10:00:00,1,15.6,42.0,2.5833333333333335,13721.69
2015-01-10 11:00:00,1,16.7,41.0,2.055555555555556,13708.555000000004
2015-01-10 12:00:00,1,17.2,40.0,2.5833333333333335,13773.1925
2015-01-10 13:00:00,1,16.7,48.0,3.611111111111111,13674.267499999996
2015-01-10 14:00:00,1,17.8,41.0,2.055555555555556,13670.710000000005
2015-01-10 15:00:00,1,18.3,40.0,0.0,13713.689999999999
2015-01-10 16:00:00,1,17.8,43.0,2.055555555555556,13594.45
2015-01-10 17:00:00,1,17.8,45.0,3.083333333333333,13540.85
2015-01-10 18:00:00,1,17.2,48.0,1.5555555555555554,13711.93
2015-01-10 19:00:00,1,15.0,58.0,0.0,13620.849999999997
2015-01-10 20:00:00,1,13.9,62.0,0.0,13449.67
2015-01-10 21:00:00,1,13.9,62.0,0.0,13214.080000000002
2015-01-10 22:00:00,1,13.9,64.0,0.0,13094.150000000001
2015-01-10 23:00:00,1,12.2,75.0,0.0,13070.609999999997
2015-01-11 00:00:00,1,12.8,72.0,0.0,12931.460000000001
2015-01-11 01:00:00,1,13.3,69.0,1.5555555555555554,12933.240000000005
2015-01-11 02:00:00,1,12.2,75.0,2.055555555555556,12971.699999999999
2015-01-11 03:00:00,1,12.8,69.0,1.5555555555555554,12977.47
2015-01-11 04:00:00,1,12.2,75.0,0.0,13234.859999999999
2015-01-11 05:00:00,1,12.8,69.0,2.055555555555556,13357.670000000002
2015-01-11 06:00:00,1,13.3,67.0,2.5833333333333335,13421.027499999998
2015-01-11 07:00:00,1,12.8,67.0,2.055555555555556,13710.420000000004
2015-01-11 08:00:00,1,13.9,59.0,4.638888888888888,13486.990000000002
2015-01-11 09:00:00,1,15.6,55.0,3.611111111111111,13393.769999999999
2015-01-11 10:00:00,1,16.7,52.0,3.611111111111111,13331.759999999998
2015-01-11 11:00:00,1,18.3,45.0,4.638888888888888,13379.529999999999
2015-01-11 12:00:00,1,20.0,40.0,3.083333333333333,13512.689999999999
2015-01-11 13:00:00,1,22.2,35.0,3.611111111111111,13545.510000000002
2015-01-11 14:00:00,1,21.7,36.0,4.638888888888888,13510.909999999996
2015-01-11 15:00:00,1,21.7,38.0,3.083333333333333,13445.800000000003
2015-01-11 16:00:00,1,21.7,38.0,3.083333333333333,13223.329999999996
2015-01-11 17:00:00,1,20.6,42.0,1.5555555555555554,13159.890000000003
2015-01-11 18:00:00,1,19.4,47.0,1.5555555555555554,13349.869999999999
2015-01-11 19:00:00,1,18.3,58.0,1.5555555555555554,13303.02
2015-01-11 20:00:00,1,17.2,70.0,2.5833333333333335,13136.790000000003
2015-01-11 21:00:00,1,16.7,70.0,2.5833333333333335,13069.199999999997
2015-01-11 22:00:00,1,15.6,80.0,2.055555555555556,12989.95
2015-01-11 23:00:00,1,15.0,83.0,3.083333333333333,12937.515
2015-01-12 00:00:00,0,15.0,83.0,3.611111111111111,12927.289999999999
2015-01-12 01:00:00,0,14.4,87.0,2.055555555555556,12850.4125
2015-01-12 02:00:00,0,14.4,90.0,1.5555555555555554,13144.527499999997
2015-01-12 03:00:00,0,14.4,90.0,0.0,13370.322499999998
2015-01-12 04:00:00,0,14.4,93.0,1.5555555555555554,13948.024999999998
2015-01-12 05:00:00,0,14.4,90.0,0.0,14120.692500000001
2015-01-12 06:00:00,0,13.9,93.0,0.0,14718.48
2015-01-12 07:00:00,0,13.9,94.5,0.0,15334.309999999994
2015-01-12 08:00:00,0,13.9,96.0,1.5555555555555554,16002.515
2015-01-12 09:00:00,0,15.0,90.0,2.055555555555556,16084.922500000002
2015-01-12 10:00:00,0,16.1,81.0,0.0,17178.72
2015-01-12 11:00:00,0,17.8,65.0,0.0,17311.42
2015-01-12 12:00:00,0,18.3,65.0,2.055555555555556,17278.13
2015-01-12 13:00:00,0,19.4,59.0,2.055555555555556,17253.68
2015-01-12 14:00:00,0,19.4,57.0,0.0,17163.350000000002
2015-01-12 15:00:00,0,18.9,59.0,3.611111111111111,17116.520000000004
2015-01-12 16:00:00,0,18.3,65.0,2.5833333333333335,16816.739999999998
2015-01-12 17:00:00,0,17.8,67.0,1.5555555555555554,16170.130000000003
2015-01-12 18:00:00,0,17.2,70.0,0.0,15793.190000000002
2015-01-12 19:00:00,0,16.7,70.0,0.0,15331.37
2015-01-12 20:00:00,0,16.7,70.0,2.055555555555556,14995.9625
2015-01-12 21:00:00,0,13.9,83.0,2.055555555555556,14723.890000000001
2015-01-12 22:00:00,0,13.9,83.0,0.0,14128.310000000001
2015-01-12 23:00:00,0,13.9,83.0,0.0,13654.839999999998
2015-01-13 00:00:00,0,13.9,81.0,0.0,13462.270000000004
2015-01-13 01:00:00,0,12.8,86.0,0.0,13405.339999999998
2015-01-13 02:00:00,0,13.3,84.0,0.0,13516.55
2015-01-13 03:00:00,0,12.8,86.0,1.5555555555555554,13550.770000000002
2015-01-13 04:00:00,0,12.8,83.0,2.055555555555556,13874.739999999998
2015-01-13 05:00:00,0,12.8,86.0,0.0,14345.810000000001
2015-01-13 06:00:00,0,12.8,86.0,2.055555555555556,14995.190000000002
2015-01-13 07:00:00,0,12.2,86.0,2.055555555555556,15493.490000000003
2015-01-13 08:00:00,0,13.9,77.0,0.0,16248.000000000004
2015-01-13 09:00:00,0,15.0,75.0,0.0,16886.46
2015-01-13 10:00:00,0,15.0,75.0,0.0,17215.15
2015-01-13 11:00:00,0,13.700000000000001,80.66666666666667,5.324074074074074,17402.619999999995
2015-01-13 12:00:00,0,12.0,94.0,4.111111111111112,17647.027499999997
2015-01-13 13:00:00,0,14.0,77.0,2.5833333333333335,17717.885
2015-01-13 14:00:00,0,15.0,67.0,2.5833333333333335,17795.79
2015-01-13 15:00:00,0,17.2,58.0,0.0,17598.649999999994
2015-01-13 16:00:00,0,16.1,60.0,0.0,17208.409999999996
2015-01-13 17:00:00,0,16.1,64.0,2.055555555555556,16611.8
2015-01-13 18:00:00,0,14.4,75.0,1.5555555555555554,16132.74
2015-01-13 19:00:00,0,13.9,72.0,1.5555555555555554,15767.260000000002
2015-01-13 20:00:00,0,13.9,72.0,2.055555555555556,15533.029999999999
2015-01-13 21:00:00,0,12.2,77.0,3.083333333333333,15095.310000000001
2015-01-13 22:00:00,0,11.1,80.0,3.083333333333333,14470.880000000003
2015-01-13 23:00:00,0,11.1,77.0,3.083333333333333,13882.47
2015-01-14 00:00:00,0,10.6,83.0,2.055555555555556,13649.990000000002
2015-01-14 01:00:00,0,9.4,90.0,1.5555555555555554,13680.210000000005
2015-01-14 02:00:00,0,10.0,83.0,2.5833333333333335,13827.130000000001
2015-01-14 03:00:00,0,9.4,83.0,3.083333333333333,13836.319999999998
2015-01-14 04:00:00,0,8.3,90.0,0.0,14219.082499999999
2015-01-14 05:00:00,0,9.4,80.0,1.5555555555555554,14571.0425
2015-01-14 06:00:00,0,8.9,86.0,1.5555555555555554,15520.8575
2015-01-14 07:00:00,0,8.3,86.0,0.0,16184.342500000004
2015-01-14 08:00:00,0,10.6,77.0,1.5555555555555554,16870.492500000004
2015-01-14 09:00:00,0,11.7,71.0,1.5555555555555554,17475.3075
2015-01-14 10:00:00,0,13.9,59.0,1.5555555555555554,17769.86
2015-01-14 11:00:00,0,15.6,51.0,3.611111111111111,17759.27
2015-01-14 12:00:00,0,16.7,46.0,0.0,17691.0
2015-01-14 13:00:00,0,17.8,43.0,2.055555555555556,17520.495
2015-01-14 14:00:00,0,18.9,38.0,2.055555555555556,17301.3
2015-01-14 15:00:00,0,18.3,37.0,0.0,17215.809999999998
2015-01-14 16:00:00,0,18.9,36.0,2.5833333333333335,16994.540000000005
2015-01-14 17:00:00,0,17.2,41.0,2.055555555555556,16454.825
2015-01-14 18:00:00,0,17.2,43.0,3.083333333333333,15899.1975
2015-01-14 19:00:00,0,14.4,58.0,0.0,15629.580000000002
2015-01-14 20:00:00,0,14.4,56.0,0.0,15288.215
2015-01-14 21:00:00,0,13.3,62.0,1.5555555555555554,14926.714999999998
2015-01-14 22:00:00,0,11.7,71.0,1.5555555555555554,14342.164999999997
2015-01-14 23:00:00,0,11.1,74.0,0.0,13845.690000000002
2015-01-15 00:00:00,0,10.6,68.0,0.0,13580.992499999998
2015-01-15 01:00:00,0,10.6,63.0,1.5555555555555554,13433.707500000006
2015-01-15 02:00:00,0,10.6,63.0,1.5555555555555554,13502.734999999999
2015-01-15 03:00:00,0,9.4,69.0,2.055555555555556,13632.12
2015-01-15 04:00:00,0,10.0,61.0,2.055555555555556,13829.232499999998
2015-01-15 05:00:00,0,9.4,66.0,2.5833333333333335,14155.402500000002
2015-01-15 06:00:00,0,9.4,64.0,1.5555555555555554,14659.769999999997
2015-01-15 07:00:00,0,8.3,71.0,0.0,15143.609999999999
2015-01-15 08:00:00,0,13.3,47.0,3.083333333333333,15769.654999999999
2015-01-15 09:00:00,0,15.0,46.0,0.0,16508.215000000004
2015-01-15 10:00:00,0,17.2,37.0,6.694444444444445,16922.432500000003
2015-01-15 11:00:00,0,17.8,34.0,6.166666666666666,17034.957500000004
2015-01-15 12:00:00,0,18.9,32.0,6.166666666666666,17030.045
2015-01-15 13:00:00,0,20.6,26.0,5.666666666666666,17019.519999999997
2015-01-15 14:00:00,0,21.1,26.0,3.083333333333333,17009.985
2015-01-15 15:00:00,0,21.7,25.0,0.0,16979.812499999996
2015-01-15 16:00:00,0,21.7,23.0,2.5833333333333335,16609.815000000006
2015-01-15 17:00:00,0,20.6,29.0,1.5555555555555554,16204.742500000004
2015-01-15 18:00:00,0,18.3,36.0,2.055555555555556,15726.694999999998
2015-01-15 19:00:00,0,16.7,39.0,4.638888888888888,15398.6275
2015-01-15 20:00:00,0,15.0,44.0,3.611111111111111,15106.592500000002
2015-01-15 21:00:00,0,17.8,31.0,3.611111111111111,14503.599999999999
2015-01-15 22:00:00,0,15.6,39.0,3.083333333333333,13946.945
2015-01-15 23:00:00,0,15.6,41.0,4.638888888888888,13505.717499999997
2015-01-16 00:00:00,0,14.0,44.0,4.638888888888888,13291.860000000004
2015-01-16 01:00:00,0,13.3,49.0,4.111111111111112,13213.012500000003
2015-01-16 02:00:00,0,12.8,51.0,3.083333333333333,13342.377500000004
2015-01-16 03:00:00,0,13.3,47.0,3.083333333333333,13410.6125
2015-01-16 04:00:00,0,10.6,61.0,0.0,13721.22
2015-01-16 05:00:00,0,11.7,52.0,2.5833333333333335,14061.604999999998
2015-01-16 06:00:00,0,10.0,59.0,1.5555555555555554,14730.224999999997
2015-01-16 07:00:00,0,10.0,59.0,0.0,16013.372500000003
2015-01-16 08:00:00,0,13.3,51.0,0.0,16606.520000000004
2015-01-16 09:00:00,0,16.7,34.0,6.694444444444445,17094.170000000002
2015-01-16 10:00:00,0,18.3,28.0,6.166666666666666,17303.030000000002
2015-01-16 11:00:00,0,20.0,24.0,3.611111111111111,17217.890000000003
2015-01-16 12:00:00,0,21.7,19.0,2.5833333333333335,17199.44
2015-01-16 13:00:00,0,21.1,20.0,1.5555555555555554,17138.91
2015-01-16 14:00:00,0,22.8,18.0,0.0,17017.847500000003
2015-01-16 15:00:00,0,22.8,18.0,0.0,16740.280000000006
2015-01-16 16:00:00,0,22.2,18.0,0.0,16357.619999999999
2015-01-16 17:00:00,0,21.1,19.0,0.0,15642.654999999999
2015-01-16 18:00:00,0,20.6,20.0,2.5833333333333335,15209.609999999997
2015-01-16 19:00:00,0,16.1,36.0,2.055555555555556,14797.049999999997
2015-01-16 20:00:00,0,15.0,41.0,1.5555555555555554,14491.339999999998
2015-01-16 21:00:00,0,14.4,44.0,3.083333333333333,14241.410000000002
2015-01-16 22:00:00,0,14.4,41.0,0.0,13764.219999999998
2015-01-16 23:00:00,0,12.8,45.0,2.5833333333333335,13372.420000000002
2015-01-17 00:00:00,1,11.7,48.0,1.5555555555555554,13188.140000000001
2015-01-17 01:00:00,1,11.7,48.0,2.5833333333333335,13236.87
2015-01-17 02:00:00,1,10.0,54.0,1.5555555555555554,13188.260000000002
2015-01-17 03:00:00,1,10.0,54.0,2.5833333333333335,13233.820000000002
2015-01-17 04:00:00,1,9.4,59.0,1.5555555555555554,13486.685000000001
2015-01-17 05:00:00,1,8.9,61.0,2.5833333333333335,13572.77
2015-01-17 06:00:00,1,8.9,58.0,2.055555555555556,13915.502499999993
2015-01-17 07:00:00,1,9.4,56.0,3.083333333333333,14282.9025
2015-01-17 08:00:00,1,11.7,48.0,4.111111111111112,14191.83
2015-01-17 09:00:00,1,14.4,39.0,3.611111111111111,14314.055000000002
2015-01-17 10:00:00,1,17.2,33.0,4.111111111111112,14260.1225
2015-01-17 11:00:00,1,19.4,27.0,2.5833333333333335,14153.070000000002
2015-01-17 12:00:00,1,20.0,24.0,1.5555555555555554,14165.009999999998
2015-01-17 13:00:00,1,20.6,22.0,2.055555555555556,14084.869999999995
2015-01-17 14:00:00,1,21.7,20.0,2.055555555555556,14033.630000000001
2015-01-17 15:00:00,1,22.2,20.0,2.055555555555556,13860.069999999998
2015-01-17 16:00:00,1,22.2,20.0,2.5833333333333335,13704.1
2015-01-17 17:00:00,1,21.7,20.0,2.5833333333333335,13472.81
2015-01-17 18:00:00,1,18.9,30.0,0.0,13701.960000000003
2015-01-17 19:00:00,1,16.7,38.0,1.5555555555555554,13665.710000000001
2015-01-17 20:00:00,1,16.1,39.0,0.0,13378.750000000004
2015-01-17 21:00:00,1,16.7,35.0,2.055555555555556,13232.190000000002
2015-01-17 22:00:00,1,13.9,47.0,1.5555555555555554,13145.93
2015-01-17 23:00:00,1,13.9,47.0,1.5555555555555554,13051.57
2015-01-18 00:00:00,1,12.8,51.0,1.5555555555555554,13003.940000000004
2015-01-18 01:00:00,1,11.7,57.0,2.5833333333333335,13011.500000000002
2015-01-18 02:00:00,1,11.1,59.0,3.083333333333333,13037.81
2015-01-18 03:00:00,1,11.1,57.0,3.611111111111111,13066.23
2015-01-18 04:00:00,1,10.0,61.0,2.055555555555556,13342.290000000003
2015-01-18 05:00:00,1,10.0,63.0,1.5555555555555554,13462.319999999998
2015-01-18 06:00:00,1,10.0,61.0,1.5555555555555554,13632.249999999998
2015-01-18 07:00:00,1,10.0,61.0,1.5555555555555554,13942.857500000002
2015-01-18 08:00:00,1,12.2,55.0,1.5555555555555554,13805.57
2015-01-18 09:00:00,1,14.4,46.0,3.083333333333333,13701.810000000003
2015-01-18 10:00:00,1,17.2,38.0,2.5833333333333335,13610.470000000003
2015-01-18 11:00:00,1,19.4,31.0,0.0,13632.69
2015-01-18 12:00:00,1,21.1,28.0,0.0,13688.469999999998
2015-01-18 13:00:00,1,22.2,25.0,0.0,13626.529999999999
2015-01-18 14:00:00,1,22.8,25.0,1.5555555555555554,13608.78
2015-01-18 15:00:00,1,23.9,22.0,1.5555555555555554,13578.58
2015-01-18 16:00:00,1,23.3,23.0,2.5833333333333335,13457.189999999997
2015-01-18 17:00:00,1,22.2,24.0,2.5833333333333335,13264.470000000001
2015-01-18 18:00:00,1,20.6,29.0,1.5555555555555554,13457.650000000001
2015-01-18 19:00:00,1,19.4,32.0,0.0,13482.24
2015-01-18 20:00:00,1,17.2,41.0,0.0,13213.39
2015-01-18 21:00:00,1,15.0,51.0,1.5555555555555554,13123.84
2015-01-18 22:00:00,1,14.4,51.0,0.0,13018.439999999999
2015-01-18 23:00:00,1,13.9,53.0,0.0,13064.230000000001
2015-01-19 00:00:00,1,13.9,53.0,0.0,12954.140000000003
2015-01-19 01:00:00,1,11.7,66.0,0.0,12956.38
2015-01-19 02:00:00,1,11.7,64.0,3.083333333333333,13242.979999999998
2015-01-19 03:00:00,1,11.7,61.0,1.5555555555555554,13427.58
2015-01-19 04:00:00,1,11.1,63.0,2.5833333333333335,13840.874999999998
2015-01-19 05:00:00,1,10.6,66.0,4.111111111111112,14075.740000000002
2015-01-19 06:00:00,1,10.6,63.0,4.111111111111112,14499.460000000005
2015-01-19 07:00:00,1,10.0,68.0,2.5833333333333335,14731.4875
2015-01-19 08:00:00,1,12.8,55.0,2.5833333333333335,14592.802500000002
2015-01-19 09:00:00,1,15.0,46.0,4.111111111111112,14541.235000000002
2015-01-19 10:00:00,1,17.8,38.0,3.611111111111111,14747.610000000006
2015-01-19 11:00:00,1,19.4,32.0,3.083333333333333,14564.69
2015-01-19 12:00:00,1,21.1,29.0,1.5555555555555554,14613.34
2015-01-19 13:00:00,1,22.2,26.0,1.5555555555555554,14615.779999999999
2015-01-19 14:00:00,1,23.3,23.0,0.0,14422.07
2015-01-19 15:00:00,1,23.9,22.0,0.0,14416.149999999996
2015-01-19 16:00:00,1,23.9,23.0,1.5555555555555554,14255.32
2015-01-19 17:00:00,1,22.2,27.0,2.5833333333333335,14055.179999999998
2015-01-19 18:00:00,1,20.0,32.0,0.0,14198.679999999998
2015-01-19 19:00:00,1,18.3,39.0,0.0,14112.150000000001
2015-01-19 20:00:00,1,16.7,44.0,0.0,13920.200000000003
2015-01-19 21:00:00,1,15.0,51.0,0.0,13819.710000000001
2015-01-19 22:00:00,1,13.3,60.0,0.0,13456.859999999999
2015-01-19 23:00:00,1,13.3,57.0,2.055555555555556,13108.630000000001
2015-01-20 00:00:00,0,12.2,62.0,2.055555555555556,13074.869999999999
2015-01-20 01:00:00,0,11.7,64.0,3.611111111111111,12991.98
2015-01-20 02:00:00,0,11.7,64.0,0.0,13292.110000000004
2015-01-20 03:00:00,0,10.6,68.0,2.055555555555556,13497.769999999997
2015-01-20 04:00:00,0,10.0,68.0,2.055555555555556,13913.05
2015-01-20 05:00:00,0,10.0,68.0,3.083333333333333,14361.1175
2015-01-20 06:00:00,0,9.4,71.0,1.5555555555555554,15261.567499999997
2015-01-20 07:00:00,0,10.0,66.0,2.5833333333333335,16004.590000000004
2015-01-20 08:00:00,0,12.2,57.0,2.5833333333333335,16820.927500000005
2015-01-20 09:00:00,0,15.0,49.0,2.5833333333333335,17460.65
2015-01-20 10:00:00,0,17.8,40.0,2.5833333333333335,17573.00999999999
2015-01-20 11:00:00,0,19.4,36.0,2.5833333333333335,17707.63
2015-01-20 12:00:00,0,20.6,32.0,1.5555555555555554,17787.01
2015-01-20 13:00:00,0,21.7,27.0,1.5555555555555554,17792.350000000002
2015-01-20 14:00:00,0,22.8,24.0,0.0,17618.66
2015-01-20 15:00:00,0,23.3,22.0,1.5555555555555554,17506.550000000003
2015-01-20 16:00:00,0,22.8,24.0,0.0,17188.04
2015-01-20 17:00:00,0,22.2,25.0,0.0,16474.12
2015-01-20 18:00:00,0,19.4,36.0,0.0,15965.6125
2015-01-20 19:00:00,0,18.3,40.0,0.0,15495.050000000003
2015-01-20 20:00:00,0,17.2,45.0,0.0,15068.250000000004
2015-01-20 21:00:00,0,16.7,46.0,0.0,14565.09
2015-01-20 22:00:00,0,15.6,51.0,0.0,13903.88
2015-01-20 23:00:00,0,15.6,51.0,0.0,13480.25
2015-01-21 00:00:00,0,15.0,53.0,2.055555555555556,13327.660000000003
2015-01-21 01:00:00,0,15.0,51.0,2.055555555555556,13202.970000000001
2015-01-21 02:00:00,0,14.4,53.0,0.0,13378.92
2015-01-21 03:00:00,0,13.3,57.0,0.0,13494.439999999999
2015-01-21 04:00:00,0,13.3,60.0,2.5833333333333335,13647.469999999998
2015-01-21 05:00:00,0,13.9,49.0,2.055555555555556,14177.5
2015-01-21 06:00:00,0,13.3,53.0,2.5833333333333335,14879.490000000005
2015-01-21 07:00:00,0,13.9,51.0,1.5555555555555554,15475.129999999997
2015-01-21 08:00:00,0,14.4,51.0,0.0,16164.219999999998
2015-01-21 09:00:00,0,15.6,49.0,2.5833333333333335,16940.290000000005
2015-01-21 10:00:00,0,17.2,40.0,2.055555555555556,17387.66
2015-01-21 11:00:00,0,18.9,34.0,2.055555555555556,17509.489999999994
2015-01-21 12:00:00,0,19.4,32.0,0.0,17483.900000000005
2015-01-21 13:00:00,0,20.6,30.0,2.5833333333333335,17417.100000000002
2015-01-21 14:00:00,0,21.7,28.0,1.5555555555555554,17500.21
2015-01-21 15:00:00,0,22.8,27.0,0.0,17416.09
2015-01-21 16:00:00,0,21.7,27.0,8.75,17087.640000000003
2015-01-21 17:00:00,0,20.6,31.0,7.194444444444444,16408.58
2015-01-21 18:00:00,0,18.9,30.0,6.166666666666666,16009.072500000002
2015-01-21 19:00:00,0,18.3,33.0,3.083333333333333,15629.635000000002
2015-01-21 20:00:00,0,17.2,33.0,3.611111111111111,15079.907500000001
2015-01-21 21:00:00,0,17.2,31.0,4.111111111111112,14618.36
2015-01-21 22:00:00,0,16.7,31.0,4.111111111111112,13958.409999999998
2015-01-21 23:00:00,0,15.0,35.0,0.0,13492.19
2015-01-22 00:00:00,0,13.3,40.0,0.0,13407.04
2015-01-22 01:00:00,0,10.6,52.0,1.5555555555555554,13369.700000000004
2015-01-22 02:00:00,0,9.4,54.0,3.083333333333333,13553.949999999997
2015-01-22 03:00:00,0,11.1,43.0,0.0,13617.55
2015-01-22 04:00:00,0,14.4,17.0,7.722222222222222,13958.45
2015-01-22 05:00:00,0,14.15,17.5,5.652777777777778,14404.462499999994
2015-01-22 06:00:00,0,11.1,23.0,4.111111111111112,15168.950000000003
2015-01-22 07:00:00,0,11.1,22.0,2.055555555555556,15957.969999999996
2015-01-22 08:00:00,0,12.8,17.0,4.638888888888888,16658.800000000003
2015-01-22 09:00:00,0,13.3,14.0,8.75,17359.84
2015-01-22 10:00:00,0,13.9,13.0,7.722222222222222,17713.39
2015-01-22 11:00:00,0,14.4,13.0,5.138888888888888,17722.27
2015-01-22 12:00:00,0,15.6,12.0,5.138888888888888,17875.620000000003
2015-01-22 13:00:00,0,16.7,12.0,4.638888888888888,17917.2975
2015-01-22 14:00:00,0,17.2,13.0,5.138888888888888,17784.7725
2015-01-22 15:00:00,0,18.3,10.0,5.666666666666666,17701.74
2015-01-22 16:00:00,0,18.3,9.0,5.138888888888888,15679.377500000006
2015-01-22 17:00:00,0,17.2,12.0,5.138888888888888,16625.2375
2015-01-22 18:00:00,0,16.1,15.0,5.138888888888888,16195.935000000005
2015-01-22 19:00:00,0,15.6,18.0,6.166666666666666,15756.9025
2015-01-22 20:00:00,0,15.0,20.0,6.694444444444445,15414.597499999998
2015-01-22 21:00:00,0,13.9,23.0,4.638888888888888,14992.840000000002
2015-01-22 22:00:00,0,12.8,25.0,4.111111111111112,14196.239999999998
2015-01-22 23:00:00,0,12.2,26.0,1.5555555555555554,13843.25
2015-01-23 00:00:00,0,11.1,30.0,2.055555555555556,13558.730000000005
2015-01-23 01:00:00,0,10.0,32.0,2.055555555555556,13446.569999999996
2015-01-23 02:00:00,0,8.9,36.0,2.055555555555556,13710.399999999998
2015-01-23 03:00:00,0,8.3,37.0,2.055555555555556,13784.102500000003
2015-01-23 04:00:00,0,7.2,42.0,2.5833333333333335,14223.029999999999
2015-01-23 05:00:00,0,7.2,42.0,2.055555555555556,14504.250000000004
2015-01-23 06:00:00,0,7.2,39.0,2.5833333333333335,15518.519999999999
2015-01-23 07:00:00,0,7.2,39.0,2.055555555555556,16356.242499999995
2015-01-23 08:00:00,0,10.0,29.0,3.083333333333333,16850.614999999994
2015-01-23 09:00:00,0,12.2,29.0,3.611111111111111,17467.805
2015-01-23 10:00:00,0,13.3,27.0,2.5833333333333335,17681.899999999998
2015-01-23 11:00:00,0,13.9,25.0,1.5555555555555554,17662.8
2015-01-23 12:00:00,0,15.0,21.0,0.0,17475.827499999996
2015-01-23 13:00:00,0,16.1,19.0,2.055555555555556,17374.050000000003
2015-01-23 14:00:00,0,16.7,18.0,2.055555555555556,17328.047499999997
2015-01-23 15:00:00,0,17.2,17.0,2.055555555555556,17162.2275
2015-01-23 16:00:00,0,16.7,18.0,2.5833333333333335,16630.352499999997
2015-01-23 17:00:00,0,16.1,17.0,2.055555555555556,15953.362499999997
2015-01-23 18:00:00,0,16.1,18.0,2.5833333333333335,15456.947500000002
2015-01-23 19:00:00,0,16.1,17.0,2.5833333333333335,15189.189999999997
2015-01-23 20:00:00,0,15.0,19.0,2.055555555555556,14935.65
2015-01-23 21:00:00,0,12.8,27.0,0.0,14597.000000000005
2015-01-23 22:00:00,0,11.7,32.0,3.611111111111111,14045.630000000005
2015-01-23 23:00:00,0,12.2,31.0,0.0,13534.179999999998
2015-01-24 00:00:00,1,11.1,35.0,1.5555555555555554,13387.789999999999
2015-01-24 01:00:00,1,12.2,29.0,2.5833333333333335,13232.44
2015-01-24 02:00:00,1,13.3,25.0,2.055555555555556,13183.229999999998
2015-01-24 03:00:00,1,14.4,22.0,4.111111111111112,13331.489999999998
2015-01-24 04:00:00,1,14.4,21.0,6.694444444444445,13453.260000000004
2015-01-24 05:00:00,1,13.3,24.0,6.166666666666666,13603.240000000002
2015-01-24 06:00:00,1,13.3,23.0,4.638888888888888,13912.725
2015-01-24 07:00:00,1,13.3,23.0,6.166666666666666,14326.575
2015-01-24 08:00:00,1,15.0,20.0,5.138888888888888,14224.282500000003
2015-01-24 09:00:00,1,17.2,16.0,5.666666666666666,14342.879999999997
2015-01-24 10:00:00,1,18.9,16.0,6.694444444444445,14259.829999999996
2015-01-24 11:00:00,1,20.6,14.0,7.722222222222222,14321.440000000004
2015-01-24 12:00:00,1,22.2,11.0,7.194444444444444,14298.820000000003
2015-01-24 13:00:00,1,23.3,9.0,9.777777777777779,14294.230000000001
2015-01-24 14:00:00,1,23.9,9.0,5.138888888888888,14176.480000000001
2015-01-24 15:00:00,1,23.9,9.0,2.055555555555556,14056.260000000004
2015-01-24 16:00:00,1,23.9,9.0,4.111111111111112,13836.460000000003
2015-01-24 17:00:00,1,23.3,10.0,0.0,13564.12
2015-01-24 18:00:00,1,19.4,15.0,0.0,13722.79
2015-01-24 19:00:00,1,17.8,18.0,0.0,13608.820000000002
2015-01-24 20:00:00,1,16.7,21.0,2.5833333333333335,13344.409999999996
2015-01-24 21:00:00,1,16.7,21.0,1.5555555555555554,13229.739999999998
2015-01-24 22:00:00,1,15.6,25.0,3.611111111111111,13019.269999999999
2015-01-24 23:00:00,1,16.1,20.0,2.055555555555556,12925.439999999999
2015-01-25 00:00:00,1,13.9,25.0,0.0,12985.470000000003
2015-01-25 01:00:00,1,12.8,29.0,0.0,12823.91
2015-01-25 02:00:00,1,13.3,25.0,1.5555555555555554,12892.550000000003
2015-01-25 03:00:00,1,11.1,35.0,0.0,12998.199999999999
2015-01-25 04:00:00,1,10.0,39.0,0.0,13255.18
2015-01-25 05:00:00,1,10.6,36.0,0.0,13359.629999999997
2015-01-25 06:00:00,1,11.7,30.0,3.611111111111111,13604.580000000002
2015-01-25 07:00:00,1,11.7,31.0,2.5833333333333335,13869.989999999998
2015-01-25 08:00:00,1,11.7,30.0,3.083333333333333,13657.06
2015-01-25 09:00:00,1,16.1,24.0,2.5833333333333335,13624.460000000003
2015-01-25 10:00:00,1,19.4,19.0,4.111111111111112,13596.960000000005
2015-01-25 11:00:00,1,21.7,15.0,5.138888888888888,13595.439999999995
2015-01-25 12:00:00,1,23.3,15.0,2.055555555555556,13700.759999999997
2015-01-25 13:00:00,1,23.9,14.0,0.0,13762.55
2015-01-25 14:00:00,1,24.4,14.0,2.055555555555556,13665.080000000002
2015-01-25 15:00:00,1,23.9,13.0,3.083333333333333,13606.499999999998
2015-01-25 16:00:00,1,23.3,15.0,2.055555555555556,13449.28
2015-01-25 17:00:00,1,22.2,16.0,0.0,13295.18
2015-01-25 18:00:00,1,19.4,21.0,2.055555555555556,13497.410000000002
2015-01-25 19:00:00,1,17.2,28.0,1.5555555555555554,13400.619999999999
2015-01-25 20:00:00,1,16.1,31.0,0.0,13287.750000000002
2015-01-25 21:00:00,1,13.3,40.0,2.5833333333333335,13219.539999999995
2015-01-25 22:00:00,1,13.9,36.0,1.5555555555555554,13153.43
2015-01-25 23:00:00,1,13.9,37.0,0.0,13035.489999999996
2015-01-26 00:00:00,0,13.3,39.0,1.5555555555555554,12970.589999999997
2015-01-26 01:00:00,0,12.2,45.0,1.5555555555555554,12948.23
2015-01-26 02:00:00,0,13.3,37.0,2.055555555555556,13205.79
2015-01-26 03:00:00,0,13.9,37.0,2.5833333333333335,13450.46
2015-01-26 04:00:00,0,13.3,39.0,3.611111111111111,13863.1525
2015-01-26 05:00:00,0,13.9,34.0,0.0,14282.7
2015-01-26 06:00:00,0,13.9,36.0,0.0,14886.372500000003
2015-01-26 07:00:00,0,12.2,45.0,0.0,15556.122500000001
2015-01-26 08:00:00,0,14.4,36.0,3.083333333333333,16177.41
2015-01-26 09:00:00,0,16.1,32.0,2.5833333333333335,16837.977499999994
2015-01-26 10:00:00,0,18.9,26.0,0.0,17443.81
2015-01-26 11:00:00,0,20.0,21.0,0.0,17481.31
2015-01-26 12:00:00,0,21.1,18.0,0.0,17518.079999999994
2015-01-26 13:00:00,0,21.1,18.0,1.5555555555555554,17360.42
2015-01-26 14:00:00,0,20.6,22.0,2.055555555555556,17245.470000000005
2015-01-26 15:00:00,0,20.6,22.0,2.055555555555556,17278.870000000003
2015-01-26 16:00:00,0,19.4,25.0,3.083333333333333,17013.312500000004
2015-01-26 17:00:00,0,19.4,24.0,2.055555555555556,16373.439999999997
2015-01-26 18:00:00,0,17.8,31.0,1.5555555555555554,15893.817500000001
2015-01-26 19:00:00,0,17.2,37.0,0.0,15436.485000000002
2015-01-26 20:00:00,0,16.1,56.0,1.5555555555555554,15126.149999999998
2015-01-26 21:00:00,0,15.6,60.0,3.083333333333333,14727.400000000001
2015-01-26 22:00:00,0,15.0,67.0,2.5833333333333335,14007.400000000001
2015-01-26 23:00:00,0,13.9,74.0,0.0,13591.81
2015-01-27 00:00:00,0,14.4,72.0,2.055555555555556,13459.69
2015-01-27 01:00:00,0,14.4,72.0,2.055555555555556,13306.350000000004
2015-01-27 02:00:00,0,13.9,77.0,2.055555555555556,13372.48
2015-01-27 03:00:00,0,13.3,80.0,1.5555555555555554,13523.349999999999
2015-01-27 04:00:00,0,13.9,77.0,2.5833333333333335,13785.35
2015-01-27 05:00:00,0,11.7,89.0,2.055555555555556,14269.620000000006
2015-01-27 06:00:00,0,12.8,83.0,0.0,14931.860000000004
2015-01-27 07:00:00,0,13.3,84.0,0.0,15484.840000000002
2015-01-27 08:00:00,0,14.4,81.0,0.0,16089.430000000002
2015-01-27 09:00:00,0,15.0,75.0,2.5833333333333335,17009.57
2015-01-27 10:00:00,0,15.6,72.0,2.5833333333333335,17409.3
2015-01-27 11:00:00,0,17.8,58.0,2.055555555555556,17524.820000000003
2015-01-27 12:00:00,0,20.6,45.0,4.111111111111112,17560.5675
2015-01-27 13:00:00,0,21.7,42.0,2.5833333333333335,17617.96
2015-01-27 14:00:00,0,22.8,39.0,2.055555555555556,17700.195
2015-01-27 15:00:00,0,22.2,43.0,0.0,17686.27000000001
2015-01-27 16:00:00,0,22.8,41.0,0.0,17378.899999999998
2015-01-27 17:00:00,0,22.2,44.0,0.0,16670.21
2015-01-27 18:00:00,0,20.0,52.0,1.5555555555555554,16162.975
2015-01-27 19:00:00,0,19.4,54.0,1.5555555555555554,15671.012499999997
2015-01-27 20:00:00,0,17.2,63.0,1.5555555555555554,15124.450000000003
2015-01-27 21:00:00,0,17.2,63.0,0.0,14644.260000000004
2015-01-27 22:00:00,0,17.2,63.0,0.0,13999.02
2015-01-27 23:00:00,0,16.1,70.0,0.0,13589.09
2015-01-28 00:00:00,0,16.1,67.0,1.5555555555555554,13412.079999999998
2015-01-28 01:00:00,0,13.9,77.0,2.5833333333333335,13387.800000000001
2015-01-28 02:00:00,0,13.9,81.0,0.0,13451.127499999999
2015-01-28 03:00:00,0,12.2,86.0,0.0,13408.67
2015-01-28 04:00:00,0,13.3,80.0,1.5555555555555554,13697.579999999998
2015-01-28 05:00:00,0,11.7,86.0,0.0,14167.610000000002
2015-01-28 06:00:00,0,11.7,86.0,3.083333333333333,14862.159999999998
2015-01-28 07:00:00,0,11.1,89.0,1.5555555555555554,15446.270000000002
2015-01-28 08:00:00,0,15.0,72.0,1.5555555555555554,16059.690000000002
2015-01-28 09:00:00,0,16.7,62.0,2.055555555555556,16869.93
2015-01-28 10:00:00,0,19.4,54.0,3.083333333333333,17247.469999999998
2015-01-28 11:00:00,0,21.1,46.0,2.5833333333333335,17513.379999999997
2015-01-28 12:00:00,0,21.7,44.0,1.5555555555555554,17618.88
2015-01-28 13:00:00,0,22.8,41.0,2.055555555555556,17600.970000000005
2015-01-28 14:00:00,0,23.3,40.0,3.083333333333333,17598.00999999999
2015-01-28 15:00:00,0,23.3,38.0,2.5833333333333335,17412.437499999996
2015-01-28 16:00:00,0,22.8,41.0,4.111111111111112,17128.807499999995
2015-01-28 17:00:00,0,22.8,38.0,3.611111111111111,16425.8025
2015-01-28 18:00:00,0,20.6,54.0,3.083333333333333,16028.330000000002
2015-01-28 19:00:00,0,20.0,56.0,3.083333333333333,15522.070000000002
2015-01-28 20:00:00,0,18.3,63.0,2.055555555555556,15046.479999999998
2015-01-28 21:00:00,0,19.4,57.0,2.5833333333333335,14553.230000000007
2015-01-28 22:00:00,0,18.3,61.0,2.055555555555556,13822.399999999998
2015-01-28 23:00:00,0,17.8,63.0,0.0,13498.039999999997
2015-01-29 00:00:00,0,17.2,63.0,0.0,13267.930000000002
2015-01-29 01:00:00,0,17.2,65.0,0.0,13171.000000000002
2015-01-29 02:00:00,0,16.1,70.0,1.5555555555555554,13315.72
2015-01-29 03:00:00,0,15.0,75.0,0.0,13342.939999999997
2015-01-29 04:00:00,0,15.0,75.0,2.055555555555556,13503.779999999997
2015-01-29 05:00:00,0,15.0,75.0,1.5555555555555554,13944.829999999998
2015-01-29 06:00:00,0,15.0,75.0,0.0,14552.300000000003
2015-01-29 07:00:00,0,15.0,75.0,2.055555555555556,15097.44
2015-01-29 08:00:00,0,16.1,60.0,2.055555555555556,15865.089999999993
2015-01-29 09:00:00,0,17.8,52.0,0.0,16754.970000000005
2015-01-29 10:00:00,0,18.9,50.0,0.0,17156.42
2015-01-29 11:00:00,0,19.4,49.0,1.5555555555555554,17264.09
2015-01-29 12:00:00,0,20.0,40.0,2.5833333333333335,17368.500000000007
2015-01-29 13:00:00,0,20.6,40.0,0.0,17379.2175
2015-01-29 14:00:00,0,21.7,38.0,2.5833333333333335,17470.07
2015-01-29 15:00:00,0,21.1,46.0,3.083333333333333,17386.880000000005
2015-01-29 16:00:00,0,19.4,66.0,2.5833333333333335,17092.03
2015-01-29 17:00:00,0,17.2,75.0,2.055555555555556,16468.979999999996
2015-01-29 18:00:00,0,16.7,84.0,2.5833333333333335,15969.017499999998
2015-01-29 19:00:00,0,16.1,90.0,2.055555555555556,15570.034999999998
2015-01-29 20:00:00,0,15.6,90.0,0.0,15164.317500000001
2015-01-29 21:00:00,0,15.6,90.0,0.0,14723.359999999997
2015-01-29 22:00:00,0,15.6,90.0,1.5555555555555554,14032.999999999996
2015-01-29 23:00:00,0,15.0,90.0,0.0,13622.7
2015-01-30 00:00:00,0,15.0,93.0,1.5555555555555554,13383.510000000002
2015-01-30 01:00:00,0,15.0,93.0,2.833333333333333,13324.820000000002
2015-01-30 02:00:00,0,15.0,93.0,2.5833333333333335,13413.869999999999
2015-01-30 03:00:00,0,14.4,90.0,4.638888888888888,13451.319999999998
2015-01-30 04:00:00,0,14.4,93.0,3.083333333333333,13609.02
2015-01-30 05:00:00,0,14.4,93.0,3.435185185185185,14017.739999999996
2015-01-30 06:00:00,0,14.4,90.0,4.62962962962963,14705.239999999998
2015-01-30 07:00:00,0,14.4,91.5,3.083333333333333,15314.540000000006
2015-01-30 08:00:00,0,13.9,96.0,5.138888888888888,16023.529999999995
2015-01-30 09:00:00,0,13.9,96.0,4.125,16774.320000000003
2015-01-30 10:00:00,0,13.9,93.0,4.638888888888888,17124.770000000008
2015-01-30 11:00:00,0,13.9,96.0,4.111111111111112,17213.3
2015-01-30 12:00:00,0,13.9,96.0,3.597222222222222,17228.98
2015-01-30 13:00:00,0,14.4,95.0,2.833333333333333,17280.300000000003
2015-01-30 14:00:00,0,14.4,97.0,2.055555555555556,17206.45
2015-01-30 15:00:00,0,14.7,91.5,2.3194444444444446,16979.48
2015-01-30 16:00:00,0,14.85,90.5,2.3854166666666665,16708.340000000004
2015-01-30 17:00:00,0,13.9,93.0,4.638888888888888,16048.700000000004
2015-01-30 18:00:00,0,13.9,91.0,3.611111111111111,15587.849999999999
2015-01-30 19:00:00,0,13.9,89.0,2.5833333333333335,15197.16
2015-01-30 20:00:00,0,13.9,89.0,4.111111111111112,14913.31
2015-01-30 21:00:00,0,13.3,93.0,2.833333333333333,14149.565
2015-01-30 22:00:00,0,12.8,93.0,1.5555555555555554,13982.3225
2015-01-30 23:00:00,0,13.3,90.0,2.5833333333333335,13418.185000000003
2015-01-31 00:00:00,1,13.3,90.0,1.2916666666666667,13212.134999999998
2015-01-31 01:00:00,1,13.3,90.0,2.055555555555556,13175.767499999996
2015-01-31 02:00:00,1,13.3,90.0,2.055555555555556,13051.0125
2015-01-31 03:00:00,1,13.3,90.0,2.055555555555556,13057.107500000002
2015-01-31 04:00:00,1,13.3,90.0,2.055555555555556,12996.452500000003
2015-01-31 05:00:00,1,12.8,93.0,0.0,13633.249999999998
2015-01-31 06:00:00,1,12.8,93.0,0.0,13764.389999999996
2015-01-31 07:00:00,1,12.8,93.0,0.0,14107.839999999998
2015-01-31 08:00:00,1,13.9,89.0,0.0,13987.609999999999
2015-01-31 09:00:00,1,13.9,89.0,0.0,14017.330000000002
2015-01-31 10:00:00,1,13.9,87.0,3.083333333333333,14154.720000000001
2015-01-31 11:00:00,1,13.9,89.0,0.0,14198.909999999998
2015-01-31 12:00:00,1,14.4,87.0,0.0,14224.88
2015-01-31 13:00:00,1,15.0,83.0,1.5555555555555554,14237.869999999997
2015-01-31 14:00:00,1,14.7,87.0,2.833333333333333,14092.210000000001
2015-01-31 15:00:00,1,15.0,83.0,3.083333333333333,14126.820000000003
2015-01-31 16:00:00,1,15.0,78.0,3.611111111111111,14062.109999999999
2015-01-31 17:00:00,1,14.4,84.0,0.0,13883.470000000001
2015-01-31 18:00:00,1,13.9,87.0,2.055555555555556,14109.900000000001
2015-01-31 19:00:00,1,13.9,87.0,0.0,13952.530000000002
2015-01-31 20:00:00,1,13.3,90.0,1.5555555555555554,13582.560000000003
2015-01-31 21:00:00,1,12.8,89.0,0.0,13402.760000000002
2015-01-31 22:00:00,1,12.2,93.0,0.0,13179.640000000001
2015-01-31 23:00:00,1,12.8,89.0,1.5555555555555554,13075.02
2015-02-01 00:00:00,1,11.7,93.0,0.0,13069.604999999998
2015-02-01 01:00:00,1,11.1,93.0,1.5555555555555554,13109.822500000002
2015-02-01 02:00:00,1,11.1,93.0,1.5555555555555554,13093.98
2015-02-01 03:00:00,1,10.0,96.0,0.0,13102.502499999999
2015-02-01 04:00:00,1,10.6,92.0,1.5555555555555554,13433.797499999999
2015-02-01 05:00:00,1,10.45,97.0,0.7777777777777777,13617.197499999997
2015-02-01 06:00:00,1,10.6,100.0,0.7777777777777777,13739.462499999998
2015-02-01 07:00:00,1,10.6,100.0,0.7777777777777777,13959.387499999999
2015-02-01 08:00:00,1,11.1,99.0,0.5185185185185185,13727.27
2015-02-01 09:00:00,1,11.1,100.0,0.5185185185185185,13702.2
2015-02-01 10:00:00,1,11.5,97.33333333333333,0.0,13682.457500000002
2015-02-01 11:00:00,1,12.425,95.0,0.513888888888889,13721.5375
2015-02-01 12:00:00,1,15.0,81.0,2.3194444444444446,13840.585
2015-02-01 13:00:00,1,17.8,63.0,2.055555555555556,13863.124999999998
2015-02-01 14:00:00,1,19.4,49.0,2.055555555555556,13743.779999999999
2015-02-01 15:00:00,1,20.0,47.0,0.0,13696.797499999997
2015-02-01 16:00:00,1,20.0,43.0,2.055555555555556,13500.99
2015-02-01 17:00:00,1,19.4,45.0,2.5833333333333335,13358.832500000004
2015-02-01 18:00:00,1,17.2,67.0,2.055555555555556,13573.687499999998
2015-02-01 19:00:00,1,16.1,67.0,0.0,13492.55
2015-02-01 20:00:00,1,15.0,69.0,2.5833333333333335,13291.647500000003
2015-02-01 21:00:00,1,13.9,81.0,2.5833333333333335,13248.607499999998
2015-02-01 22:00:00,1,13.3,80.0,4.111111111111112,13137.265000000003
2015-02-01 23:00:00,1,12.8,86.0,4.111111111111112,13072.279999999999
2015-02-02 00:00:00,0,12.2,86.0,3.083333333333333,13051.437500000002
2015-02-02 01:00:00,0,12.2,86.0,3.611111111111111,13095.664999999999
2015-02-02 02:00:00,0,11.1,93.0,2.055555555555556,13374.639999999996
2015-02-02 03:00:00,0,11.1,89.0,0.0,13654.052500000003
2015-02-02 04:00:00,0,10.0,93.0,2.055555555555556,14151.252500000002
2015-02-02 05:00:00,0,10.6,89.0,2.055555555555556,14584.335000000005
2015-02-02 06:00:00,0,9.4,93.0,1.5555555555555554,15183.84
2015-02-02 07:00:00,0,10.0,86.0,4.111111111111112,15738.8475
2015-02-02 08:00:00,0,11.7,71.0,3.083333333333333,16412.07
2015-02-02 09:00:00,0,13.9,59.0,3.083333333333333,17107.802499999998
2015-02-02 10:00:00,0,16.7,50.0,2.5833333333333335,17672.05
2015-02-02 11:00:00,0,18.9,37.0,2.055555555555556,17622.724999999995
2015-02-02 12:00:00,0,20.0,33.0,0.0,17457.139999999996
2015-02-02 13:00:00,0,21.1,27.0,0.0,17348.71
2015-02-02 14:00:00,0,22.2,26.0,2.055555555555556,17382.265
2015-02-02 15:00:00,0,22.8,25.0,2.5833333333333335,17447.610000000004
2015-02-02 16:00:00,0,22.8,27.0,1.5555555555555554,17162.18
2015-02-02 17:00:00,0,22.2,25.0,2.5833333333333335,16451.769999999997
2015-02-02 18:00:00,0,21.1,29.0,3.083333333333333,15830.712499999998
2015-02-02 19:00:00,0,17.2,52.0,0.0,15447.995000000004
2015-02-02 20:00:00,0,16.7,56.0,1.5555555555555554,15085.717499999999
2015-02-02 21:00:00,0,15.6,62.0,0.0,14604.75
2015-02-02 22:00:00,0,15.0,67.0,0.0,13831.715
2015-02-02 23:00:00,0,13.3,72.0,0.0,13387.095000000005
2015-02-03 00:00:00,0,13.3,72.0,1.5555555555555554,13294.062500000002
2015-02-03 01:00:00,0,12.8,72.0,1.5555555555555554,13203.710000000001
2015-02-03 02:00:00,0,12.2,75.0,2.5833333333333335,13445.575
2015-02-03 03:00:00,0,11.7,77.0,1.5555555555555554,13536.734999999999
2015-02-03 04:00:00,0,11.7,74.0,0.0,13733.427500000005
2015-02-03 05:00:00,0,11.1,77.0,3.083333333333333,14258.367500000004
2015-02-03 06:00:00,0,11.1,80.0,3.611111111111111,15058.675000000003
2015-02-03 07:00:00,0,11.1,77.0,3.083333333333333,15849.122499999996
2015-02-03 08:00:00,0,13.3,72.0,2.5833333333333335,16414.842499999995
2015-02-03 09:00:00,0,15.6,62.0,3.611111111111111,17230.305
2015-02-03 10:00:00,0,18.3,50.0,1.5555555555555554,17509.467499999995
2015-02-03 11:00:00,0,19.4,44.0,1.5555555555555554,17661.379999999997
2015-02-03 12:00:00,0,21.1,41.0,2.5833333333333335,17668.289999999997
2015-02-03 13:00:00,0,22.8,37.0,2.055555555555556,17655.022500000003
2015-02-03 14:00:00,0,23.3,34.0,1.5555555555555554,17768.245000000003
2015-02-03 15:00:00,0,23.9,31.0,0.0,17622.9625
2015-02-03 16:00:00,0,23.9,33.0,3.083333333333333,17357.555000000004
2015-02-03 17:00:00,0,22.8,38.0,2.5833333333333335,16567.935
2015-02-03 18:00:00,0,20.0,52.0,2.055555555555556,15997.764999999998
2015-02-03 19:00:00,0,19.4,52.0,0.0,15534.384999999998
2015-02-03 20:00:00,0,19.4,49.0,0.0,15094.377499999995
2015-02-03 21:00:00,0,17.2,65.0,2.5833333333333335,14640.550000000005
2015-02-03 22:00:00,0,16.1,70.0,2.5833333333333335,13910.370000000003
2015-02-03 23:00:00,0,15.0,72.0,3.083333333333333,13535.295
2015-02-04 00:00:00,0,14.4,72.0,2.055555555555556,13413.9475
2015-02-04 01:00:00,0,13.3,77.0,3.611111111111111,13236.062500000002
2015-02-04 02:00:00,0,12.8,80.0,3.083333333333333,13321.052500000002
2015-02-04 03:00:00,0,12.2,80.0,2.055555555555556,13528.5375
2015-02-04 04:00:00,0,12.2,77.0,1.5555555555555554,13667.1175
2015-02-04 05:00:00,0,12.2,77.0,2.5833333333333335,14158.505000000005
2015-02-04 06:00:00,0,11.7,80.0,3.083333333333333,15068.757500000002
2015-02-04 07:00:00,0,11.7,80.0,3.611111111111111,15643.025000000001
2015-02-04 08:00:00,0,14.4,65.0,3.083333333333333,16255.164999999999
2015-02-04 09:00:00,0,16.7,58.0,4.111111111111112,17011.4475
2015-02-04 10:00:00,0,18.3,54.0,2.5833333333333335,17471.257500000003
2015-02-04 11:00:00,0,20.0,49.0,1.5555555555555554,17553.52
2015-02-04 12:00:00,0,22.2,41.0,0.0,17537.1975
2015-02-04 13:00:00,0,23.3,35.0,1.5555555555555554,17592.0125
2015-02-04 14:00:00,0,24.4,32.0,0.0,17556.022499999995
2015-02-04 15:00:00,0,25.0,33.0,3.083333333333333,17544.170000000002
2015-02-04 16:00:00,0,24.4,32.0,2.055555555555556,17314.545000000006
2015-02-04 17:00:00,0,23.9,36.0,2.055555555555556,16544.102499999997
2015-02-04 18:00:00,0,23.3,38.0,2.055555555555556,16029.652500000004
2015-02-04 19:00:00,0,20.6,49.0,0.0,15539.644999999999
2015-02-04 20:00:00,0,19.4,52.0,0.0,15137.689999999999
2015-02-04 21:00:00,0,18.3,56.0,0.0,14562.972499999996
2015-02-04 22:00:00,0,16.1,67.0,3.611111111111111,13844.570000000002
2015-02-04 23:00:00,0,15.6,69.0,2.055555555555556,13518.497500000001
2015-02-05 00:00:00,0,15.0,67.0,2.5833333333333335,13372.785000000003
2015-02-05 01:00:00,0,15.0,67.0,3.083333333333333,13196.76
2015-02-05 02:00:00,0,13.9,72.0,0.0,13438.050000000001
2015-02-05 03:00:00,0,13.3,75.0,1.5555555555555554,13514.657500000001
2015-02-05 04:00:00,0,13.3,72.0,2.055555555555556,13738.314999999997
2015-02-05 05:00:00,0,12.2,80.0,3.083333333333333,14266.399999999998
2015-02-05 06:00:00,0,11.7,83.0,2.055555555555556,14934.257499999998
2015-02-05 07:00:00,0,11.7,80.0,1.5555555555555554,15476.467499999997
2015-02-05 08:00:00,0,14.4,65.0,1.5555555555555554,16232.117499999998
2015-02-05 09:00:00,0,17.8,48.0,3.083333333333333,17075.905
2015-02-05 10:00:00,0,20.0,42.0,2.055555555555556,17473.4225
2015-02-05 11:00:00,0,22.8,31.0,4.638888888888888,17630.210000000006
2015-02-05 12:00:00,0,25.0,26.0,4.111111111111112,17591.527499999997
2015-02-05 13:00:00,0,25.6,27.0,2.055555555555556,17552.59
2015-02-05 14:00:00,0,26.7,23.0,1.5555555555555554,17625.850000000002
2015-02-05 15:00:00,0,27.2,20.0,0.0,17586.664999999997
2015-02-05 16:00:00,0,27.8,18.0,0.0,17215.047499999997
2015-02-05 17:00:00,0,27.2,19.0,0.0,16358.732500000006
2015-02-05 18:00:00,0,22.8,34.0,2.5833333333333335,15865.152499999993
2015-02-05 19:00:00,0,21.7,36.0,1.5555555555555554,15397.645
2015-02-05 20:00:00,0,18.3,54.0,2.5833333333333335,14964.467499999999
2015-02-05 21:00:00,0,18.9,47.0,0.0,14402.442500000003
2015-02-05 22:00:00,0,17.8,50.0,1.5555555555555554,13764.9975
2015-02-05 23:00:00,0,16.1,62.0,1.5555555555555554,13395.202500000001
2015-02-06 00:00:00,0,15.6,62.0,2.055555555555556,13050.067500000003
2015-02-06 01:00:00,0,15.0,55.0,3.083333333333333,12997.062500000002
2015-02-06 02:00:00,0,15.6,49.0,2.5833333333333335,13258.8325
2015-02-06 03:00:00,0,15.0,58.0,2.5833333333333335,13315.4225
2015-02-06 04:00:00,0,13.9,64.0,2.055555555555556,13515.1525
2015-02-06 05:00:00,0,13.9,57.0,2.5833333333333335,13946.460000000003
2015-02-06 06:00:00,0,12.8,64.0,2.055555555555556,14567.482500000002
2015-02-06 07:00:00,0,13.9,53.0,2.5833333333333335,15222.667500000003
2015-02-06 08:00:00,0,17.2,40.0,2.055555555555556,15893.695000000002
2015-02-06 09:00:00,0,19.4,32.0,4.111111111111112,16651.440000000002
2015-02-06 10:00:00,0,21.7,30.0,2.055555555555556,16989.0425
2015-02-06 11:00:00,0,23.3,25.0,2.055555555555556,17178.325
2015-02-06 12:00:00,0,25.6,22.0,1.5555555555555554,17147.082499999997
2015-02-06 13:00:00,0,27.2,20.0,0.0,17144.395000000004
2015-02-06 14:00:00,0,27.8,19.0,0.0,17239.862500000007
2015-02-06 15:00:00,0,28.3,19.0,0.0,17022.46250000001
2015-02-06 16:00:00,0,28.3,18.0,0.0,16588.744999999995
2015-02-06 17:00:00,0,26.7,25.0,1.5555555555555554,15663.512499999997
2015-02-06 18:00:00,0,23.3,37.0,2.055555555555556,14950.455000000004
2015-02-06 19:00:00,0,22.2,40.0,1.5555555555555554,14685.535
2015-02-06 20:00:00,0,21.7,41.0,0.0,14293.345000000001
2015-02-06 21:00:00,0,21.1,42.0,0.0,13936.425000000003
2015-02-06 22:00:00,0,17.8,58.0,2.5833333333333335,13307.479999999998
2015-02-06 23:00:00,0,16.7,58.0,1.5555555555555554,12997.889999999998
2015-02-07 00:00:00,1,16.1,56.0,3.083333333333333,12760.730000000001
2015-02-07 01:00:00,1,16.1,56.0,2.055555555555556,12693.0375
2015-02-07 02:00:00,1,14.4,67.0,0.0,12655.192499999997
2015-02-07 03:00:00,1,13.9,69.0,0.0,12652.157499999998
2015-02-07 04:00:00,1,13.9,64.0,2.055555555555556,12972.042500000001
2015-02-07 05:00:00,1,12.2,66.0,2.5833333333333335,13165.147500000001
2015-02-07 06:00:00,1,12.2,64.0,3.083333333333333,13515.7925
2015-02-07 07:00:00,1,12.8,59.0,2.055555555555556,13843.3225
2015-02-07 08:00:00,1,15.6,49.0,3.083333333333333,13894.215000000004
2015-02-07 09:00:00,1,18.3,43.0,3.083333333333333,13993.720000000003
2015-02-07 10:00:00,1,20.6,38.0,2.055555555555556,14186.355
2015-02-07 11:00:00,1,22.2,34.0,0.0,14124.159999999998
2015-02-07 12:00:00,1,24.4,31.0,0.0,14162.195000000005
2015-02-07 13:00:00,1,25.6,27.0,1.5555555555555554,14125.067499999997
2015-02-07 14:00:00,1,27.2,22.0,1.5555555555555554,14059.284999999998
2015-02-07 15:00:00,1,26.7,23.0,2.5833333333333335,14008.179999999997
2015-02-07 16:00:00,1,26.7,21.0,2.055555555555556,13818.864999999998
2015-02-07 17:00:00,1,25.6,24.0,0.0,13647.89
2015-02-07 18:00:00,1,22.8,34.0,2.055555555555556,13665.337500000003
2015-02-07 19:00:00,1,21.7,39.0,0.0,13428.347500000002
2015-02-07 20:00:00,1,20.6,42.0,0.0,13142.357499999998
2015-02-07 21:00:00,1,18.9,43.0,2.5833333333333335,12945.487500000001
2015-02-07 22:00:00,1,17.2,52.0,3.083333333333333,12757.375
2015-02-07 23:00:00,1,16.7,53.0,3.083333333333333,12704.227499999999
2015-02-08 00:00:00,1,15.6,57.0,4.111111111111112,12610.204999999998
2015-02-08 01:00:00,1,15.6,55.0,3.083333333333333,12636.859999999999
2015-02-08 02:00:00,1,14.4,60.0,3.083333333333333,12593.5125
2015-02-08 03:00:00,1,13.9,62.0,2.5833333333333335,12649.36
2015-02-08 04:00:00,1,13.9,59.0,2.5833333333333335,13015.6725
2015-02-08 05:00:00,1,13.3,64.0,2.5833333333333335,13054.595000000003
2015-02-08 06:00:00,1,13.3,62.0,2.5833333333333335,13265.742499999998
2015-02-08 07:00:00,1,13.0,63.0,1.5555555555555554,13508.625000000004
2015-02-08 08:00:00,1,16.1,48.0,2.5833333333333335,13382.257500000002
2015-02-08 09:00:00,1,18.9,40.0,2.055555555555556,13325.615
2015-02-08 10:00:00,1,20.6,35.0,0.0,13484.8575
2015-02-08 11:00:00,1,22.8,30.0,3.083333333333333,13547.125000000002
2015-02-08 12:00:00,1,24.4,26.0,0.0,13609.8625
2015-02-08 13:00:00,1,25.0,23.0,0.0,13575.64
2015-02-08 14:00:00,1,26.1,21.0,0.0,13638.272500000001
2015-02-08 15:00:00,1,26.7,20.0,2.5833333333333335,13667.970000000005
2015-02-08 16:00:00,1,27.2,21.0,2.5833333333333335,13564.3275
2015-02-08 17:00:00,1,26.7,17.0,3.611111111111111,13422.499999999996
2015-02-08 18:00:00,1,26.1,19.0,1.5555555555555554,13422.420000000002
2015-02-08 19:00:00,1,22.8,28.0,0.0,13304.727499999997
2015-02-08 20:00:00,1,20.6,35.0,0.0,13080.3275
2015-02-08 21:00:00,1,19.4,40.0,0.0,13006.265000000001
2015-02-08 22:00:00,1,18.9,45.0,2.055555555555556,12842.282500000001
2015-02-08 23:00:00,1,17.2,52.0,3.083333333333333,12740.852500000008
2015-02-09 00:00:00,0,16.1,60.0,2.5833333333333335,12672.337500000003
2015-02-09 01:00:00,0,15.6,60.0,2.5833333333333335,12617.227499999995
2015-02-09 02:00:00,0,15.6,57.0,1.5555555555555554,12936.159999999998
2015-02-09 03:00:00,0,15.0,60.0,2.055555555555556,13116.6375
2015-02-09 04:00:00,0,14.4,62.0,2.055555555555556,13583.01
2015-02-09 05:00:00,0,13.3,69.0,2.5833333333333335,14009.290000000005
2015-02-09 06:00:00,0,13.3,67.0,4.111111111111112,14566.947500000002
2015-02-09 07:00:00,0,14.4,62.0,3.611111111111111,15060.897500000003
2015-02-09 08:00:00,0,16.1,56.0,4.111111111111112,15888.8575
2015-02-09 09:00:00,0,18.3,48.0,3.611111111111111,16698.324999999997
2015-02-09 10:00:00,0,21.1,39.0,2.5833333333333335,17169.885
2015-02-09 11:00:00,0,22.8,35.0,0.0,17446.222499999996
2015-02-09 12:00:00,0,23.9,31.0,0.0,17449.785000000003
2015-02-09 13:00:00,0,25.6,27.0,2.055555555555556,17418.687499999993
2015-02-09 14:00:00,0,26.7,26.0,2.055555555555556,17451.454999999994
2015-02-09 15:00:00,0,27.8,23.0,2.5833333333333335,17520.9825
2015-02-09 16:00:00,0,28.3,23.0,1.5555555555555554,17277.580000000005
2015-02-09 17:00:00,0,27.2,25.0,2.055555555555556,16554.197499999995
2015-02-09 18:00:00,0,24.4,32.0,2.055555555555556,15859.187500000002
2015-02-09 19:00:00,0,22.8,37.0,0.0,15466.839999999997
2015-02-09 20:00:00,0,22.2,37.0,0.0,15055.339999999997
2015-02-09 21:00:00,0,20.6,40.0,0.0,14523.685000000001
2015-02-09 22:00:00,0,18.3,54.0,3.083333333333333,13700.2275
2015-02-09 23:00:00,0,17.8,56.0,2.055555555555556,13273.992499999998
2015-02-10 00:00:00,0,16.7,60.0,2.5833333333333335,13182.927500000002
2015-02-10 01:00:00,0,16.1,62.0,2.5833333333333335,13094.3075
2015-02-10 02:00:00,0,15.0,67.0,2.5833333333333335,13292.640000000001
2015-02-10 03:00:00,0,14.4,67.0,2.5833333333333335,13403.327500000003
2015-02-10 04:00:00,0,13.9,69.0,3.083333333333333,13491.392500000004
2015-02-10 05:00:00,0,13.9,67.0,3.083333333333333,13910.197499999998
2015-02-10 06:00:00,0,14.4,62.0,4.111111111111112,14693.679999999997
2015-02-10 07:00:00,0,14.4,62.0,2.5833333333333335,15264.22
2015-02-10 08:00:00,0,16.7,52.0,2.055555555555556,15941.3875
2015-02-10 09:00:00,0,18.9,42.0,2.5833333333333335,16874.595000000005
2015-02-10 10:00:00,0,21.7,35.0,3.083333333333333,17325.432499999995
2015-02-10 11:00:00,0,24.4,29.0,3.083333333333333,17595.967500000002
2015-02-10 12:00:00,0,25.0,25.0,0.0,17653.535000000003
2015-02-10 13:00:00,0,26.1,24.0,0.0,17776.544999999995
2015-02-10 14:00:00,0,27.8,21.0,3.083333333333333,17861.725000000006
2015-02-10 15:00:00,0,27.8,19.0,2.5833333333333335,17798.844999999998
2015-02-10 16:00:00,0,27.2,17.0,5.138888888888888,17415.25
2015-02-10 17:00:00,0,26.1,21.0,6.166666666666666,16724.9825
2015-02-10 18:00:00,0,23.3,27.0,1.5555555555555554,15904.7075
2015-02-10 19:00:00,0,22.2,30.0,1.5555555555555554,15529.1625
2015-02-10 20:00:00,0,22.2,29.0,3.611111111111111,14951.29
2015-02-10 21:00:00,0,21.7,30.0,2.055555555555556,14474.044999999998
2015-02-10 22:00:00,0,21.1,31.0,0.0,13700.197499999998
2015-02-10 23:00:00,0,18.9,38.0,0.0,13312.9425
2015-02-11 00:00:00,0,16.7,48.0,0.0,13185.332499999999
2015-02-11 01:00:00,0,15.6,55.0,2.055555555555556,13075.7575
2015-02-11 02:00:00,0,15.6,55.0,2.055555555555556,13221.067499999997
2015-02-11 03:00:00,0,14.4,58.0,0.0,13307.092500000004
2015-02-11 04:00:00,0,13.3,64.0,0.0,13531.927500000002
2015-02-11 05:00:00,0,13.3,62.0,0.0,13948.379999999997
2015-02-11 06:00:00,0,13.3,62.0,0.0,14627.88
2015-02-11 07:00:00,0,13.9,59.0,0.0,15167.347500000002
2015-02-11 08:00:00,0,16.7,48.0,0.0,15915.377499999999
2015-02-11 09:00:00,0,18.9,38.0,0.0,16716.855
2015-02-11 10:00:00,0,21.1,30.0,0.0,17132.3475
2015-02-11 11:00:00,0,23.3,21.0,1.5555555555555554,17482.129999999997
2015-02-11 12:00:00,0,25.0,14.0,4.638888888888888,17493.7325
2015-02-11 13:00:00,0,26.1,11.0,4.638888888888888,17510.2575
2015-02-11 14:00:00,0,26.7,11.0,4.111111111111112,17629.390000000003
2015-02-11 15:00:00,0,26.7,10.0,2.5833333333333335,17473.3475
2015-02-11 16:00:00,0,26.7,10.0,4.638888888888888,17210.014999999996
2015-02-11 17:00:00,0,26.1,11.0,5.138888888888888,16619.335
2015-02-11 18:00:00,0,25.0,12.0,3.611111111111111,15883.117499999998
2015-02-11 19:00:00,0,24.4,13.0,4.638888888888888,15522.627500000002
2015-02-11 20:00:00,0,23.3,16.0,5.138888888888888,15042.4125
2015-02-11 21:00:00,0,21.7,20.0,5.138888888888888,14522.7475
2015-02-11 22:00:00,0,20.6,23.0,3.611111111111111,13707.747500000001
2015-02-11 23:00:00,0,20.6,23.0,5.666666666666666,13244.900000000001
2015-02-12 00:00:00,0,20.6,23.0,5.666666666666666,13072.105000000005
2015-02-12 01:00:00,0,19.4,25.0,2.5833333333333335,12939.022500000001
2015-02-12 02:00:00,0,18.3,27.0,6.166666666666666,13099.13
2015-02-12 03:00:00,0,17.2,29.0,4.638888888888888,13130.9425
2015-02-12 04:00:00,0,16.7,31.0,1.5555555555555554,13361.885000000002
2015-02-12 05:00:00,0,15.6,35.0,2.055555555555556,13775.375000000002
2015-02-12 06:00:00,0,15.0,36.0,0.0,14318.065
2015-02-12 07:00:00,0,16.0,31.0,4.111111111111112,14878.359999999999
2015-02-12 08:00:00,0,18.9,25.0,5.138888888888888,15763.985
2015-02-12 09:00:00,0,20.6,22.0,6.694444444444445,16681.792500000003
2015-02-12 10:00:00,0,21.1,21.0,6.166666666666666,17311.649999999998
2015-02-12 11:00:00,0,22.8,18.0,7.194444444444444,17516.08
2015-02-12 12:00:00,0,24.4,17.0,5.138888888888888,17575.315000000002
2015-02-12 13:00:00,0,23.9,18.0,2.055555555555556,17602.347500000007
2015-02-12 14:00:00,0,25.0,17.0,4.111111111111112,17647.8875
2015-02-12 15:00:00,0,25.6,17.0,3.611111111111111,17649.122500000005
2015-02-12 16:00:00,0,25.6,17.0,3.611111111111111,17327.75500000001
2015-02-12 17:00:00,0,23.9,19.0,2.5833333333333335,16597.109999999997
2015-02-12 18:00:00,0,23.9,18.0,0.0,15974.832500000002
2015-02-12 19:00:00,0,21.1,26.0,0.0,15531.28
2015-02-12 20:00:00,0,20.0,30.0,2.055555555555556,15132.397499999995
2015-02-12 21:00:00,0,18.3,34.0,0.0,14544.085
2015-02-12 22:00:00,0,17.2,38.0,3.083333333333333,13799.705
2015-02-12 23:00:00,0,16.7,39.0,2.055555555555556,13370.457499999999
2015-02-13 00:00:00,0,15.0,46.0,2.5833333333333335,13132.715
2015-02-13 01:00:00,0,14.4,46.0,3.083333333333333,13113.2675
2015-02-13 02:00:00,0,16.1,38.0,3.083333333333333,13089.107499999998
2015-02-13 03:00:00,0,14.4,44.0,2.055555555555556,13195.789999999997
2015-02-13 04:00:00,0,14.4,44.0,0.0,13427.597499999998
2015-02-13 05:00:00,0,14.4,44.0,3.083333333333333,13742.282500000005
2015-02-13 06:00:00,0,13.9,44.0,0.0,14459.605000000003
2015-02-13 07:00:00,0,15.0,41.0,4.638888888888888,15000.76
2015-02-13 08:00:00,0,17.2,34.0,4.638888888888888,15761.297499999999
2015-02-13 09:00:00,0,20.6,26.0,5.138888888888888,16509.3425
2015-02-13 10:00:00,0,22.8,23.0,4.111111111111112,17007.45
2015-02-13 11:00:00,0,23.3,20.0,2.055555555555556,17272.147500000003
2015-02-13 12:00:00,0,23.9,20.0,2.055555555555556,17090.7225
2015-02-13 13:00:00,0,25.6,17.0,3.611111111111111,17163.399999999998
2015-02-13 14:00:00,0,26.1,17.0,3.611111111111111,17195.302499999998
2015-02-13 15:00:00,0,26.1,17.0,3.611111111111111,16958.1575
2015-02-13 16:00:00,0,26.1,17.0,0.0,16554.7975
2015-02-13 17:00:00,0,25.6,19.0,0.0,15820.092499999993
2015-02-13 18:00:00,0,25.0,19.0,0.0,15249.5275
2015-02-13 19:00:00,0,24.4,21.0,3.611111111111111,14815.9725
2015-02-13 20:00:00,0,20.0,33.0,2.5833333333333335,14447.289999999999
2015-02-13 21:00:00,0,19.4,34.0,1.5555555555555554,14227.102499999999
2015-02-13 22:00:00,0,19.4,32.0,0.0,13601.195
2015-02-13 23:00:00,0,17.8,40.0,1.5555555555555554,13223.694999999998
2015-02-14 00:00:00,1,16.7,43.0,2.055555555555556,12992.950000000004
2015-02-14 01:00:00,1,15.6,49.0,0.0,12948.722500000002
2015-02-14 02:00:00,1,15.0,49.0,0.0,12870.8125
2015-02-14 03:00:00,1,15.0,46.0,0.0,12813.617500000002
2015-02-14 04:00:00,1,14.4,49.0,0.0,13094.860000000002
2015-02-14 05:00:00,1,12.8,59.0,1.5555555555555554,13267.444999999996
2015-02-14 06:00:00,1,14.4,47.0,0.0,13456.530000000002
2015-02-14 07:00:00,1,15.0,48.0,0.0,13700.457499999995
2015-02-14 08:00:00,1,17.8,37.0,0.0,13935.072500000002
2015-02-14 09:00:00,1,21.1,32.0,2.055555555555556,14030.552500000002
2015-02-14 10:00:00,1,23.9,26.0,4.111111111111112,14099.7425
2015-02-14 11:00:00,1,25.0,24.0,2.055555555555556,14240.400000000001
2015-02-14 12:00:00,1,26.1,21.0,1.5555555555555554,14251.289999999999
2015-02-14 13:00:00,1,27.8,19.0,3.083333333333333,14192.6625
2015-02-14 14:00:00,1,27.8,19.0,1.5555555555555554,14120.777500000004
2015-02-14 15:00:00,1,27.8,19.0,1.5555555555555554,14024.317500000001
2015-02-14 16:00:00,1,27.2,21.0,2.055555555555556,13824.324999999997
2015-02-14 17:00:00,1,26.1,24.0,3.083333333333333,13678.592499999999
2015-02-14 18:00:00,1,24.4,27.0,2.055555555555556,13903.709999999994
2015-02-14 19:00:00,1,24.4,27.0,1.5555555555555554,13808.98
2015-02-14 20:00:00,1,23.3,30.0,0.0,13450.739999999998
2015-02-14 21:00:00,1,21.7,35.0,0.0,13198.917499999998
2015-02-14 22:00:00,1,21.7,38.0,0.0,13015.0125
2015-02-14 23:00:00,1,21.1,42.0,0.0,12846.705000000002
2015-02-15 00:00:00,1,21.1,38.0,1.5555555555555554,12714.207499999999
2015-02-15 01:00:00,1,20.6,40.0,2.5833333333333335,12630.1225
2015-02-15 02:00:00,1,18.9,47.0,3.083333333333333,12528.6575
2015-02-15 03:00:00,1,18.3,50.0,2.055555555555556,12556.567499999997
2015-02-15 04:00:00,1,18.3,52.0,3.083333333333333,12920.347500000002
2015-02-15 05:00:00,1,17.8,56.0,3.611111111111111,12957.88
2015-02-15 06:00:00,1,17.2,58.0,2.5833333333333335,13131.172499999999
2015-02-15 07:00:00,1,17.8,58.0,2.055555555555556,13227.6375
2015-02-15 08:00:00,1,18.9,54.0,2.5833333333333335,13062.7625
2015-02-15 09:00:00,1,19.4,52.0,2.055555555555556,13159.074999999999
2015-02-15 10:00:00,1,21.1,44.0,2.055555555555556,13278.757499999998
2015-02-15 11:00:00,1,22.2,41.0,1.5555555555555554,13437.692500000003
2015-02-15 12:00:00,1,24.4,33.0,1.5555555555555554,13616.367499999998
2015-02-15 13:00:00,1,24.4,32.0,3.083333333333333,13740.9525
2015-02-15 14:00:00,1,26.1,30.0,4.111111111111112,13679.0525
2015-02-15 15:00:00,1,25.6,32.0,4.638888888888888,13738.297499999999
2015-02-15 16:00:00,1,25.0,34.0,5.666666666666666,13664.515000000003
2015-02-15 17:00:00,1,24.4,37.0,6.166666666666666,13525.762500000003
2015-02-15 18:00:00,1,23.3,40.0,4.111111111111112,13582.309999999998
2015-02-15 19:00:00,1,21.1,47.0,1.5555555555555554,13633.357499999996
2015-02-15 20:00:00,1,20.6,54.0,2.055555555555556,13301.7175
2015-02-15 21:00:00,1,19.4,59.0,1.5555555555555554,13161.212500000003
2015-02-15 22:00:00,1,18.9,60.0,2.055555555555556,12974.875
2015-02-15 23:00:00,1,17.8,65.0,2.5833333333333335,12863.149999999998
2015-02-16 00:00:00,1,17.2,65.0,1.5555555555555554,12870.0675
2015-02-16 01:00:00,1,16.1,64.0,3.611111111111111,12814.027500000002
2015-02-16 02:00:00,1,15.6,67.0,3.083333333333333,13134.350000000002
2015-02-16 03:00:00,1,15.0,69.0,3.611111111111111,13329.505000000001
2015-02-16 04:00:00,1,14.4,70.0,2.5833333333333335,13735.2625
2015-02-16 05:00:00,1,13.3,75.0,2.5833333333333335,14024.912500000002
2015-02-16 06:00:00,1,13.3,75.0,3.083333333333333,14519.969999999998
2015-02-16 07:00:00,1,13.9,69.0,2.055555555555556,15048.220000000007
2015-02-16 08:00:00,1,16.7,60.0,2.055555555555556,15875.382500000002
2015-02-16 09:00:00,1,18.9,54.0,3.083333333333333,16651.0125
2015-02-16 10:00:00,1,20.0,55.0,0.0,17107.0675
2015-02-16 11:00:00,1,21.1,51.0,2.055555555555556,17314.015
2015-02-16 12:00:00,1,22.8,46.0,1.5555555555555554,17468.217500000006
2015-02-16 13:00:00,1,24.4,40.0,4.111111111111112,17563.550000000003
2015-02-16 14:00:00,1,24.4,37.0,3.611111111111111,17547.0225
2015-02-16 15:00:00,1,25.0,33.0,5.666666666666666,17600.530000000002
2015-02-16 16:00:00,1,25.0,30.0,6.166666666666666,17180.184999999994
2015-02-16 17:00:00,1,25.0,30.0,5.138888888888888,16544.545
2015-02-16 18:00:00,1,23.9,32.0,2.5833333333333335,15930.602500000006
2015-02-16 19:00:00,1,21.7,38.0,1.5555555555555554,15514.574999999997
2015-02-16 20:00:00,1,22.0,38.0,1.5555555555555554,15103.672499999999
2015-02-16 21:00:00,1,22.2,37.0,2.055555555555556,14464.480000000005
2015-02-16 22:00:00,1,20.0,45.0,0.0,13789.425
2015-02-16 23:00:00,1,18.3,52.0,1.5555555555555554,13318.547499999999
2015-02-17 00:00:00,0,20.0,52.0,5.666666666666666,13179.195000000005
2015-02-17 01:00:00,0,18.9,59.0,2.055555555555556,13169.720000000007
2015-02-17 02:00:00,0,16.7,65.0,1.5555555555555554,13268.752500000002
2015-02-17 03:00:00,0,15.6,64.0,1.5555555555555554,13311.212500000003
2015-02-17 04:00:00,0,15.0,64.0,1.5555555555555554,13417.970000000001
2015-02-17 05:00:00,0,14.4,33.0,1.5555555555555554,14003.77
2015-02-17 06:00:00,0,12.8,34.0,2.055555555555556,14649.98
2015-02-17 07:00:00,0,13.9,27.0,4.111111111111112,15214.942499999997
2015-02-17 08:00:00,0,17.2,17.0,7.722222222222222,15966.945
2015-02-17 09:00:00,0,18.3,16.0,5.666666666666666,16994.9675
2015-02-17 10:00:00,0,20.0,14.0,5.138888888888888,17328.095
2015-02-17 11:00:00,0,21.1,12.0,3.611111111111111,17493.737500000003
2015-02-17 12:00:00,0,22.2,10.0,0.0,17765.282499999994
2015-02-17 13:00:00,0,23.3,9.0,1.5555555555555554,17713.517499999998
2015-02-17 14:00:00,0,23.3,9.0,2.055555555555556,17601.66
2015-02-17 15:00:00,0,24.4,8.0,2.055555555555556,17706.5675
2015-02-17 16:00:00,0,24.4,9.0,3.083333333333333,17366.3025
2015-02-17 17:00:00,0,23.9,9.0,3.611111111111111,16748.377499999995
2015-02-17 18:00:00,0,21.1,14.0,2.055555555555556,16068.225000000004
2015-02-17 19:00:00,0,20.6,15.0,0.0,15571.645000000004
2015-02-17 20:00:00,0,17.8,27.0,1.5555555555555554,15097.487500000003
2015-02-17 21:00:00,0,17.8,21.0,2.5833333333333335,14622.052500000003
2015-02-17 22:00:00,0,16.1,26.0,3.611111111111111,13939.545
2015-02-17 23:00:00,0,15.0,28.0,3.083333333333333,13598.365
2015-02-18 00:00:00,0,14.4,30.0,3.083333333333333,13210.4375
2015-02-18 01:00:00,0,14.4,30.0,3.083333333333333,13102.279999999999
2015-02-18 02:00:00,0,13.9,33.0,2.055555555555556,13444.674999999997
2015-02-18 03:00:00,0,13.3,33.0,2.5833333333333335,13522.767500000004
2015-02-18 04:00:00,0,12.8,34.0,4.638888888888888,13721.132499999998
2015-02-18 05:00:00,0,11.7,37.0,2.055555555555556,14273.984999999997
2015-02-18 06:00:00,0,11.1,40.0,1.5555555555555554,14929.255
2015-02-18 07:00:00,0,11.7,38.0,0.0,15452.862500000005
2015-02-18 08:00:00,0,14.4,32.0,3.611111111111111,16243.492500000004
2015-02-18 09:00:00,0,17.2,25.0,3.083333333333333,16994.995000000003
2015-02-18 10:00:00,0,19.4,21.0,4.638888888888888,17427.1525
2015-02-18 11:00:00,0,21.7,16.0,3.083333333333333,17521.775
2015-02-18 12:00:00,0,23.3,14.0,2.055555555555556,17568.774999999998
2015-02-18 13:00:00,0,24.4,12.0,0.0,17584.48
2015-02-18 14:00:00,0,25.6,12.0,2.5833333333333335,17595.4875
2015-02-18 15:00:00,0,25.0,12.0,2.055555555555556,17525.997500000005
2015-02-18 16:00:00,0,25.0,10.0,2.055555555555556,17271.8575
2015-02-18 17:00:00,0,25.0,10.0,2.5833333333333335,16570.564999999995
2015-02-18 18:00:00,0,24.4,10.0,2.055555555555556,16077.640000000001
2015-02-18 19:00:00,0,23.3,14.0,2.5833333333333335,15566.737499999997
2015-02-18 20:00:00,0,20.0,20.0,2.5833333333333335,14987.670000000002
2015-02-18 21:00:00,0,18.3,27.0,3.083333333333333,14529.895
2015-02-18 22:00:00,0,17.2,29.0,3.611111111111111,13840.6425
2015-02-18 23:00:00,0,16.1,34.0,3.611111111111111,13485.6025
2015-02-19 00:00:00,0,15.6,35.0,2.5833333333333335,13283.147500000001
2015-02-19 01:00:00,0,14.4,39.0,2.055555555555556,13234.012499999999
2015-02-19 02:00:00,0,14.4,37.0,1.5555555555555554,13386.957499999999
2015-02-19 03:00:00,0,13.9,37.0,3.083333333333333,13416.574999999999
2015-02-19 04:00:00,0,13.3,40.0,2.5833333333333335,13678.4975
2015-02-19 05:00:00,0,12.2,47.0,2.5833333333333335,14264.172499999997
2015-02-19 06:00:00,0,12.2,49.0,3.083333333333333,15033.4275
2015-02-19 07:00:00,0,12.2,49.0,3.083333333333333,15372.780000000002
2015-02-19 08:00:00,0,13.3,45.0,2.5833333333333335,16159.15
2015-02-19 09:00:00,0,15.6,38.0,1.5555555555555554,17008.0625
2015-02-19 10:00:00,0,18.3,31.0,2.055555555555556,17321.699999999997
2015-02-19 11:00:00,0,20.6,25.0,2.5833333333333335,17588.152499999997
2015-02-19 12:00:00,0,22.8,20.0,0.0,17580.8825
2015-02-19 13:00:00,0,25.0,16.0,1.5555555555555554,17595.552499999994
2015-02-19 14:00:00,0,25.0,15.0,2.055555555555556,17543.197500000006
2015-02-19 15:00:00,0,26.1,12.0,0.0,17506.7175
2015-02-19 16:00:00,0,26.1,13.0,0.0,17250.325
2015-02-19 17:00:00,0,25.6,15.0,2.055555555555556,16475.1825
2015-02-19 18:00:00,0,25.0,17.0,2.055555555555556,15909.9025
2015-02-19 19:00:00,0,22.8,20.0,0.0,15487.020000000002
2015-02-19 20:00:00,0,20.6,24.0,2.055555555555556,14898.717499999999
2015-02-19 21:00:00,0,18.9,29.0,2.5833333333333335,14471.614999999996
2015-02-19 22:00:00,0,16.7,35.0,3.083333333333333,13688.395
2015-02-19 23:00:00,0,16.7,35.0,3.083333333333333,13289.119999999999
2015-02-20 00:00:00,0,16.1,36.0,3.611111111111111,13182.1225
2015-02-20 01:00:00,0,15.0,39.0,3.083333333333333,13026.664999999999
2015-02-20 02:00:00,0,14.4,41.0,2.5833333333333335,13243.5575
2015-02-20 03:00:00,0,13.9,39.0,5.138888888888888,13376.989999999998
2015-02-20 04:00:00,0,13.9,40.0,2.055555555555556,13517.935
2015-02-20 05:00:00,0,13.3,45.0,3.083333333333333,14068.539999999997
2015-02-20 06:00:00,0,13.3,44.0,3.083333333333333,14802.595000000005
2015-02-20 07:00:00,0,13.9,40.0,3.083333333333333,15123.139999999998
2015-02-20 08:00:00,0,16.1,35.0,3.611111111111111,15854.79
2015-02-20 09:00:00,0,18.3,29.0,2.5833333333333335,16458.855
2015-02-20 10:00:00,0,19.4,27.0,3.083333333333333,16841.325000000004
2015-02-20 11:00:00,0,21.1,25.0,2.5833333333333335,17159.57
2015-02-20 12:00:00,0,23.9,20.0,0.0,16996.042499999996
2015-02-20 13:00:00,0,23.9,20.0,0.0,17100.642499999998
2015-02-20 14:00:00,0,24.4,19.0,0.0,17022.597499999996
2015-02-20 15:00:00,0,25.6,18.0,0.0,16776.075
2015-02-20 16:00:00,0,25.0,19.0,1.5555555555555554,16492.2575
2015-02-20 17:00:00,0,24.4,20.0,2.055555555555556,15743.950000000003
2015-02-20 18:00:00,0,23.3,21.0,0.0,15212.332499999997
2015-02-20 19:00:00,0,22.8,22.0,0.0,14925.864999999996
2015-02-20 20:00:00,0,21.1,28.0,1.5555555555555554,14572.910000000003
2015-02-20 21:00:00,0,20.0,31.0,0.0,14215.192500000001
2015-02-20 22:00:00,0,18.3,36.0,3.083333333333333,13609.860000000002
2015-02-20 23:00:00,0,17.8,38.0,1.5555555555555554,13251.464999999998
2015-02-21 00:00:00,1,17.2,40.0,3.083333333333333,12961.695
2015-02-21 01:00:00,1,16.7,41.0,2.055555555555556,12908.067500000001
2015-02-21 02:00:00,1,15.6,44.0,2.5833333333333335,12886.902499999998
2015-02-21 03:00:00,1,14.4,47.0,4.638888888888888,12873.0825
2015-02-21 04:00:00,1,13.3,49.0,3.083333333333333,13125.307499999999
2015-02-21 05:00:00,1,13.3,51.0,3.083333333333333,13315.65
2015-02-21 06:00:00,1,12.8,51.0,3.611111111111111,13630.9925
2015-02-21 07:00:00,1,13.3,51.0,4.111111111111112,13907.439999999999
2015-02-21 08:00:00,1,16.1,42.0,4.638888888888888,14011.669999999996
2015-02-21 09:00:00,1,18.3,39.0,3.611111111111111,14125.0275
2015-02-21 10:00:00,1,21.1,30.0,2.5833333333333335,14207.872499999998
2015-02-21 11:00:00,1,22.8,25.0,2.055555555555556,14322.072499999998
2015-02-21 12:00:00,1,23.9,22.0,0.0,14313.292500000003
2015-02-21 13:00:00,1,24.4,21.0,3.083333333333333,14304.464999999998
2015-02-21 14:00:00,1,24.4,21.0,2.055555555555556,14202.145
2015-02-21 15:00:00,1,25.6,20.0,0.0,14126.070000000003
2015-02-21 16:00:00,1,25.6,20.0,2.5833333333333335,13998.142500000002
2015-02-21 17:00:00,1,25.0,22.0,1.5555555555555554,13702.897500000001
2015-02-21 18:00:00,1,23.9,24.0,2.055555555555556,13792.4575
2015-02-21 19:00:00,1,22.2,28.0,0.0,13753.739999999998
2015-02-21 20:00:00,1,21.1,31.0,0.0,13483.637499999999
2015-02-21 21:00:00,1,21.1,31.0,0.0,13190.8275
2015-02-21 22:00:00,1,20.0,35.0,2.5833333333333335,12974.41
2015-02-21 23:00:00,1,17.8,40.0,3.083333333333333,12923.440000000002
2015-02-22 00:00:00,1,16.1,46.0,2.055555555555556,12695.837500000005
2015-02-22 01:00:00,1,16.7,43.0,2.5833333333333335,12531.7275
2015-02-22 02:00:00,1,15.6,47.0,2.5833333333333335,12639.645000000004
2015-02-22 03:00:00,1,15.0,49.0,2.5833333333333335,12680.66
2015-02-22 04:00:00,1,14.4,51.0,2.055555555555556,12894.402500000004
2015-02-22 05:00:00,1,13.9,55.0,2.5833333333333335,13059.107499999998
2015-02-22 06:00:00,1,13.3,60.0,2.055555555555556,13245.617499999997
2015-02-22 07:00:00,1,13.9,55.0,0.0,13298.877500000002
2015-02-22 08:00:00,1,15.6,49.0,0.0,13252.395000000004
2015-02-22 09:00:00,1,17.2,50.0,4.638888888888888,13247.345000000001
2015-02-22 10:00:00,1,19.4,49.0,2.055555555555556,13366.142500000002
2015-02-22 11:00:00,1,21.1,41.0,3.083333333333333,13500.615
2015-02-22 12:00:00,1,21.1,39.0,2.319444444444444,13671.702499999998
2015-02-22 13:00:00,1,21.1,39.0,1.5555555555555554,13631.872499999994
2015-02-22 14:00:00,1,21.7,38.0,3.611111111111111,13757.622500000003
2015-02-22 15:00:00,1,21.7,39.0,5.666666666666666,13653.555000000004
2015-02-22 16:00:00,1,20.6,44.0,6.166666666666666,13609.4325
2015-02-22 17:00:00,1,20.0,45.0,4.638888888888888,13428.269999999995
2015-02-22 18:00:00,1,20.0,45.0,2.5833333333333335,13547.500000000002
2015-02-22 19:00:00,1,19.4,47.0,2.5833333333333335,13589.819999999998
2015-02-22 20:00:00,1,19.4,49.0,2.055555555555556,13299.147500000001
2015-02-22 21:00:00,1,18.9,50.0,1.5555555555555554,13130.2875
2015-02-22 22:00:00,1,17.8,50.0,3.611111111111111,13023.525
2015-02-22 23:00:00,1,17.2,46.0,4.638888888888888,12877.387499999999
2015-02-23 00:00:00,0,17.2,48.0,0.0,12782.352500000005
2015-02-23 01:00:00,0,16.1,52.0,2.5833333333333335,12712.647500000001
2015-02-23 02:00:00,0,15.6,53.0,4.111111111111112,12981.514999999998
2015-02-23 03:00:00,0,16.1,54.0,4.638888888888888,13179.665000000003
2015-02-23 04:00:00,0,16.1,56.0,3.083333333333333,13604.849999999999
2015-02-23 05:00:00,0,16.1,58.0,4.638888888888888,14009.33
2015-02-23 06:00:00,0,15.6,60.0,6.166666666666666,14424.485
2015-02-23 07:00:00,0,15.6,57.0,4.638888888888888,14920.465
2015-02-23 08:00:00,0,16.7,56.0,8.75,15711.2875
2015-02-23 09:00:00,0,18.3,48.0,8.222222222222223,16576.0625
2015-02-23 10:00:00,0,18.3,48.0,6.166666666666666,17137.335000000003
2015-02-23 11:00:00,0,19.4,45.0,2.055555555555556,17373.130000000005
2015-02-23 12:00:00,0,20.0,45.0,4.111111111111112,17364.185000000005
2015-02-23 13:00:00,0,17.8,67.0,4.638888888888888,17454.750000000007
2015-02-23 14:00:00,0,17.8,65.0,3.083333333333333,17436.840000000004
2015-02-23 15:00:00,0,17.8,63.0,2.055555555555556,17382.1675
2015-02-23 16:00:00,0,18.3,58.0,0.0,17218.999999999996
2015-02-23 17:00:00,0,17.8,60.0,0.0,16595.0075
2015-02-23 18:00:00,0,17.8,56.0,1.5555555555555554,16008.437499999996
2015-02-23 19:00:00,0,17.2,63.0,3.611111111111111,15723.6375
2015-02-23 20:00:00,0,16.1,81.0,2.055555555555556,15293.3125
2015-02-23 21:00:00,0,16.7,62.0,2.5833333333333335,14849.827500000001
2015-02-23 22:00:00,0,16.1,64.0,2.5833333333333335,13961.702500000001
2015-02-23 23:00:00,0,15.0,58.0,3.083333333333333,13529.607500000002
2015-02-24 00:00:00,0,14.4,56.0,2.055555555555556,13381.81
2015-02-24 01:00:00,0,12.8,62.0,3.083333333333333,13225.385
2015-02-24 02:00:00,0,11.7,64.0,3.083333333333333,13430.582499999999
2015-02-24 03:00:00,0,11.7,64.0,3.083333333333333,13607.64
2015-02-24 04:00:00,0,11.1,63.0,2.055555555555556,13748.392499999998
2015-02-24 05:00:00,0,11.1,61.0,3.611111111111111,14215.557500000003
2015-02-24 06:00:00,0,11.1,61.0,5.666666666666666,15057.272500000001
2015-02-24 07:00:00,0,10.6,61.0,2.055555555555556,15609.5475
2015-02-24 08:00:00,0,11.7,55.0,6.166666666666666,16400.647499999992
2015-02-24 09:00:00,0,13.9,47.0,5.138888888888888,17163.085
2015-02-24 10:00:00,0,13.9,47.0,3.611111111111111,17607.790000000005
2015-02-24 11:00:00,0,15.0,42.0,4.638888888888888,17769.464999999997
2015-02-24 12:00:00,0,17.8,37.0,5.666666666666666,17849.520000000004
2015-02-24 13:00:00,0,17.8,33.0,6.694444444444445,17814.0725
2015-02-24 14:00:00,0,18.3,31.0,10.277777777777777,17689.325
2015-02-24 15:00:00,0,17.75,32.5,9.0,17577.82
2015-02-24 16:00:00,0,17.8,34.0,3.083333333333333,17317.1875
2015-02-24 17:00:00,0,17.8,33.0,2.5833333333333335,16619.584999999995
2015-02-24 18:00:00,0,17.8,31.0,2.055555555555556,16076.524999999998
2015-02-24 19:00:00,0,15.0,46.0,4.638888888888888,15745.657500000005
2015-02-24 20:00:00,0,13.9,55.0,3.611111111111111,15410.192500000005
2015-02-24 21:00:00,0,13.3,55.0,3.083333333333333,14914.749999999995
2015-02-24 22:00:00,0,12.8,57.0,2.5833333333333335,14212.542499999998
2015-02-24 23:00:00,0,12.2,59.0,2.5833333333333335,13571.697499999998
2015-02-25 00:00:00,0,11.7,64.0,3.611111111111111,13380.705000000002
2015-02-25 01:00:00,0,11.1,66.0,2.5833333333333335,13354.660000000003
2015-02-25 02:00:00,0,10.6,68.0,1.5555555555555554,13536.8025
2015-02-25 03:00:00,0,10.0,68.0,2.055555555555556,13680.044999999998
2015-02-25 04:00:00,0,10.0,68.0,3.083333333333333,14002.980000000001
2015-02-25 05:00:00,0,9.4,69.0,3.083333333333333,14414.835000000003
2015-02-25 06:00:00,0,8.9,74.0,2.5833333333333335,15246.9525
2015-02-25 07:00:00,0,10.0,66.0,2.5833333333333335,15783.727500000005
2015-02-25 08:00:00,0,11.7,52.0,4.638888888888888,16437.982500000002
2015-02-25 09:00:00,0,13.9,47.0,3.083333333333333,17206.984999999997
2015-02-25 10:00:00,0,16.1,39.0,1.5555555555555554,17530.065
2015-02-25 11:00:00,0,17.2,34.0,2.5833333333333335,17704.815000000002
2015-02-25 12:00:00,0,18.3,32.0,2.055555555555556,17540.1575
2015-02-25 13:00:00,0,19.4,25.0,1.5555555555555554,17571.579999999994
2015-02-25 14:00:00,0,20.6,22.0,3.083333333333333,17589.69250000001
2015-02-25 15:00:00,0,20.6,22.0,2.5833333333333335,17533.487499999996
2015-02-25 16:00:00,0,21.1,21.0,2.5833333333333335,17314.064999999995
2015-02-25 17:00:00,0,21.1,21.0,4.111111111111112,16523.64
2015-02-25 18:00:00,0,19.4,25.0,0.0,15965.064999999995
2015-02-25 19:00:00,0,18.9,26.0,1.5555555555555554,15757.149999999996
2015-02-25 20:00:00,0,17.2,31.0,3.611111111111111,15328.877500000002
2015-02-25 21:00:00,0,16.1,35.0,3.083333333333333,14822.282500000003
2015-02-25 22:00:00,0,15.6,36.0,3.611111111111111,14117.532499999998
2015-02-25 23:00:00,0,15.0,39.0,4.111111111111112,13630.880000000001
2015-02-26 00:00:00,0,14.4,42.0,4.111111111111112,13423.135000000002
2015-02-26 01:00:00,0,13.9,44.0,4.111111111111112,13255.2075
2015-02-26 02:00:00,0,12.2,51.0,2.055555555555556,13458.460000000001
2015-02-26 03:00:00,0,12.2,51.0,2.055555555555556,13444.7875
2015-02-26 04:00:00,0,12.2,49.0,3.083333333333333,13844.487500000001
2015-02-26 05:00:00,0,11.7,48.0,3.083333333333333,14398.805000000002
2015-02-26 06:00:00,0,11.1,53.0,3.083333333333333,15036.797499999999
2015-02-26 07:00:00,0,11.7,52.0,3.083333333333333,15750.647500000006
2015-02-26 08:00:00,0,13.9,45.0,4.111111111111112,16488.635000000002
2015-02-26 09:00:00,0,16.7,38.0,3.083333333333333,17112.360000000004
2015-02-26 10:00:00,0,18.9,32.0,2.055555555555556,17497.560000000005
2015-02-26 11:00:00,0,20.6,24.0,0.0,17509.432499999995
2015-02-26 12:00:00,0,22.8,18.0,0.0,17488.624999999996
2015-02-26 13:00:00,0,23.9,16.0,3.083333333333333,17605.700000000004
2015-02-26 14:00:00,0,24.4,15.0,3.083333333333333,17549.05
2015-02-26 15:00:00,0,23.9,14.0,2.5833333333333335,17510.025
2015-02-26 16:00:00,0,23.9,14.0,5.666666666666666,17223.597499999996
2015-02-26 17:00:00,0,23.3,14.0,5.666666666666666,16477.234999999997
2015-02-26 18:00:00,0,22.8,15.0,3.611111111111111,15957.427499999996
2015-02-26 19:00:00,0,20.0,21.0,1.5555555555555554,15633.855000000001
2015-02-26 20:00:00,0,19.4,21.0,1.5555555555555554,15207.707500000002
2015-02-26 21:00:00,0,18.3,24.0,1.5555555555555554,14729.427500000002
2015-02-26 22:00:00,0,17.2,28.0,0.0,14040.187499999996
2015-02-26 23:00:00,0,15.0,35.0,5.138888888888888,13602.22
2015-02-27 00:00:00,0,13.9,39.0,3.611111111111111,13319.25
2015-02-27 01:00:00,0,13.3,40.0,3.611111111111111,13293.670000000002
2015-02-27 02:00:00,0,12.2,43.0,4.111111111111112,13501.487499999996
2015-02-27 03:00:00,0,11.7,47.0,3.611111111111111,13557.550000000001
2015-02-27 04:00:00,0,11.1,45.0,4.111111111111112,13919.162500000002
2015-02-27 05:00:00,0,10.0,52.0,3.611111111111111,14311.379999999997
2015-02-27 06:00:00,0,10.6,48.0,3.611111111111111,15003.529999999999
2015-02-27 07:00:00,0,11.1,47.0,3.611111111111111,15685.022500000003
2015-02-27 08:00:00,0,14.4,36.0,3.611111111111111,16219.3825
2015-02-27 09:00:00,0,17.2,26.0,4.638888888888888,16841.795000000002
2015-02-27 10:00:00,0,18.9,24.0,4.111111111111112,17090.584999999995
2015-02-27 11:00:00,0,21.7,21.0,4.638888888888888,17263.945000000003
2015-02-27 12:00:00,0,23.9,17.0,5.666666666666666,17314.277500000004
2015-02-27 13:00:00,0,23.9,16.0,3.611111111111111,17328.614999999998
2015-02-27 14:00:00,0,24.4,15.0,2.5833333333333335,17223.762499999997
2015-02-27 15:00:00,0,24.4,17.0,2.5833333333333335,15276.562500000002
2015-02-27 16:00:00,0,24.4,18.0,6.166666666666666,16660.227500000005
2015-02-27 17:00:00,0,23.3,23.0,6.694444444444445,15887.45
2015-02-27 18:00:00,0,22.2,31.0,4.638888888888888,15208.932500000004
2015-02-27 19:00:00,0,21.1,36.0,3.611111111111111,14887.267500000002
2015-02-27 20:00:00,0,20.0,33.0,3.611111111111111,14545.829999999998
2015-02-27 21:00:00,0,19.4,33.0,3.083333333333333,14229.232499999996
2015-02-27 22:00:00,0,18.9,36.0,3.611111111111111,13547.1
2015-02-27 23:00:00,0,18.9,36.0,3.611111111111111,13213.722499999998
2015-02-28 00:00:00,1,18.3,34.0,3.611111111111111,12919.050000000001
2015-02-28 01:00:00,1,17.8,37.0,2.055555555555556,12920.660000000002
2015-02-28 02:00:00,1,16.7,41.0,1.5555555555555554,12882.869999999999
2015-02-28 03:00:00,1,16.1,46.0,0.0,12881.2675
2015-02-28 04:00:00,1,16.7,46.0,0.0,13135.027500000002
2015-02-28 05:00:00,1,16.1,52.0,3.083333333333333,13260.684999999996
2015-02-28 06:00:00,1,16.1,52.0,3.083333333333333,13519.295
2015-02-28 07:00:00,1,15.6,53.0,3.611111111111111,13698.315
2015-02-28 08:00:00,1,16.1,54.0,2.5833333333333335,13875.012499999997
2015-02-28 09:00:00,1,18.3,50.0,3.611111111111111,14019.029999999995
2015-02-28 10:00:00,1,18.3,52.0,5.138888888888888,14058.337499999998
2015-02-28 11:00:00,1,19.4,44.0,5.666666666666666,14112.19
2015-02-28 12:00:00,1,19.4,42.0,4.638888888888888,14231.644999999997
2015-02-28 13:00:00,1,19.4,44.0,3.083333333333333,14263.389999999998
2015-02-28 14:00:00,1,20.6,39.0,4.638888888888888,14265.745000000003
2015-02-28 15:00:00,1,20.6,39.0,3.611111111111111,14268.795000000002
2015-02-28 16:00:00,1,21.1,36.0,3.611111111111111,14229.575
2015-02-28 17:00:00,1,20.6,38.0,1.5555555555555554,14127.4225
2015-02-28 18:00:00,1,18.9,47.0,0.0,14178.064999999999
2015-02-28 19:00:00,1,18.9,48.0,0.0,14253.185
2015-02-28 20:00:00,1,18.3,50.0,3.611111111111111,13936.165000000003
2015-02-28 21:00:00,1,18.3,50.0,3.083333333333333,13443.212500000005
2015-02-28 22:00:00,1,17.8,54.0,1.5555555555555554,13116.61
2015-02-28 23:00:00,1,17.8,52.0,0.0,13004.95
2015-03-01 00:00:00,1,17.2,56.0,3.083333333333333,12931.46
2015-03-01 01:00:00,1,16.7,58.0,1.5555555555555554,12875.95
2015-03-01 02:00:00,1,16.7,58.0,2.055555555555556,12848.630000000003
2015-03-01 03:00:00,1,16.1,62.0,3.083333333333333,12892.869999999997
2015-03-01 04:00:00,1,16.1,60.0,2.5833333333333335,13124.150000000001
2015-03-01 05:00:00,1,16.1,60.0,2.5833333333333335,13176.26
2015-03-01 06:00:00,1,16.1,62.0,2.5833333333333335,13344.160000000002
2015-03-01 07:00:00,1,16.1,62.0,3.611111111111111,13325.940000000004
2015-03-01 08:00:00,1,16.7,60.0,5.666666666666666,13258.12
2015-03-01 09:00:00,1,18.3,56.0,4.638888888888888,13358.79
2015-03-01 10:00:00,1,18.9,52.0,5.138888888888888,13557.52
2015-03-01 11:00:00,1,20.6,49.0,4.638888888888888,13717.9
2015-03-01 12:00:00,1,22.2,43.0,4.638888888888888,13826.529999999999
2015-03-01 13:00:00,1,23.9,36.0,7.194444444444444,13874.590000000002
2015-03-01 14:00:00,1,25.0,32.0,5.666666666666666,13953.100000000002
2015-03-01 15:00:00,1,24.4,32.0,5.666666666666666,13948.479999999998
2015-03-01 16:00:00,1,24.4,32.0,7.722222222222222,13843.579999999998
2015-03-01 17:00:00,1,23.3,33.0,6.166666666666666,13668.039999999997
2015-03-01 18:00:00,1,22.2,37.0,3.083333333333333,13637.220000000005
2015-03-01 19:00:00,1,21.1,41.0,1.5555555555555554,13712.289999999999
2015-03-01 20:00:00,1,21.1,44.0,3.611111111111111,13424.349999999999
2015-03-01 21:00:00,1,20.0,49.0,3.083333333333333,13278.059999999998
2015-03-01 22:00:00,1,19.4,52.0,2.055555555555556,13050.61
2015-03-01 23:00:00,1,18.9,56.0,3.083333333333333,12982.569999999996
2015-03-02 00:00:00,0,18.3,56.0,3.083333333333333,12862.85
2015-03-02 01:00:00,0,18.3,54.0,4.111111111111112,12768.74
2015-03-02 02:00:00,0,17.8,58.0,1.5555555555555554,13056.230000000001
2015-03-02 03:00:00,0,17.8,60.0,3.083333333333333,13180.319999999998
2015-03-02 04:00:00,0,17.8,58.0,3.083333333333333,13613.300000000003
2015-03-02 05:00:00,0,17.8,58.0,4.111111111111112,13946.280000000006
2015-03-02 06:00:00,0,17.8,58.0,3.611111111111111,14350.599999999999
2015-03-02 07:00:00,0,17.8,58.0,7.194444444444444,14868.480000000003
2015-03-02 08:00:00,0,12.75,85.0,6.944444444444445,15780.349999999999
2015-03-02 09:00:00,0,11.399999999999999,87.5,8.48611111111111,16599.929999999997
2015-03-02 10:00:00,0,11.7,86.0,5.666666666666666,17214.91
2015-03-02 11:00:00,0,11.7,86.0,6.166666666666666,17528.95
2015-03-02 12:00:00,0,11.7,83.0,5.138888888888888,17661.53
2015-03-02 13:00:00,0,11.7,86.0,3.861111111111111,17782.9
2015-03-02 14:00:00,0,11.399999999999999,83.0,0.0,17712.189999999995
2015-03-02 15:00:00,0,12.2,80.0,0.0,17619.367499999997
2015-03-02 16:00:00,0,12.8,74.0,1.5555555555555554,17436.942500000005
2015-03-02 17:00:00,0,13.05,78.5,3.3472222222222223,16836.2275
2015-03-02 18:00:00,0,12.2,80.0,3.611111111111111,16281.082499999997
2015-03-02 19:00:00,0,11.7,83.0,3.083333333333333,16174.372500000001
2015-03-02 20:00:00,0,11.1,86.0,3.083333333333333,15805.3425
2015-03-02 21:00:00,0,11.1,86.0,2.055555555555556,15304.242499999993
2015-03-02 22:00:00,0,11.1,86.0,1.5555555555555554,14473.749999999998
2015-03-02 23:00:00,0,11.1,89.0,1.5555555555555554,13794.960000000001
2015-03-03 00:00:00,0,11.1,83.0,2.5833333333333335,13543.240000000002
2015-03-03 01:00:00,0,11.399999999999999,87.5,4.111111111111112,13544.939999999999
2015-03-03 02:00:00,0,11.1,83.0,2.055555555555556,13760.500000000004
2015-03-03 03:00:00,0,11.1,86.0,2.5833333333333335,13691.917499999998
2015-03-03 04:00:00,0,10.6,86.0,0.0,14134.512499999997
2015-03-03 05:00:00,0,10.0,89.0,0.0,14450.960000000001
2015-03-03 06:00:00,0,9.4,93.0,3.083333333333333,15153.845000000003
2015-03-03 07:00:00,0,8.816666666666668,96.83333333333333,1.2037037037037035,15579.647500000003
2015-03-03 08:00:00,0,10.6,92.0,0.0,16481.637499999997
2015-03-03 09:00:00,0,13.3,75.0,2.055555555555556,17254.919999999995
2015-03-03 10:00:00,0,15.0,58.0,2.5833333333333335,17589.6025
2015-03-03 11:00:00,0,17.2,50.0,3.083333333333333,17738.930000000004
2015-03-03 12:00:00,0,16.7,52.0,3.083333333333333,17739.190000000002
2015-03-03 13:00:00,0,16.7,41.0,0.0,17604.505000000005
2015-03-03 14:00:00,0,16.7,52.0,4.111111111111112,17680.13
2015-03-03 15:00:00,0,15.0,60.0,4.111111111111112,17678.51
2015-03-03 16:00:00,0,15.6,51.0,4.111111111111112,17475.359999999997
2015-03-03 17:00:00,0,16.1,46.0,2.055555555555556,16829.649999999998
2015-03-03 18:00:00,0,16.1,44.0,2.5833333333333335,16253.902499999997
2015-03-03 19:00:00,0,15.0,49.0,3.083333333333333,15968.902500000002
2015-03-03 20:00:00,0,15.0,48.0,2.5833333333333335,15592.647500000003
2015-03-03 21:00:00,0,12.8,64.0,0.0,15134.832499999999
2015-03-03 22:00:00,0,13.3,60.0,2.055555555555556,14351.23
2015-03-03 23:00:00,0,11.7,71.0,0.0,13742.179999999998
2015-03-04 00:00:00,0,10.6,80.0,2.055555555555556,13542.399999999998
2015-03-04 01:00:00,0,10.6,77.0,1.5555555555555554,13436.779999999999
2015-03-04 02:00:00,0,9.4,83.0,1.5555555555555554,13656.370000000003
2015-03-04 03:00:00,0,8.9,86.0,1.5555555555555554,13790.149999999998
2015-03-04 04:00:00,0,8.9,83.0,2.5833333333333335,14141.84
2015-03-04 05:00:00,0,8.9,80.0,1.5555555555555554,14470.437500000007
2015-03-04 06:00:00,0,8.9,77.0,2.055555555555556,15358.425000000001
2015-03-04 07:00:00,0,10.0,71.0,2.055555555555556,15761.857500000004
2015-03-04 08:00:00,0,11.7,64.0,1.5555555555555554,16525.187499999996
2015-03-04 09:00:00,0,13.9,51.0,2.055555555555556,17296.944999999996
2015-03-04 10:00:00,0,15.6,46.0,3.083333333333333,17654.7025
2015-03-04 11:00:00,0,16.7,41.0,0.0,17680.5425
2015-03-04 12:00:00,0,18.3,32.0,2.055555555555556,17657.907499999998
2015-03-04 13:00:00,0,20.0,22.0,4.638888888888888,17577.75
2015-03-04 14:00:00,0,20.0,21.0,2.5833333333333335,17530.387500000004
2015-03-04 15:00:00,0,21.0,27.0,6.694444444444445,17496.260000000002
2015-03-04 16:00:00,0,20.0,23.0,3.083333333333333,17210.63
2015-03-04 17:00:00,0,19.4,28.0,4.111111111111112,16555.600000000002
2015-03-04 18:00:00,0,18.9,30.0,4.638888888888888,15943.339999999998
2015-03-04 19:00:00,0,17.8,33.0,4.638888888888888,15745.53
2015-03-04 20:00:00,0,17.2,33.0,5.666666666666666,15312.139999999998
2015-03-04 21:00:00,0,15.6,36.0,4.111111111111112,15005.3675
2015-03-04 22:00:00,0,15.6,38.0,1.5555555555555554,14250.84
2015-03-04 23:00:00,0,13.3,51.0,0.0,13702.240000000002
2015-03-05 00:00:00,0,12.8,51.0,0.0,13497.250000000002
2015-03-05 01:00:00,0,11.7,57.0,1.5555555555555554,13440.050000000003
2015-03-05 02:00:00,0,10.6,63.0,0.0,13722.710000000001
2015-03-05 03:00:00,0,10.0,63.0,0.0,13757.980000000001
2015-03-05 04:00:00,0,10.0,50.0,0.0,14133.460000000003
2015-03-05 05:00:00,0,8.9,56.0,0.0,14512.714999999998
2015-03-05 06:00:00,0,7.8,68.0,0.0,15306.4025
2015-03-05 07:00:00,0,11.1,50.0,0.0,15820.157500000005
2015-03-05 08:00:00,0,14.4,22.0,6.166666666666666,16521.857500000002
2015-03-05 09:00:00,0,16.1,17.0,5.138888888888888,17280.747499999998
2015-03-05 10:00:00,0,18.3,15.0,4.111111111111112,17653.5725
2015-03-05 11:00:00,0,19.4,14.0,5.138888888888888,17811.870000000003
2015-03-05 12:00:00,0,20.6,13.0,3.611111111111111,17686.27
2015-03-05 13:00:00,0,22.2,11.0,1.5555555555555554,17753.250000000007
2015-03-05 14:00:00,0,22.2,10.0,3.611111111111111,17830.520000000004
2015-03-05 15:00:00,0,22.8,9.0,3.083333333333333,17719.95
2015-03-05 16:00:00,0,23.3,9.0,0.0,17337.47
2015-03-05 17:00:00,0,22.8,10.0,0.0,16523.949999999997
2015-03-05 18:00:00,0,22.8,10.0,0.0,15886.0
2015-03-05 19:00:00,0,18.9,27.0,1.5555555555555554,15710.100000000004
2015-03-05 20:00:00,0,18.9,18.0,2.055555555555556,15205.94
2015-03-05 21:00:00,0,16.7,26.0,0.0,14697.91
2015-03-05 22:00:00,0,15.0,36.0,2.5833333333333335,13847.37
2015-03-05 23:00:00,0,16.1,29.0,4.111111111111112,13595.96
2015-03-06 00:00:00,0,16.1,21.0,3.611111111111111,13405.177499999998
2015-03-06 01:00:00,0,14.4,30.0,1.5555555555555554,13236.8575
2015-03-06 02:00:00,0,12.2,40.0,2.055555555555556,13491.7075
2015-03-06 03:00:00,0,11.1,41.0,0.0,13616.310000000001
2015-03-06 04:00:00,0,12.2,33.0,1.5555555555555554,13842.2875
2015-03-06 05:00:00,0,12.2,31.0,3.083333333333333,14356.382499999998
2015-03-06 06:00:00,0,13.9,23.0,4.638888888888888,14951.360000000006
2015-03-06 07:00:00,0,15.6,20.0,7.722222222222222,15450.717499999999
2015-03-06 08:00:00,0,16.7,21.0,5.138888888888888,16052.387499999997
2015-03-06 09:00:00,0,19.4,16.0,7.722222222222222,16643.17
2015-03-06 10:00:00,0,22.2,12.0,10.805555555555555,16945.375
2015-03-06 11:00:00,0,23.9,10.0,8.222222222222223,17119.43
2015-03-06 12:00:00,0,25.0,10.0,7.722222222222222,17188.429999999997
2015-03-06 13:00:00,0,26.1,9.0,7.194444444444444,17133.579999999994
2015-03-06 14:00:00,0,27.2,8.0,6.694444444444445,17160.54
2015-03-06 15:00:00,0,28.3,6.0,5.666666666666666,16959.480000000003
2015-03-06 16:00:00,0,27.8,6.0,5.666666666666666,16578.429999999997
2015-03-06 17:00:00,0,26.7,7.0,4.111111111111112,15827.850000000002
2015-03-06 18:00:00,0,24.4,10.0,2.5833333333333335,15213.529999999999
2015-03-06 19:00:00,0,21.7,17.0,2.5833333333333335,14874.270000000002
2015-03-06 20:00:00,0,22.8,12.0,3.611111111111111,14530.269999999997
2015-03-06 21:00:00,0,20.6,14.0,4.638888888888888,14273.61
2015-03-06 22:00:00,0,18.9,18.0,3.083333333333333,13591.32
2015-03-06 23:00:00,0,17.8,20.0,2.055555555555556,13117.460000000001
2015-03-07 00:00:00,1,15.0,33.0,0.0,12943.490000000003
2015-03-07 01:00:00,1,13.9,37.0,2.055555555555556,12860.67
2015-03-07 02:00:00,1,13.9,37.0,1.5555555555555554,12832.949999999999
2015-03-07 03:00:00,1,13.3,40.0,0.0,12756.010000000004
2015-03-07 04:00:00,1,13.9,34.0,0.0,13043.570000000002
2015-03-07 05:00:00,1,16.1,24.0,4.111111111111112,13230.609999999997
2015-03-07 06:00:00,1,16.1,24.0,3.611111111111111,13531.649999999998
2015-03-07 07:00:00,1,17.8,21.0,5.138888888888888,13514.05
2015-03-07 08:00:00,1,20.6,18.0,6.166666666666666,13636.520000000002
2015-03-07 09:00:00,1,22.2,16.0,6.166666666666666,13744.289999999999
2015-03-07 10:00:00,1,23.3,15.0,3.083333333333333,14037.739999999996
2015-03-07 11:00:00,1,25.0,15.0,4.638888888888888,14145.999999999996
2015-03-07 12:00:00,1,26.7,14.0,1.5555555555555554,14114.200000000003
2015-03-07 13:00:00,1,26.7,14.0,2.055555555555556,14051.289999999999
2015-03-07 14:00:00,1,26.7,14.0,3.083333333333333,14055.68
2015-03-07 15:00:00,1,27.2,14.0,1.5555555555555554,13997.46
2015-03-07 16:00:00,1,27.2,14.0,1.5555555555555554,13863.44
2015-03-07 17:00:00,1,27.2,14.0,0.0,13734.55
2015-03-07 18:00:00,1,26.7,15.0,3.611111111111111,13661.050000000003
2015-03-07 19:00:00,1,22.8,25.0,2.5833333333333335,13825.410000000002
2015-03-07 20:00:00,1,21.7,26.0,0.0,13436.510000000002
2015-03-07 21:00:00,1,21.7,24.0,2.5833333333333335,13097.87
2015-03-07 22:00:00,1,21.1,27.0,0.0,12837.179999999997
2015-03-07 23:00:00,1,18.3,36.0,2.5833333333333335,12714.140000000003
2015-03-08 00:00:00,1,18.3,32.0,2.055555555555556,12697.96
2015-03-08 01:00:00,1,16.7,41.0,2.055555555555556,12606.070000000002
2015-03-08 02:00:00,1,16.1,42.0,0.0,12628.530000000004
2015-03-08 03:00:00,1,16.1,44.0,0.0,12704.83
2015-03-08 04:00:00,1,15.0,48.0,0.0,12996.310000000005
2015-03-08 05:00:00,1,13.9,55.0,0.0,13043.64
2015-03-08 06:00:00,1,13.3,57.0,2.055555555555556,13209.420000000006
2015-03-08 07:00:00,1,16.1,42.0,4.638888888888888,13033.649999999998
2015-03-08 08:00:00,1,18.3,37.0,3.083333333333333,13152.890000000001
2015-03-08 09:00:00,1,21.1,28.0,3.083333333333333,13261.119999999997
2015-03-08 10:00:00,1,22.8,28.0,0.0,13487.34
2015-03-08 11:00:00,1,23.9,24.0,1.5555555555555554,13568.880000000001
2015-03-08 12:00:00,1,26.7,20.0,1.5555555555555554,13649.32
2015-03-08 13:00:00,1,26.7,15.0,2.5833333333333335,13708.719999999998
2015-03-08 14:00:00,1,27.8,13.0,3.611111111111111,13711.959999999997
2015-03-08 15:00:00,1,27.8,12.0,4.111111111111112,13695.83
2015-03-08 16:00:00,1,27.2,13.0,5.138888888888888,13643.54
2015-03-08 17:00:00,1,26.7,14.0,6.166666666666666,13349.029999999995
2015-03-08 18:00:00,1,25.6,17.0,4.638888888888888,13232.409999999998
2015-03-08 19:00:00,1,22.2,24.0,2.055555555555556,13322.46
2015-03-08 20:00:00,1,21.7,26.0,0.0,13129.769999999997
2015-03-08 21:00:00,1,21.7,24.0,0.0,12928.960000000001
2015-03-08 22:00:00,1,18.9,32.0,2.5833333333333335,12793.02
2015-03-08 23:00:00,1,17.8,35.0,1.5555555555555554,12684.569999999998
2015-03-09 00:00:00,0,17.2,38.0,2.5833333333333335,12637.28
2015-03-09 01:00:00,0,16.1,44.0,2.5833333333333335,12662.699999999997
2015-03-09 02:00:00,0,15.6,44.0,2.5833333333333335,12961.92
2015-03-09 03:00:00,0,15.0,44.0,2.055555555555556,13114.820000000002
2015-03-09 04:00:00,0,13.9,49.0,2.055555555555556,13521.819999999998
2015-03-09 05:00:00,0,13.9,45.0,3.083333333333333,13978.059999999998
2015-03-09 06:00:00,0,13.9,44.0,2.5833333333333335,14355.089999999998
2015-03-09 07:00:00,0,15.0,46.0,3.083333333333333,14566.979999999998
2015-03-09 08:00:00,0,17.8,33.0,4.111111111111112,15203.350000000002
2015-03-09 09:00:00,0,20.0,27.0,2.5833333333333335,15694.910000000002
2015-03-09 10:00:00,0,21.7,24.0,0.0,14757.34
2015-03-09 11:00:00,0,24.4,19.0,2.055555555555556,16354.229999999994
2015-03-09 12:00:00,0,25.6,17.0,2.055555555555556,16358.759999999997
2015-03-09 13:00:00,0,27.2,14.0,2.5833333333333335,16274.400000000003
2015-03-09 14:00:00,0,27.8,14.0,2.055555555555556,16375.990000000002
2015-03-09 15:00:00,0,27.8,12.0,2.055555555555556,16373.409999999998
2015-03-09 16:00:00,0,28.3,12.0,4.111111111111112,16081.95
2015-03-09 17:00:00,0,27.0,15.0,4.638888888888888,15538.140000000001
2015-03-09 18:00:00,0,27.0,15.0,4.111111111111112,14867.070000000003
2015-03-09 19:00:00,0,24.4,20.0,0.0,14642.200000000003
2015-03-09 20:00:00,0,22.8,24.0,0.0,14310.729999999998
2015-03-09 21:00:00,0,21.7,28.0,0.0,13979.250000000002
2015-03-09 22:00:00,0,22.2,23.0,2.5833333333333335,13417.8
2015-03-09 23:00:00,0,19.4,31.0,2.5833333333333335,13005.859999999999
2015-03-10 00:00:00,0,18.3,32.0,2.055555555555556,13022.780000000002
2015-03-10 01:00:00,0,17.8,35.0,3.611111111111111,12859.079999999998
2015-03-10 02:00:00,0,17.8,34.0,2.055555555555556,13054.86
2015-03-10 03:00:00,0,16.1,36.0,2.5833333333333335,13122.050000000001
2015-03-10 04:00:00,0,16.1,36.0,1.5555555555555554,13337.050000000005
2015-03-10 05:00:00,0,15.0,39.0,0.0,13804.54
2015-03-10 06:00:00,0,15.0,33.0,3.611111111111111,14390.989999999998
2015-03-10 07:00:00,0,16.1,30.0,2.5833333333333335,14600.509999999997
2015-03-10 08:00:00,0,18.9,28.0,2.5833333333333335,15227.200000000006
2015-03-10 09:00:00,0,22.8,19.0,4.638888888888888,15860.139999999998
2015-03-10 10:00:00,0,23.9,16.0,3.611111111111111,16265.850000000002
2015-03-10 11:00:00,0,26.1,12.0,2.055555555555556,16451.359999999997
2015-03-10 12:00:00,0,27.2,11.0,2.055555555555556,16578.6
2015-03-10 13:00:00,0,27.8,10.0,1.5555555555555554,16641.34
2015-03-10 14:00:00,0,29.0,8.0,1.5555555555555554,16689.14
2015-03-10 15:00:00,0,29.4,8.0,1.5555555555555554,15939.969999999998
2015-03-10 16:00:00,0,28.9,8.0,2.055555555555556,16214.619999999999
2015-03-10 17:00:00,0,28.0,9.0,3.083333333333333,15706.480000000001
2015-03-10 18:00:00,0,26.7,10.0,2.5833333333333335,15003.28
2015-03-10 19:00:00,0,24.4,15.0,2.5833333333333335,14731.300000000001
2015-03-10 20:00:00,0,25.0,13.0,2.055555555555556,14359.489999999996
2015-03-10 21:00:00,0,22.0,19.0,0.0,13251.8425
2015-03-10 22:00:00,0,22.2,18.0,2.055555555555556,13429.919999999995
2015-03-10 23:00:00,0,20.0,25.0,3.611111111111111,13114.269999999997
2015-03-11 00:00:00,0,18.3,27.0,2.5833333333333335,12947.479999999996
2015-03-11 01:00:00,0,17.2,29.0,2.055555555555556,12813.170000000002
2015-03-11 02:00:00,0,16.1,32.0,2.055555555555556,13098.929999999998
2015-03-11 03:00:00,0,16.1,32.0,1.5555555555555554,13118.500000000002
2015-03-11 04:00:00,0,16.1,31.0,3.083333333333333,13296.679999999998
2015-03-11 05:00:00,0,16.1,32.0,3.611111111111111,13851.87
2015-03-11 06:00:00,0,16.1,30.0,4.111111111111112,14474.220000000003
2015-03-11 07:00:00,0,16.7,31.0,4.111111111111112,14636.15
2015-03-11 08:00:00,0,20.0,23.0,4.111111111111112,15208.669999999998
2015-03-11 09:00:00,0,22.2,19.0,4.111111111111112,15796.309999999994
2015-03-11 10:00:00,0,24.4,17.0,2.055555555555556,16151.8
2015-03-11 11:00:00,0,25.6,14.0,1.5555555555555554,16242.630000000001
2015-03-11 12:00:00,0,27.2,12.0,2.055555555555556,16243.400000000003
2015-03-11 13:00:00,0,28.3,12.0,0.0,16305.5375
2015-03-11 14:00:00,0,28.9,11.0,0.0,16334.687500000004
2015-03-11 15:00:00,0,30.0,10.0,2.055555555555556,16460.4375
2015-03-11 16:00:00,0,29.4,10.0,2.055555555555556,16193.695
2015-03-11 17:00:00,0,28.9,10.0,3.083333333333333,15587.26
2015-03-11 18:00:00,0,28.9,10.0,2.5833333333333335,14836.670000000002
2015-03-11 19:00:00,0,28.3,12.0,2.055555555555556,14670.250000000002
2015-03-11 20:00:00,0,27.8,12.0,0.0,14358.200000000004
2015-03-11 21:00:00,0,24.4,19.0,2.5833333333333335,14049.91
2015-03-11 22:00:00,0,23.3,21.0,2.5833333333333335,13471.410000000003
2015-03-11 23:00:00,0,22.8,21.0,1.5555555555555554,13026.510000000002
2015-03-12 00:00:00,0,23.3,21.0,0.0,12947.539999999999
2015-03-12 01:00:00,0,21.7,30.0,4.111111111111112,12802.409999999998
2015-03-12 02:00:00,0,20.6,27.0,2.055555555555556,12935.609999999999
2015-03-12 03:00:00,0,20.6,29.0,2.055555555555556,12923.200000000003
2015-03-12 04:00:00,0,21.7,25.0,4.111111111111112,13142.75
2015-03-12 05:00:00,0,21.1,26.0,1.5555555555555554,13526.139999999998
2015-03-12 06:00:00,0,21.7,24.0,1.5555555555555554,14164.880000000005
2015-03-12 07:00:00,0,22.8,22.0,4.638888888888888,14304.08
2015-03-12 08:00:00,0,23.3,22.0,3.611111111111111,14929.479999999998
2015-03-12 09:00:00,0,25.6,17.0,4.638888888888888,15503.1
2015-03-12 10:00:00,0,26.1,18.0,3.611111111111111,15928.579999999996
2015-03-12 11:00:00,0,28.3,16.0,3.083333333333333,16325.459999999997
2015-03-12 12:00:00,0,27.8,15.0,3.083333333333333,16289.189999999995
2015-03-12 13:00:00,0,28.3,14.0,0.0,16362.600000000004
2015-03-12 14:00:00,0,28.9,13.0,3.083333333333333,16496.34
2015-03-12 15:00:00,0,28.3,14.0,2.5833333333333335,16315.760000000002
2015-03-12 16:00:00,0,27.5,16.5,8.48611111111111,16012.929999999998
2015-03-12 17:00:00,0,26.7,18.0,7.194444444444444,15455.329999999998
2015-03-12 18:00:00,0,25.6,20.0,7.722222222222222,14774.260000000002
2015-03-12 19:00:00,0,25.6,20.0,5.666666666666666,14616.310000000001
2015-03-12 20:00:00,0,24.4,24.0,6.166666666666666,14314.640000000003
2015-03-12 21:00:00,0,23.9,24.0,4.638888888888888,14051.249999999996
2015-03-12 22:00:00,0,21.7,30.0,0.0,13501.75
2015-03-12 23:00:00,0,21.7,30.0,1.5555555555555554,13032.489999999998
2015-03-13 00:00:00,0,18.9,38.0,2.055555555555556,12898.140000000001
2015-03-13 01:00:00,0,18.3,40.0,1.5555555555555554,12844.559999999996
2015-03-13 02:00:00,0,17.2,43.0,2.055555555555556,12876.980000000001
2015-03-13 03:00:00,0,16.7,44.0,1.5555555555555554,13027.34
2015-03-13 04:00:00,0,16.1,46.0,2.055555555555556,13129.769999999999
2015-03-13 05:00:00,0,16.7,44.0,1.5555555555555554,13546.309999999998
2015-03-13 06:00:00,0,16.7,44.0,0.0,14169.949999999995
2015-03-13 07:00:00,0,18.3,45.0,0.0,14444.62
2015-03-13 08:00:00,0,20.6,35.0,1.5555555555555554,15084.099999999995
2015-03-13 09:00:00,0,24.4,25.0,4.638888888888888,15771.070000000002
2015-03-13 10:00:00,0,26.1,22.0,5.666666666666666,16093.750000000002
2015-03-13 11:00:00,0,27.8,18.0,4.638888888888888,16311.392499999998
2015-03-13 12:00:00,0,28.9,15.0,3.611111111111111,16277.160000000002
2015-03-13 13:00:00,0,28.9,15.0,1.5555555555555554,16341.99
2015-03-13 14:00:00,0,30.0,14.0,2.5833333333333335,16345.069999999996
2015-03-13 15:00:00,0,31.1,12.0,5.138888888888888,16253.140000000001
2015-03-13 16:00:00,0,31.1,12.0,2.5833333333333335,16031.519999999999
2015-03-13 17:00:00,0,30.0,13.0,2.5833333333333335,15374.63
2015-03-13 18:00:00,0,28.9,14.0,2.5833333333333335,14694.019999999995
2015-03-13 19:00:00,0,26.7,21.0,7.194444444444444,14420.7
2015-03-13 20:00:00,0,25.6,23.0,5.138888888888888,14155.999999999998
2015-03-13 21:00:00,0,25.6,22.0,2.5833333333333335,14006.870000000003
2015-03-13 22:00:00,0,25.0,23.0,4.638888888888888,13456.01
2015-03-13 23:00:00,0,23.9,24.0,5.138888888888888,13090.26
2015-03-14 00:00:00,1,22.8,26.0,3.083333333333333,12759.53
2015-03-14 01:00:00,1,22.2,27.0,0.0,12680.010000000002
2015-03-14 02:00:00,1,19.4,34.0,2.055555555555556,12619.289999999997
2015-03-14 03:00:00,1,20.0,33.0,2.5833333333333335,12521.66
2015-03-14 04:00:00,1,20.6,31.0,4.638888888888888,12718.579999999998
2015-03-14 05:00:00,1,18.9,34.0,0.0,12861.38
2015-03-14 06:00:00,1,17.8,40.0,0.0,13048.35
2015-03-14 07:00:00,1,20.6,32.0,1.5555555555555554,12980.799999999997
2015-03-14 08:00:00,1,23.3,25.0,2.5833333333333335,13196.940000000002
2015-03-14 09:00:00,1,25.6,19.0,6.166666666666666,13419.649999999998
2015-03-14 10:00:00,1,27.2,17.0,7.722222222222222,13694.000000000002
2015-03-14 11:00:00,1,28.9,15.0,5.138888888888888,13805.27
2015-03-14 12:00:00,1,28.9,14.0,3.083333333333333,13932.999999999998
2015-03-14 13:00:00,1,30.0,13.0,2.5833333333333335,13885.490000000003
2015-03-14 14:00:00,1,30.0,13.0,0.0,13823.18
2015-03-14 15:00:00,1,30.0,13.0,1.5555555555555554,13826.46
2015-03-14 16:00:00,1,30.6,13.0,4.638888888888888,13777.950000000003
2015-03-14 17:00:00,1,30.0,13.0,3.083333333333333,13270.820000000007
2015-03-14 18:00:00,1,29.4,14.0,0.0,13434.84
2015-03-14 19:00:00,1,26.1,19.0,2.5833333333333335,13620.259999999997
2015-03-14 20:00:00,1,25.6,20.0,1.5555555555555554,13396.09
2015-03-14 21:00:00,1,25.0,21.0,0.0,13082.000000000002
2015-03-14 22:00:00,1,22.8,29.0,2.5833333333333335,12849.24
2015-03-14 23:00:00,1,21.7,30.0,3.083333333333333,12684.009999999998
2015-03-15 00:00:00,1,22.2,24.0,3.611111111111111,12608.967500000002
2015-03-15 01:00:00,1,22.2,21.0,4.111111111111112,12585.520000000002
2015-03-15 02:00:00,1,20.0,27.0,3.611111111111111,12503.540000000003
2015-03-15 03:00:00,1,18.9,32.0,3.083333333333333,12591.68
2015-03-15 04:00:00,1,18.3,33.0,5.138888888888888,12714.780000000004
2015-03-15 05:00:00,1,17.8,33.0,3.611111111111111,12800.1
2015-03-15 06:00:00,1,17.2,33.0,3.083333333333333,12936.890000000001
2015-03-15 07:00:00,1,19.4,28.0,2.055555555555556,12858.019999999997
2015-03-15 08:00:00,1,22.8,22.0,3.611111111111111,13087.050000000003
2015-03-15 09:00:00,1,25.0,18.0,5.138888888888888,13343.42
2015-03-15 10:00:00,1,26.1,16.0,2.5833333333333335,13563.369999999997
2015-03-15 11:00:00,1,27.8,13.0,2.055555555555556,13661.440000000002
2015-03-15 12:00:00,1,28.9,12.0,5.666666666666666,13822.59
2015-03-15 13:00:00,1,30.0,10.0,8.222222222222223,13916.619999999999
2015-03-15 14:00:00,1,31.1,9.0,5.666666666666666,13959.689999999999
2015-03-15 15:00:00,1,31.1,9.0,6.166666666666666,13969.360000000002
2015-03-15 16:00:00,1,31.1,9.0,3.611111111111111,13773.189999999999
2015-03-15 17:00:00,1,30.0,9.0,5.138888888888888,13536.820000000003
2015-03-15 18:00:00,1,28.3,11.0,1.5555555555555554,13460.070000000002
2015-03-15 19:00:00,1,27.2,12.0,1.5555555555555554,13527.830000000002
2015-03-15 20:00:00,1,26.1,13.0,3.083333333333333,13271.499999999998
2015-03-15 21:00:00,1,23.9,16.0,3.611111111111111,13146.23
2015-03-15 22:00:00,1,23.3,16.0,3.083333333333333,12926.44
2015-03-15 23:00:00,1,23.3,16.0,4.111111111111112,12798.009999999995
2015-03-16 00:00:00,0,22.2,17.0,2.5833333333333335,12650.75
2015-03-16 01:00:00,0,20.0,23.0,1.5555555555555554,12528.369999999999
2015-03-16 02:00:00,0,19.4,23.0,3.083333333333333,12845.03
2015-03-16 03:00:00,0,19.4,22.0,1.5555555555555554,13011.090000000002
2015-03-16 04:00:00,0,20.6,18.0,5.138888888888888,13368.930000000004
2015-03-16 05:00:00,0,19.4,21.0,4.638888888888888,13681.83
2015-03-16 06:00:00,0,18.9,22.0,3.611111111111111,14099.75
2015-03-16 07:00:00,0,20.6,22.0,2.5833333333333335,14447.21
2015-03-16 08:00:00,0,23.9,16.0,4.111111111111112,15480.79
2015-03-16 09:00:00,0,26.7,13.0,4.111111111111112,16579.109999999997
2015-03-16 10:00:00,0,27.8,13.0,4.638888888888888,17192.539999999997
2015-03-16 11:00:00,0,28.3,14.0,4.638888888888888,17429.32
2015-03-16 12:00:00,0,29.4,14.0,4.111111111111112,17645.04
2015-03-16 13:00:00,0,30.6,15.0,4.638888888888888,17710.377500000002
2015-03-16 14:00:00,0,31.1,14.0,1.5555555555555554,17851.415000000005
2015-03-16 15:00:00,0,31.7,14.0,2.5833333333333335,17698.802499999998
2015-03-16 16:00:00,0,31.7,14.0,2.5833333333333335,17490.202500000007
2015-03-16 17:00:00,0,31.1,15.0,2.055555555555556,16808.740000000005
2015-03-16 18:00:00,0,30.0,16.0,0.0,16063.920000000002
2015-03-16 19:00:00,0,29.4,16.0,3.083333333333333,15639.87
2015-03-16 20:00:00,0,25.6,23.0,2.055555555555556,15085.01
2015-03-16 21:00:00,0,24.4,24.0,2.055555555555556,14599.750000000004
2015-03-16 22:00:00,0,23.3,28.0,1.5555555555555554,13797.439999999999
2015-03-16 23:00:00,0,22.2,29.0,1.5555555555555554,13368.06
2015-03-17 00:00:00,0,21.7,34.0,1.5555555555555554,13118.119999999999
2015-03-17 01:00:00,0,20.6,36.0,2.055555555555556,12949.9
2015-03-17 02:00:00,0,20.0,37.0,1.5555555555555554,13081.900000000001
2015-03-17 03:00:00,0,20.0,35.0,1.5555555555555554,13057.439999999997
2015-03-17 04:00:00,0,19.4,37.0,0.0,13107.11
2015-03-17 05:00:00,0,18.9,38.0,2.055555555555556,13610.859999999999
2015-03-17 06:00:00,0,18.3,40.0,0.0,14294.580000000004
2015-03-17 07:00:00,0,21.1,35.0,3.083333333333333,14627.410000000002
2015-03-17 08:00:00,0,24.4,30.0,4.111111111111112,15736.729999999996
2015-03-17 09:00:00,0,26.1,30.0,4.111111111111112,16784.700000000004
2015-03-17 10:00:00,0,27.2,25.0,3.611111111111111,17624.970000000005
2015-03-17 11:00:00,0,28.9,23.0,3.611111111111111,17466.4575
2015-03-17 12:00:00,0,30.0,20.0,2.5833333333333335,17686.645
2015-03-17 13:00:00,0,31.7,19.0,2.5833333333333335,17876.960000000003
2015-03-17 14:00:00,0,31.7,14.0,4.638888888888888,18103.274999999998
2015-03-17 15:00:00,0,31.7,12.0,6.166666666666666,18126.07
2015-03-17 16:00:00,0,31.7,12.0,7.194444444444444,17785.072500000002
2015-03-17 17:00:00,0,30.6,13.0,6.166666666666666,16940.429999999997
2015-03-17 18:00:00,0,30.0,13.0,5.666666666666666,16050.550000000003
2015-03-17 19:00:00,0,27.8,16.0,2.5833333333333335,15656.460000000003
2015-03-17 20:00:00,0,27.8,14.0,4.111111111111112,15058.399999999998
2015-03-17 21:00:00,0,27.2,21.0,4.638888888888888,14543.32
2015-03-17 22:00:00,0,26.7,24.0,4.111111111111112,13792.800000000003
2015-03-17 23:00:00,0,26.1,26.0,7.194444444444444,13415.5
2015-03-18 00:00:00,0,25.0,28.0,7.194444444444444,13209.510000000002
2015-03-18 01:00:00,0,23.3,29.0,1.5555555555555554,12992.05
2015-03-18 02:00:00,0,22.8,30.0,0.0,13080.359999999999
2015-03-18 03:00:00,0,23.3,28.0,2.5833333333333335,13013.75
2015-03-18 04:00:00,0,22.8,33.0,4.111111111111112,13163.820000000002
2015-03-18 05:00:00,0,22.2,37.0,3.083333333333333,13654.069999999996
2015-03-18 06:00:00,0,22.2,37.0,2.5833333333333335,14183.940000000002
2015-03-18 07:00:00,0,22.2,37.0,1.5555555555555554,14530.660000000003
2015-03-18 08:00:00,0,22.8,37.0,2.055555555555556,15439.390000000001
2015-03-18 09:00:00,0,23.9,33.0,3.611111111111111,16342.020000000002
2015-03-18 10:00:00,0,25.6,28.0,3.611111111111111,16919.270000000004
2015-03-18 11:00:00,0,26.1,27.0,2.055555555555556,17359.260000000002
2015-03-18 12:00:00,0,26.7,26.0,2.5833333333333335,17551.239999999998
2015-03-18 13:00:00,0,27.2,26.0,3.611111111111111,17424.317499999997
2015-03-18 14:00:00,0,22.8,42.0,7.722222222222222,17496.49
2015-03-18 15:00:00,0,22.8,44.0,7.194444444444444,17414.46
2015-03-18 16:00:00,0,21.1,57.0,3.611111111111111,17104.400000000005
2015-03-18 17:00:00,0,18.3,70.0,5.666666666666666,16455.8
2015-03-18 18:00:00,0,17.2,72.0,5.138888888888888,15875.97
2015-03-18 19:00:00,0,18.3,61.0,4.638888888888888,15593.819999999996
2015-03-18 20:00:00,0,17.2,81.0,4.638888888888888,15143.85
2015-03-18 21:00:00,0,17.2,78.0,4.111111111111112,14728.96
2015-03-18 22:00:00,0,16.7,84.0,2.055555555555556,13905.660000000002
2015-03-18 23:00:00,0,16.7,80.0,3.083333333333333,13522.609999999999
2015-03-19 00:00:00,0,16.7,80.0,1.5555555555555554,13287.76
2015-03-19 01:00:00,0,17.2,78.0,0.0,13173.940000000002
2015-03-19 02:00:00,0,16.7,84.0,2.5833333333333335,13314.090000000002
2015-03-19 03:00:00,0,16.1,87.0,1.8055555555555556,13305.679999999995
2015-03-19 04:00:00,0,16.1,83.0,4.111111111111112,13549.900000000001
2015-03-19 05:00:00,0,15.6,90.0,2.5833333333333335,13943.199999999997
2015-03-19 06:00:00,0,15.6,86.0,4.111111111111112,14553.329999999998
2015-03-19 07:00:00,0,16.1,81.0,3.083333333333333,14877.179999999998
2015-03-19 08:00:00,0,16.7,72.0,2.5833333333333335,15822.040000000003
2015-03-19 09:00:00,0,17.2,70.0,1.5555555555555554,16672.660000000003
2015-03-19 10:00:00,0,17.8,67.0,4.638888888888888,17182.640000000003
2015-03-19 11:00:00,0,17.8,67.0,4.638888888888888,17541.620000000006
2015-03-19 12:00:00,0,18.3,61.0,3.611111111111111,17631.452500000003
2015-03-19 13:00:00,0,19.4,54.0,4.638888888888888,17531.5125
2015-03-19 14:00:00,0,18.9,56.0,4.111111111111112,17407.6375
2015-03-19 15:00:00,0,20.6,49.0,3.611111111111111,17541.725000000002
2015-03-19 16:00:00,0,20.6,45.0,4.111111111111112,17310.497499999998
2015-03-19 17:00:00,0,20.6,47.0,2.055555555555556,16508.14
2015-03-19 18:00:00,0,20.0,47.0,2.055555555555556,15861.49
2015-03-19 19:00:00,0,18.9,54.0,1.5555555555555554,15629.679999999998
2015-03-19 20:00:00,0,18.9,56.0,0.0,15202.960000000001
2015-03-19 21:00:00,0,18.9,54.0,3.083333333333333,14712.380000000001
2015-03-19 22:00:00,0,17.8,63.0,2.055555555555556,13859.249999999995
2015-03-19 23:00:00,0,17.8,67.0,3.083333333333333,13474.94
2015-03-20 00:00:00,0,17.2,70.0,2.5833333333333335,13229.099999999999
2015-03-20 01:00:00,0,16.7,72.0,4.111111111111112,13154.350000000002
2015-03-20 02:00:00,0,16.0,77.0,2.5833333333333335,13293.74
2015-03-20 03:00:00,0,16.7,72.0,1.5555555555555554,13295.020000000002
2015-03-20 04:00:00,0,16.7,70.0,1.5555555555555554,13398.610000000002
2015-03-20 05:00:00,0,16.1,75.0,0.0,13923.220000000003
2015-03-20 06:00:00,0,16.7,72.0,0.0,14463.830000000002
2015-03-20 07:00:00,0,17.2,70.0,2.055555555555556,14813.630000000001
2015-03-20 08:00:00,0,18.3,65.0,1.5555555555555554,15692.6
2015-03-20 09:00:00,0,20.0,56.0,1.5555555555555554,16499.81
2015-03-20 10:00:00,0,21.7,49.0,2.5833333333333335,17006.949999999993
2015-03-20 11:00:00,0,23.9,40.0,1.5555555555555554,17231.739999999998
2015-03-20 12:00:00,0,23.9,38.0,1.5555555555555554,17292.260000000002
2015-03-20 13:00:00,0,25.6,33.0,3.083333333333333,17251.120000000003
2015-03-20 14:00:00,0,26.7,31.0,2.5833333333333335,17205.47
2015-03-20 15:00:00,0,26.1,31.0,2.5833333333333335,16994.829999999998
2015-03-20 16:00:00,0,26.7,31.0,3.083333333333333,16675.990000000005
2015-03-20 17:00:00,0,26.1,31.0,2.5833333333333335,15909.569999999996
2015-03-20 18:00:00,0,25.6,32.0,2.5833333333333335,15158.629999999996
2015-03-20 19:00:00,0,25.0,33.0,3.611111111111111,14953.759999999997
2015-03-20 20:00:00,0,23.3,31.0,7.208333333333333,14635.82
2015-03-20 21:00:00,0,23.3,29.0,3.083333333333333,14215.600000000002
2015-03-20 22:00:00,0,21.7,32.0,1.5555555555555554,13532.37
2015-03-20 23:00:00,0,22.2,31.0,3.083333333333333,13203.93
2015-03-21 00:00:00,1,20.0,42.0,2.5833333333333335,12989.09
2015-03-21 01:00:00,1,19.4,47.0,2.5833333333333335,12765.289999999999
2015-03-21 02:00:00,1,18.3,50.0,2.055555555555556,12714.49
2015-03-21 03:00:00,1,17.8,56.0,2.5833333333333335,12692.169999999996
2015-03-21 04:00:00,1,16.7,62.0,2.5833333333333335,12948.480000000003
2015-03-21 05:00:00,1,16.7,62.0,3.611111111111111,13156.639999999998
2015-03-21 06:00:00,1,15.6,67.0,2.5833333333333335,13531.659999999998
2015-03-21 07:00:00,1,18.3,56.0,2.5833333333333335,13612.719999999998
2015-03-21 08:00:00,1,21.1,44.0,5.666666666666666,13932.189999999999
2015-03-21 09:00:00,1,22.2,41.0,4.111111111111112,14222.459999999997
2015-03-21 10:00:00,1,24.4,35.0,2.055555555555556,14449.04
2015-03-21 11:00:00,1,25.0,31.0,0.0,14492.429999999997
2015-03-21 12:00:00,1,27.2,25.0,2.055555555555556,14591.66
2015-03-21 13:00:00,1,28.3,20.0,3.083333333333333,14568.860000000002
2015-03-21 14:00:00,1,28.3,17.0,3.611111111111111,14526.099999999999
2015-03-21 15:00:00,1,29.4,20.0,5.138888888888888,14519.900000000001
2015-03-21 16:00:00,1,28.9,19.0,5.138888888888888,14390.760000000004
2015-03-21 17:00:00,1,28.3,22.0,3.611111111111111,14076.419999999996
2015-03-21 18:00:00,1,27.2,23.0,3.083333333333333,13890.11
2015-03-21 19:00:00,1,25.6,27.0,1.5555555555555554,13953.320000000003
2015-03-21 20:00:00,1,25.0,28.0,0.0,13589.15
2015-03-21 21:00:00,1,24.4,27.0,2.055555555555556,13185.12
2015-03-21 22:00:00,1,23.3,33.0,2.5833333333333335,12936.56
2015-03-21 23:00:00,1,21.1,36.0,4.111111111111112,12802.679999999997
2015-03-22 00:00:00,1,20.0,45.0,3.083333333333333,12675.11
2015-03-22 01:00:00,1,18.9,50.0,3.083333333333333,12629.69
2015-03-22 02:00:00,1,18.3,50.0,3.083333333333333,12634.669999999998
2015-03-22 03:00:00,1,17.2,54.0,3.083333333333333,12754.449999999999
2015-03-22 04:00:00,1,16.7,56.0,3.083333333333333,12935.850000000002
2015-03-22 05:00:00,1,16.1,60.0,4.111111111111112,13003.41
2015-03-22 06:00:00,1,15.6,57.0,3.083333333333333,13207.640000000001
2015-03-22 07:00:00,1,18.3,43.0,4.111111111111112,13128.369999999999
2015-03-22 08:00:00,1,20.6,38.0,4.111111111111112,13277.790000000003
2015-03-22 09:00:00,1,22.8,33.0,3.083333333333333,13455.989999999998
2015-03-22 10:00:00,1,25.6,28.0,4.111111111111112,13673.069999999996
2015-03-22 11:00:00,1,27.8,22.0,3.083333333333333,13860.519999999999
2015-03-22 12:00:00,1,30.0,15.0,3.611111111111111,13999.070000000002
2015-03-22 13:00:00,1,29.4,14.0,2.055555555555556,14049.569999999998
2015-03-22 14:00:00,1,29.4,13.0,2.5833333333333335,14060.800000000001
2015-03-22 15:00:00,1,30.0,13.0,2.055555555555556,14026.140000000001
2015-03-22 16:00:00,1,30.6,12.0,1.5555555555555554,13993.870000000003
2015-03-22 17:00:00,1,29.4,13.0,2.055555555555556,13739.189999999999
2015-03-22 18:00:00,1,28.9,14.0,3.083333333333333,13579.63
2015-03-22 19:00:00,1,26.7,17.0,1.5555555555555554,13669.369999999999
2015-03-22 20:00:00,1,26.1,18.0,1.5555555555555554,13357.740000000002
2015-03-22 21:00:00,1,23.3,25.0,0.0,13174.899999999996
2015-03-22 22:00:00,1,23.9,23.0,0.0,12959.469999999998
2015-03-22 23:00:00,1,22.2,28.0,1.5555555555555554,12814.9
2015-03-23 00:00:00,0,21.1,32.0,3.083333333333333,12646.550000000001
2015-03-23 01:00:00,0,20.0,35.0,2.055555555555556,12581.84
2015-03-23 02:00:00,0,17.8,43.0,3.083333333333333,12849.309999999998
2015-03-23 03:00:00,0,17.8,41.0,4.111111111111112,13055.619999999999
2015-03-23 04:00:00,0,17.2,45.0,3.083333333333333,13457.89
2015-03-23 05:00:00,0,17.2,43.0,4.111111111111112,13953.879999999997
2015-03-23 06:00:00,0,16.7,44.0,3.083333333333333,14298.86
2015-03-23 07:00:00,0,18.3,40.0,3.611111111111111,14635.419999999998
2015-03-23 08:00:00,0,21.1,30.0,4.111111111111112,15662.4
2015-03-23 09:00:00,0,22.8,27.0,2.055555555555556,16727.75999999999
2015-03-23 10:00:00,0,24.4,23.0,0.0,17279.06
2015-03-23 11:00:00,0,26.1,19.0,0.0,17521.670000000002
2015-03-23 12:00:00,0,28.9,16.0,2.055555555555556,17683.68
2015-03-23 13:00:00,0,28.9,14.0,1.5555555555555554,17660.417499999996
2015-03-23 14:00:00,0,30.0,13.0,3.611111111111111,17739.777499999997
2015-03-23 15:00:00,0,29.4,13.0,2.5833333333333335,17851.855
2015-03-23 16:00:00,0,30.6,10.0,6.694444444444445,17584.347500000003
2015-03-23 17:00:00,0,28.9,12.0,5.666666666666666,16829.667499999996
2015-03-23 18:00:00,0,28.3,12.0,5.138888888888888,15989.925000000005
2015-03-23 19:00:00,0,27.8,13.0,3.611111111111111,15598.744999999999
2015-03-23 20:00:00,0,24.4,19.0,2.055555555555556,15141.169999999998
2015-03-23 21:00:00,0,23.3,21.0,0.0,14628.080000000005
2015-03-23 22:00:00,0,23.3,20.0,0.0,13795.34
2015-03-23 23:00:00,0,21.7,25.0,2.5833333333333335,13221.97
2015-03-24 00:00:00,0,19.4,32.0,2.5833333333333335,13058.269999999997
2015-03-24 01:00:00,0,18.3,33.0,2.055555555555556,12900.720000000001
2015-03-24 02:00:00,0,17.8,34.0,1.5555555555555554,13126.849999999999
2015-03-24 03:00:00,0,17.2,35.0,1.5555555555555554,13105.84
2015-03-24 04:00:00,0,16.1,36.0,2.055555555555556,13253.17
2015-03-24 05:00:00,0,15.6,33.0,3.611111111111111,13738.47
2015-03-24 06:00:00,0,15.6,36.0,2.055555555555556,14456.84
2015-03-24 07:00:00,0,18.0,32.0,2.5833333333333335,14839.509999999998
2015-03-24 08:00:00,0,20.0,24.0,3.611111111111111,15922.230000000001
2015-03-24 09:00:00,0,21.7,19.0,2.5833333333333335,16925.070000000003
2015-03-24 10:00:00,0,23.9,16.0,1.5555555555555554,17509.849999999995
2015-03-24 11:00:00,0,25.6,11.0,0.0,17676.11
2015-03-24 12:00:00,0,27.2,10.0,2.055555555555556,17860.65
2015-03-24 13:00:00,0,28.9,10.0,1.5555555555555554,17980.930000000004
2015-03-24 14:00:00,0,28.9,10.0,3.083333333333333,17997.89
2015-03-24 15:00:00,0,29.4,10.0,2.055555555555556,17896.7
2015-03-24 16:00:00,0,28.9,11.0,2.055555555555556,17635.71999999999
2015-03-24 17:00:00,0,28.9,11.0,3.083333333333333,16893.52
2015-03-24 18:00:00,0,27.8,13.0,4.638888888888888,16101.129999999997
2015-03-24 19:00:00,0,27.2,14.0,2.5833333333333335,15752.06
2015-03-24 20:00:00,0,26.1,15.0,0.0,15183.850000000002
2015-03-24 21:00:00,0,22.8,23.0,1.5555555555555554,14689.720000000003
2015-03-24 22:00:00,0,22.2,22.0,2.5833333333333335,13832.579999999996
2015-03-24 23:00:00,0,21.1,26.0,2.055555555555556,13320.02
2015-03-25 00:00:00,0,20.6,27.0,0.0,13007.590000000002
2015-03-25 01:00:00,0,19.4,28.0,3.611111111111111,12880.499999999998
2015-03-25 02:00:00,0,18.9,29.0,3.083333333333333,12997.109999999999
2015-03-25 03:00:00,0,17.8,33.0,0.0,13039.520000000002
2015-03-25 04:00:00,0,17.8,29.0,2.055555555555556,13246.180000000002
2015-03-25 05:00:00,0,17.2,30.0,1.5555555555555554,13683.230000000005
2015-03-25 06:00:00,0,17.2,33.0,3.083333333333333,14291.26
2015-03-25 07:00:00,0,18.3,31.0,2.5833333333333335,14767.900000000001
2015-03-25 08:00:00,0,20.6,26.0,3.083333333333333,15752.61
2015-03-25 09:00:00,0,22.8,24.0,3.083333333333333,16774.500000000004
2015-03-25 10:00:00,0,25.0,20.0,0.0,17451.35
2015-03-25 11:00:00,0,26.7,17.0,2.055555555555556,17679.100000000006
2015-03-25 12:00:00,0,27.8,14.0,2.055555555555556,17689.620000000003
2015-03-25 13:00:00,0,28.9,13.0,3.083333333333333,17830.469999999994
2015-03-25 14:00:00,0,30.6,11.0,4.638888888888888,17962.730000000003
2015-03-25 15:00:00,0,30.0,12.0,3.083333333333333,17933.13
2015-03-25 16:00:00,0,30.6,12.0,4.638888888888888,17706.569999999996
2015-03-25 17:00:00,0,30.0,13.0,4.638888888888888,16953.06
2015-03-25 18:00:00,0,29.4,13.0,5.138888888888888,16169.580000000002
2015-03-25 19:00:00,0,26.7,17.0,2.5833333333333335,15742.660000000003
2015-03-25 20:00:00,0,25.0,19.0,2.5833333333333335,15207.029999999999
2015-03-25 21:00:00,0,24.4,19.0,2.5833333333333335,14710.210000000005
2015-03-25 22:00:00,0,25.6,17.0,4.638888888888888,13864.53
2015-03-25 23:00:00,0,22.8,21.0,0.0,13378.289999999999
2015-03-26 00:00:00,0,22.2,25.0,2.5833333333333335,13144.18
2015-03-26 01:00:00,0,20.6,27.0,1.5555555555555554,12959.379999999997
2015-03-26 02:00:00,0,19.4,31.0,0.0,13093.730000000003
2015-03-26 03:00:00,0,18.9,32.0,0.0,13059.579999999998
2015-03-26 04:00:00,0,18.9,30.0,0.0,13288.9
2015-03-26 05:00:00,0,20.6,18.0,4.111111111111112,13716.849999999995
2015-03-26 06:00:00,0,21.7,14.0,5.666666666666666,14398.310000000003
2015-03-26 07:00:00,0,23.3,12.0,5.138888888888888,14791.009999999998
2015-03-26 08:00:00,0,24.4,10.0,6.694444444444445,15955.09
2015-03-26 09:00:00,0,25.6,9.0,6.694444444444445,16985.150000000005
2015-03-26 10:00:00,0,27.2,8.0,6.694444444444445,17290.839999999997
2015-03-26 11:00:00,0,27.8,8.0,3.611111111111111,17720.81
2015-03-26 12:00:00,0,29.4,7.0,2.5833333333333335,17882.25
2015-03-26 13:00:00,0,30.0,7.0,1.5555555555555554,17907.287500000002
2015-03-26 14:00:00,0,31.1,7.0,2.5833333333333335,18091.382499999996
2015-03-26 15:00:00,0,31.1,7.0,2.5833333333333335,18036.14
2015-03-26 16:00:00,0,31.1,7.0,3.611111111111111,17734.4675
2015-03-26 17:00:00,0,31.1,7.0,3.083333333333333,16990.039999999994
2015-03-26 18:00:00,0,30.6,8.0,2.5833333333333335,16101.919999999995
2015-03-26 19:00:00,0,28.0,11.0,2.5833333333333335,15640.699999999995
2015-03-26 20:00:00,0,25.6,14.0,2.055555555555556,15097.830000000002
2015-03-26 21:00:00,0,26.7,13.0,2.5833333333333335,14595.860000000004
2015-03-26 22:00:00,0,26.1,14.0,1.5555555555555554,13816.529999999995
2015-03-26 23:00:00,0,22.8,19.0,0.0,13252.830000000002
2015-03-27 00:00:00,0,19.4,27.0,2.055555555555556,12926.420000000004
2015-03-27 01:00:00,0,20.0,24.0,3.083333333333333,12780.300000000001
2015-03-27 02:00:00,0,18.9,27.0,2.5833333333333335,12919.930000000006
2015-03-27 03:00:00,0,19.4,26.0,2.5833333333333335,13059.27
2015-03-27 04:00:00,0,19.4,23.0,2.055555555555556,13128.680000000002
2015-03-27 05:00:00,0,18.9,25.0,2.5833333333333335,13528.839999999998
2015-03-27 06:00:00,0,17.8,28.0,0.0,14072.060000000003
2015-03-27 07:00:00,0,20.6,23.0,2.5833333333333335,14433.230000000001
2015-03-27 08:00:00,0,23.9,16.0,3.611111111111111,15539.195000000002
2015-03-27 09:00:00,0,26.7,12.0,5.138888888888888,16437.4075
2015-03-27 10:00:00,0,28.9,10.0,3.083333333333333,17077.94
2015-03-27 11:00:00,0,30.0,9.0,2.055555555555556,17533.64
2015-03-27 12:00:00,0,32.2,7.0,2.055555555555556,17606.96
2015-03-27 13:00:00,0,32.2,7.0,2.5833333333333335,17613.58
2015-03-27 14:00:00,0,33.3,6.0,2.055555555555556,17730.38
2015-03-27 15:00:00,0,33.3,6.0,3.083333333333333,17444.55
2015-03-27 16:00:00,0,32.8,6.0,0.0,17105.55
2015-03-27 17:00:00,0,33.3,6.0,3.611111111111111,16350.649999999998
2015-03-27 18:00:00,0,32.2,7.0,4.111111111111112,15436.450000000003
2015-03-27 19:00:00,0,30.0,9.0,3.083333333333333,15137.890000000001
2015-03-27 20:00:00,0,27.8,12.0,0.0,14766.219999999998
2015-03-27 21:00:00,0,26.1,15.0,0.0,14408.319999999996
2015-03-27 22:00:00,0,25.6,15.0,0.0,13662.26
2015-03-27 23:00:00,0,23.3,20.0,2.055555555555556,13174.14
2015-03-28 00:00:00,1,21.7,22.0,0.0,12894.83
2015-03-28 01:00:00,1,20.6,23.0,2.5833333333333335,12765.510000000004
2015-03-28 02:00:00,1,20.0,24.0,2.055555555555556,12683.919999999998
2015-03-28 03:00:00,1,19.4,25.0,3.083333333333333,12668.089999999998
2015-03-28 04:00:00,1,18.3,27.0,2.055555555555556,12934.900000000001
2015-03-28 05:00:00,1,18.3,28.0,3.083333333333333,12999.199999999995
2015-03-28 06:00:00,1,18.3,28.0,3.083333333333333,13227.479999999996
2015-03-28 07:00:00,1,20.6,25.0,2.5833333333333335,13298.050000000001
2015-03-28 08:00:00,1,22.8,21.0,3.611111111111111,13661.510000000002
2015-03-28 09:00:00,1,25.6,15.0,2.5833333333333335,13954.439999999999
2015-03-28 10:00:00,1,28.3,13.0,2.5833333333333335,14230.110000000002
2015-03-28 11:00:00,1,30.0,11.0,1.5555555555555554,14396.679999999998
2015-03-28 12:00:00,1,32.8,9.0,2.5833333333333335,14540.9
2015-03-28 13:00:00,1,32.8,7.0,3.083333333333333,14628.889999999998
2015-03-28 14:00:00,1,34.4,6.0,2.5833333333333335,14636.790000000003
2015-03-28 15:00:00,1,33.9,5.0,3.083333333333333,14558.45
2015-03-28 16:00:00,1,33.9,6.0,2.5833333333333335,14277.8
2015-03-28 17:00:00,1,33.9,5.0,3.083333333333333,14139.717499999999
2015-03-28 18:00:00,1,32.8,6.0,3.611111111111111,13955.765000000001
2015-03-28 19:00:00,1,30.0,7.0,1.5555555555555554,14025.772500000001
2015-03-28 20:00:00,1,28.9,9.0,0.0,13725.592499999999
2015-03-28 21:00:00,1,26.7,13.0,2.5833333333333335,13380.029999999997
2015-03-28 22:00:00,1,25.0,17.0,3.611111111111111,13161.315
2015-03-28 23:00:00,1,23.9,18.0,3.611111111111111,12887.690000000002
2015-03-29 00:00:00,1,22.2,22.0,2.5833333333333335,12658.132500000003
2015-03-29 01:00:00,1,21.7,21.0,1.5555555555555554,12535.199999999999
2015-03-29 02:00:00,1,20.6,22.0,1.5555555555555554,12586.165000000003
2015-03-29 03:00:00,1,19.4,25.0,2.5833333333333335,12506.012499999997
2015-03-29 04:00:00,1,19.4,25.0,2.055555555555556,12840.182500000003
2015-03-29 05:00:00,1,18.9,26.0,2.055555555555556,12851.472500000002
2015-03-29 06:00:00,1,18.9,24.0,3.083333333333333,12930.027499999998
2015-03-29 07:00:00,1,21.1,24.0,4.111111111111112,12867.182499999997
2015-03-29 08:00:00,1,23.9,20.0,4.111111111111112,13067.890000000001
2015-03-29 09:00:00,1,26.7,13.0,3.083333333333333,13303.5025
2015-03-29 10:00:00,1,28.9,12.0,2.055555555555556,13647.765000000003
2015-03-29 11:00:00,1,31.1,10.0,2.055555555555556,13876.679999999998
2015-03-29 12:00:00,1,33.3,9.0,2.055555555555556,14185.525000000001
2015-03-29 13:00:00,1,36.1,6.0,4.111111111111112,14282.777499999997
2015-03-29 14:00:00,1,35.6,6.0,3.611111111111111,14393.03
2015-03-29 15:00:00,1,35.6,5.0,3.611111111111111,14417.402500000002
2015-03-29 16:00:00,1,35.0,5.0,0.0,14181.472500000003
2015-03-29 17:00:00,1,33.9,6.0,1.5555555555555554,14037.37
2015-03-29 18:00:00,1,33.3,6.0,3.611111111111111,13909.172500000006
2015-03-29 19:00:00,1,32.2,7.0,2.5833333333333335,14070.217500000004
2015-03-29 20:00:00,1,28.9,10.0,0.0,13619.085000000003
2015-03-29 21:00:00,1,27.8,13.0,0.0,13447.290000000003
2015-03-29 22:00:00,1,25.6,15.0,3.611111111111111,13143.24
2015-03-29 23:00:00,1,26.7,12.0,4.111111111111112,12982.487500000001
2015-03-30 00:00:00,0,25.0,15.0,0.0,12810.88
2015-03-30 01:00:00,0,23.9,18.0,3.083333333333333,12807.729999999998
2015-03-30 02:00:00,0,22.8,18.0,3.083333333333333,12865.724999999997
2015-03-30 03:00:00,0,21.7,19.0,2.055555555555556,13092.067499999996
2015-03-30 04:00:00,0,21.7,22.0,2.055555555555556,13469.327499999998
2015-03-30 05:00:00,0,21.7,20.0,3.083333333333333,13884.570000000003
2015-03-30 06:00:00,0,21.7,20.0,4.111111111111112,14188.607499999998
2015-03-30 07:00:00,0,23.3,19.0,3.611111111111111,14562.169999999998
2015-03-30 08:00:00,0,25.0,17.0,4.111111111111112,15548.309999999998
2015-03-30 09:00:00,0,27.2,14.0,4.111111111111112,16704.429999999993
2015-03-30 10:00:00,0,29.4,12.0,1.5555555555555554,17433.82
2015-03-30 11:00:00,0,32.8,9.0,1.5555555555555554,17841.090000000004
2015-03-30 12:00:00,0,33.3,9.0,2.055555555555556,17919.450000000004
2015-03-30 13:00:00,0,35.0,8.0,2.055555555555556,18147.2
2015-03-30 14:00:00,0,33.9,9.0,3.083333333333333,18265.242500000004
2015-03-30 15:00:00,0,34.4,8.0,2.055555555555556,18103.559999999998
2015-03-30 16:00:00,0,34.4,9.0,2.055555555555556,17874.122499999994
2015-03-30 17:00:00,0,33.9,9.0,1.5555555555555554,17256.489999999998
2015-03-30 18:00:00,0,33.3,9.0,4.111111111111112,16368.760000000002
2015-03-30 19:00:00,0,32.8,10.0,2.5833333333333335,16109.249999999996
2015-03-30 20:00:00,0,28.9,15.0,0.0,15542.560000000003
2015-03-30 21:00:00,0,28.3,17.0,0.0,14928.84
2015-03-30 22:00:00,0,26.1,20.0,2.055555555555556,13977.23
2015-03-30 23:00:00,0,24.4,21.0,3.083333333333333,13445.849999999997
2015-03-31 00:00:00,0,23.9,22.0,1.5555555555555554,13269.609999999999
2015-03-31 01:00:00,0,22.8,23.0,2.055555555555556,13218.859999999999
2015-03-31 02:00:00,0,22.2,24.0,1.5555555555555554,13167.880000000001
2015-03-31 03:00:00,0,21.7,25.0,0.0,13162.760000000002
2015-03-31 04:00:00,0,20.6,27.0,2.5833333333333335,13336.04
2015-03-31 05:00:00,0,20.6,27.0,3.083333333333333,13715.480000000003
2015-03-31 06:00:00,0,20.6,27.0,2.055555555555556,14294.460000000005
2015-03-31 07:00:00,0,22.8,23.0,4.111111111111112,14733.280000000002
2015-03-31 08:00:00,0,25.0,20.0,2.055555555555556,15777.090000000004
2015-03-31 09:00:00,0,27.2,18.0,1.5555555555555554,16942.94
2015-03-31 10:00:00,0,28.9,16.0,0.0,17527.270000000004
2015-03-31 11:00:00,0,30.6,15.0,4.638888888888888,17988.15
2015-03-31 12:00:00,0,32.2,14.0,2.5833333333333335,18199.760000000002
2015-03-31 13:00:00,0,33.9,12.0,0.0,18337.429999999997
2015-03-31 14:00:00,0,33.9,12.0,2.5833333333333335,18543.780000000006
2015-03-31 15:00:00,0,34.4,10.0,5.666666666666666,18374.5925
2015-03-31 16:00:00,0,33.9,11.0,4.638888888888888,18118.625000000004
2015-03-31 17:00:00,0,33.3,12.0,5.138888888888888,17333.59
2015-03-31 18:00:00,0,32.8,12.0,5.666666666666666,16466.580000000005
2015-03-31 19:00:00,0,31.1,14.0,3.611111111111111,16108.689999999999
2015-03-31 20:00:00,0,30.6,17.0,5.138888888888888,15484.450000000003
2015-03-31 21:00:00,0,30.0,18.0,5.666666666666666,14991.710000000001
2015-03-31 22:00:00,0,28.3,21.0,4.638888888888888,14203.369999999999
2015-03-31 23:00:00,0,27.8,22.0,4.111111111111112,13607.23
2015-04-01 00:00:00,0,26.7,23.0,3.083333333333333,13323.040000000003
2015-04-01 01:00:00,0,24.4,27.0,3.083333333333333,13210.599999999997
2015-04-01 02:00:00,0,22.8,30.0,2.5833333333333335,13205.359999999999
2015-04-01 03:00:00,0,21.7,34.0,3.611111111111111,13152.639999999996
2015-04-01 04:00:00,0,21.7,34.0,3.611111111111111,13359.100000000004
2015-04-01 05:00:00,0,20.6,38.0,2.055555555555556,13832.789999999999
2015-04-01 06:00:00,0,20.6,39.0,2.5833333333333335,14382.010000000002
2015-04-01 07:00:00,0,22.8,33.0,4.638888888888888,14801.160000000002
2015-04-01 08:00:00,0,24.4,30.0,4.111111111111112,15953.369999999999
2015-04-01 09:00:00,0,27.2,24.0,4.638888888888888,16926.81
2015-04-01 10:00:00,0,28.9,19.0,4.638888888888888,17560.05
2015-04-01 11:00:00,0,28.9,18.0,3.083333333333333,17906.820000000007
2015-04-01 12:00:00,0,30.6,17.0,3.611111111111111,18055.219999999998
2015-04-01 13:00:00,0,31.1,16.0,3.083333333333333,18008.329999999998
2015-04-01 14:00:00,0,32.2,14.0,3.611111111111111,18085.4475
2015-04-01 15:00:00,0,32.2,10.0,5.666666666666666,18129.527499999997
2015-04-01 16:00:00,0,31.1,12.0,4.111111111111112,17861.984999999997
2015-04-01 17:00:00,0,30.6,11.0,3.611111111111111,16938.520000000004
2015-04-01 18:00:00,0,30.0,11.0,4.111111111111112,16175.470000000003
2015-04-01 19:00:00,0,28.3,11.0,3.611111111111111,15784.080000000005
2015-04-01 20:00:00,0,26.1,13.0,2.055555555555556,15290.599999999997
2015-04-01 21:00:00,0,26.1,12.0,1.5555555555555554,14750.86
2015-04-01 22:00:00,0,26.7,10.0,4.111111111111112,13898.090000000002
2015-04-01 23:00:00,0,22.8,16.0,1.5555555555555554,13389.829999999998
2015-04-02 00:00:00,0,24.4,12.0,2.055555555555556,13142.569999999998
2015-04-02 01:00:00,0,22.2,15.0,2.055555555555556,13017.88
2015-04-02 02:00:00,0,20.6,22.0,3.611111111111111,13106.789999999999
2015-04-02 03:00:00,0,19.4,25.0,4.111111111111112,13111.040000000005
2015-04-02 04:00:00,0,18.3,29.0,5.138888888888888,13347.92
2015-04-02 05:00:00,0,18.3,27.0,4.111111111111112,13802.98
2015-04-02 06:00:00,0,18.3,27.0,4.638888888888888,14365.580000000004
2015-04-02 07:00:00,0,20.0,23.0,5.138888888888888,14587.99
2015-04-02 08:00:00,0,21.1,21.0,4.111111111111112,15792.299999999996
2015-04-02 09:00:00,0,23.3,18.0,2.5833333333333335,16724.34
2015-04-02 10:00:00,0,25.6,17.0,1.5555555555555554,17441.1
2015-04-02 11:00:00,0,27.2,16.0,4.638888888888888,17682.899999999994
2015-04-02 12:00:00,0,27.2,17.0,2.5833333333333335,17737.670000000002
2015-04-02 13:00:00,0,28.9,16.0,6.166666666666666,17837.700000000008
2015-04-02 14:00:00,0,29.4,14.0,6.694444444444445,18015.5475
2015-04-02 15:00:00,0,30.6,10.0,5.666666666666666,17910.539999999997
2015-04-02 16:00:00,0,30.0,10.0,7.194444444444444,17601.3825
2015-04-02 17:00:00,0,28.9,9.0,7.194444444444444,16886.367499999997
2015-04-02 18:00:00,0,28.3,9.0,5.666666666666666,15987.299999999996
2015-04-02 19:00:00,0,27.2,8.0,4.111111111111112,15690.067500000003
2015-04-02 20:00:00,0,23.9,15.0,2.055555555555556,15178.085
2015-04-02 21:00:00,0,23.3,13.0,3.083333333333333,14673.212500000001
2015-04-02 22:00:00,0,22.8,12.0,2.5833333333333335,13818.495
2015-04-02 23:00:00,0,22.2,11.0,3.083333333333333,13386.232499999995
2015-04-03 00:00:00,0,21.1,12.0,3.083333333333333,13183.069999999998
2015-04-03 01:00:00,0,18.9,15.0,2.055555555555556,13154.907499999998
2015-04-03 02:00:00,0,18.0,16.0,2.055555555555556,13179.1775
2015-04-03 03:00:00,0,16.7,19.0,1.5555555555555554,13210.599999999997
2015-04-03 04:00:00,0,16.7,19.0,0.0,13410.844999999998
2015-04-03 05:00:00,0,16.7,19.0,1.5555555555555554,13930.3025
2015-04-03 06:00:00,0,17.2,23.0,1.5555555555555554,14437.425
2015-04-03 07:00:00,0,18.3,19.0,2.055555555555556,14749.007500000003
2015-04-03 08:00:00,0,22.2,13.0,5.138888888888888,15604.9075
2015-04-03 09:00:00,0,24.4,10.0,7.194444444444444,16761.079999999994
2015-04-03 10:00:00,0,25.6,10.0,5.138888888888888,17120.210000000003
2015-04-03 11:00:00,0,27.8,8.0,3.083333333333333,17280.344999999998
2015-04-03 12:00:00,0,27.8,7.0,3.611111111111111,17296.629999999994
2015-04-03 13:00:00,0,28.9,7.0,3.083333333333333,17298.730000000003
2015-04-03 14:00:00,0,29.4,6.0,2.5833333333333335,17339.48
2015-04-03 15:00:00,0,28.9,5.0,1.5555555555555554,17119.979999999996
2015-04-03 16:00:00,0,29.4,6.0,2.055555555555556,16643.48
2015-04-03 17:00:00,0,28.9,6.0,0.0,15929.734999999997
2015-04-03 18:00:00,0,27.8,7.0,1.5555555555555554,15136.150000000003
2015-04-03 19:00:00,0,27.8,7.0,4.111111111111112,14952.680000000004
2015-04-03 20:00:00,0,24.4,10.0,1.5555555555555554,14589.389999999998
2015-04-03 21:00:00,0,23.9,11.0,0.0,14291.610000000004
2015-04-03 22:00:00,0,24.4,11.0,0.0,13489.39
2015-04-03 23:00:00,0,21.7,14.0,0.0,13022.759999999998
2015-04-04 00:00:00,1,20.0,21.0,1.5555555555555554,12881.369999999999
2015-04-04 01:00:00,1,18.9,25.0,1.5555555555555554,12767.689999999999
2015-04-04 02:00:00,1,18.3,19.0,1.5555555555555554,12698.440000000002
2015-04-04 03:00:00,1,17.8,21.0,1.5555555555555554,12805.239999999996
2015-04-04 04:00:00,1,17.2,23.0,2.5833333333333335,12953.310000000001
2015-04-04 05:00:00,1,16.7,28.0,1.5555555555555554,13076.54
2015-04-04 06:00:00,1,17.2,33.0,2.055555555555556,13224.24
2015-04-04 07:00:00,1,19.4,21.0,2.055555555555556,13153.209999999997
2015-04-04 08:00:00,1,21.1,18.0,3.611111111111111,13365.04
2015-04-04 09:00:00,1,24.4,12.0,4.638888888888888,13738.340000000002
2015-04-04 10:00:00,1,26.1,11.0,1.5555555555555554,13993.010000000002
2015-04-04 11:00:00,1,27.8,11.0,0.0,14127.72
2015-04-04 12:00:00,1,29.4,8.0,0.0,14251.99
2015-04-04 13:00:00,1,30.0,8.0,1.5555555555555554,14195.75
2015-04-04 14:00:00,1,30.0,8.0,2.5833333333333335,14220.180000000002
2015-04-04 15:00:00,1,30.6,8.0,4.638888888888888,14201.260000000004
2015-04-04 16:00:00,1,31.7,6.0,4.111111111111112,14095.240000000002
2015-04-04 17:00:00,1,30.0,7.0,3.611111111111111,13825.78
2015-04-04 18:00:00,1,29.4,8.0,5.138888888888888,13620.17
2015-04-04 19:00:00,1,28.3,8.0,3.083333333333333,13770.439999999999
2015-04-04 20:00:00,1,27.8,8.0,2.5833333333333335,13524.910000000003
2015-04-04 21:00:00,1,27.8,7.0,4.111111111111112,13171.919999999998
2015-04-04 22:00:00,1,26.7,8.0,3.611111111111111,12947.85
2015-04-04 23:00:00,1,25.6,8.0,0.0,12784.579999999998
2015-04-05 00:00:00,1,24.4,10.0,0.0,12650.149999999998
2015-04-05 01:00:00,1,22.8,13.0,1.5555555555555554,12650.960000000001
2015-04-05 02:00:00,1,21.0,18.0,2.5833333333333335,12672.29
2015-04-05 03:00:00,1,19.4,21.0,3.611111111111111,12556.75
2015-04-05 04:00:00,1,18.3,26.0,3.083333333333333,12845.709999999997
2015-04-05 05:00:00,1,17.2,27.0,4.638888888888888,12912.330000000002
2015-04-05 06:00:00,1,17.2,27.0,4.111111111111112,12935.870000000003
2015-04-05 07:00:00,1,19.4,24.0,3.611111111111111,12931.150000000003
2015-04-05 08:00:00,1,22.8,18.0,5.138888888888888,13098.299999999997
2015-04-05 09:00:00,1,25.0,17.0,4.638888888888888,13362.68
2015-04-05 10:00:00,1,26.7,14.0,3.083333333333333,13593.230000000001
2015-04-05 11:00:00,1,28.9,11.0,4.638888888888888,13673.770000000002
2015-04-05 12:00:00,1,30.0,10.0,4.111111111111112,13789.69
2015-04-05 13:00:00,1,30.0,9.0,3.083333333333333,13857.000000000002
2015-04-05 14:00:00,1,30.0,10.0,4.638888888888888,13866.58
2015-04-05 15:00:00,1,30.6,9.0,3.083333333333333,14040.960000000001
2015-04-05 16:00:00,1,30.6,8.0,3.611111111111111,13850.77
2015-04-05 17:00:00,1,30.0,6.0,5.138888888888888,13545.770000000002
2015-04-05 18:00:00,1,28.9,5.0,4.638888888888888,13465.78
2015-04-05 19:00:00,1,27.8,6.0,4.638888888888888,13613.499999999998
2015-04-05 20:00:00,1,26.7,8.0,3.083333333333333,13405.71
2015-04-05 21:00:00,1,24.4,10.0,1.5555555555555554,13276.519999999997
2015-04-05 22:00:00,1,22.8,11.0,2.055555555555556,13029.3
2015-04-05 23:00:00,1,22.8,11.0,1.5555555555555554,12840.440000000002
2015-04-06 00:00:00,0,21.7,13.0,0.0,12696.060000000003
2015-04-06 01:00:00,0,19.4,19.0,3.083333333333333,12631.969999999998
2015-04-06 02:00:00,0,18.9,18.0,3.611111111111111,12851.72
2015-04-06 03:00:00,0,18.3,19.0,3.611111111111111,13093.079999999994
2015-04-06 04:00:00,0,17.2,19.0,3.611111111111111,13493.330000000002
2015-04-06 05:00:00,0,16.1,24.0,2.055555555555556,13876.05
2015-04-06 06:00:00,0,16.7,21.0,3.083333333333333,14209.910000000002
2015-04-06 07:00:00,0,18.9,19.0,3.611111111111111,14614.790000000003
2015-04-06 08:00:00,0,21.1,18.0,1.5555555555555554,15549.69
2015-04-06 09:00:00,0,23.3,14.0,1.5555555555555554,16514.859999999997
2015-04-06 10:00:00,0,26.7,12.0,3.611111111111111,17130.440000000002
2015-04-06 11:00:00,0,26.7,12.0,2.055555555555556,17386.050000000003
2015-04-06 12:00:00,0,27.2,10.0,3.083333333333333,17530.28
2015-04-06 13:00:00,0,28.9,9.0,2.5833333333333335,17609.27
2015-04-06 14:00:00,0,29.4,6.0,4.111111111111112,17464.739999999998
2015-04-06 15:00:00,0,28.9,5.0,6.166666666666666,17655.91
2015-04-06 16:00:00,0,28.3,6.0,7.722222222222222,17491.96
2015-04-06 17:00:00,0,27.8,6.0,5.138888888888888,16639.79
2015-04-06 18:00:00,0,27.2,6.0,6.166666666666666,15790.090000000004
2015-04-06 19:00:00,0,26.1,7.0,3.611111111111111,15476.94
2015-04-06 20:00:00,0,25.0,7.0,2.5833333333333335,15036.930000000002
2015-04-06 21:00:00,0,22.2,10.0,2.5833333333333335,14619.029999999999
2015-04-06 22:00:00,0,21.1,12.0,2.5833333333333335,13774.420000000004
2015-04-06 23:00:00,0,20.0,13.0,2.5833333333333335,13277.000000000002
2015-04-07 00:00:00,0,20.0,14.0,1.5555555555555554,13070.920000000002
2015-04-07 01:00:00,0,18.3,16.0,4.638888888888888,12914.94
2015-04-07 02:00:00,0,17.2,20.0,2.5833333333333335,13173.710000000001
2015-04-07 03:00:00,0,16.7,22.0,4.638888888888888,13061.16
2015-04-07 04:00:00,0,15.0,26.0,4.638888888888888,13222.519999999999
2015-04-07 05:00:00,0,15.0,26.0,3.611111111111111,13916.490000000002
2015-04-07 06:00:00,0,15.6,25.0,3.083333333333333,14347.710000000003
2015-04-07 07:00:00,0,18.3,20.0,3.083333333333333,14815.880000000001
2015-04-07 08:00:00,0,21.1,15.0,4.111111111111112,15849.777500000004
2015-04-07 09:00:00,0,23.9,13.0,4.111111111111112,16872.587499999998
2015-04-07 10:00:00,0,25.6,9.0,5.138888888888888,17490.06
2015-04-07 11:00:00,0,27.2,7.0,6.694444444444445,17686.1
2015-04-07 12:00:00,0,27.2,8.0,0.0,17833.410000000003
2015-04-07 13:00:00,0,26.7,9.0,2.055555555555556,18028.169999999995
2015-04-07 14:00:00,0,27.8,9.0,6.166666666666666,18017.45
2015-04-07 15:00:00,0,27.2,9.0,6.166666666666666,17947.722499999996
2015-04-07 16:00:00,0,27.8,9.0,5.666666666666666,17662.642499999994
2015-04-07 17:00:00,0,27.2,9.0,6.694444444444445,16766.570000000003
2015-04-07 18:00:00,0,26.1,9.0,5.666666666666666,15904.71
2015-04-07 19:00:00,0,25.0,8.0,5.138888888888888,15609.739999999996
2015-04-07 20:00:00,0,24.4,10.0,4.638888888888888,15119.5
2015-04-07 21:00:00,0,21.1,13.0,2.5833333333333335,14621.649999999998
2015-04-07 22:00:00,0,20.0,15.0,2.055555555555556,13819.630000000003
2015-04-07 23:00:00,0,21.7,13.0,4.111111111111112,13230.2
2015-04-08 00:00:00,0,21.7,13.0,5.666666666666666,12993.38
2015-04-08 01:00:00,0,20.6,15.0,6.694444444444445,12938.100000000002
2015-04-08 02:00:00,0,19.4,19.0,5.666666666666666,13029.219999999998
2015-04-08 03:00:00,0,18.9,20.0,3.083333333333333,13110.439999999999
2015-04-08 04:00:00,0,18.9,21.0,1.5555555555555554,13299.269999999997
2015-04-08 05:00:00,0,17.8,24.0,2.055555555555556,13720.55
2015-04-08 06:00:00,0,17.2,27.0,5.138888888888888,14317.040000000003
2015-04-08 07:00:00,0,17.2,34.0,4.638888888888888,14870.569999999998
2015-04-08 08:00:00,0,18.3,33.0,6.166666666666666,15672.050000000001
2015-04-08 09:00:00,0,18.9,33.0,4.638888888888888,16523.43
2015-04-08 10:00:00,0,21.1,29.0,4.638888888888888,17123.64
2015-04-08 11:00:00,0,22.8,25.0,6.166666666666666,17427.307499999995
2015-04-08 12:00:00,0,23.9,22.0,3.611111111111111,17515.422500000004
2015-04-08 13:00:00,0,23.9,21.0,4.111111111111112,17620.82
2015-04-08 14:00:00,0,25.0,18.0,7.194444444444444,17608.7125
2015-04-08 15:00:00,0,25.0,12.0,3.083333333333333,17625.96
2015-04-08 16:00:00,0,25.0,11.0,5.138888888888888,17244.33
2015-04-08 17:00:00,0,24.4,8.0,6.694444444444445,16472.219999999998
2015-04-08 18:00:00,0,23.3,10.0,5.666666666666666,15691.71
2015-04-08 19:00:00,0,22.8,9.0,4.638888888888888,15447.999999999998
2015-04-08 20:00:00,0,20.0,15.0,3.611111111111111,15112.41
2015-04-08 21:00:00,0,18.9,15.0,1.5555555555555554,14627.100000000002
2015-04-08 22:00:00,0,18.3,15.0,1.5555555555555554,13875.78
2015-04-08 23:00:00,0,17.2,17.0,2.055555555555556,13330.230000000001
2015-04-09 00:00:00,0,17.2,16.0,0.0,13008.0225
2015-04-09 01:00:00,0,16.7,18.0,0.0,12967.880000000001
2015-04-09 02:00:00,0,15.0,26.0,2.055555555555556,13189.809999999998
2015-04-09 03:00:00,0,13.9,27.0,2.055555555555556,13134.567500000003
2015-04-09 04:00:00,0,13.9,25.0,0.0,13505.575000000003
2015-04-09 05:00:00,0,13.3,25.0,2.055555555555556,14051.580000000002
2015-04-09 06:00:00,0,13.3,23.0,3.083333333333333,14685.882500000003
2015-04-09 07:00:00,0,15.6,20.0,2.055555555555556,15261.922499999997
2015-04-09 08:00:00,0,19.4,15.0,3.611111111111111,16119.0
2015-04-09 09:00:00,0,22.2,11.0,4.638888888888888,16929.317499999997
2015-04-09 10:00:00,0,23.3,10.0,4.111111111111112,17396.935
2015-04-09 11:00:00,0,24.4,10.0,3.611111111111111,17553.632499999996
2015-04-09 12:00:00,0,25.6,9.0,3.611111111111111,17582.512500000004
2015-04-09 13:00:00,0,27.8,8.0,4.111111111111112,17666.022499999995
2015-04-09 14:00:00,0,26.1,9.0,0.0,17723.695
2015-04-09 15:00:00,0,26.1,8.0,1.5555555555555554,17638.485000000004
2015-04-09 16:00:00,0,27.2,7.0,2.5833333333333335,17299.7225
2015-04-09 17:00:00,0,26.7,7.0,4.111111111111112,16559.479999999996
2015-04-09 18:00:00,0,26.1,8.0,4.638888888888888,15866.4375
2015-04-09 19:00:00,0,25.0,8.0,3.611111111111111,15445.655
2015-04-09 20:00:00,0,25.0,9.0,2.5833333333333335,15059.887499999997
2015-04-09 21:00:00,0,21.7,14.0,0.0,14534.479999999998
2015-04-09 22:00:00,0,21.1,14.0,0.0,13708.8175
2015-04-09 23:00:00,0,20.0,15.0,1.5555555555555554,13192.060000000001
2015-04-10 00:00:00,0,18.3,19.0,3.083333333333333,12954.175
2015-04-10 01:00:00,0,17.2,23.0,2.055555555555556,12900.892499999996
2015-04-10 02:00:00,0,16.7,21.0,2.5833333333333335,13024.9075
2015-04-10 03:00:00,0,15.6,27.0,3.083333333333333,12995.655
2015-04-10 04:00:00,0,15.0,25.0,3.611111111111111,13291.4475
2015-04-10 05:00:00,0,14.4,28.0,2.5833333333333335,13685.292500000001
2015-04-10 06:00:00,0,14.4,26.0,2.5833333333333335,14445.332500000002
2015-04-10 07:00:00,0,17.8,21.0,2.5833333333333335,15112.797500000002
2015-04-10 08:00:00,0,20.6,16.0,3.611111111111111,15827.22
2015-04-10 09:00:00,0,22.2,13.0,3.083333333333333,16544.452500000003
2015-04-10 10:00:00,0,25.0,11.0,1.5555555555555554,17088.032500000005
2015-04-10 11:00:00,0,26.7,8.0,2.5833333333333335,16899.420000000002
2015-04-10 12:00:00,0,28.3,7.0,2.5833333333333335,17171.260000000002
2015-04-10 13:00:00,0,28.3,8.0,2.5833333333333335,17258.54
2015-04-10 14:00:00,0,30.0,7.0,2.5833333333333335,17302.422499999997
2015-04-10 15:00:00,0,28.9,8.0,1.5555555555555554,17065.412500000006
2015-04-10 16:00:00,0,29.4,8.0,2.5833333333333335,16658.0175
2015-04-10 17:00:00,0,29.4,7.0,2.5833333333333335,15881.41
2015-04-10 18:00:00,0,28.3,8.0,3.083333333333333,15015.072499999998
2015-04-10 19:00:00,0,27.2,10.0,3.611111111111111,14726.577500000001
2015-04-10 20:00:00,0,26.7,10.0,3.083333333333333,14390.9025
2015-04-10 21:00:00,0,23.3,15.0,0.0,14098.147500000003
2015-04-10 22:00:00,0,23.3,14.0,0.0,13392.817499999996
2015-04-10 23:00:00,0,22.2,16.0,0.0,12971.5325
2015-04-11 00:00:00,1,20.0,18.0,0.0,12670.4375
2015-04-11 01:00:00,1,18.9,20.0,2.055555555555556,12559.682500000003
2015-04-11 02:00:00,1,18.9,22.0,3.083333333333333,12705.525000000001
2015-04-11 03:00:00,1,17.8,25.0,0.0,12562.987500000003
2015-04-11 04:00:00,1,16.7,25.0,3.611111111111111,12828.64
2015-04-11 05:00:00,1,15.6,26.0,2.5833333333333335,12979.859999999999
2015-04-11 06:00:00,1,16.1,24.0,3.083333333333333,13001.077499999996
2015-04-11 07:00:00,1,18.9,21.0,3.611111111111111,13215.112500000001
2015-04-11 08:00:00,1,22.0,20.0,2.5833333333333335,13688.7775
2015-04-11 09:00:00,1,23.9,20.0,0.0,13749.409999999998
2015-04-11 10:00:00,1,25.0,19.0,2.055555555555556,13929.810000000003
2015-04-11 11:00:00,1,26.1,15.0,2.055555555555556,14088.242499999998
2015-04-11 12:00:00,1,27.2,12.0,2.5833333333333335,14152.164999999997
2015-04-11 13:00:00,1,27.8,10.0,1.5555555555555554,14095.050000000003
2015-04-11 14:00:00,1,27.8,10.0,1.5555555555555554,14167.954999999998
2015-04-11 15:00:00,1,28.3,10.0,0.0,14130.005000000003
2015-04-11 16:00:00,1,28.9,9.0,0.0,14047.025000000001
2015-04-11 17:00:00,1,28.9,10.0,3.611111111111111,13795.922500000004
2015-04-11 18:00:00,1,27.8,10.0,3.611111111111111,13559.157500000001
2015-04-11 19:00:00,1,27.2,11.0,3.083333333333333,13643.150000000005
2015-04-11 20:00:00,1,26.1,14.0,2.5833333333333335,13410.034999999998
2015-04-11 21:00:00,1,23.9,18.0,0.0,13144.4075
2015-04-11 22:00:00,1,22.2,20.0,1.5555555555555554,12951.084999999997
2015-04-11 23:00:00,1,23.9,18.0,1.5555555555555554,12837.179999999998
2015-04-12 00:00:00,1,22.8,21.0,2.055555555555556,12514.5375
2015-04-12 01:00:00,1,22.2,20.0,0.0,12520.39
2015-04-12 02:00:00,1,21.1,20.0,2.055555555555556,12630.045000000002
2015-04-12 03:00:00,1,20.0,23.0,3.083333333333333,12542.437499999996
2015-04-12 04:00:00,1,18.3,26.0,2.055555555555556,12730.122499999998
2015-04-12 05:00:00,1,20.0,23.0,3.083333333333333,12967.735000000006
2015-04-12 06:00:00,1,18.9,24.0,2.055555555555556,12759.0275
2015-04-12 07:00:00,1,20.6,20.0,2.055555555555556,12822.677499999998
2015-04-12 08:00:00,1,21.7,23.0,3.083333333333333,13064.1625
2015-04-12 09:00:00,1,22.8,22.0,2.5833333333333335,13333.294999999996
2015-04-12 10:00:00,1,24.4,22.0,4.111111111111112,13617.3575
2015-04-12 11:00:00,1,26.1,21.0,4.111111111111112,13748.455
2015-04-12 12:00:00,1,26.4,21.5,5.402777777777778,13834.482500000002
2015-04-12 13:00:00,1,27.8,20.0,7.722222222222222,13866.992499999998
2015-04-12 14:00:00,1,28.3,20.0,7.194444444444444,14033.79
2015-04-12 15:00:00,1,28.9,21.0,6.694444444444445,13957.865000000002
2015-04-12 16:00:00,1,28.9,21.0,3.611111111111111,13786.062499999998
2015-04-12 17:00:00,1,28.3,22.0,5.138888888888888,13563.210000000003
2015-04-12 18:00:00,1,28.3,21.0,4.638888888888888,13443.045000000002
2015-04-12 19:00:00,1,27.2,23.0,2.5833333333333335,13573.500000000002
2015-04-12 20:00:00,1,25.0,28.0,2.5833333333333335,13301.119999999997
2015-04-12 21:00:00,1,23.9,31.0,2.5833333333333335,13082.722500000002
2015-04-12 22:00:00,1,23.3,30.0,4.111111111111112,12912.545000000002
2015-04-12 23:00:00,1,22.2,31.0,2.055555555555556,12710.34
2015-04-13 00:00:00,0,21.7,35.0,3.083333333333333,12632.2925
2015-04-13 01:00:00,0,20.6,40.0,3.083333333333333,12658.7
2015-04-13 02:00:00,0,19.4,45.0,2.5833333333333335,12800.292500000001
2015-04-13 03:00:00,0,18.9,47.0,3.611111111111111,13055.267500000004
2015-04-13 04:00:00,0,17.8,52.0,3.083333333333333,13374.954999999998
2015-04-13 05:00:00,0,17.2,54.0,2.5833333333333335,13752.237500000001
2015-04-13 06:00:00,0,18.3,52.0,3.083333333333333,13959.887499999999
2015-04-13 07:00:00,0,19.4,51.0,2.5833333333333335,14551.352499999995
2015-04-13 08:00:00,0,21.7,44.0,1.5555555555555554,15618.694999999994
2015-04-13 09:00:00,0,23.9,37.0,1.5555555555555554,16758.685
2015-04-13 10:00:00,0,25.0,32.0,0.0,17338.83
2015-04-13 11:00:00,0,27.2,28.0,2.5833333333333335,17575.5125
2015-04-13 12:00:00,0,28.9,25.0,3.083333333333333,17653.785
2015-04-13 13:00:00,0,28.9,22.0,4.111111111111112,17847.395000000004
2015-04-13 14:00:00,0,31.7,16.0,4.111111111111112,17805.6775
2015-04-13 15:00:00,0,31.7,16.0,3.611111111111111,17861.990000000005
2015-04-13 16:00:00,0,32.2,14.0,5.138888888888888,17578.995000000003
2015-04-13 17:00:00,0,31.7,12.0,4.111111111111112,16859.1
2015-04-13 18:00:00,0,31.1,13.0,3.611111111111111,16111.017500000002
2015-04-13 19:00:00,0,28.9,17.0,1.5555555555555554,15715.627500000004
2015-04-13 20:00:00,0,27.2,20.0,0.0,15238.074999999995
2015-04-13 21:00:00,0,26.7,20.0,1.5555555555555554,14714.894999999999
2015-04-13 22:00:00,0,25.0,24.0,2.5833333333333335,13957.335
2015-04-13 23:00:00,0,23.9,27.0,4.111111111111112,13421.2125
2015-04-14 00:00:00,0,22.8,28.0,3.611111111111111,13242.92
2015-04-14 01:00:00,0,22.2,28.0,1.5555555555555554,13014.869999999997
2015-04-14 02:00:00,0,21.1,30.0,4.111111111111112,13134.480000000001
2015-04-14 03:00:00,0,20.6,35.0,4.111111111111112,13131.059999999996
2015-04-14 04:00:00,0,19.4,37.0,3.611111111111111,13197.000000000002
2015-04-14 05:00:00,0,19.4,37.0,0.0,13675.849999999999
2015-04-14 06:00:00,0,20.0,37.0,3.611111111111111,14095.879999999996
2015-04-14 07:00:00,0,22.8,33.0,3.083333333333333,14727.800000000001
2015-04-14 08:00:00,0,25.0,28.0,3.611111111111111,16046.19
2015-04-14 09:00:00,0,27.2,23.0,4.638888888888888,16989.879999999997
2015-04-14 10:00:00,0,29.4,20.0,6.166666666666666,17560.24
2015-04-14 11:00:00,0,30.6,17.0,4.111111111111112,17915.210000000003
2015-04-14 12:00:00,0,31.7,14.0,3.083333333333333,18029.807500000003
2015-04-14 13:00:00,0,32.2,14.0,2.5833333333333335,18120.405000000002
2015-04-14 14:00:00,0,33.9,11.0,5.666666666666666,18201.12500000001
2015-04-14 15:00:00,0,33.9,10.0,7.722222222222222,18120.1575
2015-04-14 16:00:00,0,33.3,11.0,5.138888888888888,17817.459999999995
2015-04-14 17:00:00,0,32.8,9.0,7.194444444444444,17023.3175
2015-04-14 18:00:00,0,31.7,8.0,10.277777777777777,16230.332499999999
2015-04-14 19:00:00,0,30.0,10.0,6.166666666666666,15790.780000000002
2015-04-14 20:00:00,0,27.8,12.0,3.611111111111111,15268.429999999998
2015-04-14 21:00:00,0,25.6,15.0,2.5833333333333335,14662.18
2015-04-14 22:00:00,0,26.1,15.0,2.055555555555556,13881.8
2015-04-14 23:00:00,0,24.4,16.0,2.055555555555556,13441.390000000003
2015-04-15 00:00:00,0,25.6,17.0,3.611111111111111,13215.810000000001
2015-04-15 01:00:00,0,24.4,18.0,3.611111111111111,13138.999999999996
2015-04-15 02:00:00,0,21.1,24.0,1.5555555555555554,13109.64
2015-04-15 03:00:00,0,21.7,23.0,2.055555555555556,13111.909999999996
2015-04-15 04:00:00,0,22.2,19.0,4.111111111111112,13258.8
2015-04-15 05:00:00,0,20.6,16.0,4.638888888888888,13670.63
2015-04-15 06:00:00,0,20.0,18.0,2.5833333333333335,13987.369999999999
2015-04-15 07:00:00,0,21.1,11.0,3.083333333333333,14620.159999999996
2015-04-15 08:00:00,0,22.2,9.0,3.083333333333333,15643.150000000003
2015-04-15 09:00:00,0,23.3,7.0,3.611111111111111,16606.95
2015-04-15 10:00:00,0,25.0,5.0,6.166666666666666,17054.770000000004
2015-04-15 11:00:00,0,25.6,4.0,5.666666666666666,17421.032499999998
2015-04-15 12:00:00,0,25.6,6.0,6.166666666666666,17513.325
2015-04-15 13:00:00,0,28.3,4.0,6.694444444444445,17584.350000000006
2015-04-15 14:00:00,0,28.3,4.0,8.222222222222223,17706.300000000003
2015-04-15 15:00:00,0,28.3,4.0,10.805555555555555,17697.670000000002
2015-04-15 16:00:00,0,27.2,4.0,8.222222222222223,17374.06
2015-04-15 17:00:00,0,26.7,4.0,8.75,16643.479999999996
2015-04-15 18:00:00,0,25.0,6.0,6.694444444444445,15817.539999999999
2015-04-15 19:00:00,0,22.8,6.0,5.138888888888888,15519.799999999996
2015-04-15 20:00:00,0,22.2,5.0,9.249999999999998,15100.990000000002
2015-04-15 21:00:00,0,21.7,6.0,6.694444444444445,14586.099999999997
2015-04-15 22:00:00,0,20.0,6.0,7.722222222222222,13846.729999999996
2015-04-15 23:00:00,0,18.3,8.0,5.666666666666666,13395.320000000002
2015-04-16 00:00:00,0,17.8,8.0,7.194444444444444,13199.210000000001
2015-04-16 01:00:00,0,16.7,9.0,3.083333333333333,13022.189999999997
2015-04-16 02:00:00,0,15.6,10.0,5.666666666666666,13090.21
2015-04-16 03:00:00,0,15.0,11.0,3.083333333333333,13134.389999999996
2015-04-16 04:00:00,0,13.9,12.0,5.666666666666666,13329.650000000003
2015-04-16 05:00:00,0,13.9,13.0,2.055555555555556,13810.980000000003
2015-04-16 06:00:00,0,13.9,14.0,4.638888888888888,14233.28
2015-04-16 07:00:00,0,16.7,11.0,1.5555555555555554,14942.340000000007
2015-04-16 08:00:00,0,17.2,11.0,2.055555555555556,15961.989999999998
2015-04-16 09:00:00,0,18.3,9.0,1.5555555555555554,16730.910000000003
2015-04-16 10:00:00,0,20.0,8.0,5.666666666666666,17243.31
2015-04-16 11:00:00,0,21.1,7.0,4.638888888888888,17451.889999999996
2015-04-16 12:00:00,0,21.1,8.0,1.5555555555555554,17583.090000000007
2015-04-16 13:00:00,0,22.2,8.0,4.638888888888889,17617.4
2015-04-16 14:00:00,0,22.8,8.0,7.722222222222222,17650.8
2015-04-16 15:00:00,0,23.3,8.0,5.138888888888888,17475.090000000004
2015-04-16 16:00:00,0,23.9,8.0,5.666666666666666,17192.030000000002
2015-04-16 17:00:00,0,23.3,8.0,5.138888888888888,16425.17
2015-04-16 18:00:00,0,22.8,9.0,5.138888888888888,15718.689999999997
2015-04-16 19:00:00,0,22.2,10.0,5.666666666666666,15468.24
2015-04-16 20:00:00,0,21.1,11.0,5.138888888888888,14979.810000000001
2015-04-16 21:00:00,0,19.4,13.0,2.5833333333333335,14650.86
2015-04-16 22:00:00,0,19.4,14.0,0.0,13922.789999999999
2015-04-16 23:00:00,0,18.3,16.0,2.055555555555556,13481.37
2015-04-17 00:00:00,0,16.1,20.0,2.5833333333333335,13208.48
2015-04-17 01:00:00,0,15.6,22.0,1.5555555555555554,13062.050000000001
2015-04-17 02:00:00,0,15.0,21.0,4.638888888888888,13301.789999999999
2015-04-17 03:00:00,0,13.9,22.0,1.5555555555555554,13198.980000000005
2015-04-17 04:00:00,0,13.3,24.0,1.5555555555555554,13371.069999999996
2015-04-17 05:00:00,0,13.3,26.0,2.5833333333333335,13839.03
2015-04-17 06:00:00,0,13.9,27.0,0.0,14408.859999999999
2015-04-17 07:00:00,0,16.1,22.0,2.5833333333333335,15112.04
2015-04-17 08:00:00,0,18.3,22.0,0.0,15835.18
2015-04-17 09:00:00,0,20.0,20.0,1.5555555555555554,16515.93
2015-04-17 10:00:00,0,22.2,17.0,2.055555555555556,16992.899999999998
2015-04-17 11:00:00,0,22.2,16.0,0.0,17268.09
2015-04-17 12:00:00,0,24.4,13.0,3.083333333333333,17282.999999999993
2015-04-17 13:00:00,0,26.1,11.0,3.083333333333333,17184.749999999996
2015-04-17 14:00:00,0,26.1,12.0,6.166666666666666,17202.16
2015-04-17 15:00:00,0,26.1,12.0,4.111111111111112,16890.452500000003
2015-04-17 16:00:00,0,26.7,10.0,5.138888888888888,16560.567500000005
2015-04-17 17:00:00,0,27.2,10.0,5.666666666666666,15949.740000000002
2015-04-17 18:00:00,0,26.1,11.0,4.111111111111112,15094.370000000003
2015-04-17 19:00:00,0,25.0,12.0,3.611111111111111,14845.81
2015-04-17 20:00:00,0,23.3,15.0,2.5833333333333335,14509.849999999999
2015-04-17 21:00:00,0,22.8,14.0,3.083333333333333,14239.85
2015-04-17 22:00:00,0,22.2,13.0,3.083333333333333,13595.709999999997
2015-04-17 23:00:00,0,21.1,16.0,2.5833333333333335,13187.580000000002
2015-04-18 00:00:00,1,20.0,17.0,2.055555555555556,12825.330000000002
2015-04-18 01:00:00,1,18.9,19.0,2.5833333333333335,12777.380000000001
2015-04-18 02:00:00,1,17.2,23.0,1.5555555555555554,12762.960000000001
2015-04-18 03:00:00,1,16.7,23.0,4.111111111111112,12726.319999999996
2015-04-18 04:00:00,1,16.1,26.0,2.5833333333333335,12972.380000000001
2015-04-18 05:00:00,1,15.6,26.0,2.055555555555556,13026.229999999998
2015-04-18 06:00:00,1,15.6,27.0,3.083333333333333,12966.89
2015-04-18 07:00:00,1,18.3,22.0,3.083333333333333,13193.740000000002
2015-04-18 08:00:00,1,20.6,19.0,2.5833333333333335,13588.050000000003
2015-04-18 09:00:00,1,23.3,16.0,2.055555555555556,13898.150000000001
2015-04-18 10:00:00,1,25.0,13.0,0.0,14124.37
2015-04-18 11:00:00,1,28.3,9.0,4.638888888888888,14263.749999999998
2015-04-18 12:00:00,1,30.6,8.0,5.138888888888888,14328.039999999999
2015-04-18 13:00:00,1,30.6,7.0,7.194444444444444,14296.630000000001
2015-04-18 14:00:00,1,30.6,8.0,5.666666666666666,14308.809999999996
2015-04-18 15:00:00,1,31.7,7.0,6.694444444444445,14270.029999999999
2015-04-18 16:00:00,1,31.7,7.0,4.638888888888888,14168.599999999999
2015-04-18 17:00:00,1,31.1,7.0,4.638888888888888,13956.53
2015-04-18 18:00:00,1,30.0,7.0,4.638888888888888,13780.480000000001
2015-04-18 19:00:00,1,27.8,9.0,3.083333333333333,13885.98
2015-04-18 20:00:00,1,26.7,9.0,2.5833333333333335,13626.62
2015-04-18 21:00:00,1,26.7,10.0,4.111111111111112,13282.52
2015-04-18 22:00:00,1,25.6,11.0,3.083333333333333,13136.98
2015-04-18 23:00:00,1,25.6,11.0,3.083333333333333,12945.400000000001
2015-04-19 00:00:00,1,23.9,15.0,3.083333333333333,12798.77
2015-04-19 01:00:00,1,22.2,17.0,2.055555555555556,12678.570000000002
2015-04-19 02:00:00,1,20.0,21.0,1.5555555555555554,12666.83
2015-04-19 03:00:00,1,19.4,23.0,2.055555555555556,12612.82
2015-04-19 04:00:00,1,18.3,23.0,2.5833333333333335,12793.259999999998
2015-04-19 05:00:00,1,16.7,24.0,3.083333333333333,12885.139999999998
2015-04-19 06:00:00,1,18.3,22.0,3.611111111111111,12777.849999999999
2015-04-19 07:00:00,1,20.6,21.0,3.611111111111111,13010.0
2015-04-19 08:00:00,1,23.3,19.0,2.5833333333333335,13346.91
2015-04-19 09:00:00,1,25.6,15.0,2.055555555555556,13551.599999999997
2015-04-19 10:00:00,1,27.2,13.0,0.0,13749.830000000002
2015-04-19 11:00:00,1,29.4,11.0,2.055555555555556,13919.150000000001
2015-04-19 12:00:00,1,30.0,10.0,0.0,14065.200000000003
2015-04-19 13:00:00,1,32.2,8.0,3.083333333333333,14185.780000000002
2015-04-19 14:00:00,1,32.8,7.0,3.611111111111111,14292.039999999997
2015-04-19 15:00:00,1,32.2,7.0,5.138888888888888,14351.740000000002
2015-04-19 16:00:00,1,32.2,7.0,4.111111111111112,14217.499999999998
2015-04-19 17:00:00,1,32.2,7.0,2.5833333333333335,14020.660000000002
2015-04-19 18:00:00,1,31.7,7.0,5.138888888888888,13821.8
2015-04-19 19:00:00,1,29.4,8.0,2.055555555555556,13932.41
2015-04-19 20:00:00,1,27.2,11.0,2.055555555555556,13630.650000000001
2015-04-19 21:00:00,1,26.7,12.0,0.0,13513.000000000002
2015-04-19 22:00:00,1,27.8,11.0,1.5555555555555554,13312.55
2015-04-19 23:00:00,1,24.4,16.0,1.5555555555555554,13133.069999999998
2015-04-20 00:00:00,0,25.0,13.0,2.055555555555556,13025.379999999996
2015-04-20 01:00:00,0,21.7,22.0,0.0,12953.849999999999
2015-04-20 02:00:00,0,20.6,24.0,1.5555555555555554,12993.41
2015-04-20 03:00:00,0,20.0,25.0,3.083333333333333,13119.892500000002
2015-04-20 04:00:00,0,18.9,28.0,4.111111111111112,13475.09
2015-04-20 05:00:00,0,18.3,26.0,5.138888888888888,13828.13
2015-04-20 06:00:00,0,18.9,22.0,5.138888888888888,14064.44
2015-04-20 07:00:00,0,21.1,19.0,4.638888888888888,14677.16
2015-04-20 08:00:00,0,23.9,15.0,2.5833333333333335,15697.87
2015-04-20 09:00:00,0,26.7,12.0,2.5833333333333335,16669.45
2015-04-20 10:00:00,0,28.9,10.0,2.055555555555556,17342.329999999994
2015-04-20 11:00:00,0,30.0,9.5,1.8055555555555556,17617.540000000005
2015-04-20 12:00:00,0,31.1,9.0,1.5555555555555554,17610.87
2015-04-20 13:00:00,0,31.7,8.0,2.055555555555556,17820.579999999994
2015-04-20 14:00:00,0,32.2,8.0,0.0,17924.23
2015-04-20 15:00:00,0,32.8,7.0,1.5555555555555554,17908.850000000002
2015-04-20 16:00:00,0,32.2,8.0,0.0,17705.270000000004
2015-04-20 17:00:00,0,32.2,7.0,5.138888888888888,16889.43
2015-04-20 18:00:00,0,31.7,7.0,4.111111111111112,16097.77
2015-04-20 19:00:00,0,31.1,8.0,4.111111111111112,15684.829999999998
2015-04-20 20:00:00,0,27.8,11.0,2.5833333333333335,15356.32
2015-04-20 21:00:00,0,26.7,13.0,4.111111111111112,14683.319999999996
2015-04-20 22:00:00,0,26.7,13.0,5.666666666666666,13897.009999999995
2015-04-20 23:00:00,0,25.6,15.0,3.611111111111111,13431.890000000001
2015-04-21 00:00:00,0,25.0,15.0,2.5833333333333335,13135.810000000001
2015-04-21 01:00:00,0,22.8,20.0,3.083333333333333,13131.74
2015-04-21 02:00:00,0,20.6,22.0,3.083333333333333,13071.03
2015-04-21 03:00:00,0,20.6,22.0,3.083333333333333,12964.589999999998
2015-04-21 04:00:00,0,20.6,21.0,3.083333333333333,13117.190000000002
2015-04-21 05:00:00,0,18.9,23.0,2.5833333333333335,13542.98
2015-04-21 06:00:00,0,19.4,22.0,3.611111111111111,13945.590000000002
2015-04-21 07:00:00,0,21.7,17.0,4.111111111111112,14652.550000000003
2015-04-21 08:00:00,0,23.9,13.0,2.055555555555556,15769.54
2015-04-21 09:00:00,0,26.1,11.0,4.638888888888888,16937.69
2015-04-21 10:00:00,0,28.3,9.0,3.611111111111111,17501.18
2015-04-21 11:00:00,0,29.4,8.0,2.055555555555556,17930.81000000001
2015-04-21 12:00:00,0,30.0,8.0,2.055555555555556,17935.95
2015-04-21 13:00:00,0,31.1,5.0,4.111111111111112,18035.580000000005
2015-04-21 14:00:00,0,31.7,6.0,6.166666666666666,18180.749999999996
2015-04-21 15:00:00,0,31.7,7.0,3.083333333333333,18102.8
2015-04-21 16:00:00,0,31.1,6.0,5.138888888888888,17698.21
2015-04-21 17:00:00,0,31.1,6.0,3.083333333333333,16870.899999999998
2015-04-21 18:00:00,0,29.4,8.0,6.694444444444445,15967.649999999998
2015-04-21 19:00:00,0,28.3,12.0,7.194444444444444,15696.149999999996
2015-04-21 20:00:00,0,26.7,12.0,6.694444444444445,15289.100000000006
2015-04-21 21:00:00,0,25.0,17.0,5.138888888888888,14724.030000000004
2015-04-21 22:00:00,0,24.4,16.0,4.638888888888888,13864.95
2015-04-21 23:00:00,0,23.3,18.0,2.5833333333333335,13352.119999999995
2015-04-22 00:00:00,0,21.7,20.0,3.611111111111111,13053.399999999998
2015-04-22 01:00:00,0,21.1,19.0,3.611111111111111,12990.58
2015-04-22 02:00:00,0,19.4,22.0,3.083333333333333,12924.289999999999
2015-04-22 03:00:00,0,19.4,24.0,0.0,12943.26
2015-04-22 04:00:00,0,18.3,28.0,2.5833333333333335,13110.23
2015-04-22 05:00:00,0,18.3,29.0,1.5555555555555554,13461.17
2015-04-22 06:00:00,0,19.4,28.0,2.5833333333333335,13874.460000000003
2015-04-22 07:00:00,0,20.6,29.0,3.611111111111111,14612.230000000007
2015-04-22 08:00:00,0,22.2,27.0,2.055555555555556,15721.130000000001
2015-04-22 09:00:00,0,24.4,23.0,3.083333333333333,16645.98
2015-04-22 10:00:00,0,25.6,19.0,3.083333333333333,17122.047500000004
2015-04-22 11:00:00,0,26.7,15.0,1.5555555555555554,17463.825
2015-04-22 12:00:00,0,29.4,12.0,3.083333333333333,17641.089999999997
2015-04-22 13:00:00,0,28.9,10.0,4.111111111111112,17629.38
2015-04-22 14:00:00,0,30.0,10.0,2.055555555555556,17809.629999999997
2015-04-22 15:00:00,0,31.1,8.0,4.638888888888888,17817.989999999998
2015-04-22 16:00:00,0,31.1,7.0,6.694444444444445,17408.300000000003
2015-04-22 17:00:00,0,29.4,8.0,5.666666666666666,16691.819999999996
2015-04-22 18:00:00,0,28.3,11.0,7.194444444444444,15895.759999999998
2015-04-22 19:00:00,0,26.7,15.0,6.694444444444445,15605.130000000001
2015-04-22 20:00:00,0,25.0,16.0,6.166666666666666,15318.1425
2015-04-22 21:00:00,0,23.9,16.0,4.638888888888888,14679.275
2015-04-22 22:00:00,0,23.3,16.0,2.5833333333333335,13806.0175
2015-04-22 23:00:00,0,21.7,19.0,1.5555555555555554,13322.5625
2015-04-23 00:00:00,0,21.1,20.0,3.083333333333333,13062.3525
2015-04-23 01:00:00,0,20.0,21.0,4.638888888888888,13002.257500000002
2015-04-23 02:00:00,0,19.4,26.0,3.611111111111111,13013.5375
2015-04-23 03:00:00,0,18.9,28.0,2.055555555555556,12984.960000000001
2015-04-23 04:00:00,0,17.8,30.0,1.5555555555555554,13188.472499999996
2015-04-23 05:00:00,0,17.2,30.0,1.5555555555555554,13565.630000000003
2015-04-23 06:00:00,0,18.9,28.0,2.055555555555556,13895.929999999998
2015-04-23 07:00:00,0,20.0,28.0,1.5555555555555554,14604.2
2015-04-23 08:00:00,0,21.7,23.0,2.055555555555556,15680.337500000001
2015-04-23 09:00:00,0,22.2,20.0,2.055555555555556,16536.7025
2015-04-23 10:00:00,0,23.3,18.0,0.0,16846.335000000003
2015-04-23 11:00:00,0,25.0,16.0,2.055555555555556,17556.890000000003
2015-04-23 12:00:00,0,25.6,17.0,2.055555555555556,17669.3675
2015-04-23 13:00:00,0,26.7,16.0,2.055555555555556,17540.182499999995
2015-04-23 14:00:00,0,26.7,17.0,1.5555555555555554,17586.984999999997
2015-04-23 15:00:00,0,27.8,16.0,4.638888888888888,17671.684999999998
2015-04-23 16:00:00,0,27.2,16.0,5.138888888888888,17420.215
2015-04-23 17:00:00,0,27.2,18.0,2.055555555555556,16645.014999999996
2015-04-23 18:00:00,0,26.7,18.0,5.138888888888888,15807.819999999998
2015-04-23 19:00:00,0,26.1,20.0,4.638888888888888,15469.429999999997
2015-04-23 20:00:00,0,24.4,25.0,4.111111111111112,15203.772499999995
2015-04-23 21:00:00,0,23.3,28.0,5.138888888888888,14660.12
2015-04-23 22:00:00,0,22.2,31.0,4.638888888888888,13923.595
2015-04-23 23:00:00,0,21.7,32.0,2.5833333333333335,13421.407500000001
2015-04-24 00:00:00,0,20.6,33.0,1.5555555555555554,13103.5475
2015-04-24 01:00:00,0,18.9,36.0,3.611111111111111,12931.6725
2015-04-24 02:00:00,0,18.3,40.0,2.5833333333333335,12967.987500000001
2015-04-24 03:00:00,0,17.2,46.0,3.611111111111111,12979.5275
2015-04-24 04:00:00,0,17.2,50.0,3.611111111111111,13065.922499999999
2015-04-24 05:00:00,0,17.2,52.0,3.611111111111111,13596.399999999998
2015-04-24 06:00:00,0,16.7,56.0,3.611111111111111,13934.19
2015-04-24 07:00:00,0,17.8,54.0,3.611111111111111,14381.350000000002
2015-04-24 08:00:00,0,17.8,65.0,3.611111111111111,15321.799999999997
2015-04-24 09:00:00,0,19.4,51.0,0.0,16143.320000000005
2015-04-24 10:00:00,0,22.2,44.0,3.611111111111111,16764.88
2015-04-24 11:00:00,0,22.8,42.0,1.5555555555555554,17067.07
2015-04-24 12:00:00,0,18.9,68.0,5.666666666666666,17124.070000000003
2015-04-24 13:00:00,0,20.6,57.0,4.111111111111112,17066.210000000003
2015-04-24 14:00:00,0,22.8,42.0,4.111111111111112,17262.470000000005
2015-04-24 15:00:00,0,23.9,37.0,4.111111111111112,16979.809999999998
2015-04-24 16:00:00,0,24.4,36.0,0.0,16607.640000000003
2015-04-24 17:00:00,0,25.0,34.0,3.083333333333333,15865.120000000003
2015-04-24 18:00:00,0,24.4,35.0,1.5555555555555554,15102.470000000001
2015-04-24 19:00:00,0,23.9,37.0,2.055555555555556,14873.250000000005
2015-04-24 20:00:00,0,22.8,39.0,1.5555555555555554,14718.1075
2015-04-24 21:00:00,0,22.2,33.0,4.111111111111112,14458.3
2015-04-24 22:00:00,0,21.1,35.0,2.055555555555556,13672.8025
2015-04-24 23:00:00,0,20.6,36.0,0.0,13196.9925
2015-04-25 00:00:00,1,21.7,30.0,1.5555555555555554,12854.232500000002
2015-04-25 01:00:00,1,20.6,36.0,1.5555555555555554,12604.900000000003
2015-04-25 02:00:00,1,18.9,38.0,0.0,12663.977499999999
2015-04-25 03:00:00,1,17.8,43.0,2.5833333333333335,12686.834999999994
2015-04-25 04:00:00,1,17.2,46.0,3.611111111111111,12835.369999999997
2015-04-25 05:00:00,1,16.1,50.0,3.083333333333333,12874.875000000004
2015-04-25 06:00:00,1,16.7,48.0,3.611111111111111,12866.079999999998
2015-04-25 07:00:00,1,17.8,45.0,3.083333333333333,13204.01
2015-04-25 08:00:00,1,20.6,40.0,2.5833333333333335,13517.490000000003
2015-04-25 09:00:00,1,22.2,37.0,3.611111111111111,13879.21
2015-04-25 10:00:00,1,22.8,37.0,1.5555555555555554,13903.345
2015-04-25 11:00:00,1,24.4,32.0,7.194444444444444,14001.742499999998
2015-04-25 12:00:00,1,25.0,30.0,1.5555555555555554,14027.0775
2015-04-25 13:00:00,1,25.6,28.0,4.111111111111112,14016.679999999998
2015-04-25 14:00:00,1,26.7,26.0,4.111111111111112,14017.02
2015-04-25 15:00:00,1,26.7,27.0,6.694444444444445,13948.502499999995
2015-04-25 16:00:00,1,25.6,30.0,7.722222222222222,13808.772500000001
2015-04-25 17:00:00,1,24.4,29.0,8.75,13610.632499999998
2015-04-25 18:00:00,1,23.3,27.0,5.666666666666666,13472.425000000001
2015-04-25 19:00:00,1,22.8,29.0,9.777777777777779,13499.042499999998
2015-04-25 20:00:00,1,21.7,30.0,8.75,13429.207499999999
2015-04-25 21:00:00,1,20.6,36.0,6.166666666666666,13211.074999999997
2015-04-25 22:00:00,1,20.0,39.0,15.444444444444445,12974.227499999997
2015-04-25 23:00:00,1,15.0,69.5,10.041666666666668,12921.2975
2015-04-26 00:00:00,1,13.3,87.0,2.5833333333333335,12907.229999999998
2015-04-26 01:00:00,1,13.9,81.0,0.0,12842.294999999998
2015-04-26 02:00:00,1,13.9,83.0,2.5833333333333335,12820.262499999999
2015-04-26 03:00:00,1,13.9,81.0,3.083333333333333,12832.945000000003
2015-04-26 04:00:00,1,14.4,78.0,4.111111111111112,13009.760000000002
2015-04-26 05:00:00,1,12.5,81.5,2.5833333333333335,13209.117499999998
2015-04-26 06:00:00,1,13.9,83.0,2.5833333333333335,13199.8475
2015-04-26 07:00:00,1,14.4,78.0,1.5555555555555554,13265.477499999999
2015-04-26 08:00:00,1,16.1,64.0,3.611111111111111,13350.647499999997
2015-04-26 09:00:00,1,17.2,56.0,5.666666666666666,13410.4125
2015-04-26 10:00:00,1,18.9,50.0,4.638888888888888,13473.949999999999
2015-04-26 11:00:00,1,19.4,45.0,3.611111111111111,13527.53
2015-04-26 12:00:00,1,21.1,39.0,2.5833333333333335,13795.110000000002
2015-04-26 13:00:00,1,20.6,45.0,8.222222222222223,13838.919999999998
2015-04-26 14:00:00,1,21.4,40.0,4.888888888888889,13784.829999999998
2015-04-26 15:00:00,1,23.3,29.0,3.083333333333333,13878.880000000001
2015-04-26 16:00:00,1,20.0,44.0,7.194444444444444,13615.910000000002
2015-04-26 17:00:00,1,20.0,47.0,2.5833333333333335,13487.01
2015-04-26 18:00:00,1,18.9,56.0,4.638888888888888,13413.070000000003
2015-04-26 19:00:00,1,18.9,52.0,4.638888888888888,13502.260000000004
2015-04-26 20:00:00,1,18.3,58.0,4.638888888888888,13338.6425
2015-04-26 21:00:00,1,17.8,58.0,1.5555555555555554,13155.424999999997
2015-04-26 22:00:00,1,17.2,60.0,0.0,13112.4725
2015-04-26 23:00:00,1,16.7,65.0,0.0,12938.6125
2015-04-27 00:00:00,0,15.6,69.0,0.0,12798.099999999999
2015-04-27 01:00:00,0,15.6,72.0,0.0,12801.4875
2015-04-27 02:00:00,0,15.0,75.0,1.5555555555555554,13106.974999999999
2015-04-27 03:00:00,0,14.4,78.0,2.5833333333333335,13236.224999999999
2015-04-27 04:00:00,0,14.4,72.0,2.5833333333333335,13570.202499999998
2015-04-27 05:00:00,0,13.9,72.0,1.5555555555555554,14016.74
2015-04-27 06:00:00,0,15.0,67.0,0.0,14265.900000000001
2015-04-27 07:00:00,0,17.2,58.0,1.5555555555555554,14974.460000000005
2015-04-27 08:00:00,0,18.3,50.0,1.5555555555555554,15768.149999999998
2015-04-27 09:00:00,0,21.1,41.0,0.0,16617.89
2015-04-27 10:00:00,0,23.3,28.0,0.0,17115.970000000005
2015-04-27 11:00:00,0,25.0,24.0,0.0,17364.379999999997
2015-04-27 12:00:00,0,26.1,22.0,3.083333333333333,17380.27999999999
2015-04-27 13:00:00,0,27.2,21.0,0.0,17384.029999999995
2015-04-27 14:00:00,0,28.3,18.0,1.5555555555555554,17445.809999999998
2015-04-27 15:00:00,0,28.3,18.0,0.0,17437.0
2015-04-27 16:00:00,0,29.4,17.0,1.5555555555555554,17190.769999999993
2015-04-27 17:00:00,0,29.4,17.0,3.083333333333333,16538.020000000004
2015-04-27 18:00:00,0,28.3,19.0,2.5833333333333335,15721.14
2015-04-27 19:00:00,0,27.2,22.0,2.5833333333333335,15389.400000000001
2015-04-27 20:00:00,0,28.3,20.0,2.5833333333333335,15143.342499999999
2015-04-27 21:00:00,0,26.1,25.0,0.0,14679.457500000002
2015-04-27 22:00:00,0,24.4,30.0,2.055555555555556,13866.24
2015-04-27 23:00:00,0,23.3,34.0,1.5555555555555554,13397.395
2015-04-28 00:00:00,0,22.2,40.0,1.5555555555555554,13249.512499999999
2015-04-28 01:00:00,0,21.1,44.0,2.5833333333333335,13139.615
2015-04-28 02:00:00,0,21.7,39.0,4.111111111111112,13137.824999999999
2015-04-28 03:00:00,0,21.1,41.0,5.666666666666666,13039.949999999997
2015-04-28 04:00:00,0,20.0,45.0,3.083333333333333,13150.8975
2015-04-28 05:00:00,0,20.6,44.0,3.083333333333333,13524.707499999999
2015-04-28 06:00:00,0,20.6,45.0,4.111111111111112,13999.390000000001
2015-04-28 07:00:00,0,23.9,33.0,4.111111111111112,14731.619999999999
2015-04-28 08:00:00,0,25.6,28.0,4.111111111111112,15819.950000000004
2015-04-28 09:00:00,0,27.8,21.0,5.666666666666666,16785.090000000007
2015-04-28 10:00:00,0,28.9,19.0,4.111111111111112,17502.110000000004
2015-04-28 11:00:00,0,30.0,18.0,3.611111111111111,17814.28
2015-04-28 12:00:00,0,31.1,16.0,3.083333333333333,17939.01
2015-04-28 13:00:00,0,32.2,16.0,1.5555555555555554,18104.82
2015-04-28 14:00:00,0,32.8,15.0,3.611111111111111,18173.86
2015-04-28 15:00:00,0,32.8,14.0,4.638888888888888,18134.22
2015-04-28 16:00:00,0,32.8,13.0,2.055555555555556,17765.4325
2015-04-28 17:00:00,0,32.2,15.0,3.083333333333333,17060.649999999998
2015-04-28 18:00:00,0,31.7,15.0,2.055555555555556,16176.720000000007
2015-04-28 19:00:00,0,30.6,17.0,2.055555555555556,15621.610000000002
2015-04-28 20:00:00,0,28.9,20.0,2.5833333333333335,15367.939999999999
2015-04-28 21:00:00,0,28.3,20.0,5.138888888888888,14815.28
2015-04-28 22:00:00,0,27.2,21.0,5.666666666666666,13990.519999999997
2015-04-28 23:00:00,0,25.6,25.0,2.5833333333333335,13500.469999999998
2015-04-29 00:00:00,0,24.4,29.0,1.5555555555555554,13297.46
2015-04-29 01:00:00,0,23.9,31.0,3.083333333333333,13058.25
2015-04-29 02:00:00,0,23.3,33.0,2.5833333333333335,13170.970000000003
2015-04-29 03:00:00,0,22.8,34.0,3.083333333333333,13141.547499999999
2015-04-29 04:00:00,0,22.2,35.0,0.0,13134.660000000002
2015-04-29 05:00:00,0,21.7,36.0,0.0,13610.98
2015-04-29 06:00:00,0,22.8,34.0,2.5833333333333335,14026.159999999998
2015-04-29 07:00:00,0,25.0,29.0,3.611111111111111,14826.679999999998
2015-04-29 08:00:00,0,27.2,20.0,3.611111111111111,15857.629999999997
2015-04-29 09:00:00,0,28.9,17.0,4.638888888888888,16747.94
2015-04-29 10:00:00,0,31.1,13.0,4.638888888888888,17350.660000000007
2015-04-29 11:00:00,0,31.1,13.0,4.111111111111112,17733.589999999997
2015-04-29 12:00:00,0,31.7,14.0,4.638888888888888,17865.8
2015-04-29 13:00:00,0,32.8,12.0,1.5555555555555554,17963.749999999996
2015-04-29 14:00:00,0,33.9,11.0,2.055555555555556,18075.132499999996
2015-04-29 15:00:00,0,34.4,9.0,2.5833333333333335,17971.859999999997
2015-04-29 16:00:00,0,34.4,8.0,4.111111111111112,17729.032499999998
2015-04-29 17:00:00,0,33.3,9.0,3.611111111111111,16988.98
2015-04-29 18:00:00,0,32.8,10.0,2.5833333333333335,16190.1775
2015-04-29 19:00:00,0,31.1,11.0,1.5555555555555554,15825.879999999997
2015-04-29 20:00:00,0,30.0,13.0,0.0,15441.189999999999
2015-04-29 21:00:00,0,30.0,13.0,0.0,14837.74
2015-04-29 22:00:00,0,27.8,18.0,0.0,14176.289999999999
2015-04-29 23:00:00,0,26.1,23.0,2.5833333333333335,13723.77
2015-04-30 00:00:00,0,25.0,23.0,3.083333333333333,13413.039999999999
2015-04-30 01:00:00,0,24.4,23.0,3.083333333333333,13374.530000000002
2015-04-30 02:00:00,0,23.3,24.0,3.083333333333333,13287.559999999998
2015-04-30 03:00:00,0,23.3,21.0,3.611111111111111,13129.959999999997
2015-04-30 04:00:00,0,21.7,25.0,2.5833333333333335,13403.729999999998
2015-04-30 05:00:00,0,22.2,22.0,2.5833333333333335,13688.569999999998
2015-04-30 06:00:00,0,22.8,24.0,3.611111111111111,14106.62
2015-04-30 07:00:00,0,25.6,21.0,5.138888888888888,14771.0
2015-04-30 08:00:00,0,27.8,17.0,4.111111111111112,15874.219999999998
2015-04-30 09:00:00,0,30.0,12.0,3.083333333333333,16857.420000000006
2015-04-30 10:00:00,0,32.2,10.0,3.611111111111111,17577.199999999997
2015-04-30 11:00:00,0,33.9,8.0,2.055555555555556,17882.970000000005
2015-04-30 12:00:00,0,34.4,6.0,2.055555555555556,14049.3625
2015-04-30 13:00:00,0,35.0,8.0,1.5555555555555554,18142.36999999999
2015-04-30 14:00:00,0,35.6,7.0,1.5555555555555554,14187.4575
2015-04-30 15:00:00,0,35.6,7.0,0.0,18204.989999999998
2015-04-30 16:00:00,0,36.1,6.0,2.055555555555556,17982.63
2015-04-30 17:00:00,0,36.1,6.0,0.0,17324.12000000001
2015-04-30 18:00:00,0,35.6,7.0,0.0,16341.319999999996
2015-04-30 19:00:00,0,34.4,8.0,2.055555555555556,15796.709999999994
2015-04-30 20:00:00,0,33.3,9.0,3.083333333333333,15447.860000000004
2015-04-30 21:00:00,0,30.0,14.0,0.0,14958.439999999999
2015-04-30 22:00:00,0,28.9,17.0,0.0,14099.519999999997
2015-04-30 23:00:00,0,27.8,18.0,3.083333333333333,13596.820000000002
2015-05-01 00:00:00,0,25.6,25.0,0.0,13259.4
2015-05-01 01:00:00,0,25.0,24.0,0.0,13162.34
2015-05-01 02:00:00,0,24.4,25.0,0.0,13181.22
2015-05-01 03:00:00,0,23.3,24.0,3.611111111111111,13069.66
2015-05-01 04:00:00,0,22.2,27.0,2.5833333333333335,13169.769999999999
2015-05-01 05:00:00,0,21.7,28.0,3.083333333333333,13719.189999999999
2015-05-01 06:00:00,0,22.8,23.0,3.083333333333333,14056.18
2015-05-01 07:00:00,0,25.0,19.0,3.611111111111111,14676.679999999998
2015-05-01 08:00:00,0,27.8,16.0,3.083333333333333,15742.289999999997
2015-05-01 09:00:00,0,30.6,13.0,0.0,16624.149999999998
2015-05-01 10:00:00,0,32.8,9.0,1.5555555555555554,17326.910000000003
2015-05-01 11:00:00,0,33.9,9.0,3.083333333333333,17673.980000000003
2015-05-01 12:00:00,0,36.1,7.0,3.611111111111111,17735.739999999998
2015-05-01 13:00:00,0,36.7,6.0,3.611111111111111,14846.265000000001
2015-05-01 14:00:00,0,37.8,6.0,3.611111111111111,14209.400000000007
2015-05-01 15:00:00,0,37.2,5.0,5.138888888888888,17700.25
2015-05-01 16:00:00,0,37.2,5.0,3.611111111111111,17254.717500000002
2015-05-01 17:00:00,0,37.2,5.0,6.166666666666666,16604.380000000005
2015-05-01 18:00:00,0,36.1,6.0,5.666666666666666,15671.502499999997
2015-05-01 19:00:00,0,34.4,7.0,4.111111111111112,15300.287500000004
2015-05-01 20:00:00,0,32.2,10.0,3.083333333333333,12170.05
2015-05-01 21:00:00,0,31.7,11.0,4.111111111111112,12153.757500000002
2015-05-01 22:00:00,0,28.3,15.0,2.055555555555556,12930.785
2015-05-01 23:00:00,0,29.4,14.0,3.083333333333333,13434.450000000003
2015-05-02 00:00:00,1,30.0,13.0,5.138888888888888,12927.520000000002
2015-05-02 01:00:00,1,27.8,16.0,1.5555555555555554,12603.235000000002
2015-05-02 02:00:00,1,25.6,20.0,0.0,12663.289999999999
2015-05-02 03:00:00,1,25.0,21.0,3.611111111111111,12685.542499999994
2015-05-02 04:00:00,1,24.4,23.0,3.083333333333333,12833.482499999998
2015-05-02 05:00:00,1,22.8,26.0,4.111111111111112,12871.607500000006
2015-05-02 06:00:00,1,23.3,24.0,3.611111111111111,12866.079999999998
2015-05-02 07:00:00,1,25.0,24.0,4.111111111111112,13204.01
2015-05-02 08:00:00,1,27.2,21.0,3.611111111111111,13517.490000000003
2015-05-02 09:00:00,1,30.0,16.0,2.5833333333333335,13879.21
2015-05-02 10:00:00,1,31.7,13.0,2.055555555555556,14238.579999999998
2015-05-02 11:00:00,1,33.3,12.0,0.0,14446.169999999996
2015-05-02 12:00:00,1,35.0,10.0,3.083333333333333,14543.729999999996
2015-05-02 13:00:00,1,34.4,11.0,0.0,14577.679999999998
2015-05-02 14:00:00,1,35.6,9.0,5.138888888888888,14605.810000000001
2015-05-02 15:00:00,1,36.1,9.0,3.611111111111111,14622.43
2015-05-02 16:00:00,1,35.6,10.0,2.055555555555556,14469.849999999999
2015-05-02 17:00:00,1,36.1,10.0,5.138888888888888,14265.4
2015-05-02 18:00:00,1,35.0,11.0,3.611111111111111,14065.87
2015-05-02 19:00:00,1,34.4,12.0,4.638888888888888,14099.439999999997
2015-05-02 20:00:00,1,32.2,15.0,6.166666666666666,13873.48
2015-05-02 21:00:00,1,31.1,18.0,3.083333333333333,13555.29
2015-05-02 22:00:00,1,30.0,18.0,4.638888888888888,13315.940000000002
2015-05-02 23:00:00,1,28.9,20.0,2.5833333333333335,13124.27
2015-05-03 00:00:00,1,28.9,19.0,2.055555555555556,13037.07
2015-05-03 01:00:00,1,28.3,21.0,3.611111111111111,12913.01
2015-05-03 02:00:00,1,27.2,24.0,3.083333333333333,12873.9
2015-05-03 03:00:00,1,26.1,25.0,0.0,12957.22
2015-05-03 04:00:00,1,25.6,29.0,2.055555555555556,12979.900000000001
2015-05-03 05:00:00,1,23.9,33.0,2.5833333333333335,12969.67
2015-05-03 06:00:00,1,24.4,32.0,3.083333333333333,12869.290000000005
2015-05-03 07:00:00,1,26.1,29.0,2.5833333333333335,13252.110000000004
2015-05-03 08:00:00,1,28.3,26.0,4.111111111111112,13541.44
2015-05-03 09:00:00,1,30.0,23.0,4.111111111111112,13834.590000000004
2015-05-03 10:00:00,1,32.2,19.0,2.5833333333333335,14006.029999999997
2015-05-03 11:00:00,1,31.7,21.0,0.0,14169.819999999994
2015-05-03 12:00:00,1,33.3,18.0,5.666666666666666,14367.640000000003
2015-05-03 13:00:00,1,33.9,16.0,3.083333333333333,14423.800000000001
2015-05-03 14:00:00,1,34.4,14.0,3.611111111111111,14519.240000000005
2015-05-03 15:00:00,1,35.0,13.0,3.611111111111111,14609.539999999994
2015-05-03 16:00:00,1,33.9,14.0,0.0,14359.92
2015-05-03 17:00:00,1,32.8,15.0,3.083333333333333,14083.01
2015-05-03 18:00:00,1,32.8,16.0,6.694444444444445,13927.010000000004
2015-05-03 19:00:00,1,31.1,18.0,4.638888888888888,13922.820000000002
2015-05-03 20:00:00,1,29.4,20.0,3.611111111111111,13825.729999999998
2015-05-03 21:00:00,1,28.9,25.0,3.083333333333333,13548.849999999999
2015-05-03 22:00:00,1,28.05,30.0,4.624999999999999,13293.890000000003
2015-05-03 23:00:00,1,26.7,36.0,3.611111111111111,13213.74
2015-05-04 00:00:00,0,26.1,38.0,4.638888888888888,13228.12
2015-05-04 01:00:00,0,21.7,73.0,7.194444444444444,12996.539999999999
2015-05-04 02:00:00,0,20.0,74.33333333333333,5.6574074074074066,13117.909999999998
2015-05-04 03:00:00,0,19.85,75.25,5.277777777777778,13422.709999999995
2015-05-04 04:00:00,0,18.666666666666668,82.33333333333333,6.351851851851851,13753.030000000002
2015-05-04 05:00:00,0,18.6,78.0,6.180555555555555,14320.7
2015-05-04 06:00:00,0,19.4,73.0,2.5833333333333335,14691.97
2015-05-04 07:00:00,0,20.6,70.0,4.111111111111112,15137.439999999999
2015-05-04 08:00:00,0,22.8,55.0,3.611111111111111,16091.05
2015-05-04 09:00:00,0,22.8,51.0,2.055555555555556,16883.149999999998
2015-05-04 10:00:00,0,25.6,42.0,1.5555555555555554,17292.202500000007
2015-05-04 11:00:00,0,27.2,38.0,2.5833333333333335,17577.18
2015-05-04 12:00:00,0,28.3,32.0,3.611111111111111,17636.170000000002
2015-05-04 13:00:00,0,28.9,31.0,5.666666666666666,17564.51
2015-05-04 14:00:00,0,28.3,31.0,5.138888888888888,17628.089999999997
2015-05-04 15:00:00,0,25.025,43.0,5.791666666666667,17358.135000000002
2015-05-04 16:00:00,0,26.15,34.5,5.916666666666666,17090.02
2015-05-04 17:00:00,0,27.2,26.0,3.611111111111111,16361.58
2015-05-04 18:00:00,0,24.4,37.0,9.249999999999998,15733.409999999996
2015-05-04 19:00:00,0,21.7,47.0,7.194444444444444,15292.210000000001
2015-05-04 20:00:00,0,20.6,53.0,6.166666666666666,15039.96
2015-05-04 21:00:00,0,21.7,45.0,4.638888888888888,14611.189999999997
2015-05-04 22:00:00,0,21.7,44.0,6.694444444444445,13890.810000000005
2015-05-04 23:00:00,0,20.0,65.0,2.5833333333333335,13546.119999999997
2015-05-05 00:00:00,0,20.0,61.0,2.5833333333333335,13360.990000000002
2015-05-05 01:00:00,0,21.1,55.0,2.5833333333333335,13234.48
2015-05-05 02:00:00,0,20.0,56.0,2.5833333333333335,13310.899999999996
2015-05-05 03:00:00,0,20.0,56.0,2.5833333333333335,13236.519999999999
2015-05-05 04:00:00,0,20.0,61.0,3.083333333333333,13401.86
2015-05-05 05:00:00,0,20.0,59.0,2.5833333333333335,13851.380000000003
2015-05-05 06:00:00,0,20.0,61.0,3.083333333333333,14314.989999999998
2015-05-05 07:00:00,0,20.0,59.0,2.055555555555556,14818.349999999999
2015-05-05 08:00:00,0,22.2,53.0,2.055555555555556,15572.049999999997
2015-05-05 09:00:00,0,22.8,48.0,1.5555555555555554,16543.23
2015-05-05 10:00:00,0,24.4,43.0,2.055555555555556,17126.280000000002
2015-05-05 11:00:00,0,25.0,39.0,5.138888888888888,17332.729999999996
2015-05-05 12:00:00,0,27.2,33.0,4.638888888888888,17457.079999999998
2015-05-05 13:00:00,0,27.2,31.0,4.111111111111112,17474.86500000001
2015-05-05 14:00:00,0,28.3,29.0,4.638888888888888,17551.1
2015-05-05 15:00:00,0,28.3,28.0,3.083333333333333,17428.864999999994
2015-05-05 16:00:00,0,29.4,26.0,2.055555555555556,17144.53
2015-05-05 17:00:00,0,28.9,25.0,5.666666666666666,16520.979999999996
2015-05-05 18:00:00,0,28.3,27.0,2.5833333333333335,15725.680000000002
2015-05-05 19:00:00,0,27.8,29.0,3.611111111111111,15328.150000000005
2015-05-05 20:00:00,0,27.2,30.0,2.5833333333333335,15138.799999999997
2015-05-05 21:00:00,0,27.2,31.0,0.0,14675.469999999996
2015-05-05 22:00:00,0,25.6,33.0,4.111111111111112,13926.740000000002
2015-05-05 23:00:00,0,25.6,31.0,2.5833333333333335,13535.020000000002
2015-05-06 00:00:00,0,25.0,32.0,2.5833333333333335,13249.63
2015-05-06 01:00:00,0,25.0,31.0,2.055555555555556,13169.489999999998
2015-05-06 02:00:00,0,23.9,33.0,0.0,13260.299999999997
2015-05-06 03:00:00,0,22.2,41.0,2.055555555555556,13226.269999999999
2015-05-06 04:00:00,0,21.7,47.0,3.611111111111111,13362.970000000001
2015-05-06 05:00:00,0,21.1,44.0,2.055555555555556,13703.51
2015-05-06 06:00:00,0,21.1,41.0,3.083333333333333,14193.56
2015-05-06 07:00:00,0,23.3,33.0,3.611111111111111,14843.4
2015-05-06 08:00:00,0,24.4,32.0,2.5833333333333335,15839.27
2015-05-06 09:00:00,0,26.7,27.0,3.611111111111111,16512.080000000005
2015-05-06 10:00:00,0,28.3,20.0,5.138888888888888,16935.329999999998
2015-05-06 11:00:00,0,28.3,19.0,4.638888888888888,17212.910000000007
2015-05-06 12:00:00,0,30.0,14.0,6.166666666666666,17113.3
2015-05-06 13:00:00,0,30.0,14.0,2.5833333333333335,17054.089999999997
2015-05-06 14:00:00,0,30.6,13.0,2.5833333333333335,17194.07
2015-05-06 15:00:00,0,31.7,12.0,3.083333333333333,17192.699999999997
2015-05-06 16:00:00,0,31.1,12.0,0.0,16867.9
2015-05-06 17:00:00,0,30.6,17.0,8.222222222222223,16280.370000000004
2015-05-06 18:00:00,0,28.9,17.0,9.777777777777779,15582.69
2015-05-06 19:00:00,0,26.7,20.0,6.694444444444445,15224.920000000006
2015-05-06 20:00:00,0,26.1,20.0,4.111111111111112,14949.480000000001
2015-05-06 21:00:00,0,24.4,20.0,4.111111111111112,14502.98
2015-05-06 22:00:00,0,23.9,22.0,2.055555555555556,13702.0
2015-05-06 23:00:00,0,22.8,25.0,3.083333333333333,13445.449999999997
2015-05-07 00:00:00,0,21.1,33.0,3.611111111111111,13320.84
2015-05-07 01:00:00,0,20.6,35.0,0.0,13112.539999999997
2015-05-07 02:00:00,0,20.0,36.0,0.0,13300.949999999997
2015-05-07 03:00:00,0,18.9,40.0,3.083333333333333,13101.530000000002
2015-05-07 04:00:00,0,18.3,42.0,3.083333333333333,13203.869999999997
2015-05-07 05:00:00,0,18.3,42.0,1.5555555555555554,13685.87
2015-05-07 06:00:00,0,19.4,40.0,2.055555555555556,13958.109999999999
2015-05-07 07:00:00,0,21.1,32.0,0.0,14720.53
2015-05-07 08:00:00,0,22.2,35.0,6.694444444444445,15672.320000000002
2015-05-07 09:00:00,0,22.75,34.0,5.138888888888888,16431.439999999995
2015-05-07 10:00:00,0,25.0,30.0,5.138888888888888,16860.760000000006
2015-05-07 11:00:00,0,27.2,23.0,6.694444444444445,17145.199999999997
2015-05-07 12:00:00,0,27.2,24.0,5.138888888888888,17110.97
2015-05-07 13:00:00,0,28.9,23.0,5.666666666666666,17180.390000000007
2015-05-07 14:00:00,0,30.0,19.0,7.194444444444444,17266.360000000004
2015-05-07 15:00:00,0,29.4,20.0,5.138888888888888,17211.050000000003
2015-05-07 16:00:00,0,28.9,19.0,4.638888888888888,16832.24000000001
2015-05-07 17:00:00,0,28.9,16.0,7.194444444444444,16136.71
2015-05-07 18:00:00,0,28.3,19.0,7.722222222222222,15385.629999999997
2015-05-07 19:00:00,0,25.6,27.0,8.222222222222223,15025.55
2015-05-07 20:00:00,0,24.4,25.0,5.138888888888888,14846.589999999998
2015-05-07 21:00:00,0,23.9,23.0,4.111111111111112,14390.819999999998
2015-05-07 22:00:00,0,22.2,24.0,2.055555555555556,13660.309999999998
2015-05-07 23:00:00,0,21.1,26.0,2.5833333333333335,13310.99
2015-05-08 00:00:00,0,20.0,21.0,3.611111111111111,13115.519999999997
2015-05-08 01:00:00,0,19.4,30.0,2.5833333333333335,12796.190000000002
2015-05-08 02:00:00,0,18.9,36.0,1.5555555555555554,13011.130000000001
2015-05-08 03:00:00,0,17.8,30.0,1.5555555555555554,13066.75
2015-05-08 04:00:00,0,16.7,35.0,2.5833333333333335,13090.1
2015-05-08 05:00:00,0,17.8,43.0,4.638888888888888,13555.340000000002
2015-05-08 06:00:00,0,17.8,43.0,3.083333333333333,13882.519999999999
2015-05-08 07:00:00,0,18.9,40.0,3.611111111111111,14505.979999999998
2015-05-08 08:00:00,0,19.4,37.0,4.638888888888888,15289.150000000005
2015-05-08 09:00:00,0,19.4,33.0,4.638888888888888,16023.53
2015-05-08 10:00:00,0,19.4,33.0,8.222222222222223,16285.660000000003
2015-05-08 11:00:00,0,19.4,34.0,6.166666666666666,16415.56
2015-05-08 12:00:00,0,19.4,34.0,7.194444444444444,16494.190000000002
2015-05-08 13:00:00,0,18.3,45.0,2.055555555555556,16523.65
2015-05-08 14:00:00,0,21.7,28.0,1.5555555555555554,16498.150000000005
2015-05-08 15:00:00,0,23.3,20.0,6.166666666666666,16381.989999999998
2015-05-08 16:00:00,0,22.8,19.0,7.722222222222222,16055.100000000002
2015-05-08 17:00:00,0,22.8,16.0,4.638888888888888,15555.859999999997
2015-05-08 18:00:00,0,21.7,18.0,6.166666666666666,14708.320000000002
2015-05-08 19:00:00,0,21.1,23.0,9.249999999999998,14441.160000000002
2015-05-08 20:00:00,0,20.6,25.0,7.722222222222222,14319.519999999999
2015-05-08 21:00:00,0,20.0,26.0,11.305555555555555,14099.610000000006
2015-05-08 22:00:00,0,17.8,37.0,9.249999999999998,13425.319999999998
2015-05-08 23:00:00,0,16.7,43.0,2.5833333333333335,13026.730000000001
2015-05-09 00:00:00,1,16.1,46.0,4.111111111111112,12823.44
2015-05-09 01:00:00,1,15.6,47.0,2.5833333333333335,12734.670000000002
2015-05-09 02:00:00,1,14.4,56.0,2.5833333333333335,12741.960000000003
2015-05-09 03:00:00,1,13.9,57.0,2.055555555555556,12785.309999999998
2015-05-09 04:00:00,1,15.0,53.0,2.055555555555556,13087.009999999998
2015-05-09 05:00:00,1,13.9,59.0,0.0,13109.569999999998
2015-05-09 06:00:00,1,15.6,53.0,1.5555555555555554,12949.450000000003
2015-05-09 07:00:00,1,16.1,50.0,0.0,13198.679999999998
2015-05-09 08:00:00,1,17.8,40.0,2.5833333333333335,13467.640000000005
2015-05-09 09:00:00,1,18.3,37.0,0.0,13784.060000000001
2015-05-09 10:00:00,1,19.4,31.0,2.5833333333333335,13932.759999999998
2015-05-09 11:00:00,1,21.1,26.0,4.638888888888888,13907.394999999997
2015-05-09 12:00:00,1,22.2,22.0,1.5555555555555554,13939.019999999997
2015-05-09 13:00:00,1,23.3,21.0,2.5833333333333335,13982.552499999996
2015-05-09 14:00:00,1,23.9,19.0,4.638888888888888,13959.359999999999
2015-05-09 15:00:00,1,24.4,19.0,5.666666666666666,13781.79
2015-05-09 16:00:00,1,24.4,19.0,3.083333333333333,13606.220000000003
2015-05-09 17:00:00,1,23.9,20.0,2.055555555555556,13395.33
2015-05-09 18:00:00,1,23.3,21.0,3.611111111111111,13200.489999999998
2015-05-09 19:00:00,1,22.8,21.0,1.5555555555555554,13307.199999999999
2015-05-09 20:00:00,1,22.8,21.0,1.5555555555555554,13375.440000000002
2015-05-09 21:00:00,1,22.2,23.0,1.5555555555555554,13135.83
2015-05-09 22:00:00,1,21.1,26.0,2.055555555555556,12814.599999999999
2015-05-09 23:00:00,1,20.6,26.0,0.0,12702.27
2015-05-10 00:00:00,1,20.0,30.0,2.5833333333333335,12609.539999999999
2015-05-10 01:00:00,1,18.9,37.0,2.5833333333333335,12512.539999999999
2015-05-10 02:00:00,1,18.3,34.0,3.083333333333333,12609.450000000003
2015-05-10 03:00:00,1,17.8,38.0,1.5555555555555554,12663.729999999998
2015-05-10 04:00:00,1,16.7,39.0,2.055555555555556,12804.480000000003
2015-05-10 05:00:00,1,16.7,41.0,0.0,12939.04
2015-05-10 06:00:00,1,17.2,41.0,1.5555555555555554,12712.410000000002
2015-05-10 07:00:00,1,19.4,33.0,1.5555555555555554,12934.730000000003
2015-05-10 08:00:00,1,22.2,28.0,2.055555555555556,13182.450000000003
2015-05-10 09:00:00,1,23.3,23.0,0.0,13416.839999999998
2015-05-10 10:00:00,1,24.4,23.0,3.083333333333333,13500.19
2015-05-10 11:00:00,1,26.1,20.0,1.5555555555555554,13581.182500000004
2015-05-10 12:00:00,1,27.8,18.0,2.055555555555556,13653.247500000003
2015-05-10 13:00:00,1,28.9,16.0,4.111111111111112,13715.710000000001
2015-05-10 14:00:00,1,30.0,15.0,2.5833333333333335,13829.019999999997
2015-05-10 15:00:00,1,30.0,14.0,2.055555555555556,13884.16
2015-05-10 16:00:00,1,31.1,12.0,7.722222222222222,13769.370000000003
2015-05-10 17:00:00,1,30.0,12.0,3.611111111111111,13511.659999999998
2015-05-10 18:00:00,1,29.4,13.0,4.638888888888888,13439.740000000002
2015-05-10 19:00:00,1,28.3,14.0,2.055555555555556,13453.04
2015-05-10 20:00:00,1,27.2,16.0,1.5555555555555554,13336.899999999996
2015-05-10 21:00:00,1,26.7,17.0,1.5555555555555554,13215.769999999999
2015-05-10 22:00:00,1,25.0,21.0,2.055555555555556,13058.880000000001
2015-05-10 23:00:00,1,23.9,23.0,2.5833333333333335,12950.690000000002
2015-05-11 00:00:00,0,22.2,30.0,3.083333333333333,12924.640000000001
2015-05-11 01:00:00,0,21.7,31.0,3.611111111111111,12719.24
2015-05-11 02:00:00,0,20.6,33.0,3.083333333333333,12940.079999999998
2015-05-11 03:00:00,0,20.0,35.0,2.5833333333333335,13146.164999999999
2015-05-11 04:00:00,0,19.4,34.0,3.083333333333333,13316.25
2015-05-11 05:00:00,0,20.0,32.0,3.611111111111111,13754.670000000004
2015-05-11 06:00:00,0,21.1,30.0,2.5833333333333335,14005.650000000001
2015-05-11 07:00:00,0,24.4,23.0,2.5833333333333335,13947.365
2015-05-11 08:00:00,0,27.2,20.0,3.083333333333333,15415.485000000004
2015-05-11 09:00:00,0,28.9,17.0,4.111111111111112,15322.599999999999
2015-05-11 10:00:00,0,30.0,16.0,0.0,16746.472500000003
2015-05-11 11:00:00,0,32.2,13.0,3.083333333333333,17006.410000000003
2015-05-11 12:00:00,0,33.3,10.0,2.5833333333333335,17068.147499999995
2015-05-11 13:00:00,0,33.9,8.0,3.083333333333333,17069.902500000007
2015-05-11 14:00:00,0,35.0,7.0,5.138888888888888,17045.877500000002
2015-05-11 15:00:00,0,35.0,7.0,3.083333333333333,16951.037500000006
2015-05-11 16:00:00,0,34.4,7.0,2.5833333333333335,16721.230000000003
2015-05-11 17:00:00,0,34.4,7.0,1.5555555555555554,16039.004999999997
2015-05-11 18:00:00,0,33.9,8.0,1.5555555555555554,15430.5925
2015-05-11 19:00:00,0,32.8,10.0,0.0,14979.255000000001
2015-05-11 20:00:00,0,30.0,14.0,0.0,14786.460000000003
2015-05-11 21:00:00,0,28.9,14.0,4.111111111111112,14347.145
2015-05-11 22:00:00,0,28.9,14.0,4.111111111111112,13723.107499999993
2015-05-11 23:00:00,0,27.2,15.0,4.111111111111112,13251.35
2015-05-12 00:00:00,0,27.2,13.0,3.083333333333333,13108.762499999997
2015-05-12 01:00:00,0,24.4,19.0,2.5833333333333335,13095.1025
2015-05-12 02:00:00,0,23.3,23.0,3.611111111111111,12974.159999999998
2015-05-12 03:00:00,0,22.2,24.0,2.5833333333333335,13072.350000000002
2015-05-12 04:00:00,0,21.7,23.0,4.111111111111112,13276.764999999998
2015-05-12 05:00:00,0,21.7,23.0,3.611111111111111,13473.574999999995
2015-05-12 06:00:00,0,22.8,21.0,4.638888888888888,13916.195000000003
2015-05-12 07:00:00,0,25.0,17.0,5.138888888888888,14517.457499999999
2015-05-12 08:00:00,0,26.7,15.0,3.611111111111111,15361.115
2015-05-12 09:00:00,0,28.9,14.0,4.638888888888888,16099.507500000005
2015-05-12 10:00:00,0,30.0,12.0,6.694444444444445,16398.5825
2015-05-12 11:00:00,0,31.1,11.0,4.638888888888888,16633.769999999993
2015-05-12 12:00:00,0,31.1,10.0,7.194444444444444,16708.407499999994
2015-05-12 13:00:00,0,32.2,8.0,8.222222222222223,16746.037499999995
2015-05-12 14:00:00,0,31.950000000000003,9.25,7.465277777777778,16838.84
2015-05-12 15:00:00,0,32.2,10.0,6.694444444444445,16802.6625
2015-05-12 16:00:00,0,31.1,11.0,7.194444444444444,16575.464999999997
2015-05-12 17:00:00,0,30.6,9.0,7.194444444444444,15894.419999999998
2015-05-12 18:00:00,0,29.4,10.0,7.194444444444444,15134.489999999996
2015-05-12 19:00:00,0,28.9,14.0,7.194444444444444,14768.870000000003
2015-05-12 20:00:00,0,28.3,15.0,4.638888888888888,14639.1525
2015-05-12 21:00:00,0,27.2,17.0,2.5833333333333335,14357.410000000003
2015-05-12 22:00:00,0,26.1,20.0,2.055555555555556,13652.254999999997
2015-05-12 23:00:00,0,25.0,25.0,5.138888888888888,13364.285
2015-05-13 00:00:00,0,25.0,28.0,5.666666666666666,13088.4225
2015-05-13 01:00:00,0,23.3,32.0,0.0,12943.022500000001
2015-05-13 02:00:00,0,22.2,34.0,2.5833333333333335,13134.842499999999
2015-05-13 03:00:00,0,21.1,38.0,4.111111111111112,13060.187499999996
2015-05-13 04:00:00,0,20.6,36.0,4.111111111111112,13045.3775
2015-05-13 05:00:00,0,20.6,36.0,2.5833333333333335,13521.297499999999
2015-05-13 06:00:00,0,21.7,35.0,4.111111111111112,13879.572500000002
2015-05-13 07:00:00,0,23.3,32.0,5.666666666666666,14419.357500000002
2015-05-13 08:00:00,0,25.6,29.0,3.611111111111111,15238.535000000002
2015-05-13 09:00:00,0,26.7,28.0,3.611111111111111,15984.6375
2015-05-13 10:00:00,0,27.8,27.0,2.055555555555556,16541.675
2015-05-13 11:00:00,0,29.4,25.0,3.083333333333333,16564.86
2015-05-13 12:00:00,0,29.4,24.0,2.055555555555556,16942.260000000002
2015-05-13 13:00:00,0,31.7,19.0,6.166666666666666,16924.730000000003
2015-05-13 14:00:00,0,32.2,19.0,6.166666666666666,16945.14
2015-05-13 15:00:00,0,32.2,19.0,4.111111111111112,16802.919999999995
2015-05-13 16:00:00,0,32.2,18.0,5.138888888888888,16543.24
2015-05-13 17:00:00,0,31.7,19.0,2.5833333333333335,15897.13
2015-05-13 18:00:00,0,32.0,18.0,6.694444444444445,15174.38
2015-05-13 19:00:00,0,30.0,20.0,9.249999999999998,14877.350000000002
2015-05-13 20:00:00,0,28.9,17.0,6.166666666666666,14710.780000000002
2015-05-13 21:00:00,0,28.3,18.0,4.638888888888888,14289.12
2015-05-13 22:00:00,0,27.2,22.0,4.638888888888888,13616.459999999995
2015-05-13 23:00:00,0,26.7,28.0,3.611111111111111,13349.38
2015-05-14 00:00:00,0,26.1,30.0,4.638888888888888,13239.169999999998
2015-05-14 01:00:00,0,26.1,30.0,1.5555555555555554,13030.46
2015-05-14 02:00:00,0,24.4,35.0,0.0,13171.270000000002
2015-05-14 03:00:00,0,23.9,36.0,2.055555555555556,13081.890000000001
2015-05-14 04:00:00,0,23.9,40.0,3.083333333333333,13227.230000000003
2015-05-14 05:00:00,0,22.8,46.0,4.111111111111112,13733.359999999999
2015-05-14 06:00:00,0,23.3,43.0,3.083333333333333,14135.289999999997
2015-05-14 07:00:00,0,23.0,41.0,5.666666666666666,14511.050000000001
2015-05-14 08:00:00,0,25.0,37.0,8.222222222222223,15257.32
2015-05-14 09:00:00,0,26.7,32.0,6.166666666666666,16034.810000000003
2015-05-14 10:00:00,0,27.2,31.0,6.694444444444445,16461.55
2015-05-14 11:00:00,0,28.3,27.0,6.166666666666666,16635.389999999996
2015-05-14 12:00:00,0,28.9,22.0,9.777777777777779,16639.88
2015-05-14 13:00:00,0,29.4,19.0,8.222222222222223,16681.42
2015-05-14 14:00:00,0,28.9,19.0,4.638888888888888,16704.969999999994
2015-05-14 15:00:00,0,30.0,14.0,7.194444444444444,16426.010000000002
2015-05-14 16:00:00,0,28.3,18.5,9.26388888888889,16138.359999999995
2015-05-14 17:00:00,0,26.1,23.0,10.277777777777777,15434.900000000005
2015-05-14 18:00:00,0,24.4,23.0,7.194444444444444,14674.870000000003
2015-05-14 19:00:00,0,24.4,22.0,4.638888888888888,14379.440000000002
2015-05-14 20:00:00,0,23.3,24.0,5.138888888888888,14241.920000000006
2015-05-14 21:00:00,0,22.8,33.0,4.638888888888888,14064.7925
2015-05-14 22:00:00,0,22.2,35.0,5.138888888888888,13497.787500000002
2015-05-14 23:00:00,0,21.7,36.0,6.694444444444445,13321.977499999995
2015-05-15 00:00:00,0,20.6,40.0,6.166666666666666,13143.644999999999
2015-05-15 01:00:00,0,20.6,39.0,6.166666666666666,12903.637500000003
2015-05-15 02:00:00,0,20.0,39.0,4.638888888888888,13094.035000000002
2015-05-15 03:00:00,0,19.4,40.0,3.083333333333333,13130.550000000001
2015-05-15 04:00:00,0,18.9,42.0,3.083333333333333,12987.949999999997
2015-05-15 05:00:00,0,18.9,43.0,1.5555555555555554,13334.232499999998
2015-05-15 06:00:00,0,18.3,48.0,5.138888888888888,13754.345000000001
2015-05-15 07:00:00,0,19.4,45.0,5.666666666666666,14145.820000000003
2015-05-15 08:00:00,0,20.6,42.0,4.638888888888888,14830.510000000002
2015-05-15 09:00:00,0,21.7,38.0,6.166666666666666,15389.750000000002
2015-05-15 10:00:00,0,22.2,35.0,5.138888888888888,15774.64
2015-05-15 11:00:00,0,23.9,29.0,5.138888888888888,16104.190000000002
2015-05-15 12:00:00,0,21.7,41.0,5.138888888888888,16092.220000000001
2015-05-15 13:00:00,0,23.3,34.0,3.083333333333333,15999.029999999995
2015-05-15 14:00:00,0,21.7,47.0,6.166666666666666,16201.550000000001
2015-05-15 15:00:00,0,17.033333333333335,81.16666666666667,7.800925925925926,16120.350000000002
2015-05-15 16:00:00,0,16.666666666666668,81.0,6.342592592592592,15785.899999999996
2015-05-15 17:00:00,0,17.8,65.0,3.083333333333333,15193.87
2015-05-15 18:00:00,0,17.8,65.0,3.611111111111111,14593.479999999996
2015-05-15 19:00:00,0,17.2,67.0,4.111111111111112,14247.339999999998
2015-05-15 20:00:00,0,16.7,78.0,3.083333333333333,14271.260000000002
2015-05-15 21:00:00,0,15.6,86.0,6.166666666666666,14169.31
2015-05-15 22:00:00,0,14.4,90.0,5.666666666666666,13570.98
2015-05-15 23:00:00,0,13.9,81.0,4.638888888888888,13147.220000000001
2015-05-16 00:00:00,1,13.9,74.0,0.0,13023.990000000002
2015-05-16 01:00:00,1,13.9,81.0,2.055555555555556,12862.589999999998
2015-05-16 02:00:00,1,13.9,77.0,1.5555555555555554,12868.140000000001
2015-05-16 03:00:00,1,13.9,81.0,0.0,12811.759999999998
2015-05-16 04:00:00,1,14.4,78.0,0.0,13044.880000000003
2015-05-16 05:00:00,1,14.4,72.0,0.0,13044.6
2015-05-16 06:00:00,1,13.9,81.0,3.611111111111111,12966.139999999996
2015-05-16 07:00:00,1,15.6,67.0,2.055555555555556,13139.069999999998
2015-05-16 08:00:00,1,16.1,64.0,2.055555555555556,13116.09
2015-05-16 09:00:00,1,17.2,63.0,2.5833333333333335,13426.55
2015-05-16 10:00:00,1,18.9,54.0,2.055555555555556,13810.89
2015-05-16 11:00:00,1,20.0,43.0,1.5555555555555554,13639.239999999998
2015-05-16 12:00:00,1,20.0,43.0,0.0,13635.130000000001
2015-05-16 13:00:00,1,21.1,42.0,2.5833333333333335,13648.399999999996
2015-05-16 14:00:00,1,22.8,38.0,3.611111111111111,13890.340000000004
2015-05-16 15:00:00,1,22.8,35.0,0.0,13643.44
2015-05-16 16:00:00,1,23.9,32.0,3.611111111111111,13479.169999999998
2015-05-16 17:00:00,1,23.3,30.0,3.083333333333333,13244.159999999998
2015-05-16 18:00:00,1,22.8,31.0,0.0,13072.11
2015-05-16 19:00:00,1,21.7,36.0,2.055555555555556,13091.49
2015-05-16 20:00:00,1,22.2,30.0,0.0,13196.810000000001
2015-05-16 21:00:00,1,22.2,30.0,2.5833333333333335,13006.42
2015-05-16 22:00:00,1,21.7,32.0,2.055555555555556,12734.18
2015-05-16 23:00:00,1,20.0,50.0,2.055555555555556,12540.080000000002
2015-05-17 00:00:00,1,20.6,45.0,2.5833333333333335,12478.040000000005
2015-05-17 01:00:00,1,18.9,56.0,1.5555555555555554,12473.1
2015-05-17 02:00:00,1,18.3,58.0,2.055555555555556,12455.609999999999
2015-05-17 03:00:00,1,18.3,54.0,3.083333333333333,12489.630000000001
2015-05-17 04:00:00,1,18.3,56.0,2.055555555555556,12777.33
2015-05-17 05:00:00,1,18.9,50.0,3.611111111111111,12759.459999999997
2015-05-17 06:00:00,1,18.9,52.0,2.5833333333333335,12670.83
2015-05-17 07:00:00,1,20.6,47.0,5.138888888888888,12802.5
2015-05-17 08:00:00,1,21.7,41.0,2.5833333333333335,13060.07
2015-05-17 09:00:00,1,23.3,37.0,3.611111111111111,13238.179999999998
2015-05-17 10:00:00,1,25.0,29.0,0.0,13425.829999999996
2015-05-17 11:00:00,1,26.7,22.0,2.055555555555556,13456.2775
2015-05-17 12:00:00,1,27.2,20.0,0.0,13511.3575
2015-05-17 13:00:00,1,28.3,18.0,2.055555555555556,13551.827499999998
2015-05-17 14:00:00,1,29.4,16.0,4.111111111111112,13610.58
2015-05-17 15:00:00,1,28.9,13.0,1.5555555555555554,13632.09
2015-05-17 16:00:00,1,28.9,15.0,1.5555555555555554,13455.869999999999
2015-05-17 17:00:00,1,28.3,17.0,2.5833333333333335,13295.300000000001
2015-05-17 18:00:00,1,27.8,18.0,2.055555555555556,13133.939999999999
2015-05-17 19:00:00,1,28.3,16.0,3.083333333333333,13170.759999999998
2015-05-17 20:00:00,1,27.8,17.0,1.5555555555555554,13206.44
2015-05-17 21:00:00,1,25.6,28.0,2.055555555555556,12983.580000000002
2015-05-17 22:00:00,1,23.9,36.0,2.055555555555556,12814.520000000002
2015-05-17 23:00:00,1,24.4,29.0,3.083333333333333,12724.290000000003
2015-05-18 00:00:00,0,22.8,38.0,2.055555555555556,12650.750000000002
2015-05-18 01:00:00,0,23.3,32.0,2.5833333333333335,12608.099999999999
2015-05-18 02:00:00,0,22.8,33.0,1.5555555555555554,12770.779999999997
2015-05-18 03:00:00,0,20.6,49.0,2.5833333333333335,12977.48
2015-05-18 04:00:00,0,19.4,51.0,2.055555555555556,13272.559999999998
2015-05-18 05:00:00,0,18.9,56.0,3.083333333333333,13531.709999999997
2015-05-18 06:00:00,0,20.0,50.0,2.5833333333333335,13823.970000000001
2015-05-18 07:00:00,0,22.2,41.0,3.083333333333333,14447.249999999998
2015-05-18 08:00:00,0,24.4,30.0,1.5555555555555554,15357.149999999998
2015-05-18 09:00:00,0,25.6,17.0,2.055555555555556,16033.300000000005
2015-05-18 10:00:00,0,27.2,14.0,0.0,16460.01
2015-05-18 11:00:00,0,29.4,16.0,3.611111111111111,16685.73
2015-05-18 12:00:00,0,30.6,15.0,4.111111111111112,16728.269999999997
2015-05-18 13:00:00,0,31.0,15.0,5.666666666666666,16880.350000000002
2015-05-18 14:00:00,0,31.1,12.0,5.666666666666666,16812.449999999997
2015-05-18 15:00:00,0,31.1,14.0,5.666666666666666,16651.540000000005
2015-05-18 16:00:00,0,31.7,12.0,7.722222222222222,16363.04
2015-05-18 17:00:00,0,31.1,9.0,7.722222222222222,15719.589999999998
2015-05-18 18:00:00,0,29.4,7.0,7.194444444444444,14890.629999999997
2015-05-18 19:00:00,0,27.8,9.0,6.166666666666666,14661.119999999994
2015-05-18 20:00:00,0,26.7,11.0,5.138888888888888,14477.72
2015-05-18 21:00:00,0,24.4,18.0,3.083333333333333,14148.629999999997
2015-05-18 22:00:00,0,24.4,21.0,3.611111111111111,13513.68
2015-05-18 23:00:00,0,23.9,18.0,3.611111111111111,13101.560000000001
2015-05-19 00:00:00,0,22.2,23.0,2.055555555555556,12909.769999999997
2015-05-19 01:00:00,0,23.3,20.0,2.055555555555556,12818.73
2015-05-19 02:00:00,0,20.6,30.0,0.0,12955.71
2015-05-19 03:00:00,0,18.9,38.0,3.083333333333333,12957.679999999997
2015-05-19 04:00:00,0,18.9,40.0,2.5833333333333335,12993.36
2015-05-19 05:00:00,0,18.3,36.0,3.083333333333333,13267.200000000003
2015-05-19 06:00:00,0,19.4,34.0,2.5833333333333335,13724.95
2015-05-19 07:00:00,0,21.1,31.0,2.5833333333333335,14336.399999999998
2015-05-19 08:00:00,0,22.8,28.0,2.5833333333333335,15292.74
2015-05-19 09:00:00,0,25.0,24.0,2.055555555555556,16025.13
2015-05-19 10:00:00,0,26.1,21.0,0.0,16502.11
2015-05-19 11:00:00,0,27.8,18.0,3.083333333333333,16747.52
2015-05-19 12:00:00,0,28.3,17.0,3.083333333333333,16786.73
2015-05-19 13:00:00,0,29.4,15.0,3.083333333333333,16790.230000000003
2015-05-19 14:00:00,0,29.4,14.0,0.0,16782.89
2015-05-19 15:00:00,0,30.0,14.0,2.055555555555556,16749.490000000005
2015-05-19 16:00:00,0,29.4,14.0,0.0,16574.930000000004
2015-05-19 17:00:00,0,30.0,14.0,1.5555555555555554,15948.059999999998
2015-05-19 18:00:00,0,29.4,14.0,2.5833333333333335,15113.820000000003
2015-05-19 19:00:00,0,28.9,14.0,4.111111111111112,14684.209999999995
2015-05-19 20:00:00,0,28.3,13.0,3.611111111111111,14573.430000000002
2015-05-19 21:00:00,0,25.6,21.0,1.5555555555555554,14293.539999999999
2015-05-19 22:00:00,0,25.6,19.0,0.0,13598.19
2015-05-19 23:00:00,0,23.9,27.0,2.055555555555556,13226.230000000001
2015-05-20 00:00:00,0,23.3,29.0,2.5833333333333335,13073.609999999999
2015-05-20 01:00:00,0,21.7,35.0,2.055555555555556,12891.490000000003
2015-05-20 02:00:00,0,21.7,35.0,1.5555555555555554,13015.02
2015-05-20 03:00:00,0,20.0,39.0,3.083333333333333,13035.14
2015-05-20 04:00:00,0,19.4,39.0,3.083333333333333,13195.119999999999
2015-05-20 05:00:00,0,19.4,37.0,2.055555555555556,13401.210000000003
2015-05-20 06:00:00,0,21.1,32.0,3.083333333333333,13754.419999999996
2015-05-20 07:00:00,0,23.3,27.0,3.611111111111111,14386.36
2015-05-20 08:00:00,0,25.0,24.0,3.611111111111111,15370.210000000001
2015-05-20 09:00:00,0,26.7,20.0,2.055555555555556,16040.03
2015-05-20 10:00:00,0,28.9,17.0,2.055555555555556,16563.54
2015-05-20 11:00:00,0,30.6,15.0,3.611111111111111,16750.590000000004
2015-05-20 12:00:00,0,32.2,12.0,4.638888888888888,16925.829999999998
2015-05-20 13:00:00,0,32.2,10.0,3.083333333333333,16975.379999999997
2015-05-20 14:00:00,0,33.3,9.0,5.666666666666666,16885.202500000003
2015-05-20 15:00:00,0,32.8,10.0,3.611111111111111,16886.045
2015-05-20 16:00:00,0,32.2,11.0,3.083333333333333,16542.522499999995
2015-05-20 17:00:00,0,31.7,11.0,4.111111111111112,15864.044999999993
2015-05-20 18:00:00,0,31.7,12.0,6.166666666666666,15060.187499999995
2015-05-20 19:00:00,0,30.0,13.0,5.666666666666666,14611.297499999997
2015-05-20 20:00:00,0,29.4,13.0,5.138888888888888,14481.829999999996
2015-05-20 21:00:00,0,27.8,17.0,3.611111111111111,14094.322500000006
2015-05-20 22:00:00,0,27.2,18.0,3.083333333333333,13604.184999999998
2015-05-20 23:00:00,0,25.6,20.0,0.0,13162.070000000003
2015-05-21 00:00:00,0,25.6,22.0,0.0,13136.0675
2015-05-21 01:00:00,0,24.4,25.0,2.055555555555556,13007.047499999999
2015-05-21 02:00:00,0,24.4,25.0,2.5833333333333335,13059.387500000003
2015-05-21 03:00:00,0,23.9,26.0,3.611111111111111,13073.264999999996
2015-05-21 04:00:00,0,22.8,29.0,3.083333333333333,13246.282499999998
2015-05-21 05:00:00,0,22.8,29.0,3.611111111111111,13553.024999999998
2015-05-21 06:00:00,0,22.8,29.0,2.5833333333333335,13940.160000000002
2015-05-21 07:00:00,0,23.9,28.0,2.5833333333333335,14377.795
2015-05-21 08:00:00,0,26.1,23.0,2.5833333333333335,15237.285
2015-05-21 09:00:00,0,27.8,18.0,4.638888888888888,15939.752500000002
2015-05-21 10:00:00,0,28.9,17.0,4.638888888888888,16404.032499999998
2015-05-21 11:00:00,0,29.4,13.0,6.166666666666666,16743.637500000004
2015-05-21 12:00:00,0,30.0,13.0,7.194444444444444,16810.0875
2015-05-21 13:00:00,0,31.7,12.0,3.611111111111111,16763.047499999997
2015-05-21 14:00:00,0,32.2,11.0,6.166666666666666,16878.3025
2015-05-21 15:00:00,0,31.1,12.0,4.638888888888888,16777.8175
2015-05-21 16:00:00,0,31.1,14.0,7.194444444444444,16429.335000000003
2015-05-21 17:00:00,0,30.0,12.0,6.694444444444445,15873.410000000002
2015-05-21 18:00:00,0,28.9,11.0,8.222222222222223,14987.312500000002
2015-05-21 19:00:00,0,27.2,16.0,7.194444444444444,14619.2625
2015-05-21 20:00:00,0,26.1,17.0,5.138888888888888,14450.394999999997
2015-05-21 21:00:00,0,24.4,23.0,3.083333333333333,14155.580000000002
2015-05-21 22:00:00,0,23.9,24.0,2.055555555555556,13585.659999999998
2015-05-21 23:00:00,0,22.8,24.0,4.111111111111112,13265.549999999997
2015-05-22 00:00:00,0,22.8,26.0,0.0,12938.16
2015-05-22 01:00:00,0,22.2,30.0,2.055555555555556,12776.0
2015-05-22 02:00:00,0,21.1,35.0,4.638888888888888,13021.9075
2015-05-22 03:00:00,0,20.6,30.0,3.611111111111111,12991.320000000002
2015-05-22 04:00:00,0,20.0,31.0,3.083333333333333,13055.219999999998
2015-05-22 05:00:00,0,19.4,37.0,3.083333333333333,13253.457499999999
2015-05-22 06:00:00,0,20.0,37.0,3.083333333333333,13776.077499999996
2015-05-22 07:00:00,0,20.6,35.0,3.611111111111111,14226.572499999993
2015-05-22 08:00:00,0,21.1,35.0,3.083333333333333,15101.267500000002
2015-05-22 09:00:00,0,22.8,31.0,0.0,15664.019999999997
2015-05-22 10:00:00,0,25.0,24.0,3.611111111111111,16260.352499999994
2015-05-22 11:00:00,0,26.7,20.0,4.638888888888888,16398.092500000002
2015-05-22 12:00:00,0,27.2,21.0,7.194444444444444,16334.625000000002
2015-05-22 13:00:00,0,26.7,24.0,6.694444444444445,16344.402499999997
2015-05-22 14:00:00,0,26.1,23.0,7.722222222222222,16500.6325
2015-05-22 15:00:00,0,26.1,23.0,7.722222222222222,16279.874999999996
2015-05-22 16:00:00,0,25.6,22.0,6.166666666666666,15930.424999999997
2015-05-22 17:00:00,0,25.6,20.0,5.666666666666666,15299.159999999998
2015-05-22 18:00:00,0,25.0,21.0,9.777777777777779,14563.762499999993
2015-05-22 19:00:00,0,23.9,21.0,8.75,14171.13
2015-05-22 20:00:00,0,22.8,23.0,3.611111111111111,14128.23
2015-05-22 21:00:00,0,22.2,25.0,3.083333333333333,13985.937499999996
2015-05-22 22:00:00,0,21.7,27.0,3.083333333333333,13293.4475
2015-05-22 23:00:00,0,21.7,28.0,3.083333333333333,12842.512499999999
2015-05-23 00:00:00,1,21.1,30.0,2.5833333333333335,12659.107500000002
2015-05-23 01:00:00,1,19.4,36.0,3.083333333333333,12452.527500000002
2015-05-23 02:00:00,1,18.9,37.0,2.055555555555556,12523.9175
2015-05-23 03:00:00,1,19.4,34.0,2.055555555555556,12528.662499999999
2015-05-23 04:00:00,1,18.3,39.0,0.0,12900.909999999996
2015-05-23 05:00:00,1,18.3,40.0,3.083333333333333,12856.022500000003
2015-05-23 06:00:00,1,18.9,40.0,0.0,12647.814999999999
2015-05-23 07:00:00,1,19.4,39.0,2.5833333333333335,12897.9625
2015-05-23 08:00:00,1,20.6,35.0,2.5833333333333335,13155.692499999997
2015-05-23 09:00:00,1,22.8,29.0,1.5555555555555554,13412.889999999998
2015-05-23 10:00:00,1,23.3,27.0,2.5833333333333335,13633.4325
2015-05-23 11:00:00,1,25.0,24.0,0.0,13630.917500000003
2015-05-23 12:00:00,1,27.2,21.0,3.611111111111111,13640.1875
2015-05-23 13:00:00,1,27.2,20.0,3.083333333333333,13703.975
2015-05-23 14:00:00,1,27.2,19.0,2.5833333333333335,13636.939999999997
2015-05-23 15:00:00,1,27.2,19.0,2.055555555555556,13577.087499999998
2015-05-23 16:00:00,1,27.2,19.0,4.111111111111112,13532.360000000002
2015-05-23 17:00:00,1,26.7,19.0,3.083333333333333,13311.139999999996
2015-05-23 18:00:00,1,26.7,19.0,4.111111111111112,13176.275000000001
2015-05-23 19:00:00,1,26.7,19.0,3.611111111111111,13187.164999999999
2015-05-23 20:00:00,1,26.1,21.0,3.611111111111111,13344.442500000001
2015-05-23 21:00:00,1,23.9,28.0,1.5555555555555554,13190.795
2015-05-23 22:00:00,1,23.3,30.0,2.055555555555556,12891.6025
2015-05-23 23:00:00,1,22.8,29.0,2.055555555555556,12743.11
2015-05-24 00:00:00,1,23.9,26.0,1.5555555555555554,12666.190000000002
2015-05-24 01:00:00,1,22.8,29.0,3.083333333333333,12494.904999999997
2015-05-24 02:00:00,1,21.7,34.0,1.5555555555555554,12555.512499999999
2015-05-24 03:00:00,1,21.7,35.0,2.5833333333333335,12604.06
2015-05-24 04:00:00,1,19.4,42.0,1.5555555555555554,12799.707500000002
2015-05-24 05:00:00,1,18.9,43.0,3.611111111111111,12760.332499999997
2015-05-24 06:00:00,1,20.0,40.0,2.5833333333333335,12608.432499999997
2015-05-24 07:00:00,1,21.1,36.0,2.5833333333333335,12739.094999999998
2015-05-24 08:00:00,1,23.3,32.0,2.055555555555556,13038.137499999997
2015-05-24 09:00:00,1,24.4,29.0,0.0,13331.395
2015-05-24 10:00:00,1,25.0,26.0,2.5833333333333335,13387.792500000003
2015-05-24 11:00:00,1,25.6,25.0,0.0,13215.582500000002
2015-05-24 12:00:00,1,27.2,23.0,2.055555555555556,13497.9825
2015-05-24 13:00:00,1,26.7,24.0,4.111111111111112,13657.220000000005
2015-05-24 14:00:00,1,28.3,20.0,4.638888888888888,13571.897499999997
2015-05-24 15:00:00,1,28.9,19.0,2.055555555555556,13728.92
2015-05-24 16:00:00,1,28.9,19.0,4.111111111111112,13482.317499999997
2015-05-24 17:00:00,1,28.3,18.0,6.694444444444445,13283.39
2015-05-24 18:00:00,1,28.3,17.0,5.138888888888888,13111.594999999998
2015-05-24 19:00:00,1,27.8,18.0,4.638888888888888,13124.825
2015-05-24 20:00:00,1,26.7,21.0,2.055555555555556,13211.897500000005
2015-05-24 21:00:00,1,25.0,26.0,1.5555555555555554,13043.395000000002
2015-05-24 22:00:00,1,24.4,27.0,1.5555555555555554,12855.504999999997
2015-05-24 23:00:00,1,25.6,25.0,2.055555555555556,12877.580000000002
2015-05-25 00:00:00,1,24.4,29.0,2.055555555555556,12724.929999999998
2015-05-25 01:00:00,1,22.2,33.0,2.5833333333333335,12561.575
2015-05-25 02:00:00,1,21.1,38.0,1.5555555555555554,12839.917499999998
2015-05-25 03:00:00,1,21.7,35.0,2.055555555555556,12899.509999999998
2015-05-25 04:00:00,1,20.6,39.0,2.5833333333333335,12988.294999999998
2015-05-25 05:00:00,1,20.0,40.0,3.611111111111111,13073.2875
2015-05-25 06:00:00,1,21.1,39.0,3.083333333333333,13097.7075
2015-05-25 07:00:00,1,22.2,38.0,2.5833333333333335,13345.814999999999
2015-05-25 08:00:00,1,24.4,32.0,0.0,13521.897499999997
2015-05-25 09:00:00,1,26.1,28.0,2.055555555555556,13756.585
2015-05-25 10:00:00,1,27.8,24.0,3.083333333333333,13939.377499999999
2015-05-25 11:00:00,1,28.9,23.0,1.5555555555555554,14286.1075
2015-05-25 12:00:00,1,30.0,20.0,6.166666666666666,14274.359999999997
2015-05-25 13:00:00,1,30.6,18.0,2.5833333333333335,14279.325000000003
2015-05-25 14:00:00,1,31.7,18.0,5.666666666666666,14210.385
2015-05-25 15:00:00,1,31.1,16.0,2.055555555555556,14094.394999999997
2015-05-25 16:00:00,1,32.2,16.0,4.638888888888888,13998.024999999998
2015-05-25 17:00:00,1,31.7,16.0,4.125,13904.340000000004
2015-05-25 18:00:00,1,31.1,16.0,3.611111111111111,13724.775000000001
2015-05-25 19:00:00,1,30.6,18.0,3.611111111111111,13704.395000000002
2015-05-25 20:00:00,1,29.4,20.0,2.5833333333333335,13617.0825
2015-05-25 21:00:00,1,28.3,24.0,0.0,13663.794999999998
2015-05-25 22:00:00,1,27.8,23.0,2.5833333333333335,13194.155000000002
2015-05-25 23:00:00,1,26.7,24.0,5.138888888888888,12804.52
2015-05-26 00:00:00,0,26.1,25.0,4.111111111111112,12798.355000000003
2015-05-26 01:00:00,0,26.0,24.0,4.111111111111112,12710.875000000002
2015-05-26 02:00:00,0,24.4,26.0,3.083333333333333,12881.534999999996
2015-05-26 03:00:00,0,22.8,31.0,0.0,12929.715
2015-05-26 04:00:00,0,22.8,31.0,0.0,13147.6575
2015-05-26 05:00:00,0,22.2,33.0,1.5555555555555554,13509.175
2015-05-26 06:00:00,0,23.9,32.0,2.055555555555556,14025.6725
2015-05-26 07:00:00,0,25.6,27.0,2.5833333333333335,14671.525000000001
2015-05-26 08:00:00,0,26.7,24.0,2.055555555555556,15530.61
2015-05-26 09:00:00,0,29.4,21.0,1.5555555555555554,16285.430000000006
2015-05-26 10:00:00,0,30.0,20.0,2.5833333333333335,16711.697500000002
2015-05-26 11:00:00,0,31.7,16.0,1.5555555555555554,16947.01
2015-05-26 12:00:00,0,32.8,16.0,3.611111111111111,17057.777499999993
2015-05-26 13:00:00,0,33.9,14.0,2.055555555555556,17099.4525
2015-05-26 14:00:00,0,34.4,14.0,3.611111111111111,17189.7225
2015-05-26 15:00:00,0,35.0,12.0,4.638888888888888,16990.1775
2015-05-26 16:00:00,0,33.3,14.0,2.055555555555556,16651.395000000004
2015-05-26 17:00:00,0,33.3,13.0,1.5555555555555554,16106.544999999998
2015-05-26 18:00:00,0,33.3,13.0,3.083333333333333,15211.342499999999
2015-05-26 19:00:00,0,32.2,15.0,4.111111111111112,14690.862500000001
2015-05-26 20:00:00,0,31.7,15.0,3.083333333333333,14512.377499999999
2015-05-26 21:00:00,0,31.1,16.0,6.694444444444445,14306.170000000002
2015-05-26 22:00:00,0,28.3,19.0,4.638888888888888,13743.097500000002
2015-05-26 23:00:00,0,28.3,16.0,4.638888888888888,13399.237500000003
2015-05-27 00:00:00,0,27.8,17.0,3.083333333333333,13162.05
2015-05-27 01:00:00,0,26.7,20.0,3.083333333333333,13015.112500000003
2015-05-27 02:00:00,0,26.1,22.0,3.083333333333333,13140.194999999998
2015-05-27 03:00:00,0,23.9,26.0,2.5833333333333335,13154.377500000002
2015-05-27 04:00:00,0,23.9,29.0,0.0,13254.780000000002
2015-05-27 05:00:00,0,23.9,32.0,1.5555555555555554,13615.749999999998
2015-05-27 06:00:00,0,23.3,34.0,3.611111111111111,14115.717500000008
2015-05-27 07:00:00,0,25.0,28.0,3.083333333333333,14538.827500000003
2015-05-27 08:00:00,0,26.7,24.0,2.5833333333333335,15402.435
2015-05-27 09:00:00,0,28.9,18.0,2.055555555555556,16190.464999999997
2015-05-27 10:00:00,0,31.1,15.0,1.5555555555555554,16632.667500000003
2015-05-27 11:00:00,0,32.2,14.0,2.055555555555556,16947.75
2015-05-27 12:00:00,0,33.0,13.0,2.5833333333333335,16917.055
2015-05-27 13:00:00,0,35.6,10.0,3.2222222222222223,17044.222500000003
2015-05-27 14:00:00,0,35.85,10.0,3.861111111111111,17204.487500000003
2015-05-27 15:00:00,0,35.6,10.0,2.5833333333333335,17139.010000000002
2015-05-27 16:00:00,0,34.4,12.0,7.194444444444444,16534.179999999993
2015-05-27 17:00:00,0,33.9,12.0,5.666666666666666,16032.8425
2015-05-27 18:00:00,0,33.3,13.0,5.138888888888888,15065.460000000003
2015-05-27 19:00:00,0,32.8,10.0,4.111111111111112,14645.1275
2015-05-27 20:00:00,0,32.0,11.0,2.5833333333333335,14534.592499999997
2015-05-27 21:00:00,0,28.3,17.0,2.5833333333333335,14148.7525
2015-05-27 22:00:00,0,27.8,20.0,2.055555555555556,13557.694999999998
2015-05-27 23:00:00,0,26.7,22.0,1.5555555555555554,13265.125000000002
2015-05-28 00:00:00,0,26.7,22.0,2.5833333333333335,13151.815000000002
2015-05-28 01:00:00,0,25.6,22.0,1.5555555555555554,13007.827500000005
2015-05-28 02:00:00,0,24.4,29.0,2.5833333333333335,12978.884999999998
2015-05-28 03:00:00,0,22.8,30.0,1.5555555555555554,12891.31
2015-05-28 04:00:00,0,22.8,29.0,2.055555555555556,13106.56
2015-05-28 05:00:00,0,21.7,30.0,2.055555555555556,13394.339999999998
2015-05-28 06:00:00,0,23.9,25.0,4.638888888888888,13842.389999999996
2015-05-28 07:00:00,0,25.6,23.0,3.083333333333333,14401.089999999998
2015-05-28 08:00:00,0,28.3,20.0,2.055555555555556,15315.220000000001
2015-05-28 09:00:00,0,30.0,17.0,2.055555555555556,16056.472499999998
2015-05-28 10:00:00,0,31.7,14.0,0.0,16610.679999999997
2015-05-28 11:00:00,0,32.8,12.0,1.5555555555555554,17064.8575
2015-05-28 12:00:00,0,35.0,10.0,2.055555555555556,17131.2675
2015-05-28 13:00:00,0,36.1,10.0,3.611111111111111,17094.572500000002
2015-05-28 14:00:00,0,35.6,10.0,2.5833333333333335,16986.245
2015-05-28 15:00:00,0,36.7,9.0,5.138888888888888,16917.535000000003
2015-05-28 16:00:00,0,36.7,9.0,3.083333333333333,16762.759999999995
2015-05-28 17:00:00,0,36.1,9.0,4.111111111111112,16147.482500000002
2015-05-28 18:00:00,0,35.6,8.0,5.666666666666666,15235.640000000001
2015-05-28 19:00:00,0,35.0,9.0,4.111111111111112,14776.815000000002
2015-05-28 20:00:00,0,33.3,11.0,3.611111111111111,14528.599999999997
2015-05-28 21:00:00,0,30.6,14.0,3.083333333333333,14248.362500000003
2015-05-28 22:00:00,0,28.9,16.0,4.638888888888888,13695.4825
2015-05-28 23:00:00,0,28.9,13.0,3.083333333333333,13325.4825
2015-05-29 00:00:00,0,29.4,13.0,2.055555555555556,13123.140000000003
2015-05-29 01:00:00,0,25.6,21.0,2.5833333333333335,13003.429999999995
2015-05-29 02:00:00,0,25.0,20.0,2.5833333333333335,13048.934999999998
2015-05-29 03:00:00,0,25.0,20.0,0.0,13015.314999999995
2015-05-29 04:00:00,0,23.3,29.0,2.5833333333333335,13252.089999999997
2015-05-29 05:00:00,0,23.3,27.0,3.611111111111111,13576.237500000003
2015-05-29 06:00:00,0,24.4,27.0,3.611111111111111,14002.947500000002
2015-05-29 07:00:00,0,27.2,18.0,4.111111111111112,14541.810000000001
2015-05-29 08:00:00,0,29.4,16.0,1.5555555555555554,15407.224999999997
2015-05-29 09:00:00,0,31.7,14.0,2.055555555555556,16197.2525
2015-05-29 10:00:00,0,33.9,12.0,2.055555555555556,16695.080000000005
2015-05-29 11:00:00,0,36.1,10.0,2.5833333333333335,16865.84
2015-05-29 12:00:00,0,36.1,8.0,2.055555555555556,16979.749999999996
2015-05-29 13:00:00,0,38.3,7.0,3.611111111111111,16970.052499999998
2015-05-29 14:00:00,0,38.3,6.0,1.8055555555555556,17134.642499999994
2015-05-29 15:00:00,0,38.05,5.5,0.0,17011.2775
2015-05-29 16:00:00,0,38.9,6.0,5.138888888888888,16792.874999999996
2015-05-29 17:00:00,0,38.0,6.0,4.111111111111112,16117.96
2015-05-29 18:00:00,0,37.8,5.0,4.638888888888888,15150.8125
2015-05-29 19:00:00,0,36.7,7.0,4.638888888888888,14653.192500000001
2015-05-29 20:00:00,0,33.3,10.0,2.055555555555556,14524.867499999998
2015-05-29 21:00:00,0,32.8,11.0,1.5555555555555554,14207.312500000002
2015-05-29 22:00:00,0,32.8,10.0,1.5555555555555554,13654.6775
2015-05-29 23:00:00,0,29.4,17.0,2.055555555555556,13246.294999999998
2015-05-30 00:00:00,1,27.8,19.0,3.083333333333333,12922.112500000001
2015-05-30 01:00:00,1,27.2,19.0,3.611111111111111,12736.462499999998
2015-05-30 02:00:00,1,27.8,19.0,2.055555555555556,12834.287499999999
2015-05-30 03:00:00,1,27.2,18.0,2.055555555555556,12767.435
2015-05-30 04:00:00,1,25.6,21.0,0.0,12846.022499999997
2015-05-30 05:00:00,1,23.9,28.0,2.5833333333333335,12860.3475
2015-05-30 06:00:00,1,25.6,24.0,2.5833333333333335,12784.019999999999
2015-05-30 07:00:00,1,27.8,18.0,3.611111111111111,13149.925000000001
2015-05-30 08:00:00,1,30.0,16.0,2.5833333333333335,13407.082500000006
2015-05-30 09:00:00,1,32.2,14.0,0.0,13825.5625
2015-05-30 10:00:00,1,33.9,12.0,0.0,14095.272500000003
2015-05-30 11:00:00,1,35.6,11.0,2.055555555555556,14242.825
2015-05-30 12:00:00,1,37.8,9.0,3.083333333333333,14298.807499999997
2015-05-30 13:00:00,1,39.4,7.0,1.5555555555555554,14339.507500000005
2015-05-30 14:00:00,1,39.4,6.0,2.5833333333333335,14444.422500000004
2015-05-30 15:00:00,1,40.0,6.0,2.5833333333333335,14410.7275
2015-05-30 16:00:00,1,40.0,6.0,2.055555555555556,14311.522500000001
2015-05-30 17:00:00,1,40.0,6.0,3.083333333333333,14030.43
2015-05-30 18:00:00,1,39.4,5.0,5.138888888888888,13963.225
2015-05-30 19:00:00,1,38.3,7.0,3.611111111111111,13808.3375
2015-05-30 20:00:00,1,34.4,10.0,2.055555555555556,13840.947499999997
2015-05-30 21:00:00,1,33.9,12.0,1.5555555555555554,13626.1575
2015-05-30 22:00:00,1,35.0,10.0,3.611111111111111,13337.714999999997
2015-05-30 23:00:00,1,33.9,11.0,2.5833333333333335,13071.870000000003
2015-05-31 00:00:00,1,32.8,12.0,4.638888888888888,12942.98
2015-05-31 01:00:00,1,29.4,18.0,1.5555555555555554,12881.027499999997
2015-05-31 02:00:00,1,30.6,15.0,1.5555555555555554,12803.892500000002
2015-05-31 03:00:00,1,29.4,16.0,2.055555555555556,12838.244999999999
2015-05-31 04:00:00,1,26.7,24.0,3.083333333333333,12986.292500000001
2015-05-31 05:00:00,1,25.6,27.0,4.111111111111112,12888.189999999997
2015-05-31 06:00:00,1,26.7,23.0,3.083333333333333,12895.835000000001
2015-05-31 07:00:00,1,28.3,23.0,2.5833333333333335,13158.654999999997
2015-05-31 08:00:00,1,31.1,18.0,2.055555555555556,13500.330000000004
2015-05-31 09:00:00,1,33.9,14.0,2.055555555555556,13842.244999999999
2015-05-31 10:00:00,1,35.0,12.0,0.0,14037.732499999998
2015-05-31 11:00:00,1,36.1,11.0,1.5555555555555554,14216.182499999999
2015-05-31 12:00:00,1,38.3,9.0,3.083333333333333,14432.355
2015-05-31 13:00:00,1,38.9,9.0,0.0,14378.2425
2015-05-31 14:00:00,1,39.4,8.0,2.055555555555556,14404.220000000001
2015-05-31 15:00:00,1,40.6,8.0,1.5555555555555554,14581.602500000003
2015-05-31 16:00:00,1,40.6,9.0,2.5833333333333335,14429.13
2015-05-31 17:00:00,1,40.0,9.0,0.0,14119.397500000001
2015-05-31 18:00:00,1,40.0,9.0,3.611111111111111,14078.062499999998
2015-05-31 19:00:00,1,39.4,9.0,3.611111111111111,14012.197500000004
2015-05-31 20:00:00,1,37.2,9.0,6.694444444444445,13958.102499999999
2015-05-31 21:00:00,1,35.6,10.0,5.666666666666666,13674.644999999997
2015-05-31 22:00:00,1,34.4,8.0,5.138888888888888,13377.419999999998
2015-05-31 23:00:00,1,31.7,12.0,0.0,13172.7
2015-06-01 00:00:00,0,32.2,10.0,1.5555555555555554,13071.007499999998
2015-06-01 01:00:00,0,29.4,16.0,2.5833333333333335,13023.26
2015-06-01 02:00:00,0,30.0,17.0,2.5833333333333335,13109.215000000004
2015-06-01 03:00:00,0,28.9,16.0,2.5833333333333335,13222.004999999996
2015-06-01 04:00:00,0,26.7,19.0,3.611111111111111,13657.595000000001
2015-06-01 05:00:00,0,26.1,20.0,4.111111111111112,14201.287499999999
2015-06-01 06:00:00,0,26.7,21.0,3.611111111111111,14572.432499999997
2015-06-01 07:00:00,0,29.4,14.0,4.111111111111112,15106.097499999998
2015-06-01 08:00:00,0,31.7,12.0,3.083333333333333,15925.082499999999
2015-06-01 09:00:00,0,33.9,10.0,1.5555555555555554,16761.005
2015-06-01 10:00:00,0,35.6,9.0,3.083333333333333,17267.162500000002
2015-06-01 11:00:00,0,37.2,8.0,3.083333333333333,17564.6025
2015-06-01 12:00:00,0,38.9,7.0,4.111111111111112,17618.9775
2015-06-01 13:00:00,0,38.3,7.0,1.5555555555555554,17815.81
2015-06-01 14:00:00,0,39.4,7.0,5.666666666666666,17809.170000000002
2015-06-01 15:00:00,0,40.6,6.0,8.222222222222223,17672.550000000003
2015-06-01 16:00:00,0,40.6,5.0,5.666666666666666,17444.005000000005
2015-06-01 17:00:00,0,39.4,6.0,8.75,16836.920000000006
2015-06-01 18:00:00,0,38.65,5.5,7.458333333333334,15732.26
2015-06-01 19:00:00,0,37.2,6.0,6.694444444444445,15205.717499999999
2015-06-01 20:00:00,0,36.7,7.0,6.166666666666666,14928.189999999999
2015-06-01 21:00:00,0,32.2,11.0,3.083333333333333,14518.797499999995
2015-06-01 22:00:00,0,31.7,12.0,1.5555555555555554,13899.672500000004
2015-06-01 23:00:00,0,31.7,10.0,2.5833333333333335,13423.735
2015-06-02 00:00:00,0,31.1,12.0,2.055555555555556,13245.49
2015-06-02 01:00:00,0,29.4,16.0,1.5555555555555554,13062.755
2015-06-02 02:00:00,0,27.2,21.0,4.638888888888888,13185.317500000001
2015-06-02 03:00:00,0,26.1,22.0,3.083333333333333,13108.0225
2015-06-02 04:00:00,0,25.6,22.0,3.083333333333333,13268.654999999997
2015-06-02 05:00:00,0,25.6,24.0,3.611111111111111,13611.022500000001
2015-06-02 06:00:00,0,26.1,24.0,4.638888888888888,14404.685
2015-06-02 07:00:00,0,28.9,19.0,2.5833333333333335,15039.029999999997
2015-06-02 08:00:00,0,31.7,15.0,3.083333333333333,15853.2475
2015-06-02 09:00:00,0,34.4,13.0,2.5833333333333335,16720.4725
2015-06-02 10:00:00,0,35.6,11.0,2.5833333333333335,17209.064999999995
2015-06-02 11:00:00,0,36.1,11.0,3.083333333333333,17434.73
2015-06-02 12:00:00,0,36.7,9.0,1.5555555555555554,17543.4825
2015-06-02 13:00:00,0,38.3,8.0,1.5555555555555554,17598.817500000005
2015-06-02 14:00:00,0,40.0,6.0,7.722222222222222,17696.622499999998
2015-06-02 15:00:00,0,38.9,6.0,5.138888888888888,17511.0425
2015-06-02 16:00:00,0,38.9,6.0,6.166666666666666,17243.0375
2015-06-02 17:00:00,0,37.8,5.0,5.666666666666666,16602.1475
2015-06-02 18:00:00,0,37.2,6.0,7.722222222222222,15665.927500000005
2015-06-02 19:00:00,0,36.1,6.0,4.638888888888888,15119.440000000002
2015-06-02 20:00:00,0,35.0,6.0,4.111111111111112,14857.7025
2015-06-02 21:00:00,0,33.9,6.0,5.138888888888888,14420.755000000001
2015-06-02 22:00:00,0,32.2,7.0,4.638888888888888,13776.460000000003
2015-06-02 23:00:00,0,32.8,6.0,4.111111111111112,13348.550000000001
2015-06-03 00:00:00,0,30.0,8.0,0.0,13127.26
2015-06-03 01:00:00,0,28.9,10.0,3.083333333333333,12979.442500000003
2015-06-03 02:00:00,0,27.8,12.0,2.055555555555556,13038.2025
2015-06-03 03:00:00,0,26.1,14.0,3.611111111111111,13062.25
2015-06-03 04:00:00,0,24.4,21.0,3.083333333333333,13174.822499999998
2015-06-03 05:00:00,0,23.9,22.0,3.083333333333333,13568.795
2015-06-03 06:00:00,0,24.4,21.0,2.5833333333333335,14183.6875
2015-06-03 07:00:00,0,26.7,18.0,2.055555555555556,14756.040000000005
2015-06-03 08:00:00,0,30.0,13.0,2.055555555555556,15738.792499999998
2015-06-03 09:00:00,0,32.2,10.0,2.055555555555556,16492.7225
2015-06-03 10:00:00,0,33.3,10.0,2.5833333333333335,17069.177499999998
2015-06-03 11:00:00,0,34.4,8.0,2.055555555555556,17326.1
2015-06-03 12:00:00,0,36.1,7.0,2.055555555555556,17443.255
2015-06-03 13:00:00,0,38.3,6.0,4.638888888888888,17448.8675
2015-06-03 14:00:00,0,37.8,4.0,4.111111111111112,17592.7775
2015-06-03 15:00:00,0,38.3,5.0,4.638888888888888,17511.127499999995
2015-06-03 16:00:00,0,37.8,4.0,6.694444444444445,17199.835
2015-06-03 17:00:00,0,36.7,5.0,6.166666666666666,16469.704999999998
2015-06-03 18:00:00,0,36.1,4.0,7.194444444444444,15566.987500000001
2015-06-03 19:00:00,0,34.4,5.0,6.694444444444445,15020.910000000002
2015-06-03 20:00:00,0,33.9,4.0,5.138888888888888,14751.880000000001
2015-06-03 21:00:00,0,32.8,4.0,5.666666666666666,14320.452500000001
2015-06-03 22:00:00,0,30.6,6.0,3.083333333333333,13773.390000000001
2015-06-03 23:00:00,0,28.9,8.0,0.0,13357.232499999998
2015-06-04 00:00:00,0,27.2,12.0,2.055555555555556,13231.077500000001
2015-06-04 01:00:00,0,27.2,10.0,3.611111111111111,13070.7425
2015-06-04 02:00:00,0,25.6,14.0,4.111111111111112,13070.6775
2015-06-04 03:00:00,0,24.4,17.0,3.611111111111111,13017.545
2015-06-04 04:00:00,0,22.8,21.0,4.111111111111112,13141.135000000002
2015-06-04 05:00:00,0,22.8,20.0,3.611111111111111,13512.789999999999
2015-06-04 06:00:00,0,23.9,15.0,4.638888888888888,14090.487500000001
2015-06-04 07:00:00,0,26.7,15.0,4.111111111111112,14682.9025
2015-06-04 08:00:00,0,30.0,11.0,4.111111111111112,15632.25
2015-06-04 09:00:00,0,31.7,9.0,3.611111111111111,16504.457500000008
2015-06-04 10:00:00,0,32.8,9.0,4.638888888888888,16964.524999999998
2015-06-04 11:00:00,0,33.9,7.0,0.0,17253.287500000002
2015-06-04 12:00:00,0,36.1,6.0,5.666666666666666,17235.9475
2015-06-04 13:00:00,0,36.1,6.0,6.166666666666666,17247.0125
2015-06-04 14:00:00,0,34.4,8.0,3.083333333333333,17103.120000000003
2015-06-04 15:00:00,0,34.4,8.0,3.611111111111111,16940.6425
2015-06-04 16:00:00,0,33.9,10.0,5.138888888888888,16591.89999999999
2015-06-04 17:00:00,0,32.8,18.0,4.111111111111112,16035.427499999998
2015-06-04 18:00:00,0,29.4,30.0,7.722222222222222,15263.332499999993
2015-06-04 19:00:00,0,28.3,38.0,5.138888888888888,14792.187500000002
2015-06-04 20:00:00,0,28.3,38.0,4.111111111111112,14676.269999999997
2015-06-04 21:00:00,0,28.9,32.0,5.666666666666666,14378.9575
2015-06-04 22:00:00,0,28.3,36.0,4.638888888888888,13926.477499999995
2015-06-04 23:00:00,0,27.8,37.0,3.611111111111111,13525.094999999998
2015-06-05 00:00:00,0,27.2,38.0,2.5833333333333335,13308.839999999998
2015-06-05 01:00:00,0,27.8,35.0,2.055555555555556,13222.402500000002
2015-06-05 02:00:00,0,27.2,35.0,3.083333333333333,13305.14
2015-06-05 03:00:00,0,27.2,38.0,7.194444444444444,13309.734999999999
2015-06-05 04:00:00,0,26.1,47.0,5.666666666666666,13483.620000000003
2015-06-05 05:00:00,0,24.75,56.0,3.3472222222222223,13737.134999999998
2015-06-05 06:00:00,0,23.53333333333333,68.0,5.481481481481482,14199.37
2015-06-05 07:00:00,0,22.8,73.0,7.208333333333334,14784.877499999993
2015-06-05 08:00:00,0,25.6,58.0,8.222222222222223,15501.2525
2015-06-05 09:00:00,0,24.4,69.0,6.166666666666666,16209.385000000002
2015-06-05 10:00:00,0,26.7,58.0,6.694444444444445,16602.1825
2015-06-05 11:00:00,0,28.3,49.0,6.166666666666666,16784.385
2015-06-05 12:00:00,0,27.2,56.0,7.194444444444444,16806.08
2015-06-05 13:00:00,0,30.6,41.0,7.194444444444444,16947.46
2015-06-05 14:00:00,0,31.7,38.0,5.666666666666666,17084.5675
2015-06-05 15:00:00,0,30.0,43.0,8.75,16759.6575
2015-06-05 16:00:00,0,29.4,44.0,5.138888888888888,16552.3575
2015-06-05 17:00:00,0,26.1,62.0,5.138888888888888,15805.7025
2015-06-05 18:00:00,0,25.6,68.0,2.5833333333333335,14830.765000000003
2015-06-05 19:00:00,0,25.3,73.5,2.055555555555556,14474.715000000002
2015-06-05 20:00:00,0,26.1,62.0,5.138888888888888,14483.554999999998
2015-06-05 21:00:00,0,24.46666666666667,75.0,1.2037037037037035,14179.145000000004
2015-06-05 22:00:00,0,24.4,69.0,3.611111111111111,12890.345000000003
2015-06-05 23:00:00,0,24.633333333333336,68.66666666666667,2.75,13240.004999999997
2015-06-06 00:00:00,1,23.9,76.0,2.055555555555556,13076.845000000003
2015-06-06 01:00:00,1,22.8,84.0,2.5833333333333335,12999.1125
2015-06-06 02:00:00,1,23.3,73.0,3.083333333333333,12974.357500000002
2015-06-06 03:00:00,1,23.3,73.0,4.638888888888888,12964.7425
2015-06-06 04:00:00,1,23.3,73.0,4.111111111111112,13111.767500000002
2015-06-06 05:00:00,1,22.8,79.0,3.611111111111111,13217.4
2015-06-06 06:00:00,1,23.0,73.0,3.083333333333333,13210.497499999998
2015-06-06 07:00:00,1,24.4,69.0,2.5833333333333335,13439.8775
2015-06-06 08:00:00,1,26.1,60.0,2.5833333333333335,13656.572500000002
2015-06-06 09:00:00,1,27.8,41.0,3.611111111111111,13675.272499999997
2015-06-06 10:00:00,1,29.4,30.0,2.055555555555556,13826.03
2015-06-06 11:00:00,1,32.2,19.0,6.166666666666666,14049.079999999998
2015-06-06 12:00:00,1,32.8,17.0,2.5833333333333335,14077.572499999997
2015-06-06 13:00:00,1,33.3,17.0,2.5833333333333335,14004.404999999999
2015-06-06 14:00:00,1,35.0,11.0,5.138888888888888,13992.7025
2015-06-06 15:00:00,1,35.6,9.0,4.111111111111112,13864.775000000001
2015-06-06 16:00:00,1,35.6,7.0,6.166666666666666,13846.515000000003
2015-06-06 17:00:00,1,35.0,8.0,5.666666666666666,13734.607499999998
2015-06-06 18:00:00,1,35.0,9.0,6.166666666666666,13635.567499999997
2015-06-06 19:00:00,1,33.9,9.0,4.638888888888888,13578.554999999995
2015-06-06 20:00:00,1,33.3,10.0,4.638888888888888,13668.332500000004
2015-06-06 21:00:00,1,32.2,12.0,0.0,13423.982500000002
2015-06-06 22:00:00,1,30.6,16.0,0.0,13143.81
2015-06-06 23:00:00,1,28.9,22.0,2.055555555555556,12938.019999999999
2015-06-07 00:00:00,1,27.8,26.0,3.083333333333333,12732.1625
2015-06-07 01:00:00,1,27.2,26.0,2.055555555555556,12674.8975
2015-06-07 02:00:00,1,25.0,34.0,4.111111111111112,12712.077499999998
2015-06-07 03:00:00,1,24.4,37.0,3.083333333333333,12647.0925
2015-06-07 04:00:00,1,22.8,39.0,2.5833333333333335,12842.542500000001
2015-06-07 05:00:00,1,22.8,39.0,2.5833333333333335,12857.982500000002
2015-06-07 06:00:00,1,23.9,37.0,3.611111111111111,12832.9725
2015-06-07 07:00:00,1,26.7,29.0,3.611111111111111,13011.590000000002
2015-06-07 08:00:00,1,29.4,19.0,3.083333333333333,13299.877499999999
2015-06-07 09:00:00,1,31.1,16.0,3.083333333333333,13512.0775
2015-06-07 10:00:00,1,32.8,10.0,3.083333333333333,13697.967499999995
2015-06-07 11:00:00,1,34.4,8.0,2.5833333333333335,13842.847500000003
2015-06-07 12:00:00,1,36.7,8.0,3.611111111111111,13984.184999999998
2015-06-07 13:00:00,1,36.1,7.0,3.083333333333333,13978.535
2015-06-07 14:00:00,1,37.8,7.0,3.083333333333333,14026.1125
2015-06-07 15:00:00,1,36.7,7.0,1.5555555555555554,14038.987500000001
2015-06-07 16:00:00,1,37.2,8.0,0.0,13992.907500000003
2015-06-07 17:00:00,1,37.2,8.0,5.138888888888888,13703.624999999998
2015-06-07 18:00:00,1,36.7,8.0,4.638888888888888,13689.404999999997
2015-06-07 19:00:00,1,35.6,9.0,2.055555555555556,13594.249999999998
2015-06-07 20:00:00,1,35.0,10.0,0.0,13526.335000000001
2015-06-07 21:00:00,1,33.9,12.0,0.0,13347.85
2015-06-07 22:00:00,1,31.1,18.0,1.5555555555555554,13189.682500000003
2015-06-07 23:00:00,1,29.4,22.0,1.5555555555555554,13054.445000000003
2015-06-08 00:00:00,0,28.9,23.0,2.055555555555556,12975.35
2015-06-08 01:00:00,0,27.8,24.0,2.5833333333333335,12888.562500000004
2015-06-08 02:00:00,0,26.7,24.0,3.083333333333333,13060.377500000002
2015-06-08 03:00:00,0,26.1,26.0,0.0,13169.007500000003
2015-06-08 04:00:00,0,26.1,26.0,0.0,13545.295000000002
2015-06-08 05:00:00,0,26.7,26.0,0.0,14031.237500000001
2015-06-08 06:00:00,0,27.2,26.0,0.0,14244.679999999998
2015-06-08 07:00:00,0,28.3,26.0,2.055555555555556,14639.220000000001
2015-06-08 08:00:00,0,31.1,18.0,2.055555555555556,15499.6075
2015-06-08 09:00:00,0,32.8,16.0,1.5555555555555554,16136.009999999997
2015-06-08 10:00:00,0,34.4,14.0,1.5555555555555554,16750.485
2015-06-08 11:00:00,0,36.1,12.0,1.5555555555555554,17152.24
2015-06-08 12:00:00,0,38.3,10.0,3.611111111111111,17346.2825
2015-06-08 13:00:00,0,40.0,9.0,1.5555555555555554,17452.914999999997
2015-06-08 14:00:00,0,40.0,9.0,2.055555555555556,17426.76
2015-06-08 15:00:00,0,40.6,9.0,4.111111111111112,16756.517499999998
2015-06-08 16:00:00,0,40.6,10.0,3.083333333333333,17128.3975
2015-06-08 17:00:00,0,40.6,9.0,5.138888888888888,16522.0875
2015-06-08 18:00:00,0,39.4,10.0,5.138888888888888,15583.565000000002
2015-06-08 19:00:00,0,38.3,11.0,4.638888888888888,15037.585
2015-06-08 20:00:00,0,36.7,13.0,3.611111111111111,14907.9575
2015-06-08 21:00:00,0,36.1,14.0,4.111111111111112,14547.342499999999
2015-06-08 22:00:00,0,35.6,13.0,3.083333333333333,14028.490000000002
2015-06-08 23:00:00,0,35.0,14.0,0.0,13649.914999999999
2015-06-09 00:00:00,0,33.3,18.0,0.0,13455.42
2015-06-09 01:00:00,0,33.9,17.0,2.5833333333333335,13318.574999999999
2015-06-09 02:00:00,0,31.1,28.0,4.638888888888888,13430.892500000004
2015-06-09 03:00:00,0,30.0,33.0,4.111111111111112,13445.905000000002
2015-06-09 04:00:00,0,30.0,36.0,2.055555555555556,13618.752499999997
2015-06-09 05:00:00,0,29.4,38.0,7.194444444444444,14054.987500000001
2015-06-09 06:00:00,0,28.3,42.0,4.638888888888888,14845.212500000001
2015-06-09 07:00:00,0,28.9,44.0,4.111111111111112,15239.060000000001
2015-06-09 08:00:00,0,28.3,49.0,1.5555555555555554,15919.402499999997
2015-06-09 09:00:00,0,29.4,44.0,0.0,16592.09
2015-06-09 10:00:00,0,30.0,44.0,0.0,17100.9475
2015-06-09 11:00:00,0,30.0,48.0,2.5833333333333335,17338.8725
2015-06-09 12:00:00,0,30.0,46.0,1.5555555555555554,17441.7075
2015-06-09 13:00:00,0,31.1,43.0,2.5833333333333335,17582.86
2015-06-09 14:00:00,0,31.7,40.0,3.083333333333333,17715.234999999997
2015-06-09 15:00:00,0,31.7,39.0,3.611111111111111,17499.89
2015-06-09 16:00:00,0,31.7,40.0,4.638888888888888,17132.570000000003
2015-06-09 17:00:00,0,32.2,37.0,2.5833333333333335,16573.905
2015-06-09 18:00:00,0,31.7,38.0,4.111111111111112,15583.444999999998
2015-06-09 19:00:00,0,31.1,39.0,3.083333333333333,15078.29
2015-06-09 20:00:00,0,31.1,39.0,2.5833333333333335,14912.637500000003
2015-06-09 21:00:00,0,30.6,40.0,2.5833333333333335,14616.7175
2015-06-09 22:00:00,0,29.4,51.0,5.138888888888888,14147.574999999999
2015-06-09 23:00:00,0,28.9,51.0,4.111111111111112,13848.727500000003
2015-06-10 00:00:00,0,28.9,51.0,6.166666666666666,13490.682499999999
2015-06-10 01:00:00,0,28.3,51.0,4.638888888888888,13362.735
2015-06-10 02:00:00,0,28.3,51.0,3.611111111111111,13482.332499999999
2015-06-10 03:00:00,0,27.8,56.0,3.611111111111111,13431.575000000004
2015-06-10 04:00:00,0,27.8,58.0,3.083333333333333,13634.317500000001
2015-06-10 05:00:00,0,27.2,60.0,4.638888888888888,14116.607500000004
2015-06-10 06:00:00,0,27.2,62.0,3.611111111111111,14870.3125
2015-06-10 07:00:00,0,27.2,60.0,4.111111111111112,15259.269999999997
2015-06-10 08:00:00,0,27.8,58.0,2.5833333333333335,16048.384999999995
2015-06-10 09:00:00,0,28.3,56.0,2.055555555555556,16724.0025
2015-06-10 10:00:00,0,29.4,55.0,4.111111111111112,17335.07
2015-06-10 11:00:00,0,30.0,53.0,3.611111111111111,17700.03
2015-06-10 12:00:00,0,30.6,48.0,4.111111111111112,17814.775
2015-06-10 13:00:00,0,32.2,43.0,5.138888888888888,17904.649999999998
2015-06-10 14:00:00,0,33.3,37.0,5.138888888888888,17864.940000000002
2015-06-10 15:00:00,0,33.3,34.0,4.888888888888889,17762.3
2015-06-10 16:00:00,0,34.4,31.0,4.638888888888888,17365.65
2015-06-10 17:00:00,0,33.9,33.0,4.638888888888888,16679.710000000003
2015-06-10 18:00:00,0,33.9,33.0,5.666666666666666,15739.700000000003
2015-06-10 19:00:00,0,32.2,38.0,3.611111111111111,15344.089999999998
2015-06-10 20:00:00,0,32.2,38.0,2.5833333333333335,15203.190000000002
2015-06-10 21:00:00,0,31.7,40.0,2.055555555555556,14762.989999999998
2015-06-10 22:00:00,0,31.1,42.0,2.055555555555556,14132.32
2015-06-10 23:00:00,0,30.6,43.0,0.0,13719.17
2015-06-11 00:00:00,0,30.0,43.0,1.5555555555555554,13589.210000000001
2015-06-11 01:00:00,0,30.0,40.0,0.0,13495.77
2015-06-11 02:00:00,0,29.4,36.0,2.5833333333333335,13534.71
2015-06-11 03:00:00,0,27.8,41.0,2.055555555555556,13460.889999999996
2015-06-11 04:00:00,0,27.8,41.0,3.083333333333333,13628.28
2015-06-11 05:00:00,0,27.8,39.0,3.083333333333333,14018.49
2015-06-11 06:00:00,0,28.9,33.0,5.666666666666666,14553.620000000003
2015-06-11 07:00:00,0,30.0,30.0,3.083333333333333,14940.029999999999
2015-06-11 08:00:00,0,31.1,27.0,1.5555555555555554,15839.140000000003
2015-06-11 09:00:00,0,32.2,24.0,2.5833333333333335,16594.44
2015-06-11 10:00:00,0,33.3,23.0,2.055555555555556,17180.780000000002
2015-06-11 11:00:00,0,34.4,22.0,3.083333333333333,17324.429999999997
2015-06-11 12:00:00,0,35.0,21.0,2.5833333333333335,17402.427499999998
2015-06-11 13:00:00,0,36.1,19.0,5.666666666666666,17539.43
2015-06-11 14:00:00,0,36.1,18.0,0.0,17636.749999999996
2015-06-11 15:00:00,0,37.2,15.0,7.194444444444444,17493.48
2015-06-11 16:00:00,0,36.7,13.0,3.083333333333333,17265.719999999994
2015-06-11 17:00:00,0,36.1,13.0,3.611111111111111,16568.329999999998
2015-06-11 18:00:00,0,36.1,14.0,3.083333333333333,15580.06
2015-06-11 19:00:00,0,35.6,13.0,2.055555555555556,15061.95
2015-06-11 20:00:00,0,35.0,16.0,3.611111111111111,14869.060000000001
2015-06-11 21:00:00,0,32.2,21.0,2.5833333333333335,14446.279999999999
2015-06-11 22:00:00,0,31.7,22.0,0.0,13817.300000000001
2015-06-11 23:00:00,0,32.2,19.0,0.0,13456.970000000003
2015-06-12 00:00:00,0,30.6,21.0,2.5833333333333335,13234.119999999997
2015-06-12 01:00:00,0,31.7,15.0,4.111111111111112,13111.040000000003
2015-06-12 02:00:00,0,31.1,15.0,2.5833333333333335,13140.73
2015-06-12 03:00:00,0,28.3,22.0,2.055555555555556,13124.83
2015-06-12 04:00:00,0,26.1,31.0,4.111111111111112,13301.91
2015-06-12 05:00:00,0,25.6,35.0,3.611111111111111,13695.599999999999
2015-06-12 06:00:00,0,26.7,30.0,3.611111111111111,14142.570000000005
2015-06-12 07:00:00,0,28.3,23.0,2.055555555555556,14678.579999999998
2015-06-12 08:00:00,0,31.1,18.0,3.083333333333333,15540.250000000005
2015-06-12 09:00:00,0,32.2,16.0,0.0,16242.460000000001
2015-06-12 10:00:00,0,33.9,15.0,1.5555555555555554,16784.46
2015-06-12 11:00:00,0,35.6,13.0,2.055555555555556,16975.15
2015-06-12 12:00:00,0,37.2,12.0,2.5833333333333335,17094.369999999995
2015-06-12 13:00:00,0,37.8,11.0,0.0,17176.53
2015-06-12 14:00:00,0,38.3,11.0,3.083333333333333,17205.459999999995
2015-06-12 15:00:00,0,38.9,11.0,3.083333333333333,17070.87
2015-06-12 16:00:00,0,38.9,10.0,3.611111111111111,16816.3
2015-06-12 17:00:00,0,38.9,10.0,2.055555555555556,16338.939999999997
2015-06-12 18:00:00,0,38.3,11.0,1.5555555555555554,15312.849999999995
2015-06-12 19:00:00,0,37.8,11.0,0.0,14792.320000000002
2015-06-12 20:00:00,0,35.6,14.0,2.055555555555556,14651.480000000003
2015-06-12 21:00:00,0,33.9,18.0,0.0,14308.630000000001
2015-06-12 22:00:00,0,33.9,16.0,6.166666666666666,13779.65
2015-06-12 23:00:00,0,33.3,15.0,5.666666666666666,13317.86
2015-06-13 00:00:00,1,32.8,13.0,3.611111111111111,13087.670000000006
2015-06-13 01:00:00,1,32.2,13.0,3.083333333333333,12919.970000000001
2015-06-13 02:00:00,1,31.1,13.0,3.083333333333333,12870.579999999998
2015-06-13 03:00:00,1,28.9,22.0,2.055555555555556,12788.25
2015-06-13 04:00:00,1,27.8,25.0,2.5833333333333335,12882.87
2015-06-13 05:00:00,1,26.7,27.0,3.083333333333333,12975.869999999997
2015-06-13 06:00:00,1,27.8,21.0,4.111111111111112,13067.709999999997
2015-06-13 07:00:00,1,29.4,17.0,3.611111111111111,13485.18
2015-06-13 08:00:00,1,31.7,14.0,2.055555555555556,13825.85
2015-06-13 09:00:00,1,32.8,13.0,1.5555555555555554,14056.710000000001
2015-06-13 10:00:00,1,35.0,12.0,3.083333333333333,14230.579999999998
2015-06-13 11:00:00,1,36.7,11.0,2.5833333333333335,14372.519999999999
2015-06-13 12:00:00,1,37.8,13.0,2.055555555555556,14493.869999999997
2015-06-13 13:00:00,1,39.4,13.0,5.138888888888888,14623.859999999999
2015-06-13 14:00:00,1,38.9,13.0,1.5555555555555554,14619.050000000003
2015-06-13 15:00:00,1,39.4,12.0,4.111111111111112,14659.629999999997
2015-06-13 16:00:00,1,40.0,11.0,5.666666666666666,14523.829999999996
2015-06-13 17:00:00,1,40.0,11.0,4.638888888888888,14342.94
2015-06-13 18:00:00,1,39.4,11.0,5.666666666666666,14183.769999999999
2015-06-13 19:00:00,1,38.3,12.0,3.611111111111111,13975.279999999997
2015-06-13 20:00:00,1,37.2,14.0,3.083333333333333,13979.819999999998
2015-06-13 21:00:00,1,37.2,14.0,3.611111111111111,13768.250000000002
2015-06-13 22:00:00,1,34.4,18.0,5.666666666666666,13424.409999999998
2015-06-13 23:00:00,1,33.9,20.0,6.166666666666666,13206.32
2015-06-14 00:00:00,1,33.3,20.0,6.166666666666666,13089.78
2015-06-14 01:00:00,1,32.8,20.0,4.638888888888888,12954.99
2015-06-14 02:00:00,1,31.7,20.0,3.611111111111111,13017.969999999998
2015-06-14 03:00:00,1,31.1,21.0,1.5555555555555554,12937.939999999997
2015-06-14 04:00:00,1,30.6,20.0,0.0,13022.009999999998
2015-06-14 05:00:00,1,28.9,26.0,2.055555555555556,12973.079999999998
2015-06-14 06:00:00,1,29.4,28.0,3.083333333333333,13110.18
2015-06-14 07:00:00,1,30.6,23.0,2.5833333333333335,13489.83
2015-06-14 08:00:00,1,32.2,19.0,1.5555555555555554,13713.499999999998
2015-06-14 09:00:00,1,33.3,18.0,0.0,13947.890000000001
2015-06-14 10:00:00,1,35.6,16.0,1.5555555555555554,14165.839999999998
2015-06-14 11:00:00,1,37.2,15.0,1.5555555555555554,14394.28
2015-06-14 12:00:00,1,38.9,14.0,3.083333333333333,14629.48
2015-06-14 13:00:00,1,40.0,13.0,2.5833333333333335,14740.210000000001
2015-06-14 14:00:00,1,41.1,11.0,3.083333333333333,14706.67
2015-06-14 15:00:00,1,41.7,11.0,3.611111111111111,14717.21
2015-06-14 16:00:00,1,41.1,11.0,3.611111111111111,14578.170000000004
2015-06-14 17:00:00,1,40.6,10.0,4.111111111111112,14228.31
2015-06-14 18:00:00,1,40.6,10.0,1.5555555555555554,14004.08
2015-06-14 19:00:00,1,39.4,11.0,3.083333333333333,13971.4
2015-06-14 20:00:00,1,37.8,14.0,2.055555555555556,13909.720000000001
2015-06-14 21:00:00,1,37.8,14.0,3.611111111111111,13754.230000000003
2015-06-14 22:00:00,1,37.2,14.0,5.666666666666666,13529.49
2015-06-14 23:00:00,1,35.6,17.0,3.083333333333333,13464.290000000003
2015-06-15 00:00:00,0,35.0,17.0,4.111111111111112,13352.689999999999
2015-06-15 01:00:00,0,33.9,18.0,4.111111111111112,13268.65
2015-06-15 02:00:00,0,33.3,19.0,2.5833333333333335,13377.39
2015-06-15 03:00:00,0,32.8,20.0,2.055555555555556,13549.969999999998
2015-06-15 04:00:00,0,31.7,21.0,2.055555555555556,13871.63
2015-06-15 05:00:00,0,30.0,26.0,2.055555555555556,14337.710000000003
2015-06-15 06:00:00,0,30.6,25.0,2.055555555555556,14823.820000000003
2015-06-15 07:00:00,0,32.2,19.0,3.611111111111111,15386.702499999998
2015-06-15 08:00:00,0,33.9,17.0,0.0,16258.407500000001
2015-06-15 09:00:00,0,36.7,15.0,1.5555555555555554,17060.16
2015-06-15 10:00:00,0,37.2,14.0,1.5555555555555554,17553.940000000002
2015-06-15 11:00:00,0,38.9,13.0,1.5555555555555554,17894.000000000007
2015-06-15 12:00:00,0,41.7,11.0,2.055555555555556,18102.860000000004
2015-06-15 13:00:00,0,42.2,12.0,3.611111111111111,18288.41
2015-06-15 14:00:00,0,42.8,10.0,4.111111111111112,18360.0275
2015-06-15 15:00:00,0,42.8,10.0,2.5833333333333335,18201.912500000006
2015-06-15 16:00:00,0,43.3,10.0,6.694444444444445,17988.7525
2015-06-15 17:00:00,0,43.3,9.0,7.194444444444444,17364.550000000003
2015-06-15 18:00:00,0,42.8,9.0,7.722222222222222,16353.81
2015-06-15 19:00:00,0,41.7,9.0,5.666666666666666,15768.770000000004
2015-06-15 20:00:00,0,38.3,12.0,3.083333333333333,15524.039999999995
2015-06-15 21:00:00,0,37.2,11.0,3.083333333333333,15122.390000000003
2015-06-15 22:00:00,0,37.8,11.0,4.638888888888888,14383.009999999998
2015-06-15 23:00:00,0,37.2,13.0,3.611111111111111,13965.849999999999
2015-06-16 00:00:00,0,35.0,15.0,4.111111111111112,13753.450000000003
2015-06-16 01:00:00,0,35.0,15.0,3.083333333333333,13620.630000000001
2015-06-16 02:00:00,0,31.7,21.0,0.0,13691.820000000002
2015-06-16 03:00:00,0,31.1,22.0,0.0,13741.990000000002
2015-06-16 04:00:00,0,30.6,24.0,0.0,13929.04
2015-06-16 05:00:00,0,30.6,22.0,3.083333333333333,14343.359999999999
2015-06-16 06:00:00,0,30.6,24.0,3.611111111111111,15096.860000000002
2015-06-16 07:00:00,0,32.2,22.0,2.5833333333333335,15687.2
2015-06-16 08:00:00,0,35.0,17.0,2.055555555555556,16578.480000000003
2015-06-16 09:00:00,0,36.7,15.0,1.5555555555555554,17389.789999999997
2015-06-16 10:00:00,0,38.3,13.0,2.5833333333333335,17932.2
2015-06-16 11:00:00,0,39.4,12.0,2.055555555555556,18210.349999999995
2015-06-16 12:00:00,0,41.1,11.0,2.5833333333333335,18273.32
2015-06-16 13:00:00,0,43.3,9.0,2.055555555555556,18375.0925
2015-06-16 14:00:00,0,42.8,9.0,3.611111111111111,18354.35
2015-06-16 15:00:00,0,43.3,6.0,4.638888888888888,18262.300000000003
2015-06-16 16:00:00,0,43.3,7.0,5.138888888888888,18116.0775
2015-06-16 17:00:00,0,42.8,9.0,6.166666666666666,17469.177499999998
2015-06-16 18:00:00,0,42.8,8.0,5.138888888888888,16487.21
2015-06-16 19:00:00,0,41.7,9.0,5.138888888888888,15827.050000000001
2015-06-16 20:00:00,0,38.9,12.0,3.083333333333333,15642.320000000003
2015-06-16 21:00:00,0,37.94285714285714,13.428571428571429,2.9365079365079363,15148.589999999998
2015-06-16 22:00:00,0,36.98571428571429,14.857142857142858,2.7896825396825395,14535.64
2015-06-16 23:00:00,0,36.02857142857143,16.285714285714285,2.642857142857143,14120.369999999999
2015-06-17 00:00:00,0,35.07142857142857,17.714285714285715,2.496031746031746,13886.89
2015-06-17 01:00:00,0,34.114285714285714,19.142857142857142,2.3492063492063493,13795.14
2015-06-17 02:00:00,0,33.15714285714286,20.57142857142857,2.2023809523809526,13842.090000000002
2015-06-17 03:00:00,0,32.2,22.0,2.055555555555556,13809.129999999997
2015-06-17 04:00:00,0,32.2,21.0,0.0,13993.000000000005
2015-06-17 05:00:00,0,30.0,29.0,4.111111111111112,14343.359999999999
2015-06-17 06:00:00,0,31.1,25.0,3.611111111111111,15096.860000000002
2015-06-17 07:00:00,0,33.9,20.0,3.611111111111111,15687.2
2015-06-17 08:00:00,0,36.7,17.0,2.055555555555556,16661.120000000003
2015-06-17 09:00:00,0,37.8,15.0,4.111111111111112,17512.45
2015-06-17 10:00:00,0,39.4,15.0,3.083333333333333,18029.420000000006
2015-06-17 11:00:00,0,41.7,12.0,3.083333333333333,18247.465000000004
2015-06-17 12:00:00,0,43.3,9.0,0.0,18325.002500000002
2015-06-17 13:00:00,0,43.9,7.0,5.138888888888888,18414.600000000002
2015-06-17 14:00:00,0,44.4,7.0,4.638888888888888,18404.83000000001
2015-06-17 15:00:00,0,45.0,7.0,7.194444444444444,18323.019999999986
2015-06-17 16:00:00,0,44.4,8.0,5.138888888888888,17987.899999999998
2015-06-17 17:00:00,0,43.9,7.0,7.194444444444444,17401.61
2015-06-17 18:00:00,0,43.9,7.0,7.194444444444444,16430.94
2015-06-17 19:00:00,0,41.7,9.0,5.666666666666666,15828.980000000003
2015-06-17 20:00:00,0,40.0,11.0,2.5833333333333335,15646.660000000003
2015-06-17 21:00:00,0,40.6,10.0,4.111111111111112,15235.550000000001
2015-06-17 22:00:00,0,40.0,10.0,5.666666666666666,14476.51
2015-06-17 23:00:00,0,36.7,13.0,4.111111111111112,14169.139999999998
2015-06-18 00:00:00,0,37.2,13.0,4.111111111111112,14048.109999999999
2015-06-18 01:00:00,0,36.1,14.0,4.111111111111112,13928.669999999995
2015-06-18 02:00:00,0,35.6,13.0,2.5833333333333335,13889.879999999997
2015-06-18 03:00:00,0,31.7,21.0,1.5555555555555554,13885.85
2015-06-18 04:00:00,0,31.1,22.0,2.055555555555556,13983.719999999998
2015-06-18 05:00:00,0,31.1,20.0,2.5833333333333335,14464.2
2015-06-18 06:00:00,0,32.2,19.0,3.611111111111111,15201.510000000004
2015-06-18 07:00:00,0,33.9,18.0,2.055555555555556,15773.81
2015-06-18 08:00:00,0,36.7,14.0,1.5555555555555554,16597.210000000003
2015-06-18 09:00:00,0,38.9,12.0,2.055555555555556,17417.399999999998
2015-06-18 10:00:00,0,41.1,10.0,0.0,17940.869999999995
2015-06-18 11:00:00,0,42.8,8.0,1.5555555555555554,18271.89
2015-06-18 12:00:00,0,44.4,7.0,2.055555555555556,18333.864999999998
2015-06-18 13:00:00,0,44.0,7.0,2.5833333333333335,18366.665
2015-06-18 14:00:00,0,45.6,6.0,5.666666666666666,18477.3375
2015-06-18 15:00:00,0,45.6,6.0,5.666666666666666,18401.152499999993
2015-06-18 16:00:00,0,45.6,6.0,6.166666666666666,18166.164999999997
2015-06-18 17:00:00,0,45.0,7.0,7.194444444444444,17524.467499999995
2015-06-18 18:00:00,0,43.3,8.0,5.666666666666666,16471.61
2015-06-18 19:00:00,0,42.2,9.0,4.111111111111112,15896.639999999998
2015-06-18 20:00:00,0,39.4,10.0,4.111111111111112,15767.6
2015-06-18 21:00:00,0,38.3,9.0,3.611111111111111,15292.119999999999
2015-06-18 22:00:00,0,37.8,9.0,3.083333333333333,14570.199999999999
2015-06-18 23:00:00,0,37.2,10.0,4.111111111111112,14169.139999999998
2015-06-19 00:00:00,0,35.6,12.0,0.0,14048.109999999999
2015-06-19 01:00:00,0,36.1,12.0,3.083333333333333,13928.669999999995
2015-06-19 02:00:00,0,34.4,13.0,0.0,13889.879999999997
2015-06-19 03:00:00,0,32.2,17.0,0.0,13885.85
2015-06-19 04:00:00,0,30.6,21.0,1.5555555555555554,13983.719999999998
2015-06-19 05:00:00,0,30.0,25.0,2.055555555555556,14464.2
2015-06-19 06:00:00,0,31.1,22.0,3.611111111111111,15201.510000000004
2015-06-19 07:00:00,0,33.0,20.0,3.611111111111111,15773.81
2015-06-19 08:00:00,0,36.1,16.0,3.611111111111111,16512.85
2015-06-19 09:00:00,0,38.3,14.0,4.111111111111112,17290.709999999995
2015-06-19 10:00:00,0,41.0,9.0,3.083333333333333,17806.119999999995
2015-06-19 11:00:00,0,41.7,7.0,1.5555555555555554,17987.5925
2015-06-19 12:00:00,0,42.8,7.0,0.0,18060.522499999995
2015-06-19 13:00:00,0,43.9,5.0,5.138888888888888,18028.7725
2015-06-19 14:00:00,0,46.0,4.0,8.222222222222223,18090.41
2015-06-19 15:00:00,0,44.4,4.0,5.916666666666667,17916.9425
2015-06-19 16:00:00,0,43.9,4.0,6.166666666666666,17624.390000000003
2015-06-19 17:00:00,0,43.3,4.0,5.666666666666666,16953.180000000008
2015-06-19 18:00:00,0,42.8,4.0,5.666666666666666,15924.579999999998
2015-06-19 19:00:00,0,40.6,4.0,3.611111111111111,15333.979999999998
2015-06-19 20:00:00,0,37.8,4.0,2.5833333333333335,15150.63
2015-06-19 21:00:00,0,36.7,4.0,0.0,14835.800000000005
2015-06-19 22:00:00,0,37.8,4.0,0.0,14199.489999999998
2015-06-19 23:00:00,0,32.2,11.0,3.611111111111111,13824.43
2015-06-20 00:00:00,1,31.1,12.0,2.055555555555556,13547.990000000002
2015-06-20 01:00:00,1,29.4,15.0,2.055555555555556,13346.5
2015-06-20 02:00:00,1,29.4,15.0,1.5555555555555554,13373.129999999997
2015-06-20 03:00:00,1,27.8,13.0,1.5555555555555554,13242.199999999999
2015-06-20 04:00:00,1,27.8,15.0,1.5555555555555554,13358.55
2015-06-20 05:00:00,1,27.0,16.0,2.5833333333333335,13493.22
2015-06-20 06:00:00,1,28.9,14.0,5.138888888888888,13590.519999999999
2015-06-20 07:00:00,1,31.7,12.0,3.611111111111111,14022.039999999999
2015-06-20 08:00:00,1,33.3,10.0,2.5833333333333335,14348.609999999999
2015-06-20 09:00:00,1,36.7,8.0,2.055555555555556,14733.34
2015-06-20 10:00:00,1,38.9,7.0,2.5833333333333335,14918.840000000002
2015-06-20 11:00:00,1,40.0,6.0,3.083333333333333,15107.669999999998
2015-06-20 12:00:00,1,41.7,6.0,2.5833333333333335,15265.929999999998
2015-06-20 13:00:00,1,42.2,6.0,3.611111111111111,15303.01
2015-06-20 14:00:00,1,44.0,5.0,5.666666666666666,15226.779999999999
2015-06-20 15:00:00,1,43.3,4.0,2.5833333333333335,15185.989999999996
2015-06-20 16:00:00,1,43.9,5.0,2.055555555555556,15076.909999999998
2015-06-20 17:00:00,1,43.9,4.0,4.638888888888888,14856.12
2015-06-20 18:00:00,1,42.8,5.0,3.611111111111111,14680.299999999997
2015-06-20 19:00:00,1,41.7,5.0,2.055555555555556,14488.460000000001
2015-06-20 20:00:00,1,39.833333333333336,7.333333333333334,2.2314814814814814,14445.61
2015-06-20 21:00:00,1,37.96666666666667,9.666666666666668,2.407407407407408,14290.309999999998
2015-06-20 22:00:00,1,36.1,12.0,2.5833333333333335,13970.230000000003
2015-06-20 23:00:00,1,36.1,14.0,3.611111111111111,13777.300000000001
2015-06-21 00:00:00,1,35.6,18.0,3.083333333333333,13599.18
2015-06-21 01:00:00,1,34.4,26.0,4.638888888888888,13508.370000000003
2015-06-21 02:00:00,1,32.8,30.0,2.055555555555556,13609.14
2015-06-21 03:00:00,1,31.7,27.0,4.638888888888888,13501.029999999999
2015-06-21 04:00:00,1,31.7,29.0,2.055555555555556,13678.449999999995
2015-06-21 05:00:00,1,31.1,32.0,3.083333333333333,13560.630000000001
2015-06-21 06:00:00,1,31.7,29.0,4.111111111111112,13806.849999999999
2015-06-21 07:00:00,1,32.2,27.0,2.5833333333333335,14239.4
2015-06-21 08:00:00,1,33.3,26.0,0.0,14412.890000000003
2015-06-21 09:00:00,1,34.4,24.0,0.0,14628.34
2015-06-21 10:00:00,1,36.0,23.0,3.083333333333333,14875.330000000002
2015-06-21 11:00:00,1,37.8,20.0,1.5555555555555554,15032.079999999996
2015-06-21 12:00:00,1,38.9,17.0,0.0,15188.869999999999
2015-06-21 13:00:00,1,40.0,15.0,2.5833333333333335,15305.550000000001
2015-06-21 14:00:00,1,41.7,15.0,2.5833333333333335,15257.189999999997
2015-06-21 15:00:00,1,41.7,15.0,5.138888888888888,15216.630000000003
2015-06-21 16:00:00,1,41.7,14.0,4.111111111111112,15154.37
2015-06-21 17:00:00,1,41.7,13.0,3.083333333333333,14956.280000000006
2015-06-21 18:00:00,1,41.7,11.0,4.638888888888888,14645.79
2015-06-21 19:00:00,1,40.6,13.0,5.138888888888888,14519.900000000001
2015-06-21 20:00:00,1,38.9,14.0,3.083333333333333,14574.130000000006
2015-06-21 21:00:00,1,36.7,17.0,2.055555555555556,14301.8
2015-06-21 22:00:00,1,37.0,16.0,3.611111111111111,14164.019999999999
2015-06-21 23:00:00,1,35.6,21.0,4.111111111111112,13994.139999999998
2015-06-22 00:00:00,0,35.0,22.0,4.638888888888888,13860.359999999997
2015-06-22 01:00:00,0,34.4,19.0,6.694444444444445,13820.7
2015-06-22 02:00:00,0,33.3,21.0,4.638888888888888,13905.080000000004
2015-06-22 03:00:00,0,30.6,25.0,1.5555555555555554,14006.279999999999
2015-06-22 04:00:00,0,30.6,29.0,0.0,14592.630000000003
2015-06-22 05:00:00,0,29.4,32.0,0.0,14979.6775
2015-06-22 06:00:00,0,31.1,29.0,0.0,15440.100000000004
2015-06-22 07:00:00,0,32.8,25.0,2.5833333333333335,16049.049999999997
2015-06-22 08:00:00,0,33.3,25.0,0.0,16795.96
2015-06-22 09:00:00,0,35.6,22.0,2.055555555555556,17505.55
2015-06-22 10:00:00,0,36.1,19.0,1.5555555555555554,18033.829999999994
2015-06-22 11:00:00,0,38.9,13.0,3.083333333333333,18200.15
2015-06-22 12:00:00,0,39.4,12.0,2.5833333333333335,18198.1825
2015-06-22 13:00:00,0,42.2,10.0,2.5833333333333335,18162.0775
2015-06-22 14:00:00,0,41.7,7.0,6.166666666666666,18175.4225
2015-06-22 15:00:00,0,41.7,7.0,4.111111111111112,18046.6125
2015-06-22 16:00:00,0,42.2,7.0,6.694444444444445,17766.070000000003
2015-06-22 17:00:00,0,41.7,9.0,5.138888888888888,17140.58
2015-06-22 18:00:00,0,41.1,11.0,7.194444444444444,16190.470000000001
2015-06-22 19:00:00,0,40.6,10.0,5.666666666666666,15779.329999999996
2015-06-22 20:00:00,0,38.9,12.0,3.611111111111111,15590.350000000008
2015-06-22 21:00:00,0,37.2,14.0,1.5555555555555554,15180.700000000003
2015-06-22 22:00:00,0,36.7,14.0,0.0,14507.050000000003
2015-06-22 23:00:00,0,34.0,19.0,0.0,14111.4
2015-06-23 00:00:00,0,35.6,18.0,4.111111111111112,13931.13
2015-06-23 01:00:00,0,34.4,21.0,2.055555555555556,13773.269999999995
2015-06-23 02:00:00,0,33.3,22.0,3.611111111111111,13864.719999999998
2015-06-23 03:00:00,0,32.2,24.0,0.0,13934.649999999996
2015-06-23 04:00:00,0,31.7,26.0,1.5555555555555554,13995.11
2015-06-23 05:00:00,0,30.6,29.0,0.0,14343.359999999999
2015-06-23 06:00:00,0,32.2,24.0,3.611111111111111,15096.860000000002
2015-06-23 07:00:00,0,33.3,22.0,2.5833333333333335,15687.2
2015-06-23 08:00:00,0,34.4,21.0,0.0,16661.120000000003
2015-06-23 09:00:00,0,36.7,15.0,3.083333333333333,17512.45
2015-06-23 10:00:00,0,37.8,13.0,1.5555555555555554,18029.420000000006
2015-06-23 11:00:00,0,38.9,12.0,2.5833333333333335,18255.55
2015-06-23 12:00:00,0,41.0,11.0,2.055555555555556,18277.550000000003
2015-06-23 13:00:00,0,41.1,11.0,1.5555555555555554,18315.779999999995
2015-06-23 14:00:00,0,42.8,9.0,4.638888888888888,18463.672499999997
2015-06-23 15:00:00,0,42.8,8.0,6.166666666666666,18341.1725
2015-06-23 16:00:00,0,43.3,8.0,7.722222222222222,18113.629999999994
2015-06-23 17:00:00,0,43.3,8.0,7.194444444444444,17467.107500000002
2015-06-23 18:00:00,0,42.2,9.0,7.722222222222222,16444.7
2015-06-23 19:00:00,0,41.1,9.0,5.666666666666666,15834.83
2015-06-23 20:00:00,0,40.0,9.0,4.638888888888888,15625.71
2015-06-23 21:00:00,0,38.3,11.0,3.611111111111111,15206.820000000003
2015-06-23 22:00:00,0,35.6,14.0,2.055555555555556,14603.56
2015-06-23 23:00:00,0,36.7,12.0,0.0,14177.449999999997
2015-06-24 00:00:00,0,34.0,15.0,1.5555555555555554,13882.169999999998
2015-06-24 01:00:00,0,35.0,13.0,2.5833333333333335,13805.21
2015-06-24 02:00:00,0,34.4,14.0,0.0,13905.14
2015-06-24 03:00:00,0,34.4,12.0,2.5833333333333335,13890.439999999999
2015-06-24 04:00:00,0,31.7,19.0,3.611111111111111,14015.05
2015-06-24 05:00:00,0,31.1,22.0,1.5555555555555554,14503.510000000002
2015-06-24 06:00:00,0,32.2,19.0,4.111111111111112,15422.940000000002
2015-06-24 07:00:00,0,34.4,18.0,2.055555555555556,16051.200000000004
2015-06-24 08:00:00,0,36.1,14.0,2.055555555555556,16776.969999999994
2015-06-24 09:00:00,0,38.3,11.0,0.0,17495.779999999995
2015-06-24 10:00:00,0,40.6,8.0,2.055555555555556,18131.039999999997
2015-06-24 11:00:00,0,42.8,6.0,2.5833333333333335,18438.75
2015-06-24 12:00:00,0,43.9,6.0,4.111111111111112,18369.955
2015-06-24 13:00:00,0,43.3,6.0,4.111111111111112,18342.684999999994
2015-06-24 14:00:00,0,42.8,6.0,3.611111111111111,18429.947500000002
2015-06-24 15:00:00,0,43.3,7.0,4.111111111111112,18398.425000000003
2015-06-24 16:00:00,0,44.4,7.0,5.138888888888888,18268.92
2015-06-24 17:00:00,0,43.3,7.0,4.638888888888888,17621.320000000007
2015-06-24 18:00:00,0,42.2,10.0,4.638888888888888,16712.515
2015-06-24 19:00:00,0,38.9,17.0,5.666666666666666,16138.170000000006
2015-06-24 20:00:00,0,37.8,19.0,2.5833333333333335,15951.26
2015-06-24 21:00:00,0,37.2,20.0,2.055555555555556,15398.399999999998
2015-06-24 22:00:00,0,36.7,20.0,3.083333333333333,14751.279999999997
2015-06-24 23:00:00,0,36.1,22.0,2.5833333333333335,14408.839999999998
2015-06-25 00:00:00,0,35.6,22.0,2.055555555555556,14390.79
2015-06-25 01:00:00,0,36.1,20.0,3.083333333333333,14227.130000000001
2015-06-25 02:00:00,0,33.3,27.0,3.611111111111111,14187.14
2015-06-25 03:00:00,0,33.9,26.0,2.5833333333333335,14178.860000000002
2015-06-25 04:00:00,0,32.8,27.0,2.055555555555556,14307.140000000001
2015-06-25 05:00:00,0,33.3,26.0,4.638888888888888,14734.4
2015-06-25 06:00:00,0,33.3,27.0,3.611111111111111,15620.140000000005
2015-06-25 07:00:00,0,34.4,26.0,3.083333333333333,16155.7
2015-06-25 08:00:00,0,35.6,24.0,3.083333333333333,16892.609999999993
2015-06-25 09:00:00,0,36.1,23.0,2.5833333333333335,17610.829999999994
2015-06-25 10:00:00,0,38.3,20.0,3.611111111111111,18076.600000000002
2015-06-25 11:00:00,0,38.3,19.0,1.5555555555555554,18320.839999999997
2015-06-25 12:00:00,0,40.6,16.0,4.638888888888888,18359.725000000002
2015-06-25 13:00:00,0,41.7,16.0,3.611111111111111,18467.894999999997
2015-06-25 14:00:00,0,41.7,13.0,4.638888888888888,18558.132499999992
2015-06-25 15:00:00,0,43.3,11.0,8.222222222222223,18400.405
2015-06-25 16:00:00,0,42.8,12.0,5.666666666666666,18202.735000000004
2015-06-25 17:00:00,0,43.3,10.0,6.694444444444445,17677.305000000008
2015-06-25 18:00:00,0,42.8,9.0,6.166666666666666,16640.679999999997
2015-06-25 19:00:00,0,41.7,9.0,6.166666666666666,16044.03
2015-06-25 20:00:00,0,39.4,14.0,5.666666666666666,15797.59
2015-06-25 21:00:00,0,38.3,17.0,4.111111111111112,15344.900000000001
2015-06-25 22:00:00,0,37.2,18.0,4.111111111111112,14811.619999999997
2015-06-25 23:00:00,0,37.2,16.0,4.111111111111112,14389.580000000005
2015-06-26 00:00:00,0,36.7,18.0,3.083333333333333,14139.559999999998
2015-06-26 01:00:00,0,35.6,22.0,2.5833333333333335,14052.600000000002
2015-06-26 02:00:00,0,33.9,28.0,3.611111111111111,14128.159999999996
2015-06-26 03:00:00,0,33.3,31.0,4.111111111111112,14043.74
2015-06-26 04:00:00,0,32.2,31.0,4.638888888888888,14312.919999999998
2015-06-26 05:00:00,0,31.7,34.0,5.138888888888888,14849.01
2015-06-26 06:00:00,0,31.7,39.0,6.166666666666666,15610.349999999999
2015-06-26 07:00:00,0,32.8,38.0,4.111111111111112,16224.300000000001
2015-06-26 08:00:00,0,34.4,33.0,3.083333333333333,16977.649999999994
2015-06-26 09:00:00,0,35.6,27.0,2.055555555555556,17718.72
2015-06-26 10:00:00,0,36.7,24.0,4.638888888888888,18155.160000000003
2015-06-26 11:00:00,0,37.8,25.0,3.611111111111111,18194.175
2015-06-26 12:00:00,0,38.9,24.0,6.166666666666666,18237.4575
2015-06-26 13:00:00,0,39.4,22.0,5.666666666666666,18266.142499999998
2015-06-26 14:00:00,0,40.6,19.0,5.666666666666666,18276.2075
2015-06-26 15:00:00,0,41.7,17.0,5.138888888888888,18166.394999999997
2015-06-26 16:00:00,0,41.7,15.0,5.666666666666666,17927.915
2015-06-26 17:00:00,0,41.1,15.0,4.111111111111112,17235.34
2015-06-26 18:00:00,0,41.1,15.0,4.111111111111112,16146.75
2015-06-26 19:00:00,0,40.6,17.0,2.5833333333333335,15625.28
2015-06-26 20:00:00,0,39.4,19.0,3.083333333333333,15550.830000000004
2015-06-26 21:00:00,0,38.3,19.0,7.194444444444444,15258.979999999998
2015-06-26 22:00:00,0,37.2,24.0,7.194444444444444,14632.22
2015-06-26 23:00:00,0,36.1,27.0,4.638888888888888,14267.050000000001
2015-06-27 00:00:00,1,35.6,28.0,3.083333333333333,14082.659999999998
2015-06-27 01:00:00,1,35.0,29.0,7.194444444444444,13971.340000000004
2015-06-27 02:00:00,1,33.53333333333333,39.333333333333336,3.435185185185185,13910.72
2015-06-27 03:00:00,1,32.2,48.0,0.0,13894.939999999999
2015-06-27 04:00:00,1,32.8,36.0,4.111111111111112,13938.340000000002
2015-06-27 05:00:00,1,32.2,38.0,3.611111111111111,14366.690000000004
2015-06-27 06:00:00,1,32.8,35.0,3.611111111111111,14490.540000000003
2015-06-27 07:00:00,1,33.3,34.0,4.638888888888888,14791.430000000006
2015-06-27 08:00:00,1,33.9,33.0,2.5833333333333335,14961.410000000003
2015-06-27 09:00:00,1,34.4,32.0,0.0,15072.879999999997
2015-06-27 10:00:00,1,35.6,30.0,2.055555555555556,15144.780000000002
2015-06-27 11:00:00,1,36.7,26.0,1.5555555555555554,15354.75
2015-06-27 12:00:00,1,38.3,23.0,3.611111111111111,15654.85
2015-06-27 13:00:00,1,38.9,22.0,1.5555555555555554,15631.319999999998
2015-06-27 14:00:00,1,40.6,19.0,4.638888888888888,15648.390000000001
2015-06-27 15:00:00,1,41.7,17.0,6.694444444444445,15567.399999999998
2015-06-27 16:00:00,1,41.7,17.0,3.611111111111111,15428.71
2015-06-27 17:00:00,1,41.7,16.0,2.5833333333333335,15255.699999999997
2015-06-27 18:00:00,1,50.0,8.0,8.32175925925926,15135.970000000003
2015-06-27 19:00:00,1,37.300000000000004,23.5,14.060185185185185,14654.449999999999
2015-06-27 20:00:00,1,35.6,22.0,5.666666666666666,14454.58
2015-06-27 21:00:00,1,33.9,29.0,7.194444444444444,14328.760000000002
2015-06-27 22:00:00,1,33.9,29.0,3.611111111111111,14005.140000000001
2015-06-27 23:00:00,1,33.3,32.0,6.694444444444445,13772.250000000002
2015-06-28 00:00:00,1,33.9,30.0,4.111111111111112,13679.910000000003
2015-06-28 01:00:00,1,33.9,30.0,3.611111111111111,13611.290000000003
2015-06-28 02:00:00,1,32.8,34.0,2.055555555555556,13673.920000000002
2015-06-28 03:00:00,1,32.2,37.0,0.0,13595.809999999998
2015-06-28 04:00:00,1,31.7,35.0,4.111111111111112,13734.469999999998
2015-06-28 05:00:00,1,31.1,37.0,3.083333333333333,13772.589999999998
2015-06-28 06:00:00,1,31.7,36.0,3.611111111111111,13986.3
2015-06-28 07:00:00,1,33.3,33.0,4.111111111111112,14379.0
2015-06-28 08:00:00,1,35.6,27.0,2.055555555555556,14568.050000000003
2015-06-28 09:00:00,1,36.7,25.0,2.055555555555556,14843.360000000002
2015-06-28 10:00:00,1,39.4,20.0,0.0,14991.869999999999
2015-06-28 11:00:00,1,40.6,18.0,2.5833333333333335,15224.82
2015-06-28 12:00:00,1,41.7,17.0,4.111111111111112,15305.180000000002
2015-06-28 13:00:00,1,41.7,17.0,1.5555555555555554,15394.552500000002
2015-06-28 14:00:00,1,41.7,16.0,0.0,15357.749999999996
2015-06-28 15:00:00,1,42.2,15.0,1.5555555555555554,15240.660000000002
2015-06-28 16:00:00,1,43.3,13.0,3.083333333333333,15142.87
2015-06-28 17:00:00,1,42.8,15.0,4.111111111111112,14968.590000000002
2015-06-28 18:00:00,1,40.0,21.0,5.138888888888888,14729.04
2015-06-28 19:00:00,1,39.4,22.0,2.5833333333333335,14504.379999999996
2015-06-28 20:00:00,1,37.2,25.0,9.249999999999998,14593.740000000002
2015-06-28 21:00:00,1,35.6,29.0,6.694444444444445,14413.75
2015-06-28 22:00:00,1,34.4,32.0,4.111111111111112,14216.220000000001
2015-06-28 23:00:00,1,34.4,33.0,2.055555555555556,14138.359999999999
2015-06-29 00:00:00,0,34.4,33.0,1.5555555555555554,14037.269999999999
2015-06-29 01:00:00,0,34.4,33.0,1.5555555555555554,13948.43
2015-06-29 02:00:00,0,33.3,37.0,2.055555555555556,14139.87
2015-06-29 03:00:00,0,32.8,36.0,2.055555555555556,14346.050000000001
2015-06-29 04:00:00,0,31.1,42.0,3.611111111111111,14743.647500000001
2015-06-29 05:00:00,0,31.1,42.0,1.5555555555555554,15267.732500000002
2015-06-29 06:00:00,0,32.2,39.0,2.055555555555556,15659.68
2015-06-29 07:00:00,0,33.3,38.0,1.5555555555555554,16228.922499999995
2015-06-29 08:00:00,0,35.0,33.0,2.5833333333333335,17191.550000000003
2015-06-29 09:00:00,0,36.1,29.0,1.5555555555555554,17843.1275
2015-06-29 10:00:00,0,37.2,28.0,2.5833333333333335,18158.135000000002
2015-06-29 11:00:00,0,40.0,24.0,3.611111111111111,18482.949999999993
2015-06-29 12:00:00,0,41.1,22.0,3.083333333333333,18488.829999999994
2015-06-29 13:00:00,0,41.1,21.0,3.611111111111111,18581.9675
2015-06-29 14:00:00,0,41.7,19.0,6.166666666666666,18627.157499999998
2015-06-29 15:00:00,0,42.2,18.0,2.5833333333333335,18602.787500000002
2015-06-29 16:00:00,0,42.2,17.0,2.055555555555556,18489.8425
2015-06-29 17:00:00,0,42.2,17.0,5.138888888888888,17769.747500000005
2015-06-29 18:00:00,0,42.2,17.0,6.166666666666666,16849.2
2015-06-29 19:00:00,0,40.6,20.0,4.111111111111112,16309.800000000005
2015-06-29 20:00:00,0,39.4,21.0,4.111111111111112,16107.95
2015-06-29 21:00:00,0,36.86666666666667,26.333333333333332,6.5092592592592595,15700.830000000004
2015-06-29 22:00:00,0,32.2,46.0,6.166666666666666,14944.44
2015-06-29 23:00:00,0,33.3,43.5,2.569444444444444,14489.669999999998
2015-06-30 00:00:00,0,33.3,39.0,0.0,14372.45
2015-06-30 01:00:00,0,31.1,61.0,2.5833333333333335,14322.390000000001
2015-06-30 02:00:00,0,30.6,63.0,3.083333333333333,14479.969999999998
2015-06-30 03:00:00,0,30.0,63.0,2.5833333333333335,14420.27
2015-06-30 04:00:00,0,30.0,61.0,3.083333333333333,14659.320000000002
2015-06-30 05:00:00,0,30.6,59.0,3.611111111111111,15254.999999999998
2015-06-30 06:00:00,0,32.2,43.0,3.083333333333333,16241.170000000002
2015-06-30 07:00:00,0,33.3,38.0,5.666666666666666,16764.277499999997
2015-06-30 08:00:00,0,35.0,33.0,3.611111111111111,17512.74
2015-06-30 09:00:00,0,36.1,28.0,6.166666666666666,18134.420000000002
2015-06-30 10:00:00,0,36.7,28.0,7.194444444444444,18436.577500000003
2015-06-30 11:00:00,0,37.2,28.0,7.722222222222222,18484.67
2015-06-30 12:00:00,0,38.3,27.0,3.611111111111111,18349.9725
2015-06-30 13:00:00,0,38.9,26.0,4.111111111111112,18415.8775
2015-06-30 14:00:00,0,39.4,24.0,5.138888888888888,18522.175
2015-06-30 15:00:00,0,41.7,22.0,6.166666666666666,18439.122499999998
2015-06-30 16:00:00,0,40.0,23.0,6.166666666666666,18210.289999999997
2015-06-30 17:00:00,0,40.0,22.0,6.694444444444445,17541.215000000004
2015-06-30 18:00:00,0,40.0,21.0,6.694444444444445,16560.225000000002
2015-06-30 19:00:00,0,38.3,25.0,7.722222222222222,16022.48
2015-06-30 20:00:00,0,37.8,26.0,4.638888888888888,15877.19
2015-06-30 21:00:00,0,37.2,28.0,5.666666666666666,15518.600000000002
2015-06-30 22:00:00,0,36.1,29.0,6.694444444444445,14924.999999999996
2015-06-30 23:00:00,0,35.6,31.0,5.138888888888888,14469.21
2015-07-01 00:00:00,0,33.3,38.0,1.5555555555555554,14237.17
2015-07-01 01:00:00,0,33.3,35.0,3.611111111111111,14142.070000000002
2015-07-01 02:00:00,0,30.6,51.0,4.111111111111112,14237.999999999998
2015-07-01 03:00:00,0,30.0,53.0,5.138888888888888,14312.630000000001
2015-07-01 04:00:00,0,29.4,55.0,3.611111111111111,14449.310000000003
2015-07-01 05:00:00,0,28.9,55.0,4.638888888888888,15004.569999999998
2015-07-01 06:00:00,0,29.4,53.0,4.111111111111112,15666.4
2015-07-01 07:00:00,0,31.1,48.0,2.5833333333333335,16201.835000000006
2015-07-01 08:00:00,0,32.8,38.0,2.5833333333333335,16864.88
2015-07-01 09:00:00,0,33.9,34.0,3.611111111111111,17670.489999999998
2015-07-01 10:00:00,0,34.4,32.0,1.5555555555555554,18002.634999999995
2015-07-01 11:00:00,0,36.1,29.0,1.5555555555555554,18200.357500000002
2015-07-01 12:00:00,0,37.8,27.0,6.694444444444445,18322.827499999996
2015-07-01 13:00:00,0,38.9,24.0,6.694444444444445,18425.107500000002
2015-07-01 14:00:00,0,40.0,22.0,7.722222222222222,18459.154999999995
2015-07-01 15:00:00,0,40.0,21.0,7.194444444444444,18380.7675
2015-07-01 16:00:00,0,40.0,21.0,7.722222222222222,18067.947500000002
2015-07-01 17:00:00,0,38.9,22.0,6.694444444444445,17506.05
2015-07-01 18:00:00,0,37.8,25.0,7.722222222222222,16638.117499999997
2015-07-01 19:00:00,0,36.1,30.0,7.194444444444444,16077.35
2015-07-01 20:00:00,0,36.1,30.0,6.166666666666666,15955.020000000002
2015-07-01 21:00:00,0,34.4,33.0,6.694444444444445,15551.580000000004
2015-07-01 22:00:00,0,33.9,33.0,6.166666666666666,14780.439999999997
2015-07-01 23:00:00,0,33.3,33.0,6.166666666666666,14360.26
2015-07-02 00:00:00,0,33.3,32.0,5.138888888888888,14172.27
2015-07-02 01:00:00,0,32.8,33.0,4.638888888888888,14026.879999999997
2015-07-02 02:00:00,0,32.2,34.0,4.111111111111112,14113.220000000001
2015-07-02 03:00:00,0,32.2,34.0,5.138888888888888,14123.280000000002
2015-07-02 04:00:00,0,31.1,36.0,3.611111111111111,14351.29
2015-07-02 05:00:00,0,31.1,36.0,5.666666666666666,14884.54
2015-07-02 06:00:00,0,31.7,34.0,5.138888888888888,15558.770000000006
2015-07-02 07:00:00,0,32.8,32.0,3.611111111111111,15983.06
2015-07-02 08:00:00,0,35.0,28.0,5.138888888888888,16681.34
2015-07-02 09:00:00,0,35.0,28.0,3.083333333333333,17438.809999999994
2015-07-02 10:00:00,0,36.7,25.0,2.5833333333333335,18000.642499999994
2015-07-02 11:00:00,0,38.3,24.0,4.638888888888888,18209.850000000006
2015-07-02 12:00:00,0,38.3,24.0,3.611111111111111,18250.112500000003
2015-07-02 13:00:00,0,40.0,22.0,5.138888888888888,18229.977499999997
2015-07-02 14:00:00,0,40.6,20.0,6.166666666666666,18331.6875
2015-07-02 15:00:00,0,40.6,19.0,3.611111111111111,18074.197500000002
2015-07-02 16:00:00,0,40.6,18.0,5.666666666666666,17752.130000000005
2015-07-02 17:00:00,0,40.6,16.0,6.166666666666666,17246.332499999993
2015-07-02 18:00:00,0,39.4,18.0,6.166666666666666,16394.11
2015-07-02 19:00:00,0,38.9,20.0,4.638888888888888,15772.819999999998
2015-07-02 20:00:00,0,37.8,21.0,3.083333333333333,15671.400000000001
2015-07-02 21:00:00,0,37.2,21.0,3.083333333333333,15285.85
2015-07-02 22:00:00,0,37.2,21.0,5.666666666666666,14626.51
2015-07-02 23:00:00,0,36.1,24.0,3.083333333333333,14179.550000000001
2015-07-03 00:00:00,1,35.85,25.0,2.833333333333333,13914.53
2015-07-03 01:00:00,1,35.0,31.0,2.5833333333333335,13831.06
2015-07-03 02:00:00,1,33.9,32.0,3.083333333333333,13928.219999999998
2015-07-03 03:00:00,1,31.1,46.0,5.138888888888888,13992.17
2015-07-03 04:00:00,1,31.7,40.0,5.666666666666666,14112.949999999999
2015-07-03 05:00:00,1,28.3,63.0,8.222222222222223,14484.229999999998
2015-07-03 06:00:00,1,28.3,58.0,5.138888888888888,14691.009999999998
2015-07-03 07:00:00,1,28.9,56.0,6.694444444444445,14576.779999999999
2015-07-03 08:00:00,1,30.0,51.0,3.083333333333333,14606.130000000001
2015-07-03 09:00:00,1,31.7,43.0,1.5555555555555554,14765.630000000001
2015-07-03 10:00:00,1,32.2,40.0,2.055555555555556,14965.86
2015-07-03 11:00:00,1,33.9,33.0,3.083333333333333,15147.590000000004
2015-07-03 12:00:00,1,34.4,31.0,0.0,15170.569999999996
2015-07-03 13:00:00,1,35.0,32.0,1.5555555555555554,15265.109999999999
2015-07-03 14:00:00,1,35.0,32.0,2.5833333333333335,15241.269999999999
2015-07-03 15:00:00,1,36.1,25.0,1.5555555555555554,15262.729999999996
2015-07-03 16:00:00,1,37.2,24.0,3.083333333333333,15279.919999999998
2015-07-03 17:00:00,1,37.2,23.0,1.5555555555555554,15034.099999999999
2015-07-03 18:00:00,1,37.2,25.0,2.5833333333333335,14844.86
2015-07-03 19:00:00,1,36.1,29.0,1.5555555555555554,14694.499999999998
2015-07-03 20:00:00,1,36.1,29.0,0.0,14725.800000000001
2015-07-03 21:00:00,1,35.6,30.0,9.249999999999998,14552.149999999996
2015-07-03 22:00:00,1,32.8,41.0,3.611111111111111,14163.469999999998
2015-07-03 23:00:00,1,31.7,45.0,2.5833333333333335,13845.630000000001
2015-07-04 00:00:00,1,31.1,46.0,3.083333333333333,13722.03
2015-07-04 01:00:00,1,31.7,45.0,2.5833333333333335,13677.49
2015-07-04 02:00:00,1,30.0,49.0,2.5833333333333335,13803.560000000003
2015-07-04 03:00:00,1,30.6,44.0,2.055555555555556,13727.659999999998
2015-07-04 04:00:00,1,30.0,48.0,1.5555555555555554,13863.599999999997
2015-07-04 05:00:00,1,29.4,49.0,0.0,14005.660000000002
2015-07-04 06:00:00,1,31.1,46.0,1.5555555555555554,14039.072500000002
2015-07-04 07:00:00,1,32.8,38.0,3.611111111111111,14384.9575
2015-07-04 08:00:00,1,35.0,32.0,3.611111111111111,14549.655
2015-07-04 09:00:00,1,35.6,31.0,2.5833333333333335,14856.1175
2015-07-04 10:00:00,1,36.7,30.0,4.111111111111112,14809.552500000003
2015-07-04 11:00:00,1,37.2,28.0,4.638888888888888,14927.989999999998
2015-07-04 12:00:00,1,38.9,23.0,6.166666666666666,15171.020000000004
2015-07-04 13:00:00,1,40.0,20.0,5.138888888888888,15101.42
2015-07-04 14:00:00,1,40.0,17.0,6.694444444444445,15157.390000000003
2015-07-04 15:00:00,1,40.0,18.0,4.638888888888888,14979.980000000001
2015-07-04 16:00:00,1,40.6,18.0,10.277777777777777,14867.280000000004
2015-07-04 17:00:00,1,39.75,19.5,8.48611111111111,14693.609999999995
2015-07-04 18:00:00,1,38.9,21.0,6.694444444444445,14459.169999999996
2015-07-04 19:00:00,1,38.3,20.0,5.666666666666666,14402.82
2015-07-04 20:00:00,1,37.8,21.0,4.111111111111112,14387.039999999999
2015-07-04 21:00:00,1,36.7,24.0,3.083333333333333,14180.619999999999
2015-07-04 22:00:00,1,36.1,25.0,0.0,14063.960000000001
2015-07-04 23:00:00,1,35.6,25.0,4.111111111111112,13927.29
2015-07-05 00:00:00,1,35.0,27.0,5.138888888888888,13834.204999999998
2015-07-05 01:00:00,1,33.9,29.0,5.138888888888888,13704.987500000003
2015-07-05 02:00:00,1,33.9,28.0,7.194444444444444,13721.577499999998
2015-07-05 03:00:00,1,32.8,32.0,5.666666666666666,13680.160000000002
2015-07-05 04:00:00,1,32.2,35.0,5.666666666666666,13679.262500000003
2015-07-05 05:00:00,1,31.7,36.0,4.111111111111112,13913.9625
2015-07-05 06:00:00,1,31.7,38.0,3.083333333333333,14200.214999999998
2015-07-05 07:00:00,1,31.7,40.0,3.083333333333333,14278.017499999998
2015-07-05 08:00:00,1,33.3,35.0,3.083333333333333,14482.099999999999
2015-07-05 09:00:00,1,35.6,30.0,2.055555555555556,14932.145
2015-07-05 10:00:00,1,36.1,26.0,1.5555555555555554,15137.780000000004
2015-07-05 11:00:00,1,37.2,23.0,2.5833333333333335,15072.435000000001
2015-07-05 12:00:00,1,37.8,23.0,2.055555555555556,15283.952499999998
2015-07-05 13:00:00,1,38.3,21.0,2.5833333333333335,15278.025
2015-07-05 14:00:00,1,37.8,22.0,4.111111111111112,14963.035000000002
2015-07-05 15:00:00,1,33.9,41.0,9.777777777777779,15083.792499999998
2015-07-05 16:00:00,1,33.3,41.0,9.777777777777779,15172.05
2015-07-05 17:00:00,1,33.3,39.0,9.777777777777779,14830.657499999998
2015-07-05 18:00:00,1,31.7,46.0,7.194444444444444,14629.2525
2015-07-05 19:00:00,1,29.4,55.0,6.166666666666666,14532.762499999997
2015-07-05 20:00:00,1,29.4,53.0,6.166666666666666,14386.590000000006
2015-07-05 21:00:00,1,29.4,53.0,3.611111111111111,14190.829999999998
2015-07-05 22:00:00,1,29.4,49.0,3.083333333333333,13979.69
2015-07-05 23:00:00,1,28.9,53.0,3.083333333333333,13808.155
2015-07-06 00:00:00,0,28.9,53.0,3.083333333333333,13755.980000000001
2015-07-06 01:00:00,0,29.4,51.0,2.055555555555556,13770.109999999999
2015-07-06 02:00:00,0,29.4,51.0,0.0,13883.1
2015-07-06 03:00:00,0,29.4,51.0,0.0,14188.750000000004
2015-07-06 04:00:00,0,28.95,55.0,3.597222222222222,14723.179999999998
2015-07-06 05:00:00,0,26.1,69.0,4.638888888888888,15185.19
2015-07-06 06:00:00,0,26.4,69.5,2.833333333333333,15468.6
2015-07-06 07:00:00,0,28.3,56.0,2.055555555555556,15820.359999999999
2015-07-06 08:00:00,0,30.6,51.0,3.083333333333333,16671.260000000006
2015-07-06 09:00:00,0,30.6,49.0,1.5555555555555554,17282.600000000002
2015-07-06 10:00:00,0,34.4,37.0,2.5833333333333335,17781.740000000005
2015-07-06 11:00:00,0,35.0,36.0,4.111111111111112,17975.554999999997
2015-07-06 12:00:00,0,37.8,27.0,4.111111111111112,18059.665
2015-07-06 13:00:00,0,37.8,27.0,1.5555555555555554,18119.272500000006
2015-07-06 14:00:00,0,38.9,22.0,4.111111111111112,18104.574999999997
2015-07-06 15:00:00,0,39.4,22.0,5.666666666666666,17946.265000000003
2015-07-06 16:00:00,0,39.4,20.0,5.138888888888888,17785.13
2015-07-06 17:00:00,0,40.0,20.0,5.138888888888888,17217.04
2015-07-06 18:00:00,0,38.9,22.0,2.5833333333333335,16428.530000000002
2015-07-06 19:00:00,0,38.3,24.0,4.111111111111112,15873.779999999993
2015-07-06 20:00:00,0,36.650000000000006,23.5,5.652777777777778,15686.589999999998
2015-07-06 21:00:00,0,35.6,23.0,3.083333333333333,15196.659999999996
2015-07-06 22:00:00,0,35.6,23.0,3.611111111111111,14483.939999999999
2015-07-06 23:00:00,0,35.0,26.0,3.083333333333333,14147.869999999997
2015-07-07 00:00:00,0,34.4,31.0,4.111111111111112,13981.080000000004
2015-07-07 01:00:00,0,33.9,30.0,4.638888888888888,13883.300000000003
2015-07-07 02:00:00,0,32.8,33.0,1.5555555555555554,13985.299999999997
2015-07-07 03:00:00,0,30.6,48.0,3.611111111111111,14069.53
2015-07-07 04:00:00,0,30.0,49.0,3.083333333333333,14298.25
2015-07-07 05:00:00,0,30.0,49.0,3.083333333333333,14861.13
2015-07-07 06:00:00,0,30.6,44.0,3.083333333333333,15597.87
2015-07-07 07:00:00,0,32.2,40.0,1.5555555555555554,16078.050000000003
2015-07-07 08:00:00,0,33.3,35.0,0.0,16831.829999999998
2015-07-07 09:00:00,0,35.0,30.0,2.5833333333333335,17494.269999999997
2015-07-07 10:00:00,0,36.1,27.0,0.0,17939.649999999998
2015-07-07 11:00:00,0,37.2,23.0,0.0,18157.657499999998
2015-07-07 12:00:00,0,40.0,20.0,3.083333333333333,18190.4925
2015-07-07 13:00:00,0,40.0,20.0,4.638888888888888,18302.7175
2015-07-07 14:00:00,0,40.6,18.0,5.138888888888888,18339.454999999994
2015-07-07 15:00:00,0,41.7,14.0,4.111111111111112,18112.895
2015-07-07 16:00:00,0,41.7,14.0,6.694444444444445,17880.210000000003
2015-07-07 17:00:00,0,40.6,15.0,3.083333333333333,17282.500000000004
2015-07-07 18:00:00,0,40.6,14.0,3.083333333333333,16426.74
2015-07-07 19:00:00,0,40.0,13.0,4.638888888888888,15859.82
2015-07-07 20:00:00,0,39.4,14.0,2.5833333333333335,15558.390000000003
2015-07-07 21:00:00,0,36.7,18.0,2.055555555555556,15142.349999999999
2015-07-07 22:00:00,0,36.7,16.0,5.666666666666666,14473.68
2015-07-07 23:00:00,0,35.6,16.0,3.083333333333333,13987.930000000006
2015-07-08 00:00:00,0,35.0,17.0,4.111111111111112,13702.519999999999
2015-07-08 01:00:00,0,33.9,18.0,5.138888888888888,13637.34
2015-07-08 02:00:00,0,33.3,19.0,3.611111111111111,13688.810000000001
2015-07-08 03:00:00,0,33.3,18.0,2.5833333333333335,13665.04
2015-07-08 04:00:00,0,31.1,25.0,2.5833333333333335,13922.370000000004
2015-07-08 05:00:00,0,30.6,25.0,3.611111111111111,14450.28
2015-07-08 06:00:00,0,30.6,29.0,4.111111111111112,15115.830000000002
2015-07-08 07:00:00,0,32.2,25.0,4.111111111111112,15587.669999999996
2015-07-08 08:00:00,0,34.4,21.0,4.111111111111112,16455.179999999997
2015-07-08 09:00:00,0,36.7,18.0,2.5833333333333335,17267.15
2015-07-08 10:00:00,0,38.3,14.0,4.111111111111112,17792.245000000003
2015-07-08 11:00:00,0,39.4,15.0,7.194444444444444,18041.51
2015-07-08 12:00:00,0,40.6,12.0,3.611111111111111,18161.080000000005
2015-07-08 13:00:00,0,40.6,12.0,5.138888888888888,18193.672499999993
2015-07-08 14:00:00,0,42.2,9.0,5.138888888888888,18147.947500000002
2015-07-08 15:00:00,0,42.2,11.0,7.194444444444444,18074.945
2015-07-08 16:00:00,0,41.7,12.0,7.194444444444444,17894.710000000003
2015-07-08 17:00:00,0,41.1,13.0,6.166666666666666,17284.9
2015-07-08 18:00:00,0,38.9,14.0,9.249999999999998,16416.82
2015-07-08 19:00:00,0,37.8,15.0,5.666666666666666,15815.73
2015-07-08 20:00:00,0,36.7,16.0,4.638888888888888,15614.529999999999
2015-07-08 21:00:00,0,35.6,8.0,5.666666666666666,15132.550000000001
2015-07-08 22:00:00,0,33.9,9.0,5.138888888888888,14386.520000000002
2015-07-08 23:00:00,0,33.3,9.0,3.083333333333333,13853.830000000002
2015-07-09 00:00:00,0,32.2,10.0,1.5555555555555554,13648.919999999996
2015-07-09 01:00:00,0,31.1,11.0,3.083333333333333,13514.130000000001
2015-07-09 02:00:00,0,30.6,12.0,3.083333333333333,13563.460000000005
2015-07-09 03:00:00,0,29.4,14.0,2.055555555555556,13606.430000000002
2015-07-09 04:00:00,0,29.4,13.0,3.083333333333333,13757.969999999998
2015-07-09 05:00:00,0,28.3,15.0,1.5555555555555554,14304.830000000002
2015-07-09 06:00:00,0,30.0,15.0,3.083333333333333,14926.88
2015-07-09 07:00:00,0,31.1,18.0,2.5833333333333335,15305.500000000005
2015-07-09 08:00:00,0,32.2,22.0,3.083333333333333,16080.749999999996
2015-07-09 09:00:00,0,32.8,26.0,7.194444444444444,16898.170000000006
2015-07-09 10:00:00,0,33.9,25.0,5.666666666666666,17448.550000000003
2015-07-09 11:00:00,0,35.6,22.0,5.666666666666666,17665.1
2015-07-09 12:00:00,0,36.7,20.0,6.694444444444445,17791.615000000005
2015-07-09 13:00:00,0,38.3,17.0,8.75,17879.879999999997
2015-07-09 14:00:00,0,37.2,18.0,6.694444444444445,17959.774999999994
2015-07-09 15:00:00,0,38.9,13.0,6.694444444444445,17807.410000000003
2015-07-09 16:00:00,0,38.3,11.0,8.222222222222223,17562.94
2015-07-09 17:00:00,0,37.8,11.0,8.75,16879.850000000002
2015-07-09 18:00:00,0,36.7,12.0,7.722222222222222,15980.270000000002
2015-07-09 19:00:00,0,35.0,11.0,5.666666666666666,15415.309999999998
2015-07-09 20:00:00,0,33.3,11.0,4.111111111111112,15192.520000000002
2015-07-09 21:00:00,0,32.2,12.0,2.5833333333333335,14718.899999999996
2015-07-09 22:00:00,0,31.7,12.0,4.111111111111112,14060.560000000001
2015-07-09 23:00:00,0,30.6,13.0,2.055555555555556,13629.949999999995
2015-07-10 00:00:00,0,29.4,16.0,2.055555555555556,13432.18
2015-07-10 01:00:00,0,28.9,17.0,2.5833333333333335,13272.0
2015-07-10 02:00:00,0,28.3,23.0,4.111111111111112,13377.03
2015-07-10 03:00:00,0,27.8,23.0,2.055555555555556,13422.52
2015-07-10 04:00:00,0,27.2,22.0,0.0,13620.34
2015-07-10 05:00:00,0,26.7,30.0,2.5833333333333335,14133.480000000001
2015-07-10 06:00:00,0,28.3,28.0,3.611111111111111,14734.750000000002
2015-07-10 07:00:00,0,30.0,28.0,3.083333333333333,15230.090000000002
2015-07-10 08:00:00,0,31.1,27.0,4.638888888888888,16153.109999999995
2015-07-10 09:00:00,0,33.3,23.0,7.194444444444444,16885.069999999996
2015-07-10 10:00:00,0,35.0,21.0,5.138888888888888,17325.859999999997
2015-07-10 11:00:00,0,35.6,21.0,4.638888888888888,17551.819999999992
2015-07-10 12:00:00,0,37.2,18.0,7.194444444444444,17532.78
2015-07-10 13:00:00,0,37.2,16.0,6.166666666666666,17635.59
2015-07-10 14:00:00,0,38.9,15.0,5.666666666666666,17731.47
2015-07-10 15:00:00,0,39.4,16.0,6.694444444444445,17625.01
2015-07-10 16:00:00,0,38.9,16.0,6.180555555555555,17359.289999999997
2015-07-10 17:00:00,0,37.8,18.0,6.694444444444445,16616.16
2015-07-10 18:00:00,0,36.7,23.0,10.805555555555555,15702.37
2015-07-10 19:00:00,0,35.0,23.0,9.249999999999998,15283.609999999997
2015-07-10 20:00:00,0,34.4,26.0,8.75,15103.189999999995
2015-07-10 21:00:00,0,33.3,30.0,7.194444444444444,14779.609999999999
2015-07-10 22:00:00,0,32.8,29.0,6.166666666666666,14209.009999999997
2015-07-10 23:00:00,0,32.2,28.0,4.638888888888888,13786.960000000001
2015-07-11 00:00:00,1,31.7,30.0,4.638888888888888,13525.202499999998
2015-07-11 01:00:00,1,31.1,32.0,3.611111111111111,13432.8
2015-07-11 02:00:00,1,30.6,32.0,3.611111111111111,13403.58
2015-07-11 03:00:00,1,30.0,35.0,2.5833333333333335,13425.87
2015-07-11 04:00:00,1,30.0,35.0,2.055555555555556,13493.710000000001
2015-07-11 05:00:00,1,30.0,33.0,2.5833333333333335,13753.570000000002
2015-07-11 06:00:00,1,30.0,31.0,2.055555555555556,13815.16
2015-07-11 07:00:00,1,31.1,30.0,1.5555555555555554,14215.850000000002
2015-07-11 08:00:00,1,31.7,29.0,0.0,14520.470000000001
2015-07-11 09:00:00,1,34.4,27.0,2.5833333333333335,14740.380000000001
2015-07-11 10:00:00,1,35.0,29.0,2.5833333333333335,15035.020000000002
2015-07-11 11:00:00,1,36.1,26.0,2.055555555555556,15288.400000000001
2015-07-11 12:00:00,1,37.2,21.0,5.666666666666666,15325.920000000002
2015-07-11 13:00:00,1,38.3,18.0,5.138888888888888,15289.170000000002
2015-07-11 14:00:00,1,40.0,13.0,6.694444444444445,15312.580000000002
2015-07-11 15:00:00,1,40.6,12.0,3.083333333333333,15047.310000000003
2015-07-11 16:00:00,1,40.0,12.0,4.111111111111112,14885.099999999997
2015-07-11 17:00:00,1,39.4,13.0,3.083333333333333,14694.04
2015-07-11 18:00:00,1,38.9,13.0,7.194444444444444,14585.280000000002
2015-07-11 19:00:00,1,37.2,15.0,6.694444444444445,14342.210000000001
2015-07-11 20:00:00,1,36.1,16.0,6.694444444444445,14358.600000000002
2015-07-11 21:00:00,1,35.0,17.0,5.666666666666666,14159.860000000002
2015-07-11 22:00:00,1,34.4,15.0,5.666666666666666,13820.170000000002
2015-07-11 23:00:00,1,33.9,15.0,4.111111111111112,13543.540000000003
2015-07-12 00:00:00,1,32.8,16.0,3.083333333333333,13410.899999999998
2015-07-12 01:00:00,1,32.2,17.0,2.055555555555556,13297.319999999996
2015-07-12 02:00:00,1,31.7,17.0,3.611111111111111,13345.550000000001
2015-07-12 03:00:00,1,30.6,18.0,1.5555555555555554,13290.89
2015-07-12 04:00:00,1,29.4,21.0,0.0,13296.939999999999
2015-07-12 05:00:00,1,31.1,13.0,2.055555555555556,13495.390000000003
2015-07-12 06:00:00,1,30.6,16.0,2.055555555555556,13870.02
2015-07-12 07:00:00,1,31.7,14.0,2.5833333333333335,14278.219999999994
2015-07-12 08:00:00,1,32.8,12.0,0.0,14179.019999999995
2015-07-12 09:00:00,1,34.4,11.0,2.055555555555556,14454.88
2015-07-12 10:00:00,1,36.1,11.0,2.5833333333333335,14642.119999999997
2015-07-12 11:00:00,1,37.8,13.0,3.083333333333333,14831.43
2015-07-12 12:00:00,1,39.4,14.0,2.5833333333333335,15146.629999999997
2015-07-12 13:00:00,1,39.4,14.0,0.0,15212.250000000004
2015-07-12 14:00:00,1,40.6,13.0,5.138888888888888,15237.729999999996
2015-07-12 15:00:00,1,38.9,13.0,2.5833333333333335,15231.55
2015-07-12 16:00:00,1,40.0,13.0,6.166666666666666,14998.510000000002
2015-07-12 17:00:00,1,38.9,13.0,4.111111111111112,14603.739999999998
2015-07-12 18:00:00,1,38.9,12.0,4.111111111111112,14310.96
2015-07-12 19:00:00,1,38.3,13.0,2.055555555555556,14281.95
2015-07-12 20:00:00,1,37.8,14.0,1.5555555555555554,14357.689999999997
2015-07-12 21:00:00,1,37.2,15.0,1.5555555555555554,14193.79
2015-07-12 22:00:00,1,36.1,17.0,4.111111111111112,14013.070000000002
2015-07-12 23:00:00,1,34.4,28.0,4.111111111111112,13998.779999999997
2015-07-13 00:00:00,0,33.3,32.0,5.138888888888888,13911.400000000003
2015-07-13 01:00:00,0,32.8,34.0,3.611111111111111,13861.770000000002
2015-07-13 02:00:00,0,32.2,37.0,2.5833333333333335,14002.970000000001
2015-07-13 03:00:00,0,32.8,34.0,1.5555555555555554,14297.959999999997
2015-07-13 04:00:00,0,32.2,37.0,0.0,14853.190000000004
2015-07-13 05:00:00,0,31.7,39.0,2.5833333333333335,15371.389999999998
2015-07-13 06:00:00,0,32.2,38.0,2.5833333333333335,15707.529999999999
2015-07-13 07:00:00,0,32.8,34.0,4.111111111111112,16069.830000000002
2015-07-13 08:00:00,0,33.3,33.0,3.083333333333333,16549.010000000002
2015-07-13 09:00:00,0,35.0,26.0,2.055555555555556,17227.47000000001
2015-07-13 10:00:00,0,37.2,24.0,4.111111111111112,17956.769999999997
2015-07-13 11:00:00,0,39.4,21.0,4.111111111111112,18290.560000000005
2015-07-13 12:00:00,0,40.0,19.0,2.055555555555556,18338.504999999997
2015-07-13 13:00:00,0,40.6,18.0,3.083333333333333,18416.997499999998
2015-07-13 14:00:00,0,41.1,18.0,4.638888888888888,18394.585000000003
2015-07-13 15:00:00,0,41.1,18.0,6.166666666666666,18373.132499999996
2015-07-13 16:00:00,0,41.7,14.0,6.694444444444445,18162.692500000005
2015-07-13 17:00:00,0,41.1,14.0,5.666666666666666,17479.347500000003
2015-07-13 18:00:00,0,40.6,14.0,6.166666666666666,16496.479999999996
2015-07-13 19:00:00,0,40.0,14.0,5.666666666666666,15923.44
2015-07-13 20:00:00,0,39.4,15.0,4.638888888888888,15668.32
2015-07-13 21:00:00,0,37.2,18.0,2.055555555555556,15236.909999999998
2015-07-13 22:00:00,0,35.0,28.0,5.666666666666666,14730.259999999997
2015-07-13 23:00:00,0,33.9,31.0,3.611111111111111,14383.954999999998
2015-07-14 00:00:00,0,33.9,31.0,4.111111111111112,14181.675
2015-07-14 01:00:00,0,33.3,32.0,7.722222222222222,14199.572499999998
2015-07-14 02:00:00,0,32.2,35.0,6.166666666666666,14188.515
2015-07-14 03:00:00,0,31.7,36.0,5.138888888888888,14308.67
2015-07-14 04:00:00,0,31.7,35.0,4.111111111111112,14466.920000000002
2015-07-14 05:00:00,0,31.1,36.0,3.611111111111111,15003.039999999997
2015-07-14 06:00:00,0,31.1,37.0,2.5833333333333335,15648.769999999999
2015-07-14 07:00:00,0,31.7,36.0,4.111111111111112,15916.269999999993
2015-07-14 08:00:00,0,33.9,31.0,4.111111111111112,16595.82
2015-07-14 09:00:00,0,35.6,27.0,3.083333333333333,17565.100000000002
2015-07-14 10:00:00,0,37.2,24.0,2.5833333333333335,18067.0
2015-07-14 11:00:00,0,38.9,20.0,1.5555555555555554,18234.387499999997
2015-07-14 12:00:00,0,40.0,19.0,4.638888888888888,18423.272499999995
2015-07-14 13:00:00,0,41.1,17.0,0.0,18493.217499999995
2015-07-14 14:00:00,0,41.1,16.0,3.611111111111111,18431.7025
2015-07-14 15:00:00,0,41.7,16.0,4.111111111111112,18358.815
2015-07-14 16:00:00,0,41.1,15.0,0.0,18187.1325
2015-07-14 17:00:00,0,42.2,14.0,6.694444444444445,17483.790000000005
2015-07-14 18:00:00,0,40.333333333333336,18.666666666666668,6.518518518518519,16668.030000000002
2015-07-14 19:00:00,0,37.2,23.0,3.611111111111111,15940.130000000001
2015-07-14 20:00:00,0,37.2,23.0,3.083333333333333,15733.720000000001
2015-07-14 21:00:00,0,36.1,25.0,0.0,15321.719999999998
2015-07-14 22:00:00,0,36.7,16.0,1.5555555555555554,14754.990000000002
2015-07-14 23:00:00,0,34.4,29.0,3.611111111111111,14277.199999999999
2015-07-15 00:00:00,0,33.3,32.0,4.638888888888888,14059.81
2015-07-15 01:00:00,0,32.8,34.0,3.611111111111111,13940.839999999998
2015-07-15 02:00:00,0,32.2,35.0,2.055555555555556,14018.01
2015-07-15 03:00:00,0,31.7,35.0,2.5833333333333335,14077.189999999999
2015-07-15 04:00:00,0,31.7,32.0,3.611111111111111,14252.499999999998
2015-07-15 05:00:00,0,31.1,34.0,3.083333333333333,14871.220000000001
2015-07-15 06:00:00,0,31.7,32.0,3.611111111111111,15592.19
2015-07-15 07:00:00,0,32.8,30.0,5.138888888888888,15986.539999999999
2015-07-15 08:00:00,0,33.9,29.0,5.138888888888888,16777.77
2015-07-15 09:00:00,0,36.1,26.0,8.75,17602.37
2015-07-15 10:00:00,0,36.7,26.0,7.722222222222222,18228.215
2015-07-15 11:00:00,0,37.2,23.0,2.055555555555556,18491.435000000005
2015-07-15 12:00:00,0,37.8,21.0,4.638888888888888,18453.144999999993
2015-07-15 13:00:00,0,39.4,20.0,3.611111111111111,18462.329999999994
2015-07-15 14:00:00,0,39.4,20.0,1.5555555555555554,18439.420000000002
2015-07-15 15:00:00,0,39.4,20.0,4.638888888888888,18427.425
2015-07-15 16:00:00,0,40.6,19.0,0.0,18172.8275
2015-07-15 17:00:00,0,40.6,18.0,4.638888888888888,17531.01249999999
2015-07-15 18:00:00,0,40.0,19.0,3.611111111111111,16690.149999999998
2015-07-15 19:00:00,0,38.9,20.0,2.5833333333333335,16044.66
2015-07-15 20:00:00,0,37.8,24.0,3.611111111111111,15851.62
2015-07-15 21:00:00,0,37.2,23.0,5.138888888888888,15387.460000000001
2015-07-15 22:00:00,0,36.7,23.0,4.638888888888888,14779.699999999999
2015-07-15 23:00:00,0,35.6,21.0,3.083333333333333,14375.619999999999
2015-07-16 00:00:00,0,35.0,22.0,3.611111111111111,14097.47
2015-07-16 01:00:00,0,34.4,21.0,2.055555555555556,13992.479999999994
2015-07-16 02:00:00,0,33.3,30.0,2.5833333333333335,14090.55
2015-07-16 03:00:00,0,32.2,34.0,2.5833333333333335,14147.409999999998
2015-07-16 04:00:00,0,31.7,36.0,3.083333333333333,14324.879999999997
2015-07-16 05:00:00,0,30.6,37.0,4.111111111111112,14948.720000000003
2015-07-16 06:00:00,0,31.7,31.0,3.083333333333333,15754.44
2015-07-16 07:00:00,0,32.2,34.0,2.055555555555556,16016.010000000002
2015-07-16 08:00:00,0,33.9,29.0,2.5833333333333335,16707.62
2015-07-16 09:00:00,0,36.1,22.0,1.5555555555555554,17406.6
2015-07-16 10:00:00,0,37.2,17.0,0.0,17920.189999999995
2015-07-16 11:00:00,0,40.0,15.0,4.111111111111112,18072.152500000004
2015-07-16 12:00:00,0,40.0,15.0,0.0,18214.760000000006
2015-07-16 13:00:00,0,40.6,14.0,1.5555555555555554,18311.452500000003
2015-07-16 14:00:00,0,41.7,13.0,6.694444444444445,18299.824999999997
2015-07-16 15:00:00,0,41.1,13.0,2.5833333333333335,18291.095
2015-07-16 16:00:00,0,41.1,14.0,6.166666666666666,18073.035
2015-07-16 17:00:00,0,41.1,14.0,3.611111111111111,17464.250000000004
2015-07-16 18:00:00,0,40.6,14.0,4.111111111111112,16582.129999999997
2015-07-16 19:00:00,0,39.4,16.0,3.611111111111111,15914.560000000001
2015-07-16 20:00:00,0,38.3,19.0,2.5833333333333335,15736.449999999995
2015-07-16 21:00:00,0,37.2,21.0,2.055555555555556,15378.159999999998
2015-07-16 22:00:00,0,35.6,29.0,6.694444444444445,14792.509999999997
2015-07-16 23:00:00,0,33.3,33.0,6.166666666666666,14463.61
2015-07-17 00:00:00,0,31.7,39.0,4.638888888888888,14171.589999999998
2015-07-17 01:00:00,0,32.2,38.0,3.611111111111111,14111.650000000001
2015-07-17 02:00:00,0,31.7,39.0,2.5833333333333335,14186.76
2015-07-17 03:00:00,0,31.1,39.0,1.5555555555555554,14173.660000000002
2015-07-17 04:00:00,0,31.1,39.0,0.0,14330.58
2015-07-17 05:00:00,0,31.1,40.0,2.055555555555556,14945.14
2015-07-17 06:00:00,0,31.7,38.0,0.0,15658.407499999998
2015-07-17 07:00:00,0,32.8,34.0,3.611111111111111,16028.864999999998
2015-07-17 08:00:00,0,33.3,33.0,5.666666666666666,16668.895
2015-07-17 09:00:00,0,32.2,39.0,4.638888888888888,17422.059999999998
2015-07-17 10:00:00,0,35.0,30.0,7.722222222222222,17801.559999999998
2015-07-17 11:00:00,0,36.7,26.0,7.194444444444444,18002.3375
2015-07-17 12:00:00,0,37.2,25.0,6.166666666666666,18055.772499999995
2015-07-17 13:00:00,0,38.3,24.0,4.638888888888888,18160.712499999998
2015-07-17 14:00:00,0,40.0,23.0,4.111111111111112,18145.482499999995
2015-07-17 15:00:00,0,38.3,25.0,5.138888888888888,17966.559999999998
2015-07-17 16:00:00,0,37.8,25.0,6.166666666666666,17693.734999999997
2015-07-17 17:00:00,0,38.3,23.0,5.666666666666666,16999.375
2015-07-17 18:00:00,0,37.2,25.0,3.611111111111111,16090.670000000004
2015-07-17 19:00:00,0,36.1,27.0,4.111111111111112,15569.977500000003
2015-07-17 20:00:00,0,35.6,28.0,5.138888888888888,15392.7
2015-07-17 21:00:00,0,32.05,44.5,5.152777777777777,15046.782500000001
2015-07-17 22:00:00,0,28.9,56.0,2.5833333333333335,14572.227499999999
2015-07-17 23:00:00,0,30.0,51.5,3.0972222222222223,14115.262499999995
2015-07-18 00:00:00,1,28.9,63.0,3.083333333333333,13824.0725
2015-07-18 01:00:00,1,28.9,55.0,0.0,13337.325
2015-07-18 02:00:00,1,29.4,53.0,1.5555555555555554,13855.5
2015-07-18 03:00:00,1,28.3,58.0,1.5555555555555554,13850.9625
2015-07-18 04:00:00,1,28.3,53.0,2.5833333333333335,13926.135000000002
2015-07-18 05:00:00,1,27.8,52.0,3.083333333333333,14182.992500000004
2015-07-18 06:00:00,1,28.3,53.0,3.083333333333333,14276.407500000001
2015-07-18 07:00:00,1,28.9,51.0,3.611111111111111,14498.902499999997
2015-07-18 08:00:00,1,30.0,48.0,3.083333333333333,14697.877499999999
2015-07-18 09:00:00,1,31.7,43.0,3.611111111111111,14375.415000000003
2015-07-18 10:00:00,1,33.9,37.0,4.111111111111112,12334.382499999998
2015-07-18 11:00:00,1,34.4,33.0,2.5833333333333335,15333.750000000002
2015-07-18 12:00:00,1,36.7,29.0,3.083333333333333,15317.379999999997
2015-07-18 13:00:00,1,36.7,28.0,3.083333333333333,15467.122500000005
2015-07-18 14:00:00,1,35.6,30.0,2.055555555555556,15131.444999999998
2015-07-18 15:00:00,1,35.6,30.0,2.5833333333333335,15001.019999999997
2015-07-18 16:00:00,1,32.5,40.5,7.972222222222221,14913.5375
2015-07-18 17:00:00,1,32.8,42.0,6.694444444444445,14688.474999999997
2015-07-18 18:00:00,1,30.6,48.0,9.249999999999998,14600.347499999998
2015-07-18 19:00:00,1,29.4,51.0,6.166666666666666,14488.4325
2015-07-18 20:00:00,1,28.9,55.0,6.166666666666666,14580.95
2015-07-18 21:00:00,1,24.2,90.5,0.0,14452.802500000003
2015-07-18 22:00:00,1,25.0,77.5,3.083333333333333,14211.927499999998
2015-07-18 23:00:00,1,25.6,71.0,2.055555555555556,13864.597500000003
2015-07-19 00:00:00,1,25.0,79.0,2.055555555555556,13775.777500000002
2015-07-19 01:00:00,1,25.0,76.0,2.5833333333333335,13578.217499999999
2015-07-19 02:00:00,1,25.6,68.0,1.5555555555555554,13594.562500000005
2015-07-19 03:00:00,1,25.6,68.0,2.055555555555556,13621.649999999998
2015-07-19 04:00:00,1,25.0,74.0,2.055555555555556,13768.384999999998
2015-07-19 05:00:00,1,25.6,71.0,2.5833333333333335,14020.305
2015-07-19 06:00:00,1,25.6,71.0,3.083333333333333,14156.005000000003
2015-07-19 07:00:00,1,27.2,67.0,0.0,14474.572500000002
2015-07-19 08:00:00,1,28.3,60.0,1.5555555555555554,14701.130000000001
2015-07-19 09:00:00,1,30.0,55.0,0.0,14835.3025
2015-07-19 10:00:00,1,31.1,48.0,0.0,15128.967500000004
2015-07-19 11:00:00,1,32.8,42.0,2.5833333333333335,15226.770000000002
2015-07-19 12:00:00,1,33.3,39.0,2.5833333333333335,15217.145000000004
2015-07-19 13:00:00,1,33.9,37.0,1.5555555555555554,15209.205000000004
2015-07-19 14:00:00,1,35.0,34.0,2.5833333333333335,15299.255000000001
2015-07-19 15:00:00,1,35.0,32.0,2.055555555555556,15299.015
2015-07-19 16:00:00,1,35.6,31.0,2.5833333333333335,15164.192500000003
2015-07-19 17:00:00,1,35.0,33.0,4.638888888888888,14785.410000000002
2015-07-19 18:00:00,1,34.4,36.0,4.638888888888888,14516.744999999997
2015-07-19 19:00:00,1,33.9,37.0,6.166666666666666,14502.829999999998
2015-07-19 20:00:00,1,33.3,41.0,6.166666666666666,14568.337499999998
2015-07-19 21:00:00,1,32.8,41.0,5.138888888888888,14448.734999999997
2015-07-19 22:00:00,1,32.8,39.0,6.166666666666666,14217.105
2015-07-19 23:00:00,1,32.2,39.0,5.138888888888888,14054.8525
2015-07-20 00:00:00,0,31.7,40.0,4.638888888888888,13948.56
2015-07-20 01:00:00,0,31.1,42.0,4.111111111111112,13911.167499999998
2015-07-20 02:00:00,0,29.4,49.0,0.0,14078.605
2015-07-20 03:00:00,0,30.6,44.0,2.5833333333333335,14340.112500000003
2015-07-20 04:00:00,0,28.9,53.0,1.5555555555555554,14882.339999999995
2015-07-20 05:00:00,0,29.4,49.0,1.5555555555555554,15121.714999999998
2015-07-20 06:00:00,0,30.0,48.0,1.5555555555555554,15364.324999999995
2015-07-20 07:00:00,0,31.1,45.0,1.5555555555555554,15740.752499999997
2015-07-20 08:00:00,0,31.7,45.0,3.083333333333333,16481.284999999996
2015-07-20 09:00:00,0,32.2,43.0,2.055555555555556,17341.124999999996
2015-07-20 10:00:00,0,33.9,38.0,2.5833333333333335,17937.87
2015-07-20 11:00:00,0,34.4,35.0,2.055555555555556,18221.63
2015-07-20 12:00:00,0,35.6,29.0,1.5555555555555554,18283.08
2015-07-20 13:00:00,0,37.2,25.0,3.083333333333333,18194.07
2015-07-20 14:00:00,0,37.8,28.0,3.083333333333333,18259.92
2015-07-20 15:00:00,0,37.8,27.0,6.166666666666666,18112.91
2015-07-20 16:00:00,0,38.3,26.0,5.666666666666666,18021.059999999998
2015-07-20 17:00:00,0,37.8,26.0,5.666666666666666,17371.770000000004
2015-07-20 18:00:00,0,36.7,25.0,4.111111111111112,16520.95
2015-07-20 19:00:00,0,36.1,25.0,3.611111111111111,15931.429999999998
2015-07-20 20:00:00,0,36.1,25.0,3.083333333333333,15669.069999999996
2015-07-20 21:00:00,0,34.4,30.0,2.055555555555556,15224.51
2015-07-20 22:00:00,0,33.3,31.0,2.5833333333333335,14599.06
2015-07-20 23:00:00,0,33.3,31.0,2.5833333333333335,14200.370000000003
2015-07-21 00:00:00,0,33.3,30.0,3.083333333333333,13987.010000000004
2015-07-21 01:00:00,0,32.2,34.0,2.5833333333333335,13832.680000000002
2015-07-21 02:00:00,0,31.1,39.0,2.5833333333333335,14064.33
2015-07-21 03:00:00,0,30.0,43.0,1.5555555555555554,14057.18
2015-07-21 04:00:00,0,30.0,44.0,2.055555555555556,14213.77
2015-07-21 05:00:00,0,31.1,42.0,3.611111111111111,14793.68
2015-07-21 06:00:00,0,31.1,43.0,2.055555555555556,15489.470000000007
2015-07-21 07:00:00,0,32.2,38.0,0.0,15894.83
2015-07-21 08:00:00,0,32.8,36.0,2.055555555555556,16728.59
2015-07-21 09:00:00,0,35.0,32.0,2.055555555555556,17512.149999999994
2015-07-21 10:00:00,0,36.7,26.0,2.5833333333333335,18038.739999999998
2015-07-21 11:00:00,0,37.8,24.0,2.5833333333333335,18113.289999999997
2015-07-21 12:00:00,0,39.4,22.0,4.111111111111112,18288.71749999999
2015-07-21 13:00:00,0,39.4,21.0,2.055555555555556,18233.7325
2015-07-21 14:00:00,0,38.9,21.0,0.0,18370.024999999998
2015-07-21 15:00:00,0,40.6,20.0,5.138888888888888,18375.0175
2015-07-21 16:00:00,0,39.4,21.0,4.111111111111112,18148.1675
2015-07-21 17:00:00,0,40.6,17.0,5.138888888888888,17524.1375
2015-07-21 18:00:00,0,38.9,17.0,3.611111111111111,16593.22
2015-07-21 19:00:00,0,38.3,19.0,6.166666666666666,15832.069999999998
2015-07-21 20:00:00,0,37.8,19.0,4.638888888888888,15709.529999999999
2015-07-21 21:00:00,0,36.1,23.0,1.5555555555555554,15350.920000000004
2015-07-21 22:00:00,0,36.1,23.0,2.5833333333333335,14704.359999999999
2015-07-21 23:00:00,0,35.0,23.0,6.166666666666666,14291.13
2015-07-22 00:00:00,0,34.4,21.0,5.666666666666666,13997.039999999999
2015-07-22 01:00:00,0,33.3,22.0,4.111111111111112,13878.290000000003
2015-07-22 02:00:00,0,31.7,26.0,0.0,13959.869999999997
2015-07-22 03:00:00,0,31.1,26.0,0.0,13989.039999999997
2015-07-22 04:00:00,0,30.6,28.0,1.5555555555555554,14177.720000000001
2015-07-22 05:00:00,0,30.0,30.0,2.055555555555556,14701.7
2015-07-22 06:00:00,0,31.1,25.0,2.055555555555556,15247.309999999996
2015-07-22 07:00:00,0,32.2,23.0,2.5833333333333335,15681.139999999998
2015-07-22 08:00:00,0,32.8,19.0,1.5555555555555554,16476.199999999993
2015-07-22 09:00:00,0,35.0,15.0,0.0,17177.995
2015-07-22 10:00:00,0,35.6,15.0,0.0,17690.480000000003
2015-07-22 11:00:00,0,36.7,15.0,0.0,17803.250000000004
2015-07-22 12:00:00,0,38.9,12.0,0.0,17847.350000000002
2015-07-22 13:00:00,0,39.4,13.0,5.666666666666666,17911.49
2015-07-22 14:00:00,0,40.6,11.0,2.5833333333333335,18044.460000000003
2015-07-22 15:00:00,0,40.6,11.0,7.194444444444444,17892.58
2015-07-22 16:00:00,0,39.4,12.0,3.611111111111111,17702.620000000003
2015-07-22 17:00:00,0,40.0,12.0,0.0,17231.21
2015-07-22 18:00:00,0,39.4,14.0,3.083333333333333,16375.949999999999
2015-07-22 19:00:00,0,38.9,15.0,3.611111111111111,15762.069999999996
2015-07-22 20:00:00,0,36.7,23.0,5.138888888888888,15587.449999999997
2015-07-22 21:00:00,0,36.7,16.0,7.194444444444444,15262.69
2015-07-22 22:00:00,0,35.6,18.0,7.194444444444444,14572.890000000003
2015-07-22 23:00:00,0,34.4,18.0,5.138888888888888,14126.519999999999
2015-07-23 00:00:00,0,32.8,20.0,0.0,13972.749999999996
2015-07-23 01:00:00,0,32.2,20.0,0.0,13816.700000000004
2015-07-23 02:00:00,0,31.7,19.0,2.5833333333333335,13919.999999999998
2015-07-23 03:00:00,0,31.1,17.0,2.5833333333333335,14003.949999999999
2015-07-23 04:00:00,0,31.1,15.0,1.5555555555555554,14098.889999999996
2015-07-23 05:00:00,0,29.4,20.0,0.0,14586.080000000004
2015-07-23 06:00:00,0,30.0,21.0,0.0,15171.17
2015-07-23 07:00:00,0,32.8,15.0,1.5555555555555554,15576.349999999999
2015-07-23 08:00:00,0,33.3,16.0,2.055555555555556,16354.52
2015-07-23 09:00:00,0,33.9,16.0,0.0,17115.91
2015-07-23 10:00:00,0,36.1,14.0,2.5833333333333335,17731.279999999995
2015-07-23 11:00:00,0,36.7,18.0,2.5833333333333335,18032.940000000002
2015-07-23 12:00:00,0,37.8,20.0,4.638888888888888,18061.16
2015-07-23 13:00:00,0,37.8,18.0,2.5833333333333335,18141.215
2015-07-23 14:00:00,0,37.8,18.0,2.055555555555556,18192.005
2015-07-23 15:00:00,0,39.4,16.0,2.055555555555556,18069.300000000003
2015-07-23 16:00:00,0,38.9,16.0,0.0,17850.98
2015-07-23 17:00:00,0,39.4,15.0,2.5833333333333335,17268.440000000006
2015-07-23 18:00:00,0,38.9,15.0,0.0,16415.68
2015-07-23 19:00:00,0,38.3,16.0,2.5833333333333335,15837.289999999999
2015-07-23 20:00:00,0,35.0,31.0,5.138888888888888,15722.189999999999
2015-07-23 21:00:00,0,33.9,34.0,5.138888888888888,15461.630000000003
2015-07-23 22:00:00,0,32.8,39.0,3.611111111111111,14846.640000000001
2015-07-23 23:00:00,0,31.1,45.0,5.666666666666666,14481.870000000003
2015-07-24 00:00:00,0,30.6,46.0,4.111111111111112,14260.759999999997
2015-07-24 01:00:00,0,30.6,46.0,3.083333333333333,14205.830000000002
2015-07-24 02:00:00,0,30.6,46.0,3.083333333333333,14245.570000000003
2015-07-24 03:00:00,0,31.1,45.0,2.5833333333333335,14265.92
2015-07-24 04:00:00,0,30.6,46.0,2.5833333333333335,14504.700000000003
2015-07-24 05:00:00,0,30.6,46.0,2.055555555555556,15083.95
2015-07-24 06:00:00,0,30.6,44.0,2.5833333333333335,15727.949999999999
2015-07-24 07:00:00,0,30.6,48.0,3.083333333333333,16009.53
2015-07-24 08:00:00,0,31.1,46.0,1.5555555555555554,16686.432500000006
2015-07-24 09:00:00,0,31.7,45.0,2.055555555555556,17369.2025
2015-07-24 10:00:00,0,33.9,33.0,1.5555555555555554,17840.020000000004
2015-07-24 11:00:00,0,35.0,30.0,2.5833333333333335,17865.500000000007
2015-07-24 12:00:00,0,35.6,29.0,2.5833333333333335,17815.730000000003
2015-07-24 13:00:00,0,37.2,24.0,2.5833333333333335,17761.530000000002
2015-07-24 14:00:00,0,38.9,19.0,4.111111111111112,17957.690000000006
2015-07-24 15:00:00,0,39.4,20.0,4.111111111111112,17935.250000000004
2015-07-24 16:00:00,0,39.4,18.0,6.166666666666666,17702.260000000002
2015-07-24 17:00:00,0,39.4,18.0,6.166666666666666,17011.1
2015-07-24 18:00:00,0,38.3,18.0,4.638888888888888,16033.74
2015-07-24 19:00:00,0,37.8,17.0,4.111111111111112,15478.310000000001
2015-07-24 20:00:00,0,37.2,20.0,2.5833333333333335,15293.539999999997
2015-07-24 21:00:00,0,35.6,22.0,2.5833333333333335,15001.239999999998
2015-07-24 22:00:00,0,35.0,23.0,2.5833333333333335,14338.839999999998
2015-07-24 23:00:00,0,35.0,22.0,3.611111111111111,14012.090000000002
2015-07-25 00:00:00,1,34.4,20.0,2.5833333333333335,13803.159999999996
2015-07-25 01:00:00,1,32.2,26.0,0.0,13631.839999999998
2015-07-25 02:00:00,1,33.9,21.0,3.083333333333333,13646.679999999998
2015-07-25 03:00:00,1,32.8,23.0,3.611111111111111,13568.070000000002
2015-07-25 04:00:00,1,32.2,24.0,3.083333333333333,13646.970000000001
2015-07-25 05:00:00,1,31.7,24.0,2.5833333333333335,13988.370000000003
2015-07-25 06:00:00,1,31.7,22.0,2.055555555555556,14104.350000000002
2015-07-25 07:00:00,1,32.2,23.0,2.5833333333333335,14216.55
2015-07-25 08:00:00,1,33.9,18.0,1.5555555555555554,14416.169999999998
2015-07-25 09:00:00,1,35.6,15.0,2.5833333333333335,14762.599999999995
2015-07-25 10:00:00,1,37.8,13.0,3.083333333333333,14895.95
2015-07-25 11:00:00,1,39.4,10.0,3.083333333333333,15042.510000000002
2015-07-25 12:00:00,1,40.0,8.0,2.055555555555556,15157.03
2015-07-25 13:00:00,1,41.1,7.0,2.5833333333333335,15108.119999999997
2015-07-25 14:00:00,1,42.2,7.0,4.111111111111112,15206.049999999996
2015-07-25 15:00:00,1,42.2,6.0,6.694444444444445,15117.019999999997
2015-07-25 16:00:00,1,42.2,6.0,8.222222222222223,14872.94
2015-07-25 17:00:00,1,41.7,6.0,6.166666666666666,14689.399999999998
2015-07-25 18:00:00,1,41.1,6.0,7.194444444444444,14526.730000000003
2015-07-25 19:00:00,1,39.4,7.0,3.611111111111111,14448.980000000001
2015-07-25 20:00:00,1,37.8,10.0,2.5833333333333335,14420.029999999997
2015-07-25 21:00:00,1,36.1,11.0,3.083333333333333,14223.689999999999
2015-07-25 22:00:00,1,36.1,12.0,3.611111111111111,13844.73
2015-07-25 23:00:00,1,36.1,11.0,4.111111111111112,13651.669999999998
2015-07-26 00:00:00,1,35.6,12.0,3.083333333333333,13526.39
2015-07-26 01:00:00,1,32.2,15.0,2.055555555555556,13474.749999999998
2015-07-26 02:00:00,1,31.1,17.0,1.5555555555555554,13504.089999999998
2015-07-26 03:00:00,1,32.2,15.0,0.0,13555.130000000001
2015-07-26 04:00:00,1,30.6,21.0,2.5833333333333335,13637.779999999997
2015-07-26 05:00:00,1,30.6,21.0,1.5555555555555554,13801.71
2015-07-26 06:00:00,1,30.6,24.0,2.5833333333333335,13987.569999999998
2015-07-26 07:00:00,1,31.1,19.0,2.5833333333333335,14191.100000000002
2015-07-26 08:00:00,1,32.8,19.0,2.5833333333333335,14237.529999999997
2015-07-26 09:00:00,1,35.6,15.0,2.5833333333333335,14496.819999999998
2015-07-26 10:00:00,1,38.3,11.0,2.5833333333333335,14818.359999999997
2015-07-26 11:00:00,1,40.6,9.0,4.638888888888888,15028.52
2015-07-26 12:00:00,1,41.1,8.0,6.166666666666666,15161.3
2015-07-26 13:00:00,1,40.55,8.5,5.402777777777778,15239.149999999998
2015-07-26 14:00:00,1,40.6,10.0,3.611111111111111,15188.570000000002
2015-07-26 15:00:00,1,41.7,7.0,5.666666666666666,15039.130000000005
2015-07-26 16:00:00,1,41.7,7.0,6.166666666666666,14901.190000000006
2015-07-26 17:00:00,1,41.7,7.0,6.694444444444445,14559.630000000003
2015-07-26 18:00:00,1,40.6,8.0,7.194444444444444,14437.090000000002
2015-07-26 19:00:00,1,38.9,12.0,4.638888888888888,14351.43
2015-07-26 20:00:00,1,37.8,12.0,4.638888888888888,14449.71
2015-07-26 21:00:00,1,37.2,11.0,3.611111111111111,14333.5
2015-07-26 22:00:00,1,36.7,14.0,4.111111111111112,14009.769999999997
2015-07-26 23:00:00,1,35.0,21.0,4.111111111111112,13939.069999999994
2015-07-27 00:00:00,0,35.0,23.0,7.194444444444444,13898.01
2015-07-27 01:00:00,0,33.9,25.0,4.111111111111112,13849.82
2015-07-27 02:00:00,0,32.8,27.0,3.611111111111111,14021.680000000004
2015-07-27 03:00:00,0,31.7,29.0,2.055555555555556,14274.819999999998
2015-07-27 04:00:00,0,30.6,32.0,1.5555555555555554,14723.450000000003
2015-07-27 05:00:00,0,30.6,33.0,0.0,15098.660000000002
2015-07-27 06:00:00,0,31.7,30.0,2.055555555555556,15456.140000000003
2015-07-27 07:00:00,0,32.2,30.0,3.083333333333333,15921.659999999996
2015-07-27 08:00:00,0,33.9,27.0,4.111111111111112,16639.07
2015-07-27 09:00:00,0,35.6,22.0,1.5555555555555554,17398.799999999996
2015-07-27 10:00:00,0,36.1,20.0,2.5833333333333335,17950.1
2015-07-27 11:00:00,0,38.9,17.0,2.5833333333333335,18123.285
2015-07-27 12:00:00,0,40.0,17.0,1.5555555555555554,18281.097499999996
2015-07-27 13:00:00,0,38.9,17.0,2.055555555555556,18221.034999999996
2015-07-27 14:00:00,0,40.0,16.0,4.111111111111112,18199.1175
2015-07-27 15:00:00,0,40.6,16.0,5.138888888888888,18197.225000000002
2015-07-27 16:00:00,0,40.0,18.0,4.111111111111112,17973.719999999998
2015-07-27 17:00:00,0,40.6,17.0,5.138888888888888,17446.09
2015-07-27 18:00:00,0,40.0,17.0,5.138888888888888,16478.95
2015-07-27 19:00:00,0,39.4,18.0,5.138888888888888,15899.61
2015-07-27 20:00:00,0,38.9,19.0,4.638888888888888,15738.88
2015-07-27 21:00:00,0,38.3,19.0,5.138888888888888,15347.130000000001
2015-07-27 22:00:00,0,36.7,25.0,6.166666666666666,14654.84
2015-07-27 23:00:00,0,36.1,26.0,6.166666666666666,14351.190000000002
2015-07-28 00:00:00,0,35.0,27.0,5.666666666666666,14139.910000000002
2015-07-28 01:00:00,0,33.9,30.0,5.138888888888888,14038.820000000002
2015-07-28 02:00:00,0,33.3,33.0,5.666666666666666,14079.739999999996
2015-07-28 03:00:00,0,32.8,33.0,4.638888888888888,14123.189999999999
2015-07-28 04:00:00,0,32.2,34.0,3.611111111111111,14261.920000000002
2015-07-28 05:00:00,0,31.1,37.0,0.0,14917.700000000003
2015-07-28 06:00:00,0,32.2,34.0,0.0,15653.689999999999
2015-07-28 07:00:00,0,33.3,32.0,2.5833333333333335,16005.05
2015-07-28 08:00:00,0,34.4,30.0,0.0,16611.100000000006
2015-07-28 09:00:00,0,35.0,29.0,2.5833333333333335,17307.829999999998
2015-07-28 10:00:00,0,35.6,26.0,2.055555555555556,18119.49
2015-07-28 11:00:00,0,37.2,23.0,1.5555555555555554,18460.999999999996
2015-07-28 12:00:00,0,37.8,21.0,1.5555555555555554,18415.28
2015-07-28 13:00:00,0,39.4,20.0,4.638888888888888,18514.355
2015-07-28 14:00:00,0,39.4,18.0,2.055555555555556,18433.170000000002
2015-07-28 15:00:00,0,40.6,16.0,5.138888888888888,18565.069999999996
2015-07-28 16:00:00,0,40.0,17.0,4.111111111111112,18205.13
2015-07-28 17:00:00,0,39.4,19.0,3.083333333333333,17363.949999999997
2015-07-28 18:00:00,0,39.4,20.0,3.611111111111111,16593.69
2015-07-28 19:00:00,0,38.9,21.0,2.5833333333333335,15944.949999999997
2015-07-28 20:00:00,0,38.3,22.0,3.611111111111111,15810.400000000003
2015-07-28 21:00:00,0,33.3,37.0,13.38888888888889,15573.070000000002
2015-07-28 22:00:00,0,32.2,39.0,8.75,14908.409999999994
2015-07-28 23:00:00,0,32.2,40.0,4.111111111111112,14359.940000000002
2015-07-29 00:00:00,0,32.2,37.0,4.638888888888888,14193.61
2015-07-29 01:00:00,0,31.1,42.0,2.5833333333333335,14016.6025
2015-07-29 02:00:00,0,31.1,40.0,3.611111111111111,14240.840000000002
2015-07-29 03:00:00,0,30.6,41.0,2.5833333333333335,14280.537499999997
2015-07-29 04:00:00,0,30.6,41.0,0.0,14349.37
2015-07-29 05:00:00,0,31.1,40.0,2.5833333333333335,14930.7
2015-07-29 06:00:00,0,31.1,40.0,3.083333333333333,15611.020000000002
2015-07-29 07:00:00,0,31.1,42.0,3.611111111111111,16034.479999999996
2015-07-29 08:00:00,0,32.2,39.0,2.5833333333333335,16635.33
2015-07-29 09:00:00,0,33.3,37.0,2.055555555555556,17342.339999999997
2015-07-29 10:00:00,0,33.9,36.0,2.5833333333333335,17992.809999999994
2015-07-29 11:00:00,0,34.4,35.0,1.5555555555555554,18183.9275
2015-07-29 12:00:00,0,35.0,34.0,1.5555555555555554,18255.9725
2015-07-29 13:00:00,0,35.6,33.0,2.055555555555556,18478.397500000003
2015-07-29 14:00:00,0,37.2,28.0,6.694444444444445,18517.855000000003
2015-07-29 15:00:00,0,37.2,28.0,5.666666666666666,18455.5625
2015-07-29 16:00:00,0,37.2,28.0,6.166666666666666,17931.770000000004
2015-07-29 17:00:00,0,37.8,27.0,5.138888888888888,17306.219999999998
2015-07-29 18:00:00,0,36.7,28.0,4.111111111111112,16358.580000000004
2015-07-29 19:00:00,0,33.65,34.0,11.305555555555555,15991.209999999997
2015-07-29 20:00:00,0,32.8,34.0,5.138888888888888,15639.8
2015-07-29 21:00:00,0,31.7,42.0,6.694444444444445,15293.239999999998
2015-07-29 22:00:00,0,31.1,42.0,8.222222222222223,14753.66
2015-07-29 23:00:00,0,31.1,42.0,4.111111111111112,14267.99
2015-07-30 00:00:00,0,30.6,41.0,3.083333333333333,14215.429999999998
2015-07-30 01:00:00,0,30.6,43.0,5.138888888888888,14077.990000000002
2015-07-30 02:00:00,0,30.0,44.0,2.5833333333333335,14234.779999999999
2015-07-30 03:00:00,0,29.4,48.0,2.055555555555556,14260.49
2015-07-30 04:00:00,0,30.0,46.0,4.111111111111112,14268.980000000001
2015-07-30 05:00:00,0,29.4,49.0,3.611111111111111,14855.589999999997
2015-07-30 06:00:00,0,29.4,49.0,4.638888888888888,15480.669999999996
2015-07-30 07:00:00,0,31.1,43.0,4.638888888888888,15847.62
2015-07-30 08:00:00,0,33.3,35.0,4.638888888888888,16688.360000000004
2015-07-30 09:00:00,0,33.9,34.0,2.5833333333333335,17458.38999999999
2015-07-30 10:00:00,0,35.0,32.0,3.083333333333333,18038.489999999998
2015-07-30 11:00:00,0,36.7,28.0,2.5833333333333335,18170.722500000003
2015-07-30 12:00:00,0,36.7,27.0,2.055555555555556,18228.529999999995
2015-07-30 13:00:00,0,39.4,23.0,3.611111111111111,18393.307500000003
2015-07-30 14:00:00,0,40.0,20.0,3.083333333333333,18398.605000000007
2015-07-30 15:00:00,0,39.4,20.0,3.083333333333333,18311.229999999996
2015-07-30 16:00:00,0,40.0,18.0,1.5555555555555554,17979.105
2015-07-30 17:00:00,0,39.4,20.0,0.0,17364.960000000003
2015-07-30 18:00:00,0,39.4,20.0,2.055555555555556,16390.22
2015-07-30 19:00:00,0,38.9,21.0,2.055555555555556,15855.220000000001
2015-07-30 20:00:00,0,38.9,22.0,2.055555555555556,15609.6
2015-07-30 21:00:00,0,37.8,23.0,5.138888888888888,15303.66
2015-07-30 22:00:00,0,36.7,26.0,5.138888888888888,14677.400000000001
2015-07-30 23:00:00,0,36.1,28.0,2.055555555555556,14290.319999999998
2015-07-31 00:00:00,0,35.0,30.0,1.5555555555555554,14230.510000000002
2015-07-31 01:00:00,0,35.0,30.0,4.111111111111112,14094.599999999999
2015-07-31 02:00:00,0,33.9,32.0,3.611111111111111,14244.039999999997
2015-07-31 03:00:00,0,33.3,34.0,3.083333333333333,14311.38
2015-07-31 04:00:00,0,32.2,37.0,0.0,14406.560000000001
2015-07-31 05:00:00,0,31.7,39.0,2.055555555555556,14925.790000000003
2015-07-31 06:00:00,0,32.8,35.0,2.055555555555556,15479.420000000002
2015-07-31 07:00:00,0,33.9,33.0,0.0,16046.730000000001
2015-07-31 08:00:00,0,35.6,29.0,2.5833333333333335,16836.32
2015-07-31 09:00:00,0,37.2,26.0,2.055555555555556,17567.829999999998
2015-07-31 10:00:00,0,38.9,23.0,4.638888888888888,17912.620000000006
2015-07-31 11:00:00,0,40.0,21.0,4.111111111111112,18161.805
2015-07-31 12:00:00,0,40.6,20.0,2.055555555555556,18213.104999999996
2015-07-31 13:00:00,0,41.7,19.0,3.083333333333333,18243.08
2015-07-31 14:00:00,0,42.2,18.0,4.111111111111112,18318.532499999998
2015-07-31 15:00:00,0,36.1,30.5,11.055555555555555,18123.3375
2015-07-31 16:00:00,0,31.1,59.0,3.611111111111111,17181.79
2015-07-31 17:00:00,0,26.880000000000003,74.0,5.455555555555556,16350.910000000002
2015-07-31 18:00:00,0,27.766666666666666,68.0,7.027777777777778,15707.480000000003
2015-07-31 19:00:00,0,26.7,75.0,4.125,15459.210000000003
2015-07-31 20:00:00,0,27.8,67.0,4.638888888888888,15226.740000000002
2015-07-31 21:00:00,0,27.2,74.0,3.083333333333333,15043.29
2015-07-31 22:00:00,0,27.8,69.0,4.638888888888888,14525.209999999995
2015-07-31 23:00:00,0,27.2,72.0,2.055555555555556,14123.310000000001
2015-08-01 00:00:00,1,27.2,74.0,1.5555555555555554,13989.9
2015-08-01 01:00:00,1,27.8,69.0,0.0,13741.2
2015-08-01 02:00:00,1,27.8,69.0,3.083333333333333,13838.499999999998
2015-08-01 03:00:00,1,27.8,67.0,1.5555555555555554,13749.800000000001
2015-08-01 04:00:00,1,28.3,63.0,2.5833333333333335,13977.980000000005
2015-08-01 05:00:00,1,28.3,63.0,3.083333333333333,14465.199999999997
2015-08-01 06:00:00,1,28.3,65.0,3.083333333333333,14368.100000000002
2015-08-01 07:00:00,1,28.3,65.0,2.5833333333333335,14580.569999999998
2015-08-01 08:00:00,1,30.0,57.0,1.5555555555555554,14810.620000000003
2015-08-01 09:00:00,1,32.2,45.0,1.5555555555555554,14926.329999999998
2015-08-01 10:00:00,1,34.4,43.0,3.083333333333333,15214.75
2015-08-01 11:00:00,1,35.0,36.0,0.0,15376.790000000005
2015-08-01 12:00:00,1,36.7,33.0,0.0,15486.98
2015-08-01 13:00:00,1,37.8,29.0,3.611111111111111,15419.270000000004
2015-08-01 14:00:00,1,38.3,29.0,3.083333333333333,15530.38
2015-08-01 15:00:00,1,38.9,26.0,3.083333333333333,15393.659999999996
2015-08-01 16:00:00,1,39.4,23.0,4.111111111111112,15236.810000000003
2015-08-01 17:00:00,1,39.4,21.0,3.611111111111111,15084.999999999995
2015-08-01 18:00:00,1,38.3,25.0,2.5833333333333335,14835.359999999999
2015-08-01 19:00:00,1,37.2,28.0,3.611111111111111,14749.690000000002
2015-08-01 20:00:00,1,36.7,28.0,2.5833333333333335,14748.33
2015-08-01 21:00:00,1,34.4,38.0,2.055555555555556,14633.299999999997
2015-08-01 22:00:00,1,33.9,39.0,2.055555555555556,14257.320000000003
2015-08-01 23:00:00,1,33.9,36.0,3.083333333333333,14068.439999999999
2015-08-02 00:00:00,1,33.3,39.0,1.5555555555555554,13917.245
2015-08-02 01:00:00,1,31.7,45.0,4.638888888888888,13879.799999999997
2015-08-02 02:00:00,1,31.1,45.0,3.083333333333333,13792.677500000002
2015-08-02 03:00:00,1,31.1,45.0,2.5833333333333335,13871.394999999999
2015-08-02 04:00:00,1,30.6,48.0,3.083333333333333,14014.4725
2015-08-02 05:00:00,1,30.0,51.0,3.083333333333333,14211.12
2015-08-02 06:00:00,1,30.6,48.0,3.611111111111111,14427.249999999996
2015-08-02 07:00:00,1,31.7,45.0,3.083333333333333,14601.732499999998
2015-08-02 08:00:00,1,33.9,36.0,3.611111111111111,14983.437500000002
2015-08-02 09:00:00,1,35.0,34.0,3.083333333333333,15106.3
2015-08-02 10:00:00,1,36.7,28.0,3.083333333333333,15181.355
2015-08-02 11:00:00,1,38.3,21.0,1.5555555555555554,15263.499999999998
2015-08-02 12:00:00,1,39.4,20.0,5.138888888888888,15368.922500000002
2015-08-02 13:00:00,1,40.6,17.0,4.111111111111112,15311.037499999999
2015-08-02 14:00:00,1,41.7,17.0,6.166666666666666,15396.427499999996
2015-08-02 15:00:00,1,41.7,14.0,4.111111111111112,15344.805
2015-08-02 16:00:00,1,42.2,13.0,6.166666666666666,15172.115
2015-08-02 17:00:00,1,42.2,13.0,7.194444444444444,14760.19
2015-08-02 18:00:00,1,41.1,13.0,5.138888888888888,14579.232499999998
2015-08-02 19:00:00,1,38.9,16.0,3.083333333333333,14582.815
2015-08-02 20:00:00,1,37.2,21.0,2.5833333333333335,14441.010000000002
2015-08-02 21:00:00,1,36.1,23.0,2.5833333333333335,14261.6075
2015-08-02 22:00:00,1,35.6,25.0,2.055555555555556,14161.192500000001
2015-08-02 23:00:00,1,35.6,24.0,2.5833333333333335,13931.122500000003
2015-08-03 00:00:00,0,35.6,23.0,4.111111111111112,13865.619999999995
2015-08-03 01:00:00,0,35.0,25.0,2.055555555555556,13844.859999999999
2015-08-03 02:00:00,0,33.3,31.0,2.055555555555556,14196.049999999996
2015-08-03 03:00:00,0,31.7,35.0,1.5555555555555554,14461.750000000002
2015-08-03 04:00:00,0,31.7,35.0,3.611111111111111,14759.009999999998
2015-08-03 05:00:00,0,30.6,36.0,3.083333333333333,15119.259999999998
2015-08-03 06:00:00,0,31.1,35.0,2.5833333333333335,15302.75
2015-08-03 07:00:00,0,33.3,29.0,2.5833333333333335,15791.344999999996
2015-08-03 08:00:00,0,35.0,27.0,2.5833333333333335,16621.647499999992
2015-08-03 09:00:00,0,36.7,23.0,0.0,17440.2725
2015-08-03 10:00:00,0,38.3,20.0,2.5833333333333335,17950.620000000003
2015-08-03 11:00:00,0,39.4,16.0,1.5555555555555554,18149.539999999997
2015-08-03 12:00:00,0,40.6,15.0,1.5555555555555554,18053.695
2015-08-03 13:00:00,0,41.7,13.0,4.111111111111112,18074.615
2015-08-03 14:00:00,0,42.2,13.0,2.5833333333333335,18443.422499999993
2015-08-03 15:00:00,0,42.8,11.0,5.138888888888888,18227.754999999997
2015-08-03 16:00:00,0,42.2,12.0,4.638888888888888,17835.549999999996
2015-08-03 17:00:00,0,42.2,11.0,6.166666666666666,17201.849999999995
2015-08-03 18:00:00,0,42.2,11.0,6.166666666666666,16392.649999999998
2015-08-03 19:00:00,0,41.1,11.0,3.083333333333333,15811.099999999999
2015-08-03 20:00:00,0,39.4,15.0,2.5833333333333335,15569.2
2015-08-03 21:00:00,0,36.7,22.0,3.083333333333333,15347.259999999995
2015-08-03 22:00:00,0,35.6,24.0,2.055555555555556,14664.660000000003
2015-08-03 23:00:00,0,34.4,26.0,3.083333333333333,14166.689999999995
2015-08-04 00:00:00,0,35.0,23.0,2.5833333333333335,14142.9
2015-08-04 01:00:00,0,35.6,20.0,4.638888888888888,13973.539999999999
2015-08-04 02:00:00,0,35.0,22.0,4.111111111111112,13947.719999999998
2015-08-04 03:00:00,0,34.4,21.0,4.111111111111112,14070.67
2015-08-04 04:00:00,0,33.9,22.0,3.611111111111111,14176.239999999998
2015-08-04 05:00:00,0,31.7,30.0,1.5555555555555554,14786.53
2015-08-04 06:00:00,0,32.8,27.0,2.5833333333333335,15495.76
2015-08-04 07:00:00,0,33.3,27.0,2.5833333333333335,15971.689999999999
2015-08-04 08:00:00,0,35.0,23.0,2.055555555555556,16749.600000000002
2015-08-04 09:00:00,0,37.2,20.0,2.055555555555556,17590.079999999998
2015-08-04 10:00:00,0,38.9,17.0,1.5555555555555554,17972.940000000002
2015-08-04 11:00:00,0,40.6,15.0,1.5555555555555554,18208.5475
2015-08-04 12:00:00,0,41.7,11.0,4.111111111111112,18389.780000000006
2015-08-04 13:00:00,0,42.8,12.0,4.638888888888888,18489.6975
2015-08-04 14:00:00,0,43.3,11.0,5.666666666666666,18508.7225
2015-08-04 15:00:00,0,43.3,9.0,2.5833333333333335,18386.102499999997
2015-08-04 16:00:00,0,42.8,9.0,3.083333333333333,18088.472500000003
2015-08-04 17:00:00,0,42.8,10.0,3.611111111111111,17440.410000000007
2015-08-04 18:00:00,0,42.2,10.0,6.166666666666666,16446.83
2015-08-04 19:00:00,0,41.7,11.0,4.638888888888888,15942.48
2015-08-04 20:00:00,0,38.9,15.0,3.083333333333333,15742.950000000006
2015-08-04 21:00:00,0,37.2,18.0,2.055555555555556,15299.06
2015-08-04 22:00:00,0,37.8,17.0,2.5833333333333335,14703.989999999996
2015-08-04 23:00:00,0,36.1,19.0,1.5555555555555554,14257.647500000001
2015-08-05 00:00:00,0,36.7,18.0,2.5833333333333335,13761.260000000002
2015-08-05 01:00:00,0,36.1,18.0,2.055555555555556,13931.455000000002
2015-08-05 02:00:00,0,36.1,16.0,3.611111111111111,14008.885000000002
2015-08-05 03:00:00,0,35.0,18.0,4.638888888888888,14051.7675
2015-08-05 04:00:00,0,34.4,19.0,3.083333333333333,14135.562499999996
2015-08-05 05:00:00,0,33.3,22.0,2.5833333333333335,14511.047499999999
2015-08-05 06:00:00,0,32.8,26.0,1.5555555555555554,15334.860000000004
2015-08-05 07:00:00,0,34.4,21.0,0.0,15753.4
2015-08-05 08:00:00,0,36.1,19.0,1.5555555555555554,16673.010000000002
2015-08-05 09:00:00,0,37.2,17.0,2.055555555555556,17497.99
2015-08-05 10:00:00,0,38.9,14.0,2.055555555555556,18077.245000000003
2015-08-05 11:00:00,0,41.1,12.0,3.083333333333333,18192.589999999993
2015-08-05 12:00:00,0,42.8,10.0,4.111111111111112,18327.33
2015-08-05 13:00:00,0,42.8,9.0,4.638888888888888,18476.107499999995
2015-08-05 14:00:00,0,43.3,8.0,4.638888888888888,18370.589999999997
2015-08-05 15:00:00,0,42.8,10.0,3.083333333333333,18295.8275
2015-08-05 16:00:00,0,43.3,11.0,5.138888888888888,18116.944999999996
2015-08-05 17:00:00,0,42.8,12.0,3.083333333333333,17508.51
2015-08-05 18:00:00,0,42.2,13.0,4.638888888888888,16448.43
2015-08-05 19:00:00,0,41.7,13.0,4.111111111111112,16032.53
2015-08-05 20:00:00,0,39.4,17.0,3.083333333333333,15903.139999999996
2015-08-05 21:00:00,0,37.8,21.0,2.5833333333333335,15330.390000000001
2015-08-05 22:00:00,0,38.3,19.0,2.5833333333333335,14732.669999999995
2015-08-05 23:00:00,0,38.9,21.0,3.083333333333333,14406.14
2015-08-06 00:00:00,0,37.8,24.0,4.638888888888888,14213.46
2015-08-06 01:00:00,0,37.2,26.0,4.638888888888888,14283.580000000004
2015-08-06 02:00:00,0,34.4,33.0,0.0,14290.940000000002
2015-08-06 03:00:00,0,35.0,34.0,4.638888888888888,14347.910000000003
2015-08-06 04:00:00,0,34.4,37.0,4.111111111111112,14522.02
2015-08-06 05:00:00,0,33.3,41.0,1.5555555555555554,15163.490000000002
2015-08-06 06:00:00,0,33.9,38.0,1.5555555555555554,15903.989999999998
2015-08-06 07:00:00,0,34.4,36.0,6.694444444444445,16145.967499999997
2015-08-06 08:00:00,0,35.0,34.0,3.611111111111111,16901.08
2015-08-06 09:00:00,0,34.4,33.0,4.125,17470.57
2015-08-06 10:00:00,0,35.0,32.0,4.111111111111112,17952.479999999996
2015-08-06 11:00:00,0,36.1,30.0,3.611111111111111,18252.560000000005
2015-08-06 12:00:00,0,36.7,27.0,6.166666666666666,18256.2
2015-08-06 13:00:00,0,37.2,25.0,2.055555555555556,18164.780000000002
2015-08-06 14:00:00,0,37.8,23.0,1.5555555555555554,18322.379999999997
2015-08-06 15:00:00,0,39.4,20.0,0.0,18239.07
2015-08-06 16:00:00,0,40.0,16.0,2.055555555555556,17926.330000000005
2015-08-06 17:00:00,0,40.0,15.0,2.5833333333333335,17207.019999999997
2015-08-06 18:00:00,0,39.4,17.0,2.055555555555556,16303.579999999998
2015-08-06 19:00:00,0,37.8,19.0,1.5555555555555554,15761.01
2015-08-06 20:00:00,0,37.2,20.0,0.0,15562.479999999996
2015-08-06 21:00:00,0,35.6,25.0,1.5555555555555554,15234.6
2015-08-06 22:00:00,0,35.0,27.0,0.0,14568.749999999996
2015-08-06 23:00:00,0,34.4,27.0,1.5555555555555554,14164.180000000002
2015-08-07 00:00:00,0,33.9,31.0,0.0,13987.189999999999
2015-08-07 01:00:00,0,33.3,32.0,2.055555555555556,13901.590000000002
2015-08-07 02:00:00,0,32.8,32.0,3.611111111111111,13986.729999999998
2015-08-07 03:00:00,0,32.2,34.0,3.083333333333333,14158.119999999999
2015-08-07 04:00:00,0,32.2,34.0,2.5833333333333335,14194.459999999997
2015-08-07 05:00:00,0,32.2,38.0,1.8055555555555556,14921.900000000001
2015-08-07 06:00:00,0,32.5,40.0,3.861111111111111,15661.929999999997
2015-08-07 07:00:00,0,32.8,42.0,5.138888888888888,15883.34
2015-08-07 08:00:00,0,33.9,41.0,5.138888888888888,16719.48
2015-08-07 09:00:00,0,35.0,36.0,5.666666666666666,17637.530000000006
2015-08-07 10:00:00,0,36.1,31.0,4.638888888888888,18016.489999999994
2015-08-07 11:00:00,0,37.8,25.0,3.083333333333333,18211.86
2015-08-07 12:00:00,0,38.9,25.0,1.5555555555555554,18221.332500000004
2015-08-07 13:00:00,0,41.1,21.0,2.5833333333333335,18305.565000000002
2015-08-07 14:00:00,0,39.4,23.0,4.638888888888888,18283.54499999999
2015-08-07 15:00:00,0,40.0,23.0,3.611111111111111,18227.6025
2015-08-07 16:00:00,0,34.4,40.0,8.75,17813.99
2015-08-07 17:00:00,0,30.76,59.0,5.961111111111111,16916.469999999998
2015-08-07 18:00:00,0,27.233333333333334,73.66666666666667,7.537037037037038,16082.550000000001
2015-08-07 19:00:00,0,28.6,68.0,5.666666666666666,15656.01
2015-08-07 20:00:00,0,28.3,67.0,3.611111111111111,15394.69
2015-08-07 21:00:00,0,28.3,65.0,4.111111111111112,15071.500000000002
2015-08-07 22:00:00,0,28.3,65.0,3.611111111111111,14492.15
2015-08-07 23:00:00,0,28.3,60.0,2.055555555555556,14061.039999999999
2015-08-08 00:00:00,1,27.8,65.0,3.083333333333333,13938.680000000002
2015-08-08 01:00:00,1,27.8,69.0,4.111111111111112,13795.53
2015-08-08 02:00:00,1,27.2,69.0,3.611111111111111,13878.16
2015-08-08 03:00:00,1,27.2,69.0,2.055555555555556,13808.74
2015-08-08 04:00:00,1,27.2,72.0,3.611111111111111,14040.44
2015-08-08 05:00:00,1,26.7,71.0,2.5833333333333335,14515.12
2015-08-08 06:00:00,1,27.2,69.0,3.083333333333333,14556.279999999999
2015-08-08 07:00:00,1,28.3,58.0,5.666666666666666,14707.72
2015-08-08 08:00:00,1,30.0,53.0,4.638888888888888,14906.52
2015-08-08 09:00:00,1,31.7,52.0,4.111111111111112,15138.390000000001
2015-08-08 10:00:00,1,33.3,44.0,3.083333333333333,15369.949999999997
2015-08-08 11:00:00,1,35.0,37.0,2.055555555555556,15466.680000000004
2015-08-08 12:00:00,1,36.1,29.0,0.0,15513.59
2015-08-08 13:00:00,1,37.2,30.0,0.0,15467.1
2015-08-08 14:00:00,1,37.8,28.0,0.0,15517.859999999999
2015-08-08 15:00:00,1,38.3,26.0,2.5833333333333335,15423.589999999998
2015-08-08 16:00:00,1,38.3,25.0,3.611111111111111,15271.35
2015-08-08 17:00:00,1,38.3,24.0,0.0,15087.47
2015-08-08 18:00:00,1,37.8,25.0,0.0,15059.599999999999
2015-08-08 19:00:00,1,36.7,33.0,2.5833333333333335,14844.900000000003
2015-08-08 20:00:00,1,35.0,37.0,2.055555555555556,14839.390000000003
2015-08-08 21:00:00,1,35.0,37.0,1.5555555555555554,14677.780000000002
2015-08-08 22:00:00,1,35.0,37.0,1.5555555555555554,14339.610000000002
2015-08-08 23:00:00,1,34.4,37.0,2.055555555555556,14109.130000000005
2015-08-09 00:00:00,1,34.4,35.0,0.0,13951.210000000001
2015-08-09 01:00:00,1,32.8,42.0,2.055555555555556,13969.060000000001
2015-08-09 02:00:00,1,32.2,43.0,2.5833333333333335,13849.0
2015-08-09 03:00:00,1,31.7,46.0,2.5833333333333335,13900.609999999997
2015-08-09 04:00:00,1,30.6,53.0,3.083333333333333,14084.090000000004
2015-08-09 05:00:00,1,30.6,49.0,2.055555555555556,14322.92
2015-08-09 06:00:00,1,31.1,46.0,3.083333333333333,14461.700000000003
2015-08-09 07:00:00,1,32.2,43.0,4.111111111111112,14624.209999999995
2015-08-09 08:00:00,1,32.8,39.0,2.5833333333333335,15095.300000000003
2015-08-09 09:00:00,1,35.0,36.0,1.5555555555555554,15218.71
2015-08-09 10:00:00,1,35.6,32.0,1.5555555555555554,15381.049999999996
2015-08-09 11:00:00,1,38.3,26.0,3.611111111111111,15560.330000000002
2015-08-09 12:00:00,1,38.3,25.0,2.055555555555556,15650.249999999996
2015-08-09 13:00:00,1,38.9,23.0,1.5555555555555554,15582.950000000003
2015-08-09 14:00:00,1,39.4,23.0,2.5833333333333335,15549.869999999999
2015-08-09 15:00:00,1,41.1,19.0,4.111111111111112,15571.480000000003
2015-08-09 16:00:00,1,40.0,22.0,3.611111111111111,15492.690000000002
2015-08-09 17:00:00,1,40.6,20.0,2.5833333333333335,15030.279999999999
2015-08-09 18:00:00,1,40.0,21.0,2.055555555555556,14867.380000000005
2015-08-09 19:00:00,1,39.4,20.0,4.638888888888888,14838.359999999999
2015-08-09 20:00:00,1,39.4,18.0,4.638888888888888,14657.610000000002
2015-08-09 21:00:00,1,34.35,32.0,8.36111111111111,14452.53
2015-08-09 22:00:00,1,34.15,29.0,3.0972222222222223,14142.46
2015-08-09 23:00:00,1,33.9,31.0,3.611111111111111,14012.429999999998
2015-08-10 00:00:00,0,32.2,39.0,6.166666666666666,13985.139999999998
2015-08-10 01:00:00,0,32.2,38.0,3.611111111111111,14091.83
2015-08-10 02:00:00,0,32.2,39.0,3.611111111111111,14341.910000000002
2015-08-10 03:00:00,0,31.1,43.0,2.055555555555556,14554.879999999997
2015-08-10 04:00:00,0,30.6,44.0,1.5555555555555554,15105.8
2015-08-10 05:00:00,0,30.6,46.0,3.083333333333333,15476.18
2015-08-10 06:00:00,0,31.1,45.0,2.5833333333333335,15666.459999999997
2015-08-10 07:00:00,0,31.1,45.0,3.083333333333333,15857.339999999998
2015-08-10 08:00:00,0,32.2,40.0,5.138888888888888,16624.020000000008
2015-08-10 09:00:00,0,32.8,41.0,3.083333333333333,17349.079999999994
2015-08-10 10:00:00,0,35.0,33.0,2.5833333333333335,17975.91
2015-08-10 11:00:00,0,36.1,30.0,1.5555555555555554,18190.277500000004
2015-08-10 12:00:00,0,37.2,25.0,1.5555555555555554,18377.195
2015-08-10 13:00:00,0,38.3,22.0,4.111111111111112,18293.827499999996
2015-08-10 14:00:00,0,38.9,22.0,1.5555555555555554,18269.18
2015-08-10 15:00:00,0,39.4,21.0,2.5833333333333335,18260.804999999993
2015-08-10 16:00:00,0,40.0,20.0,2.5833333333333335,17972.7975
2015-08-10 17:00:00,0,39.4,22.0,2.055555555555556,17338.352499999997
2015-08-10 18:00:00,0,38.9,22.0,1.5555555555555554,16452.24
2015-08-10 19:00:00,0,38.3,22.0,2.5833333333333335,16002.12
2015-08-10 20:00:00,0,37.2,25.0,2.055555555555556,15688.509999999998
2015-08-10 21:00:00,0,37.2,26.0,1.5555555555555554,15328.720000000003
2015-08-10 22:00:00,0,36.7,25.0,2.5833333333333335,14661.559999999998
2015-08-10 23:00:00,0,35.6,30.0,1.5555555555555554,14222.930000000004
2015-08-11 00:00:00,0,34.4,33.0,2.055555555555556,14002.930000000002
2015-08-11 01:00:00,0,33.9,37.0,0.0,13978.889999999998
2015-08-11 02:00:00,0,33.9,38.0,2.055555555555556,14168.9
2015-08-11 03:00:00,0,32.8,41.0,2.5833333333333335,14202.660000000002
2015-08-11 04:00:00,0,32.8,41.0,2.055555555555556,14357.78
2015-08-11 05:00:00,0,32.2,43.0,2.5833333333333335,15023.780000000004
2015-08-11 06:00:00,0,32.2,43.0,3.611111111111111,15725.14
2015-08-11 07:00:00,0,32.2,42.0,4.638888888888888,15990.61
2015-08-11 08:00:00,0,34.4,37.0,4.638888888888888,16859.219999999994
2015-08-11 09:00:00,0,33.05,40.5,13.88888888888889,17511.079999999998
2015-08-11 10:00:00,0,26.3,74.33333333333333,9.435185185185185,17845.89
2015-08-11 11:00:00,0,26.666666666666668,71.66666666666667,2.9166666666666665,17906.309999999998
2015-08-11 12:00:00,0,29.4,51.0,3.611111111111111,17833.12
2015-08-11 13:00:00,0,31.7,43.0,2.5833333333333335,17783.59
2015-08-11 14:00:00,0,34.4,32.0,1.5555555555555554,18064.459999999995
2015-08-11 15:00:00,0,35.0,32.0,0.0,17973.66
2015-08-11 16:00:00,0,35.6,29.0,2.055555555555556,17599.690000000006
2015-08-11 17:00:00,0,35.0,30.0,2.5833333333333335,16932.72
2015-08-11 18:00:00,0,35.6,26.0,2.055555555555556,16122.479999999998
2015-08-11 19:00:00,0,35.6,26.0,1.5555555555555554,15706.249999999996
2015-08-11 20:00:00,0,32.2,48.0,2.055555555555556,15393.030000000002
2015-08-11 21:00:00,0,30.25,50.5,6.694444444444445,15132.589999999998
2015-08-11 22:00:00,0,26.4,69.5,4.111111111111112,14489.739999999996
2015-08-11 23:00:00,0,28.3,54.0,7.194444444444444,14054.370000000003
2015-08-12 00:00:00,0,27.8,58.0,3.083333333333333,13885.249999999998
2015-08-12 01:00:00,0,28.9,49.0,4.111111111111112,13871.349999999999
2015-08-12 02:00:00,0,27.2,67.0,2.5833333333333335,14052.51
2015-08-12 03:00:00,0,26.7,69.0,2.055555555555556,14174.759999999998
2015-08-12 04:00:00,0,26.7,69.0,1.5555555555555554,14296.789999999999
2015-08-12 05:00:00,0,26.7,69.0,1.5555555555555554,14829.130000000003
2015-08-12 06:00:00,0,27.2,65.0,2.055555555555556,15275.620000000003
2015-08-12 07:00:00,0,29.4,55.0,0.0,15663.020000000002
2015-08-12 08:00:00,0,33.3,35.0,5.138888888888888,16582.330000000005
2015-08-12 09:00:00,0,34.4,33.0,4.111111111111112,17339.500000000004
2015-08-12 10:00:00,0,36.1,29.0,3.611111111111111,17878.8
2015-08-12 11:00:00,0,37.2,26.0,1.5555555555555554,18110.215
2015-08-12 12:00:00,0,39.4,24.0,2.055555555555556,18182.3325
2015-08-12 13:00:00,0,41.7,19.0,2.055555555555556,18233.737500000003
2015-08-12 14:00:00,0,40.6,20.0,2.055555555555556,18335.925000000003
2015-08-12 15:00:00,0,41.1,19.0,2.5833333333333335,18336.92
2015-08-12 16:00:00,0,41.1,19.0,0.0,18128.890000000003
2015-08-12 17:00:00,0,40.6,18.0,0.0,17371.319999999996
2015-08-12 18:00:00,0,40.6,19.0,0.0,16431.469999999998
2015-08-12 19:00:00,0,39.4,22.0,3.611111111111111,16089.31
2015-08-12 20:00:00,0,36.7,28.0,4.638888888888888,15764.31
2015-08-12 21:00:00,0,37.2,28.0,2.055555555555556,15335.200000000003
2015-08-12 22:00:00,0,35.6,33.0,5.138888888888888,14767.340000000002
2015-08-12 23:00:00,0,34.4,35.0,3.083333333333333,14283.32
2015-08-13 00:00:00,0,34.4,32.0,0.0,14082.809999999998
2015-08-13 01:00:00,0,32.2,43.0,2.055555555555556,13914.630000000003
2015-08-13 02:00:00,0,32.8,42.0,0.0,14141.510000000006
2015-08-13 03:00:00,0,32.8,39.0,3.611111111111111,14250.630000000001
2015-08-13 04:00:00,0,32.2,42.0,1.5555555555555554,14306.580000000002
2015-08-13 05:00:00,0,31.7,43.0,2.055555555555556,14997.140000000003
2015-08-13 06:00:00,0,31.7,42.0,3.083333333333333,15644.89
2015-08-13 07:00:00,0,32.8,39.0,3.083333333333333,16035.389999999996
2015-08-13 08:00:00,0,35.0,31.0,3.083333333333333,16775.949999999997
2015-08-13 09:00:00,0,37.2,26.0,3.083333333333333,17558.244999999995
2015-08-13 10:00:00,0,39.4,24.0,1.5555555555555554,18183.57
2015-08-13 11:00:00,0,41.1,20.0,3.083333333333333,18415.537500000002
2015-08-13 12:00:00,0,43.9,15.0,4.111111111111112,18510.87
2015-08-13 13:00:00,0,43.9,13.0,5.138888888888888,18495.554999999993
2015-08-13 14:00:00,0,45.0,10.0,5.138888888888888,18480.687499999996
2015-08-13 15:00:00,0,44.4,12.0,3.611111111111111,18416.53
2015-08-13 16:00:00,0,44.4,11.0,2.5833333333333335,18240.047500000004
2015-08-13 17:00:00,0,43.9,12.0,2.055555555555556,17336.065000000002
2015-08-13 18:00:00,0,42.8,13.0,2.5833333333333335,16372.789999999999
2015-08-13 19:00:00,0,41.7,14.0,0.0,15874.550000000001
2015-08-13 20:00:00,0,40.0,18.0,1.5555555555555554,15633.89
2015-08-13 21:00:00,0,41.1,14.0,2.5833333333333335,15148.800000000001
2015-08-13 22:00:00,0,37.2,25.0,2.055555555555556,14600.580000000002
2015-08-13 23:00:00,0,36.1,25.0,2.5833333333333335,14116.43
2015-08-14 00:00:00,0,36.7,25.0,2.055555555555556,13827.729999999998
2015-08-14 01:00:00,0,37.8,18.0,3.083333333333333,13774.029999999997
2015-08-14 02:00:00,0,36.7,22.0,2.055555555555556,13919.889999999998
2015-08-14 03:00:00,0,35.0,28.0,1.5555555555555554,13947.859999999999
2015-08-14 04:00:00,0,34.4,32.0,1.5555555555555554,14200.997500000003
2015-08-14 05:00:00,0,35.0,30.0,4.111111111111112,14998.09
2015-08-14 06:00:00,0,35.0,28.0,4.111111111111112,15736.285000000002
2015-08-14 07:00:00,0,34.4,33.0,3.083333333333333,15882.782499999998
2015-08-14 08:00:00,0,36.7,30.0,3.083333333333333,16714.302499999998
2015-08-14 09:00:00,0,38.3,26.0,2.5833333333333335,17574.252500000006
2015-08-14 10:00:00,0,40.0,23.0,3.611111111111111,18043.947500000002
2015-08-14 11:00:00,0,42.2,19.0,4.111111111111112,18362.420000000002
2015-08-14 12:00:00,0,43.3,17.0,4.111111111111112,18409.7975
2015-08-14 13:00:00,0,44.4,14.0,2.5833333333333335,18536.882499999996
2015-08-14 14:00:00,0,45.6,13.0,3.3472222222222223,18440.502500000002
2015-08-14 15:00:00,0,46.7,12.0,4.111111111111112,18448.742500000004
2015-08-14 16:00:00,0,45.6,12.0,1.5555555555555554,18080.617499999997
2015-08-14 17:00:00,0,45.0,12.0,3.611111111111111,17166.717499999995
2015-08-14 18:00:00,0,43.9,13.0,2.055555555555556,16145.074999999999
2015-08-14 19:00:00,0,40.0,20.0,5.666666666666666,15874.279999999999
2015-08-14 20:00:00,0,40.6,18.0,4.111111111111112,15582.989999999998
2015-08-14 21:00:00,0,41.1,17.0,2.5833333333333335,15303.627499999999
2015-08-14 22:00:00,0,40.6,18.0,1.5555555555555554,14571.565000000002
2015-08-14 23:00:00,0,38.3,22.0,3.083333333333333,14218.002500000002
2015-08-15 00:00:00,1,38.9,21.0,2.055555555555556,13972.630000000001
2015-08-15 01:00:00,1,35.6,28.0,2.055555555555556,13840.320000000002
2015-08-15 02:00:00,1,35.6,29.0,4.111111111111112,13887.569999999998
2015-08-15 03:00:00,1,34.4,32.0,2.5833333333333335,13728.75
2015-08-15 04:00:00,1,33.9,30.0,2.055555555555556,13796.347500000002
2015-08-15 05:00:00,1,33.9,29.0,2.055555555555556,14326.157499999998
2015-08-15 06:00:00,1,34.4,27.0,3.611111111111111,14370.17
2015-08-15 07:00:00,1,35.6,26.0,3.083333333333333,14543.274999999998
2015-08-15 08:00:00,1,37.8,22.0,2.055555555555556,14911.110000000004
2015-08-15 09:00:00,1,38.9,21.0,0.0,15327.6325
2015-08-15 10:00:00,1,41.1,19.0,2.055555555555556,15546.632500000003
2015-08-15 11:00:00,1,41.7,19.0,1.5555555555555554,15586.055000000002
2015-08-15 12:00:00,1,42.2,17.0,2.5833333333333335,15773.135
2015-08-15 13:00:00,1,43.3,17.0,0.0,15825.674999999997
2015-08-15 14:00:00,1,44.4,14.0,0.0,15843.102499999997
2015-08-15 15:00:00,1,45.6,13.0,3.611111111111111,15633.255000000001
2015-08-15 16:00:00,1,45.6,11.0,4.111111111111112,15461.699999999999
2015-08-15 17:00:00,1,45.0,12.0,4.111111111111112,15246.980000000001
2015-08-15 18:00:00,1,44.4,11.0,3.083333333333333,15008.142499999998
2015-08-15 19:00:00,1,43.9,13.0,3.611111111111111,14874.110000000002
2015-08-15 20:00:00,1,41.1,18.0,1.5555555555555554,14787.225000000006
2015-08-15 21:00:00,1,40.6,19.0,2.5833333333333335,14601.555000000002
2015-08-15 22:00:00,1,39.4,22.0,1.5555555555555554,14393.342499999997
2015-08-15 23:00:00,1,38.9,22.0,2.5833333333333335,14007.005000000001
2015-08-16 00:00:00,1,37.2,25.0,0.0,13916.8475
2015-08-16 01:00:00,1,36.7,25.0,0.0,13809.595000000003
2015-08-16 02:00:00,1,36.1,28.0,0.0,13797.524999999998
2015-08-16 03:00:00,1,36.1,27.0,3.083333333333333,13820.472500000002
2015-08-16 04:00:00,1,35.6,28.0,6.166666666666666,13917.175000000005
2015-08-16 05:00:00,1,34.4,33.0,5.666666666666666,14265.277499999998
2015-08-16 06:00:00,1,33.9,41.0,4.638888888888888,14346.3275
2015-08-16 07:00:00,1,33.9,42.0,2.055555555555556,14578.055000000002
2015-08-16 08:00:00,1,35.0,38.0,2.055555555555556,14896.5475
2015-08-16 09:00:00,1,36.7,35.0,0.0,15070.252500000002
2015-08-16 10:00:00,1,38.3,28.0,3.083333333333333,15312.775000000001
2015-08-16 11:00:00,1,39.4,24.0,5.666666666666666,15437.564999999999
2015-08-16 12:00:00,1,41.1,20.0,5.138888888888888,15563.860000000002
2015-08-16 13:00:00,1,41.7,18.0,4.111111111111112,15691.155000000002
2015-08-16 14:00:00,1,43.3,16.0,2.5833333333333335,15740.1975
2015-08-16 15:00:00,1,43.3,17.0,4.638888888888888,15672.630000000001
2015-08-16 16:00:00,1,43.9,16.0,6.166666666666666,15593.547500000002
2015-08-16 17:00:00,1,43.9,16.0,7.194444444444444,15284.394999999997
2015-08-16 18:00:00,1,43.3,17.0,6.694444444444445,15125.1875
2015-08-16 19:00:00,1,42.2,17.0,4.638888888888888,15015.3425
2015-08-16 20:00:00,1,40.6,20.0,3.083333333333333,14822.752500000004
2015-08-16 21:00:00,1,40.6,23.0,8.222222222222223,14594.662499999999
2015-08-16 22:00:00,1,39.4,26.0,7.194444444444444,14518.622500000001
2015-08-16 23:00:00,1,37.8,29.0,6.694444444444445,14295.7975
2015-08-17 00:00:00,0,36.7,30.0,6.166666666666666,14173.082499999997
2015-08-17 01:00:00,0,36.1,31.0,5.666666666666666,14081.147500000001
2015-08-17 02:00:00,0,35.6,31.0,4.111111111111112,14231.264999999998
2015-08-17 03:00:00,0,35.6,31.0,3.083333333333333,14560.555000000002
2015-08-17 04:00:00,0,35.0,31.0,2.055555555555556,14906.415000000005
2015-08-17 05:00:00,0,33.3,37.0,3.611111111111111,15365.482500000002
2015-08-17 06:00:00,0,33.3,35.0,2.5833333333333335,15657.319999999998
2015-08-17 07:00:00,0,33.9,34.0,1.5555555555555554,16414.2525
2015-08-17 08:00:00,0,34.4,37.0,5.138888888888888,17369.002500000002
2015-08-17 09:00:00,0,35.6,36.0,5.666666666666666,18051.1425
2015-08-17 10:00:00,0,36.1,35.0,5.666666666666666,18529.6975
2015-08-17 11:00:00,0,37.2,34.0,4.638888888888888,18900.677499999994
2015-08-17 12:00:00,0,37.8,32.0,2.055555555555556,18840.537499999995
2015-08-17 13:00:00,0,39.4,28.0,3.611111111111111,18882.030000000006
2015-08-17 14:00:00,0,40.6,25.0,3.083333333333333,18907.000000000004
2015-08-17 15:00:00,0,42.2,22.0,5.138888888888888,18642.2675
2015-08-17 16:00:00,0,41.7,20.0,6.694444444444445,18266.707500000008
2015-08-17 17:00:00,0,41.7,21.0,8.222222222222223,17547.979999999996
2015-08-17 18:00:00,0,41.1,21.0,8.75,16927.602500000005
2015-08-17 19:00:00,0,38.9,27.0,7.194444444444444,16655.6125
2015-08-17 20:00:00,0,38.3,26.0,5.138888888888888,16375.757500000002
2015-08-17 21:00:00,0,37.2,28.0,6.694444444444445,15839.142500000005
2015-08-17 22:00:00,0,36.1,29.0,6.694444444444445,14945.422500000002
2015-08-17 23:00:00,0,35.0,27.0,5.666666666666666,14452.130000000001
2015-08-18 00:00:00,0,34.4,26.0,5.666666666666666,14109.142499999998
2015-08-18 01:00:00,0,33.3,27.0,3.083333333333333,13933.855000000001
2015-08-18 02:00:00,0,33.3,27.0,5.666666666666666,14083.45
2015-08-18 03:00:00,0,31.7,30.0,2.5833333333333335,14095.267500000002
2015-08-18 04:00:00,0,31.1,31.0,2.055555555555556,14142.022499999997
2015-08-18 05:00:00,0,31.1,34.0,1.5555555555555554,14906.3475
2015-08-18 06:00:00,0,31.7,36.0,3.611111111111111,15838.847499999996
2015-08-18 07:00:00,0,32.2,35.0,2.055555555555556,16226.179999999998
2015-08-18 08:00:00,0,33.3,31.0,2.5833333333333335,16861.157499999998
2015-08-18 09:00:00,0,34.4,28.0,0.0,17705.317499999994
2015-08-18 10:00:00,0,36.1,24.0,2.5833333333333335,18337.390000000003
2015-08-18 11:00:00,0,36.7,20.0,2.055555555555556,18659.662500000006
2015-08-18 12:00:00,0,38.9,18.0,3.611111111111111,18638.922500000008
2015-08-18 13:00:00,0,39.4,19.0,2.5833333333333335,18596.799999999996
2015-08-18 14:00:00,0,40.6,17.0,6.694444444444445,18751.29
2015-08-18 15:00:00,0,41.7,17.0,7.722222222222222,18621.944999999996
2015-08-18 16:00:00,0,40.6,18.0,6.694444444444445,18383.3175
2015-08-18 17:00:00,0,40.6,18.0,6.694444444444445,17670.167499999996
2015-08-18 18:00:00,0,40.0,18.0,5.138888888888888,16813.702499999996
2015-08-18 19:00:00,0,38.3,19.0,3.611111111111111,16269.700000000006
2015-08-18 20:00:00,0,37.2,20.0,2.5833333333333335,16003.365000000003
2015-08-18 21:00:00,0,36.1,23.0,3.611111111111111,15476.5375
2015-08-18 22:00:00,0,35.6,22.0,3.611111111111111,14788.087499999998
2015-08-18 23:00:00,0,35.6,22.0,3.611111111111111,14238.525
2015-08-19 00:00:00,0,35.0,23.0,4.638888888888888,13958.722500000002
2015-08-19 01:00:00,0,33.9,24.0,3.611111111111111,14000.109999999999
2015-08-19 02:00:00,0,32.8,26.0,0.0,14051.779999999997
2015-08-19 03:00:00,0,32.8,25.0,1.5555555555555554,14106.6125
2015-08-19 04:00:00,0,32.2,26.0,2.055555555555556,14179.695
2015-08-19 05:00:00,0,30.0,36.0,3.083333333333333,14759.205
2015-08-19 06:00:00,0,30.0,33.0,3.611111111111111,15532.487500000003
2015-08-19 07:00:00,0,31.7,29.0,2.5833333333333335,15774.802499999994
2015-08-19 08:00:00,0,33.3,27.0,2.5833333333333335,16705.755000000005
2015-08-19 09:00:00,0,34.4,24.0,3.083333333333333,17479.4125
2015-08-19 10:00:00,0,35.6,22.0,2.055555555555556,18006.232499999995
2015-08-19 11:00:00,0,37.2,21.0,0.0,18354.66249999999
2015-08-19 12:00:00,0,38.9,18.0,2.5833333333333335,18404.465
2015-08-19 13:00:00,0,40.0,16.0,4.111111111111112,18406.015000000003
2015-08-19 14:00:00,0,40.0,17.0,3.083333333333333,18519.89
2015-08-19 15:00:00,0,40.0,17.0,5.138888888888888,18534.135000000002
2015-08-19 16:00:00,0,40.6,17.0,3.083333333333333,18172.869999999995
2015-08-19 17:00:00,0,40.6,18.0,5.138888888888888,17533.882500000007
2015-08-19 18:00:00,0,40.0,18.0,4.638888888888888,16707.0325
2015-08-19 19:00:00,0,39.4,20.0,5.138888888888888,16370.972500000002
2015-08-19 20:00:00,0,38.3,21.0,3.083333333333333,16271.887499999999
2015-08-19 21:00:00,0,36.7,25.0,3.083333333333333,15594.985
2015-08-19 22:00:00,0,35.6,30.0,3.083333333333333,14848.197500000002
2015-08-19 23:00:00,0,35.6,29.0,5.666666666666666,14402.212499999998
2015-08-20 00:00:00,0,35.0,30.0,3.611111111111111,14186.392499999998
2015-08-20 01:00:00,0,33.9,31.0,3.611111111111111,14118.705
2015-08-20 02:00:00,0,33.3,32.0,3.611111111111111,14131.620000000004
2015-08-20 03:00:00,0,31.7,38.0,0.0,14252.522500000005
2015-08-20 04:00:00,0,31.1,39.0,0.0,14300.857500000004
2015-08-20 05:00:00,0,31.1,40.0,1.5555555555555554,14978.62
2015-08-20 06:00:00,0,31.7,39.0,2.5833333333333335,15851.0675
2015-08-20 07:00:00,0,32.8,36.0,3.083333333333333,16294.2275
2015-08-20 08:00:00,0,33.9,34.0,4.638888888888888,17322.610000000004
2015-08-20 09:00:00,0,35.6,32.0,2.5833333333333335,18389.1625
2015-08-20 10:00:00,0,36.1,31.0,0.0,18961.592500000006
2015-08-20 11:00:00,0,38.9,27.0,2.055555555555556,19217.937500000004
2015-08-20 12:00:00,0,40.6,24.0,4.111111111111112,19359.4125
2015-08-20 13:00:00,0,40.6,24.0,4.111111111111112,19454.112500000007
2015-08-20 14:00:00,0,40.0,24.0,2.5833333333333335,19249.477500000008
2015-08-20 15:00:00,0,40.6,22.0,4.111111111111112,19286.7375
2015-08-20 16:00:00,0,40.6,23.0,4.111111111111112,18987.2125
2015-08-20 17:00:00,0,40.6,20.0,6.166666666666666,18019.3375
2015-08-20 18:00:00,0,40.0,18.0,6.166666666666666,17352.09
2015-08-20 19:00:00,0,39.4,18.0,5.666666666666666,16769.9
2015-08-20 20:00:00,0,38.3,19.0,2.5833333333333335,16222.41
2015-08-20 21:00:00,0,36.7,24.0,2.5833333333333335,15689.41
2015-08-20 22:00:00,0,35.6,29.0,2.055555555555556,14796.650000000001
2015-08-20 23:00:00,0,35.0,34.0,2.5833333333333335,14442.190000000002
2015-08-21 00:00:00,0,34.4,37.0,1.5555555555555554,14051.330000000002
2015-08-21 01:00:00,0,33.9,38.0,1.5555555555555554,14034.580000000002
2015-08-21 02:00:00,0,33.9,39.0,3.083333333333333,14235.55
2015-08-21 03:00:00,0,32.8,44.0,2.5833333333333335,14140.269999999999
2015-08-21 04:00:00,0,32.2,43.0,3.083333333333333,14299.71
2015-08-21 05:00:00,0,31.7,43.0,1.5555555555555554,15036.679999999995
2015-08-21 06:00:00,0,32.2,42.0,3.611111111111111,15791.89
2015-08-21 07:00:00,0,32.8,41.0,2.5833333333333335,16236.309999999998
2015-08-21 08:00:00,0,33.9,37.0,2.5833333333333335,17281.59
2015-08-21 09:00:00,0,35.0,37.0,2.5833333333333335,18397.58
2015-08-21 10:00:00,0,37.2,35.0,3.083333333333333,18965.2275
2015-08-21 11:00:00,0,37.8,33.0,2.5833333333333335,19112.88
2015-08-21 12:00:00,0,37.8,32.0,3.611111111111111,19050.137499999997
2015-08-21 13:00:00,0,38.9,30.0,0.0,18809.465000000004
2015-08-21 14:00:00,0,40.0,25.0,3.611111111111111,18802.282500000005
2015-08-21 15:00:00,0,39.4,25.0,2.055555555555556,18570.909999999996
2015-08-21 16:00:00,0,40.0,23.0,5.666666666666666,18221.895
2015-08-21 17:00:00,0,40.6,20.0,5.666666666666666,17420.4475
2015-08-21 18:00:00,0,40.0,20.0,7.194444444444444,16594.405
2015-08-21 19:00:00,0,39.4,22.0,6.694444444444445,16164.387499999999
2015-08-21 20:00:00,0,37.8,25.0,6.166666666666666,15893.085000000005
2015-08-21 21:00:00,0,37.2,26.0,5.666666666666666,15445.625
2015-08-21 22:00:00,0,35.6,30.0,4.638888888888888,14704.585000000001
2015-08-21 23:00:00,0,35.0,31.0,5.138888888888888,14262.5375
2015-08-22 00:00:00,1,34.4,33.0,7.194444444444444,14015.572500000002
2015-08-22 01:00:00,1,33.9,37.0,7.194444444444444,14010.175000000003
2015-08-22 02:00:00,1,32.8,41.0,6.166666666666666,13946.675000000001
2015-08-22 03:00:00,1,32.2,43.0,3.083333333333333,13927.804999999997
2015-08-22 04:00:00,1,31.7,46.0,2.055555555555556,14056.124999999998
2015-08-22 05:00:00,1,31.1,48.0,1.5555555555555554,14488.169999999998
2015-08-22 06:00:00,1,31.1,48.0,2.055555555555556,14570.669999999998
2015-08-22 07:00:00,1,32.2,43.0,1.5555555555555554,14761.240000000003
2015-08-22 08:00:00,1,33.3,41.0,2.055555555555556,15004.802499999996
2015-08-22 09:00:00,1,34.4,36.0,2.5833333333333335,15260.3925
2015-08-22 10:00:00,1,36.7,33.0,3.083333333333333,15463.554999999998
2015-08-22 11:00:00,1,36.1,31.0,1.5555555555555554,15568.7275
2015-08-22 12:00:00,1,37.8,28.0,3.083333333333333,15551.009999999997
2015-08-22 13:00:00,1,38.9,25.0,2.5833333333333335,15722.865000000002
2015-08-22 14:00:00,1,39.4,23.0,2.5833333333333335,15570.074999999997
2015-08-22 15:00:00,1,40.6,21.0,3.611111111111111,15515.760000000002
2015-08-22 16:00:00,1,40.0,21.0,3.611111111111111,15335.5175
2015-08-22 17:00:00,1,40.0,21.0,5.138888888888888,15112.175000000001
2015-08-22 18:00:00,1,39.4,19.0,3.611111111111111,15103.99
2015-08-22 19:00:00,1,38.9,20.0,3.611111111111111,14808.564999999999
2015-08-22 20:00:00,1,38.3,22.0,3.083333333333333,14662.335000000001
2015-08-22 21:00:00,1,35.6,28.0,4.111111111111112,14493.637500000004
2015-08-22 22:00:00,1,35.0,31.0,3.611111111111111,14207.155
2015-08-22 23:00:00,1,33.3,37.0,3.083333333333333,13926.602499999999
2015-08-23 00:00:00,1,33.3,35.0,4.111111111111112,13796.509999999997
2015-08-23 01:00:00,1,32.2,40.0,3.611111111111111,13764.489999999998
2015-08-23 02:00:00,1,31.7,40.0,3.083333333333333,13716.607499999996
2015-08-23 03:00:00,1,31.1,42.0,2.055555555555556,13801.725
2015-08-23 04:00:00,1,30.6,43.0,2.5833333333333335,13963.614999999998
2015-08-23 05:00:00,1,30.6,44.0,2.055555555555556,14152.339999999998
2015-08-23 06:00:00,1,30.6,44.0,2.5833333333333335,14369.6925
2015-08-23 07:00:00,1,31.7,42.0,2.055555555555556,14377.9925
2015-08-23 08:00:00,1,34.4,36.0,0.0,14577.157499999996
2015-08-23 09:00:00,1,34.4,35.0,0.0,14883.720000000001
2015-08-23 10:00:00,1,36.7,29.0,0.0,15009.752500000002
2015-08-23 11:00:00,1,37.8,28.0,3.611111111111111,15194.892500000002
2015-08-23 12:00:00,1,39.4,24.0,0.0,15497.962500000001
2015-08-23 13:00:00,1,40.6,22.0,2.055555555555556,15482.987500000001
2015-08-23 14:00:00,1,40.6,20.0,2.5833333333333335,15562.5725
2015-08-23 15:00:00,1,41.7,19.0,3.611111111111111,15486.422500000002
2015-08-23 16:00:00,1,40.6,20.0,5.666666666666666,15365.165000000003
2015-08-23 17:00:00,1,41.1,18.5,2.3194444444444446,15152.127499999997
2015-08-23 18:00:00,1,39.4,20.0,3.611111111111111,14949.682499999997
2015-08-23 19:00:00,1,38.9,22.0,2.055555555555556,14869.015000000001
2015-08-23 20:00:00,1,36.7,24.0,5.138888888888888,14560.715000000002
2015-08-23 21:00:00,1,33.9,38.0,5.666666666666666,14484.895
2015-08-23 22:00:00,1,33.3,41.0,6.694444444444445,14291.072499999998
2015-08-23 23:00:00,1,32.8,42.0,3.611111111111111,14093.76
2015-08-24 00:00:00,0,32.8,41.0,3.083333333333333,14048.330000000002
2015-08-24 01:00:00,0,32.2,42.0,3.611111111111111,13814.355
2015-08-24 02:00:00,0,32.2,38.0,3.611111111111111,14120.05
2015-08-24 03:00:00,0,31.1,43.0,2.5833333333333335,14349.897500000003
2015-08-24 04:00:00,0,31.7,40.0,2.5833333333333335,14877.24
2015-08-24 05:00:00,0,31.1,40.0,2.5833333333333335,15327.694999999996
2015-08-24 06:00:00,0,31.7,40.0,4.111111111111112,15808.2325
2015-08-24 07:00:00,0,32.8,35.0,3.611111111111111,16355.689999999999
2015-08-24 08:00:00,0,33.9,32.0,2.5833333333333335,17317.925000000007
2015-08-24 09:00:00,0,35.6,28.0,5.138888888888888,18336.120000000006
2015-08-24 10:00:00,0,36.7,27.0,4.111111111111112,18906.004999999997
2015-08-24 11:00:00,0,37.8,25.0,4.638888888888888,19257.442499999997
2015-08-24 12:00:00,0,39.4,23.0,2.055555555555556,19343.482500000002
2015-08-24 13:00:00,0,41.1,20.0,3.611111111111111,19587.275
2015-08-24 14:00:00,0,41.1,19.0,3.083333333333333,19497.787499999995
2015-08-24 15:00:00,0,41.1,19.0,2.055555555555556,19408.492499999997
2015-08-24 16:00:00,0,40.6,19.0,2.5833333333333335,19162.3675
2015-08-24 17:00:00,0,40.0,20.0,0.0,18411.254999999997
2015-08-24 18:00:00,0,40.0,20.0,3.083333333333333,17513.352500000005
2015-08-24 19:00:00,0,38.9,20.0,4.638888888888888,16982.4
2015-08-24 20:00:00,0,36.1,28.0,2.5833333333333335,16499.019999999997
2015-08-24 21:00:00,0,36.7,23.0,4.638888888888888,15863.379999999994
2015-08-24 22:00:00,0,35.6,25.0,2.055555555555556,15057.370000000004
2015-08-24 23:00:00,0,35.0,27.0,1.5555555555555554,14473.33
2015-08-25 00:00:00,0,33.65,34.0,2.833333333333333,14301.289999999997
2015-08-25 01:00:00,0,31.1,48.5,5.402777777777778,14422.989999999998
2015-08-25 02:00:00,0,32.2,42.0,5.666666666666666,14369.239999999994
2015-08-25 03:00:00,0,28.9,63.0,3.083333333333333,14338.039999999999
2015-08-25 04:00:00,0,28.9,61.0,3.611111111111111,14485.840000000002
2015-08-25 05:00:00,0,28.9,61.0,2.055555555555556,15149.285000000005
2015-08-25 06:00:00,0,30.0,55.0,2.055555555555556,16032.002500000006
2015-08-25 07:00:00,0,30.6,53.0,1.5555555555555554,16323.05
2015-08-25 08:00:00,0,32.2,45.0,0.0,17385.49
2015-08-25 09:00:00,0,32.2,42.0,1.5555555555555554,18489.190000000002
2015-08-25 10:00:00,0,33.3,39.0,1.5555555555555554,18983.1025
2015-08-25 11:00:00,0,33.3,39.0,0.0,19188.870000000006
2015-08-25 12:00:00,0,35.0,33.0,2.5833333333333335,19286.7475
2015-08-25 13:00:00,0,36.7,30.0,3.611111111111111,19529.684999999994
2015-08-25 14:00:00,0,36.7,29.0,3.083333333333333,19545.789999999997
2015-08-25 15:00:00,0,37.2,28.0,3.611111111111111,19322.1475
2015-08-25 16:00:00,0,36.7,29.0,4.111111111111112,18623.784999999993
2015-08-25 17:00:00,0,31.650000000000002,49.0,8.75,17903.469999999998
2015-08-25 18:00:00,0,30.3,61.0,3.0972222222222223,17365.499999999996
2015-08-25 19:00:00,0,29.4,65.0,3.083333333333333,16982.889999999996
2015-08-25 20:00:00,0,29.4,67.0,4.111111111111112,16390.239999999998
2015-08-25 21:00:00,0,30.0,59.0,4.111111111111112,15831.17
2015-08-25 22:00:00,0,29.4,61.0,3.611111111111111,14984.020000000002
2015-08-25 23:00:00,0,30.6,49.0,5.138888888888888,14422.910000000002
2015-08-26 00:00:00,0,30.0,53.0,3.083333333333333,14198.120000000003
2015-08-26 01:00:00,0,30.0,49.0,2.5833333333333335,14112.230000000005
2015-08-26 02:00:00,0,29.4,51.0,2.5833333333333335,14172.060000000001
2015-08-26 03:00:00,0,28.9,53.0,2.055555555555556,14215.42
2015-08-26 04:00:00,0,29.4,49.0,3.611111111111111,14193.49
2015-08-26 05:00:00,0,29.4,49.0,3.083333333333333,14789.57
2015-08-26 06:00:00,0,29.4,49.0,3.611111111111111,15517.234999999999
2015-08-26 07:00:00,0,30.6,46.0,3.083333333333333,15848.689999999999
2015-08-26 08:00:00,0,32.8,39.0,3.611111111111111,17133.660000000003
2015-08-26 09:00:00,0,33.3,38.0,2.055555555555556,18268.659999999996
2015-08-26 10:00:00,0,35.6,32.0,2.5833333333333335,18927.680000000008
2015-08-26 11:00:00,0,36.7,30.0,2.5833333333333335,19081.680000000004
2015-08-26 12:00:00,0,37.8,29.0,3.083333333333333,19288.5425
2015-08-26 13:00:00,0,38.9,26.0,2.5833333333333335,19449.220000000005
2015-08-26 14:00:00,0,40.0,21.0,2.055555555555556,19311.730000000003
2015-08-26 15:00:00,0,39.4,23.0,2.5833333333333335,19295.9575
2015-08-26 16:00:00,0,40.0,22.0,2.055555555555556,19100.51000000001
2015-08-26 17:00:00,0,39.4,22.0,4.111111111111112,18352.114999999998
2015-08-26 18:00:00,0,38.9,21.0,4.638888888888888,17400.4875
2015-08-26 19:00:00,0,38.3,22.0,2.5833333333333335,17081.799999999996
2015-08-26 20:00:00,0,37.2,25.0,1.5555555555555554,16526.959999999995
2015-08-26 21:00:00,0,36.7,26.0,3.611111111111111,15872.609999999997
2015-08-26 22:00:00,0,34.4,33.0,4.638888888888888,15014.330000000005
2015-08-26 23:00:00,0,33.9,33.0,2.055555555555556,14425.930000000002
2015-08-27 00:00:00,0,33.3,34.0,3.083333333333333,14295.380000000005
2015-08-27 01:00:00,0,32.8,36.0,2.055555555555556,14218.429999999998
2015-08-27 02:00:00,0,32.2,38.0,4.111111111111112,14229.91
2015-08-27 03:00:00,0,31.7,39.0,3.083333333333333,14232.460000000001
2015-08-27 04:00:00,0,31.1,42.0,3.083333333333333,14242.15
2015-08-27 05:00:00,0,30.6,44.0,3.611111111111111,15011.605000000001
2015-08-27 06:00:00,0,31.1,43.0,2.5833333333333335,15728.922499999999
2015-08-27 07:00:00,0,32.2,40.0,2.055555555555556,16007.909999999996
2015-08-27 08:00:00,0,34.4,33.0,3.083333333333333,17196.27
2015-08-27 09:00:00,0,35.6,30.0,2.055555555555556,18388.52
2015-08-27 10:00:00,0,37.8,27.0,2.5833333333333335,18962.479999999996
2015-08-27 11:00:00,0,40.6,23.0,2.055555555555556,19289.437499999996
2015-08-27 12:00:00,0,40.6,23.0,3.611111111111111,19438.0975
2015-08-27 13:00:00,0,41.1,20.0,5.666666666666666,19504.459999999995
2015-08-27 14:00:00,0,41.7,19.0,3.083333333333333,19635.107500000002
2015-08-27 15:00:00,0,41.1,19.0,5.138888888888888,19065.755000000005
2015-08-27 16:00:00,0,32.03333333333334,47.666666666666664,11.305555555555554,18486.772499999995
2015-08-27 17:00:00,0,29.633333333333336,55.333333333333336,8.064814814814815,17520.1025
2015-08-27 18:00:00,0,31.7,46.0,1.5555555555555554,16979.967500000006
2015-08-27 19:00:00,0,31.1,61.0,0.0,16663.159999999996
2015-08-27 20:00:00,0,31.7,52.0,1.5555555555555554,16315.990000000003
2015-08-27 21:00:00,0,30.6,57.0,2.055555555555556,15634.019999999997
2015-08-27 22:00:00,0,30.0,67.0,2.055555555555556,14836.45
2015-08-27 23:00:00,0,29.4,65.0,2.5833333333333335,14515.110000000002
2015-08-28 00:00:00,0,30.6,55.0,2.5833333333333335,14013.859999999997
2015-08-28 01:00:00,0,28.9,58.0,2.055555555555556,13946.39
2015-08-28 02:00:00,0,28.3,56.0,2.5833333333333335,14053.94
2015-08-28 03:00:00,0,28.3,56.0,2.5833333333333335,13985.749999999998
2015-08-28 04:00:00,0,27.8,58.0,2.055555555555556,14095.2
2015-08-28 05:00:00,0,27.8,56.0,2.5833333333333335,14672.0425
2015-08-28 06:00:00,0,28.3,56.0,2.5833333333333335,15374.054999999998
2015-08-28 07:00:00,0,30.0,49.0,3.083333333333333,15677.15
2015-08-28 08:00:00,0,31.7,43.0,3.083333333333333,16935.46
2015-08-28 09:00:00,0,33.3,37.0,3.083333333333333,17877.75
2015-08-28 10:00:00,0,36.1,30.0,0.0,18338.9625
2015-08-28 11:00:00,0,36.7,27.0,0.0,18635.484999999997
2015-08-28 12:00:00,0,38.3,24.0,2.5833333333333335,18738.9575
2015-08-28 13:00:00,0,40.0,20.0,2.055555555555556,18846.769999999997
2015-08-28 14:00:00,0,41.7,17.0,2.055555555555556,18812.577499999996
2015-08-28 15:00:00,0,42.2,15.0,0.0,18582.879999999994
2015-08-28 16:00:00,0,41.7,16.0,2.055555555555556,18240.3525
2015-08-28 17:00:00,0,41.1,15.0,4.638888888888888,17336.88
2015-08-28 18:00:00,0,40.6,16.0,4.111111111111112,16385.73
2015-08-28 19:00:00,0,39.4,18.0,2.5833333333333335,16106.73
2015-08-28 20:00:00,0,37.2,24.0,1.5555555555555554,15750.529999999999
2015-08-28 21:00:00,0,37.2,24.0,0.0,15350.069999999996
2015-08-28 22:00:00,0,35.6,32.0,0.0,14750.960000000001
2015-08-28 23:00:00,0,35.6,31.0,0.0,14252.759999999998
2015-08-29 00:00:00,1,35.0,30.0,0.0,14013.869999999997
2015-08-29 01:00:00,1,33.3,44.0,2.5833333333333335,13821.660000000003
2015-08-29 02:00:00,1,32.8,38.0,1.5555555555555554,13895.590000000004
2015-08-29 03:00:00,1,31.7,40.0,2.5833333333333335,13720.65
2015-08-29 04:00:00,1,31.1,42.0,3.083333333333333,13786.399999999996
2015-08-29 05:00:00,1,30.6,37.0,2.5833333333333335,14156.739999999998
2015-08-29 06:00:00,1,31.1,35.0,3.083333333333333,14282.160000000005
2015-08-29 07:00:00,1,32.2,34.0,3.611111111111111,14470.729999999998
2015-08-29 08:00:00,1,34.4,31.0,4.111111111111112,14717.41
2015-08-29 09:00:00,1,36.7,28.0,4.111111111111112,15086.970000000003
2015-08-29 10:00:00,1,38.3,25.0,3.083333333333333,15421.249999999998
2015-08-29 11:00:00,1,40.0,22.0,3.083333333333333,15615.140000000001
2015-08-29 12:00:00,1,40.6,20.0,2.5833333333333335,15716.41
2015-08-29 13:00:00,1,42.8,18.0,0.0,15668.470000000003
2015-08-29 14:00:00,1,42.8,16.0,2.055555555555556,15650.400000000001
2015-08-29 15:00:00,1,43.3,16.0,3.611111111111111,15537.94
2015-08-29 16:00:00,1,43.9,15.0,4.111111111111112,15501.940000000002
2015-08-29 17:00:00,1,42.2,17.0,2.055555555555556,15183.31
2015-08-29 18:00:00,1,42.13333333333333,16.333333333333332,3.7777777777777777,15017.14
2015-08-29 19:00:00,1,40.166666666666664,20.0,2.5740740740740744,14926.829999999996
2015-08-29 20:00:00,1,30.55,55.5,8.23611111111111,14690.540000000003
2015-08-29 21:00:00,1,30.2,55.0,5.148148148148148,14488.129999999997
2015-08-29 22:00:00,1,30.0,59.0,3.611111111111111,14199.189999999999
2015-08-29 23:00:00,1,30.0,57.0,2.055555555555556,13894.390000000003
2015-08-30 00:00:00,1,30.0,57.0,2.5833333333333335,13893.604999999996
2015-08-30 01:00:00,1,30.0,57.0,4.111111111111112,13713.467499999999
2015-08-30 02:00:00,1,29.4,59.0,3.611111111111111,13783.692500000001
2015-08-30 03:00:00,1,29.4,55.0,2.5833333333333335,13702.1525
2015-08-30 04:00:00,1,28.9,61.0,4.111111111111112,13947.489999999998
2015-08-30 05:00:00,1,28.3,63.0,2.5833333333333335,14107.844999999998
2015-08-30 06:00:00,1,28.9,56.0,3.083333333333333,14165.317499999997
2015-08-30 07:00:00,1,31.7,46.0,3.083333333333333,14373.0375
2015-08-30 08:00:00,1,33.3,42.0,3.611111111111111,14510.372500000001
2015-08-30 09:00:00,1,35.0,31.0,3.083333333333333,14788.820000000002
2015-08-30 10:00:00,1,37.2,28.0,4.111111111111112,14988.4375
2015-08-30 11:00:00,1,37.8,24.0,2.5833333333333335,15042.125000000002
2015-08-30 12:00:00,1,40.6,20.0,3.611111111111111,15214.469999999998
2015-08-30 13:00:00,1,39.4,22.0,1.5555555555555554,15321.580000000002
2015-08-30 14:00:00,1,41.1,20.0,3.611111111111111,15330.342500000002
2015-08-30 15:00:00,1,40.6,20.0,1.5555555555555554,15418.7025
2015-08-30 16:00:00,1,41.7,19.0,3.611111111111111,15261.040000000003
2015-08-30 17:00:00,1,40.6,20.0,2.055555555555556,15061.715000000002
2015-08-30 18:00:00,1,36.86666666666667,31.0,8.055555555555555,14955.3975
2015-08-30 19:00:00,1,35.3,28.5,6.180555555555555,14892.567500000001
2015-08-30 20:00:00,1,35.0,27.0,4.638888888888888,14524.592500000006
2015-08-30 21:00:00,1,33.699999999999996,36.0,5.657407407407407,14419.102500000005
2015-08-30 22:00:00,1,33.3,37.0,5.138888888888888,14164.010000000002
2015-08-30 23:00:00,1,32.8,41.0,5.666666666666666,14056.7025
2015-08-31 00:00:00,0,31.7,45.5,4.125,13960.652500000002
2015-08-31 01:00:00,0,31.1,46.0,2.5833333333333335,13841.257500000002
2015-08-31 02:00:00,0,31.7,43.0,2.5833333333333335,14014.4925
2015-08-31 03:00:00,0,30.6,48.0,3.611111111111111,14262.015000000003
2015-08-31 04:00:00,0,30.0,51.0,3.083333333333333,14754.305000000002
2015-08-31 05:00:00,0,30.0,49.0,3.083333333333333,15293.352499999999
2015-08-31 06:00:00,0,30.6,48.0,3.083333333333333,15767.817500000003
2015-08-31 07:00:00,0,32.2,43.0,4.111111111111112,16247.220000000001
2015-08-31 08:00:00,0,33.3,39.0,3.611111111111111,17339.225
2015-08-31 09:00:00,0,35.0,36.0,4.111111111111112,18261.4
2015-08-31 10:00:00,0,36.1,32.0,3.611111111111111,18920.649999999998
2015-08-31 11:00:00,0,37.8,29.0,3.083333333333333,19260.002500000006
2015-08-31 12:00:00,0,38.9,24.0,1.5555555555555554,19259.4875
2015-08-31 13:00:00,0,40.0,21.0,5.666666666666666,19342.805000000004
2015-08-31 14:00:00,0,40.6,20.0,4.111111111111112,19481.339999999997
2015-08-31 15:00:00,0,40.6,21.0,3.083333333333333,19365.837499999998
2015-08-31 16:00:00,0,40.0,21.0,2.5833333333333335,19051.600000000002
2015-08-31 17:00:00,0,40.0,22.0,2.055555555555556,18450.432500000003
2015-08-31 18:00:00,0,39.4,22.0,3.611111111111111,17540.032499999994
2015-08-31 19:00:00,0,28.75,61.75,13.25,16954.215
2015-08-31 20:00:00,0,28.333333333333332,57.833333333333336,7.305555555555555,15977.330000000002
2015-08-31 21:00:00,0,28.0,66.0,4.638888888888888,15399.662500000004
2015-08-31 22:00:00,0,27.78,65.0,4.3277777777777775,14698.509999999998
2015-08-31 23:00:00,0,27.56,64.0,4.016666666666667,14400.2
2015-09-01 00:00:00,0,27.34,63.0,3.7055555555555553,14067.765000000001
2015-09-01 01:00:00,0,27.119999999999997,62.0,3.394444444444444,13951.530000000002
2015-09-01 02:00:00,0,26.9,61.0,3.083333333333333,14055.224999999997
2015-09-01 03:00:00,0,26.633333333333333,62.666666666666664,2.574074074074074,14050.232499999998
2015-09-01 04:00:00,0,26.366666666666667,64.33333333333333,2.0648148148148144,14139.864999999996
2015-09-01 05:00:00,0,26.1,66.0,1.5555555555555554,14827.72
2015-09-01 06:00:00,0,26.7,69.0,0.0,15566.742500000004
2015-09-01 07:00:00,0,28.3,53.0,0.0,16030.594999999998
2015-09-01 08:00:00,0,28.9,53.0,2.055555555555556,17045.867499999997
2015-09-01 09:00:00,0,30.6,46.0,4.638888888888888,17779.782499999994
2015-09-01 10:00:00,0,32.2,42.0,4.111111111111112,18653.72749999999
2015-09-01 11:00:00,0,32.8,41.0,2.055555555555556,19023.52
2015-09-01 12:00:00,0,35.0,37.0,3.611111111111111,19144.005
2015-09-01 13:00:00,0,36.1,32.0,3.611111111111111,19310.809999999998
2015-09-01 14:00:00,0,36.1,31.0,3.083333333333333,19334.56000000001
2015-09-01 15:00:00,0,37.2,28.0,2.055555555555556,19197.2625
2015-09-01 16:00:00,0,36.1,28.0,0.0,18852.372500000005
2015-09-01 17:00:00,0,36.7,27.0,2.5833333333333335,17998.385
2015-09-01 18:00:00,0,36.1,28.0,2.055555555555556,17207.634999999995
2015-09-01 19:00:00,0,35.6,29.0,3.611111111111111,16794.697500000002
2015-09-01 20:00:00,0,35.0,30.0,3.083333333333333,16155.555
2015-09-01 21:00:00,0,33.9,36.0,2.055555555555556,15502.0275
2015-09-01 22:00:00,0,32.2,43.0,0.0,14857.344999999998
2015-09-01 23:00:00,0,32.2,43.0,1.5555555555555554,14305.965
2015-09-02 00:00:00,0,32.2,40.0,0.0,14105.182500000004
2015-09-02 01:00:00,0,32.8,38.0,2.055555555555556,13988.9925
2015-09-02 02:00:00,0,31.85,43.0,4.125,14031.907500000003
2015-09-02 03:00:00,0,30.0,53.0,2.5833333333333335,14119.217499999999
2015-09-02 04:00:00,0,30.6,48.5,1.5416666666666665,14195.450000000003
2015-09-02 05:00:00,0,28.9,58.0,2.5833333333333335,14779.419999999996
2015-09-02 06:00:00,0,29.4,51.0,2.5833333333333335,15562.352500000005
2015-09-02 07:00:00,0,30.0,41.0,2.5833333333333335,15894.999999999998
2015-09-02 08:00:00,0,30.6,40.0,1.5555555555555554,16801.727499999994
2015-09-02 09:00:00,0,31.1,39.0,2.055555555555556,17696.6375
2015-09-02 10:00:00,0,32.8,34.0,2.5833333333333335,18237.60749999999
2015-09-02 11:00:00,0,35.0,27.0,1.5555555555555554,18609.59
2015-09-02 12:00:00,0,35.6,22.0,3.083333333333333,18783.42499999999
2015-09-02 13:00:00,0,37.2,18.0,0.0,18909.96
2015-09-02 14:00:00,0,37.2,20.0,3.083333333333333,18898.805000000004
2015-09-02 15:00:00,0,37.8,18.0,4.111111111111112,18889.022500000003
2015-09-02 16:00:00,0,37.8,18.0,5.138888888888888,18703.085
2015-09-02 17:00:00,0,37.2,18.0,5.666666666666666,18040.515
2015-09-02 18:00:00,0,36.7,19.0,4.111111111111112,17051.8675
2015-09-02 19:00:00,0,36.1,20.0,3.083333333333333,16579.157499999998
2015-09-02 20:00:00,0,34.4,25.0,2.5833333333333335,16120.279999999997
2015-09-02 21:00:00,0,33.3,27.0,2.055555555555556,15525.444999999998
2015-09-02 22:00:00,0,31.7,36.0,2.055555555555556,14604.217499999995
2015-09-02 23:00:00,0,32.2,29.0,0.0,14293.16
2015-09-03 00:00:00,0,30.6,41.0,2.5833333333333335,13977.825000000003
2015-09-03 01:00:00,0,30.6,37.0,2.055555555555556,13986.120000000004
2015-09-03 02:00:00,0,28.3,44.0,0.0,13989.337499999998
2015-09-03 03:00:00,0,29.4,37.0,2.055555555555556,13913.347500000002
2015-09-03 04:00:00,0,28.9,37.0,2.5833333333333335,14076.21
2015-09-03 05:00:00,0,28.3,41.0,2.5833333333333335,14618.1875
2015-09-03 06:00:00,0,28.9,43.0,2.055555555555556,15282.0075
2015-09-03 07:00:00,0,30.0,43.0,3.611111111111111,15791.505000000001
2015-09-03 08:00:00,0,31.1,36.0,2.055555555555556,16792.925
2015-09-03 09:00:00,0,32.8,32.0,3.083333333333333,17851.297499999993
2015-09-03 10:00:00,0,34.4,28.0,2.5833333333333335,18570.175000000003
2015-09-03 11:00:00,0,35.0,25.0,2.055555555555556,18664.379999999997
2015-09-03 12:00:00,0,36.7,15.0,2.5833333333333335,18747.030000000002
2015-09-03 13:00:00,0,37.2,19.0,4.638888888888888,18910.8175
2015-09-03 14:00:00,0,33.5,38.333333333333336,9.083333333333332,18931.887499999997
2015-09-03 15:00:00,0,35.0,33.0,6.166666666666666,18994.677499999998
2015-09-03 16:00:00,0,35.0,26.0,6.694444444444445,18592.675
2015-09-03 17:00:00,0,26.4,68.0,14.138888888888888,17854.837499999998
2015-09-03 18:00:00,0,26.1,64.0,11.305555555555555,16984.145000000004
2015-09-03 19:00:00,0,25.0,69.0,5.138888888888888,16425.964999999997
2015-09-03 20:00:00,0,25.6,62.0,3.611111111111111,15869.517500000002
2015-09-03 21:00:00,0,25.6,64.0,5.666666666666666,15254.117500000002
2015-09-03 22:00:00,0,25.6,64.0,3.083333333333333,14455.922499999997
2015-09-03 23:00:00,0,25.6,66.0,3.083333333333333,13946.115000000005
2015-09-04 00:00:00,0,26.1,62.0,0.0,13720.2325
2015-09-04 01:00:00,0,26.1,62.0,1.5555555555555554,13562.19
2015-09-04 02:00:00,0,25.6,62.0,1.5555555555555554,13772.040000000003
2015-09-04 03:00:00,0,25.6,62.0,1.5555555555555554,13818.227499999999
2015-09-04 04:00:00,0,25.0,64.0,2.5833333333333335,13746.137499999995
2015-09-04 05:00:00,0,25.0,66.0,2.5833333333333335,14381.555000000002
2015-09-04 06:00:00,0,25.0,66.0,3.083333333333333,14975.505000000001
2015-09-04 07:00:00,0,26.1,62.0,2.5833333333333335,15350.679999999997
2015-09-04 08:00:00,0,28.3,51.0,4.638888888888888,16448.555
2015-09-04 09:00:00,0,30.6,44.0,3.611111111111111,17209.502499999995
2015-09-04 10:00:00,0,31.7,40.0,4.638888888888888,17752.465
2015-09-04 11:00:00,0,32.8,38.0,3.083333333333333,18027.722499999996
2015-09-04 12:00:00,0,33.9,33.0,3.083333333333333,18164.3975
2015-09-04 13:00:00,0,35.0,32.0,5.138888888888888,18174.774999999998
2015-09-04 14:00:00,0,35.6,28.0,2.055555555555556,18145.897499999995
2015-09-04 15:00:00,0,34.4,30.0,5.138888888888888,17771.040000000005
2015-09-04 16:00:00,0,33.9,31.0,5.138888888888888,17255.702499999996
2015-09-04 17:00:00,0,33.9,31.0,5.138888888888888,16465.092499999995
2015-09-04 18:00:00,0,33.3,32.0,3.611111111111111,15637.632499999998
2015-09-04 19:00:00,0,32.2,39.0,5.666666666666666,15311.209999999995
2015-09-04 20:00:00,0,31.1,37.0,0.0,15102.415000000005
2015-09-04 21:00:00,0,30.6,41.0,3.083333333333333,14812.809999999998
2015-09-04 22:00:00,0,29.4,48.0,3.083333333333333,14024.5325
2015-09-04 23:00:00,0,28.3,53.0,5.666666666666666,13670.085000000003
2015-09-05 00:00:00,1,28.3,54.0,3.083333333333333,13300.207499999995
2015-09-05 01:00:00,1,28.3,54.0,3.083333333333333,13217.992499999998
2015-09-05 02:00:00,1,27.8,58.0,2.5833333333333335,13301.295
2015-09-05 03:00:00,1,27.8,58.0,2.5833333333333335,13170.275
2015-09-05 04:00:00,1,27.2,60.0,1.5555555555555554,13324.195
2015-09-05 05:00:00,1,27.2,60.0,1.5555555555555554,13704.330000000002
2015-09-05 06:00:00,1,27.8,60.0,2.5833333333333335,13865.130000000001
2015-09-05 07:00:00,1,27.8,60.0,2.5833333333333335,13894.230000000001
2015-09-05 08:00:00,1,28.9,55.0,3.611111111111111,14025.239999999998
2015-09-05 09:00:00,1,29.4,53.0,5.138888888888888,14246.5525
2015-09-05 10:00:00,1,30.0,51.0,5.138888888888888,14445.610000000002
2015-09-05 11:00:00,1,31.7,45.0,7.194444444444444,14581.440000000002
2015-09-05 12:00:00,1,32.8,41.0,3.611111111111111,14840.022499999997
2015-09-05 13:00:00,1,33.9,36.0,5.666666666666666,14832.225000000002
2015-09-05 14:00:00,1,33.9,37.0,3.611111111111111,14738.7575
2015-09-05 15:00:00,1,34.4,33.0,6.166666666666666,14691.900000000003
2015-09-05 16:00:00,1,33.9,33.0,5.138888888888888,14521.0175
2015-09-05 17:00:00,1,33.3,35.0,5.138888888888888,14204.159999999998
2015-09-05 18:00:00,1,32.8,36.0,3.083333333333333,14154.260000000002
2015-09-05 19:00:00,1,32.2,39.0,3.611111111111111,14120.7475
2015-09-05 20:00:00,1,31.7,39.0,4.638888888888888,13973.912499999999
2015-09-05 21:00:00,1,31.7,42.0,3.611111111111111,13867.314999999997
2015-09-05 22:00:00,1,30.6,46.0,3.083333333333333,13522.075
2015-09-05 23:00:00,1,30.6,46.0,3.083333333333333,13329.570000000002
2015-09-06 00:00:00,1,30.0,48.0,4.111111111111112,13317.662500000004
2015-09-06 01:00:00,1,30.0,46.0,3.083333333333333,13064.120000000004
2015-09-06 02:00:00,1,29.4,49.0,2.5833333333333335,13255.272500000001
2015-09-06 03:00:00,1,29.4,48.0,3.083333333333333,13200.12
2015-09-06 04:00:00,1,28.9,51.0,4.111111111111112,13342.602499999997
2015-09-06 05:00:00,1,28.3,54.0,2.5833333333333335,13583.6825
2015-09-06 06:00:00,1,28.9,53.0,2.055555555555556,13684.389999999998
2015-09-06 07:00:00,1,30.0,46.0,2.055555555555556,13771.610000000002
2015-09-06 08:00:00,1,31.7,40.0,2.5833333333333335,13982.907500000001
2015-09-06 09:00:00,1,33.3,35.0,0.0,14290.807500000003
2015-09-06 10:00:00,1,35.0,31.0,2.055555555555556,14475.9075
2015-09-06 11:00:00,1,35.6,30.0,0.0,14572.175000000005
2015-09-06 12:00:00,1,36.7,27.0,2.5833333333333335,14753.399999999998
2015-09-06 13:00:00,1,37.2,25.0,1.5555555555555554,14903.170000000002
2015-09-06 14:00:00,1,37.2,25.0,2.5833333333333335,14834.492500000002
2015-09-06 15:00:00,1,38.3,23.0,1.5555555555555554,14760.545000000002
2015-09-06 16:00:00,1,38.9,21.0,0.0,14626.4275
2015-09-06 17:00:00,1,38.3,22.0,2.055555555555556,14357.664999999999
2015-09-06 18:00:00,1,37.2,25.0,4.638888888888888,14183.070000000002
2015-09-06 19:00:00,1,36.7,25.0,3.083333333333333,14310.62
2015-09-06 20:00:00,1,36.7,24.0,2.055555555555556,14019.96
2015-09-06 21:00:00,1,36.1,25.0,1.5555555555555554,13866.675000000001
2015-09-06 22:00:00,1,33.3,37.0,2.055555555555556,13676.687499999998
2015-09-06 23:00:00,1,33.3,38.0,1.5555555555555554,13483.6375
2015-09-07 00:00:00,1,35.0,29.0,2.055555555555556,13449.852499999995
2015-09-07 01:00:00,1,33.9,32.0,0.0,13263.9975
2015-09-07 02:00:00,1,32.2,39.0,2.055555555555556,13387.3075
2015-09-07 03:00:00,1,31.1,39.0,2.5833333333333335,13464.395
2015-09-07 04:00:00,1,31.1,36.0,2.055555555555556,13755.945000000003
2015-09-07 05:00:00,1,30.0,43.0,3.083333333333333,14121.309999999998
2015-09-07 06:00:00,1,30.0,43.0,3.611111111111111,14208.099999999999
2015-09-07 07:00:00,1,30.6,40.0,3.083333333333333,14056.7675
2015-09-07 08:00:00,1,31.7,38.0,4.111111111111112,14115.595000000001
2015-09-07 09:00:00,1,32.2,39.0,1.5555555555555554,14310.657499999998
2015-09-07 10:00:00,1,35.0,33.0,3.611111111111111,14521.937500000002
2015-09-07 11:00:00,1,35.0,32.0,2.5833333333333335,14645.5725
2015-09-07 12:00:00,1,35.6,30.0,3.611111111111111,14625.355000000005
2015-09-07 13:00:00,1,35.6,29.0,2.055555555555556,14603.792500000001
2015-09-07 14:00:00,1,33.3,42.0,0.0,14651.745
2015-09-07 15:00:00,1,35.0,32.0,2.055555555555556,14669.942500000001
2015-09-07 16:00:00,1,36.7,25.0,0.0,14654.677500000002
2015-09-07 17:00:00,1,36.1,25.0,0.0,14553.114999999998
2015-09-07 18:00:00,1,35.6,30.0,2.055555555555556,14376.915000000003
2015-09-07 19:00:00,1,34.4,33.0,0.0,14342.3675
2015-09-07 20:00:00,1,33.9,34.0,2.055555555555556,14275.742499999997
2015-09-07 21:00:00,1,33.9,29.0,5.666666666666666,14104.47
2015-09-07 22:00:00,1,33.9,30.0,4.111111111111112,13632.852499999999
2015-09-07 23:00:00,1,33.3,32.0,2.5833333333333335,13319.537499999999
2015-09-08 00:00:00,0,31.1,43.0,1.5555555555555554,13277.8875
2015-09-08 01:00:00,0,31.7,42.0,2.055555555555556,13244.78
2015-09-08 02:00:00,0,30.6,48.0,3.083333333333333,13355.055
2015-09-08 03:00:00,0,30.0,46.0,2.055555555555556,13538.547500000002
2015-09-08 04:00:00,0,30.6,41.0,2.055555555555556,13692.247499999998
2015-09-08 05:00:00,0,29.4,48.0,1.5555555555555554,14373.197499999998
2015-09-08 06:00:00,0,30.0,46.0,1.5555555555555554,15214.482499999996
2015-09-08 07:00:00,0,31.7,34.0,1.5555555555555554,15510.149999999996
2015-09-08 08:00:00,0,33.9,29.0,1.5555555555555554,16599.2425
2015-09-08 09:00:00,0,35.6,27.0,4.111111111111112,17825.495000000003
2015-09-08 10:00:00,0,35.6,27.0,3.611111111111111,18374.197500000002
2015-09-08 11:00:00,0,36.7,25.0,4.638888888888888,18750.495
2015-09-08 12:00:00,0,38.3,22.0,3.611111111111111,18907.125
2015-09-08 13:00:00,0,39.4,20.0,2.5833333333333335,19013.487500000003
2015-09-08 14:00:00,0,40.0,20.0,3.611111111111111,18952.72749999999
2015-09-08 15:00:00,0,40.0,18.0,0.0,18860.86
2015-09-08 16:00:00,0,39.4,19.0,0.0,18610.14
2015-09-08 17:00:00,0,38.9,20.0,2.5833333333333335,17908.147499999995
2015-09-08 18:00:00,0,37.2,24.0,5.138888888888888,17066.54
2015-09-08 19:00:00,0,36.7,24.0,3.083333333333333,16508.854999999996
2015-09-08 20:00:00,0,34.833333333333336,26.666666666666668,8.564814814814815,15978.544999999996
2015-09-08 21:00:00,0,32.5,34.0,3.861111111111111,15396.6275
2015-09-08 22:00:00,0,33.9,29.0,4.638888888888888,14412.7775
2015-09-08 23:00:00,0,31.1,51.0,9.249999999999998,13966.442499999996
2015-09-09 00:00:00,0,30.0,51.0,6.166666666666666,13826.770000000002
2015-09-09 01:00:00,0,29.4,53.0,3.611111111111111,13683.569999999998
2015-09-09 02:00:00,0,28.9,55.0,3.083333333333333,13809.435
2015-09-09 03:00:00,0,28.9,53.0,2.055555555555556,13735.530000000002
2015-09-09 04:00:00,0,29.4,51.0,0.0,13858.080000000002
2015-09-09 05:00:00,0,29.4,51.0,0.0,14472.4575
2015-09-09 06:00:00,0,28.9,53.0,2.5833333333333335,15276.024999999994
2015-09-09 07:00:00,0,29.4,51.0,2.055555555555556,15586.074999999995
2015-09-09 08:00:00,0,30.0,51.0,3.611111111111111,16565.082500000008
2015-09-09 09:00:00,0,30.6,48.0,2.055555555555556,17640.3225
2015-09-09 10:00:00,0,31.1,46.0,0.0,18180.002499999995
2015-09-09 11:00:00,0,31.7,45.0,0.0,18379.777499999997
2015-09-09 12:00:00,0,33.3,39.0,2.055555555555556,18636.550000000003
2015-09-09 13:00:00,0,33.9,37.0,2.5833333333333335,18877.524999999998
2015-09-09 14:00:00,0,35.0,34.0,3.611111111111111,18204.3425
2015-09-09 15:00:00,0,35.0,33.0,4.638888888888888,18865.832499999993
2015-09-09 16:00:00,0,35.0,33.0,4.638888888888888,18522.1275
2015-09-09 17:00:00,0,35.0,30.0,5.138888888888888,17568.405
2015-09-09 18:00:00,0,35.0,31.0,5.666666666666666,17167.560000000005
2015-09-09 19:00:00,0,33.3,37.0,3.083333333333333,15939.3875
2015-09-09 20:00:00,0,32.8,39.0,3.083333333333333,15999.5825
2015-09-09 21:00:00,0,32.8,38.0,2.5833333333333335,15400.345000000001
2015-09-09 22:00:00,0,32.8,36.0,2.5833333333333335,14689.065000000002
2015-09-09 23:00:00,0,32.25,37.5,2.3194444444444446,14181.6025
2015-09-10 00:00:00,0,31.7,39.0,2.055555555555556,13365.539999999999
2015-09-10 01:00:00,0,31.7,40.0,2.5833333333333335,13825.135
2015-09-10 02:00:00,0,31.1,45.0,4.638888888888888,13871.514999999998
2015-09-10 03:00:00,0,31.1,45.0,3.611111111111111,13797.8825
2015-09-10 04:00:00,0,30.6,49.0,2.055555555555556,13378.377499999999
2015-09-10 05:00:00,0,30.0,53.0,5.138888888888888,13982.722500000005
2015-09-10 06:00:00,0,29.4,57.0,0.0,15489.627499999997
2015-09-10 07:00:00,0,29.4,59.0,3.611111111111111,15733.005
2015-09-10 08:00:00,0,30.0,57.0,2.055555555555556,16585.99
2015-09-10 09:00:00,0,31.1,51.0,2.055555555555556,16907.132500000003
2015-09-10 10:00:00,0,32.2,48.0,2.5833333333333335,17550.6675
2015-09-10 11:00:00,0,33.3,42.0,1.5555555555555554,18449.2575
2015-09-10 12:00:00,0,33.3,41.0,4.111111111111112,18605.167500000003
2015-09-10 13:00:00,0,33.3,39.0,4.638888888888888,18104.267499999998
2015-09-10 14:00:00,0,33.3,37.0,7.722222222222222,18802.620000000003
2015-09-10 15:00:00,0,33.3,34.0,8.222222222222223,18686.6075
2015-09-10 16:00:00,0,32.8,35.0,5.666666666666666,18406.3625
2015-09-10 17:00:00,0,31.1,39.0,4.111111111111112,17575.524999999998
2015-09-10 18:00:00,0,30.6,40.0,2.5833333333333335,16787.275000000005
2015-09-10 19:00:00,0,30.0,44.0,3.083333333333333,16430.2875
2015-09-10 20:00:00,0,28.9,47.0,3.611111111111111,15756.1575
2015-09-10 21:00:00,0,27.8,56.0,4.111111111111112,15284.067500000001
2015-09-10 22:00:00,0,27.8,56.0,3.083333333333333,14432.337500000001
2015-09-10 23:00:00,0,27.2,58.0,3.611111111111111,13990.172499999999
2015-09-11 00:00:00,0,27.2,56.0,1.5555555555555554,13673.9025
2015-09-11 01:00:00,0,26.7,58.0,2.055555555555556,13543.0175
2015-09-11 02:00:00,0,26.7,60.0,2.055555555555556,13672.705000000002
2015-09-11 03:00:00,0,26.1,62.0,2.055555555555556,13691.599999999999
2015-09-11 04:00:00,0,26.1,64.0,2.5833333333333335,13811.65
2015-09-11 05:00:00,0,25.6,66.0,1.5555555555555554,14313.500000000002
2015-09-11 06:00:00,0,26.1,64.0,1.5555555555555554,14946.0
2015-09-11 07:00:00,0,27.2,60.0,2.5833333333333335,15304.957500000002
2015-09-11 08:00:00,0,28.9,55.0,2.5833333333333335,16405.260000000002
2015-09-11 09:00:00,0,31.1,45.0,0.0,17576.665000000005
2015-09-11 10:00:00,0,32.8,36.0,0.0,18123.237500000007
2015-09-11 11:00:00,0,35.6,30.0,3.611111111111111,18316.477500000005
2015-09-11 12:00:00,0,36.1,26.0,3.611111111111111,18400.127500000002
2015-09-11 13:00:00,0,36.7,25.0,4.111111111111112,18414.075
2015-09-11 14:00:00,0,37.2,25.0,2.5833333333333335,18474.9025
2015-09-11 15:00:00,0,38.3,22.0,4.111111111111112,18346.760000000002
2015-09-11 16:00:00,0,38.3,23.0,5.666666666666666,18036.254999999997
2015-09-11 17:00:00,0,37.8,23.0,5.138888888888888,17223.5475
2015-09-11 18:00:00,0,36.7,24.0,3.083333333333333,16251.674999999997
2015-09-11 19:00:00,0,36.1,26.0,2.055555555555556,15880.799999999997
2015-09-11 20:00:00,0,34.4,31.0,2.5833333333333335,15502.769999999999
2015-09-11 21:00:00,0,34.4,31.0,2.5833333333333335,15094.007499999998
2015-09-11 22:00:00,0,34.4,31.0,2.055555555555556,14428.054999999998
2015-09-11 23:00:00,0,33.9,32.0,2.5833333333333335,14079.857500000002
2015-09-12 00:00:00,1,32.8,41.0,3.083333333333333,13699.6425
2015-09-12 01:00:00,1,32.2,39.0,3.083333333333333,13625.112500000001
2015-09-12 02:00:00,1,31.1,43.0,2.5833333333333335,13696.247500000003
2015-09-12 03:00:00,1,30.6,41.0,2.5833333333333335,13522.667499999998
2015-09-12 04:00:00,1,30.0,43.0,1.5555555555555554,13588.0575
2015-09-12 05:00:00,1,28.3,51.0,2.055555555555556,14045.292500000005
2015-09-12 06:00:00,1,28.9,46.0,2.055555555555556,14164.794999999998
2015-09-12 07:00:00,1,30.6,41.0,2.5833333333333335,14250.310000000001
2015-09-12 08:00:00,1,32.2,38.0,0.0,14572.700000000003
2015-09-12 09:00:00,1,34.4,31.0,0.0,14885.777500000002
2015-09-12 10:00:00,1,35.6,28.0,1.5555555555555554,15221.694999999996
2015-09-12 11:00:00,1,37.2,25.0,0.0,15424.534999999996
2015-09-12 12:00:00,1,40.0,21.0,3.083333333333333,15458.914999999999
2015-09-12 13:00:00,1,39.4,21.0,3.083333333333333,15351.695000000003
2015-09-12 14:00:00,1,40.6,18.0,2.055555555555556,15471.297499999995
2015-09-12 15:00:00,1,40.0,19.0,1.5555555555555554,15295.259999999998
2015-09-12 16:00:00,1,40.6,19.0,3.083333333333333,15171.489999999996
2015-09-12 17:00:00,1,40.0,20.0,3.611111111111111,14909.484999999999
2015-09-12 18:00:00,1,38.9,21.0,3.611111111111111,14659.8625
2015-09-12 19:00:00,1,37.2,25.0,1.5555555555555554,14689.404999999995
2015-09-12 20:00:00,1,35.0,31.0,6.694444444444445,14504.6225
2015-09-12 21:00:00,1,33.9,29.0,7.722222222222222,14358.167499999996
2015-09-12 22:00:00,1,33.3,29.0,4.111111111111112,13966.377500000002
2015-09-12 23:00:00,1,32.8,29.0,1.5555555555555554,13849.772499999997
2015-09-13 00:00:00,1,33.3,27.0,0.0,13513.055
2015-09-13 01:00:00,1,33.3,31.0,0.0,13482.842500000002
2015-09-13 02:00:00,1,31.1,36.0,3.083333333333333,13582.927500000002
2015-09-13 03:00:00,1,32.2,34.0,2.055555555555556,13529.839999999998
2015-09-13 04:00:00,1,30.6,39.0,2.5833333333333335,13748.702499999996
2015-09-13 05:00:00,1,30.0,41.0,2.5833333333333335,13821.685000000001
2015-09-13 06:00:00,1,30.6,41.0,2.5833333333333335,14038.285000000003
2015-09-13 07:00:00,1,30.6,43.0,2.5833333333333335,14185.814999999999
2015-09-13 08:00:00,1,32.8,36.0,2.5833333333333335,14329.257500000002
2015-09-13 09:00:00,1,35.0,30.0,2.5833333333333335,14565.917500000001
2015-09-13 10:00:00,1,36.1,27.0,2.5833333333333335,14637.685000000003
2015-09-13 11:00:00,1,37.2,25.0,3.611111111111111,14820.935000000001
2015-09-13 12:00:00,1,37.2,24.0,4.111111111111112,15150.477499999997
2015-09-13 13:00:00,1,38.9,21.0,4.638888888888888,15162.169999999998
2015-09-13 14:00:00,1,38.9,19.0,3.083333333333333,15160.674999999996
2015-09-13 15:00:00,1,39.4,18.0,5.666666666666666,15135.93
2015-09-13 16:00:00,1,38.9,18.0,4.111111111111112,14978.965
2015-09-13 17:00:00,1,38.3,20.0,3.083333333333333,14779.349999999999
2015-09-13 18:00:00,1,37.8,21.0,3.083333333333333,14709.855000000001
2015-09-13 19:00:00,1,33.9,32.5,8.73611111111111,14786.502499999997
2015-09-13 20:00:00,1,31.7,39.0,5.666666666666666,14405.782500000003
2015-09-13 21:00:00,1,27.03333333333333,64.33333333333333,7.203703703703703,14138.264999999998
2015-09-13 22:00:00,1,26.1,69.0,2.055555555555556,13870.769999999999
2015-09-13 23:00:00,1,26.1,72.0,4.111111111111112,13844.805000000002
2015-09-14 00:00:00,0,26.1,72.0,3.611111111111111,13628.884999999998
2015-09-14 01:00:00,0,24.4,85.0,3.611111111111111,13679.077500000001
2015-09-14 02:00:00,0,24.8,78.33333333333333,4.796296296296296,13776.577499999998
2015-09-14 03:00:00,0,24.4,79.0,3.083333333333333,13995.052500000002
2015-09-14 04:00:00,0,25.0,71.0,1.5555555555555554,14372.800000000001
2015-09-14 05:00:00,0,25.0,69.0,1.5555555555555554,14933.655
2015-09-14 06:00:00,0,25.6,68.0,1.5555555555555554,15424.730000000003
2015-09-14 07:00:00,0,26.1,69.0,4.638888888888888,15771.002499999999
2015-09-14 08:00:00,0,27.2,65.0,4.638888888888888,16810.684999999994
2015-09-14 09:00:00,0,28.9,56.0,3.611111111111111,17783.6125
2015-09-14 10:00:00,0,30.6,48.0,3.611111111111111,18450.0775
2015-09-14 11:00:00,0,33.3,39.0,4.111111111111112,18683.4725
2015-09-14 12:00:00,0,34.4,37.0,3.611111111111111,18891.925
2015-09-14 13:00:00,0,35.6,33.0,2.5833333333333335,19011.89
2015-09-14 14:00:00,0,36.1,29.0,1.5555555555555554,19066.537499999995
2015-09-14 15:00:00,0,36.1,28.0,2.055555555555556,19052.339999999993
2015-09-14 16:00:00,0,36.1,30.0,2.5833333333333335,18700.219999999994
2015-09-14 17:00:00,0,35.0,33.0,3.611111111111111,18074.315
2015-09-14 18:00:00,0,33.05,43.0,1.5555555555555554,17282.3175
2015-09-14 19:00:00,0,28.05,62.833333333333336,11.833333333333334,16734.120000000006
2015-09-14 20:00:00,0,27.2,70.5,3.861111111111111,16046.880000000005
2015-09-14 21:00:00,0,26.7,71.0,3.611111111111111,15440.935000000001
2015-09-14 22:00:00,0,26.7,71.0,4.638888888888888,14664.047499999999
2015-09-14 23:00:00,0,26.1,74.0,2.055555555555556,14181.372500000003
2015-09-15 00:00:00,0,26.7,74.0,2.055555555555556,14016.6475
2015-09-15 01:00:00,0,27.2,69.0,0.0,13872.275000000001
2015-09-15 02:00:00,0,27.8,65.0,2.5833333333333335,14033.195
2015-09-15 03:00:00,0,27.2,65.0,2.5833333333333335,13970.412499999999
2015-09-15 04:00:00,0,27.2,62.0,5.138888888888888,14062.652499999998
2015-09-15 05:00:00,0,26.7,64.0,4.638888888888888,14727.1
2015-09-15 06:00:00,0,26.1,66.0,4.111111111111112,15463.442500000003
2015-09-15 07:00:00,0,27.8,60.0,3.611111111111111,15870.507500000002
2015-09-15 08:00:00,0,29.4,51.0,3.083333333333333,16849.19
2015-09-15 09:00:00,0,31.7,39.0,3.083333333333333,17944.51
2015-09-15 10:00:00,0,32.8,34.0,2.055555555555556,18534.95
2015-09-15 11:00:00,0,33.3,34.0,3.611111111111111,18744.717499999995
2015-09-15 12:00:00,0,34.4,31.0,4.638888888888888,18877.737500000003
2015-09-15 13:00:00,0,34.4,27.0,4.111111111111112,18956.700000000004
2015-09-15 14:00:00,0,34.4,27.0,3.083333333333333,18958.870000000003
2015-09-15 15:00:00,0,35.6,25.0,2.5833333333333335,18762.987499999996
2015-09-15 16:00:00,0,35.0,27.0,3.611111111111111,18524.214999999997
2015-09-15 17:00:00,0,35.0,27.0,2.055555555555556,17791.199999999997
2015-09-15 18:00:00,0,33.9,30.0,2.055555555555556,17108.350000000002
2015-09-15 19:00:00,0,33.3,33.0,2.5833333333333335,16561.299999999996
2015-09-15 20:00:00,0,32.8,35.0,2.055555555555556,16000.45
2015-09-15 21:00:00,0,31.7,30.0,3.611111111111111,15332.849999999997
2015-09-15 22:00:00,0,30.6,33.0,0.0,14589.249999999998
2015-09-15 23:00:00,0,30.0,31.0,3.083333333333333,13991.06
2015-09-16 00:00:00,0,28.9,32.0,3.083333333333333,13531.219999999998
2015-09-16 01:00:00,0,28.3,36.0,2.5833333333333335,13429.99
2015-09-16 02:00:00,0,26.7,45.0,4.111111111111112,13730.140000000003
2015-09-16 03:00:00,0,26.7,47.0,2.5833333333333335,13648.05
2015-09-16 04:00:00,0,26.1,52.0,3.083333333333333,13741.710000000001
2015-09-16 05:00:00,0,25.6,56.0,3.083333333333333,14412.81
2015-09-16 06:00:00,0,26.1,54.0,3.611111111111111,14983.240000000002
2015-09-16 07:00:00,0,27.8,51.0,4.638888888888888,15436.949999999999
2015-09-16 08:00:00,0,29.4,46.0,6.694444444444445,16626.77
2015-09-16 09:00:00,0,31.1,40.0,5.138888888888888,17694.55
2015-09-16 10:00:00,0,32.8,35.0,6.694444444444445,18305.899999999998
2015-09-16 11:00:00,0,34.4,30.0,6.166666666666666,18594.309999999994
2015-09-16 12:00:00,0,34.4,29.0,4.111111111111112,18790.659999999993
2015-09-16 13:00:00,0,35.6,26.0,5.138888888888888,18651.082500000008
2015-09-16 14:00:00,0,35.0,26.0,0.0,18716.995000000003
2015-09-16 15:00:00,0,35.6,24.0,2.5833333333333335,18816.65
2015-09-16 16:00:00,0,36.1,23.0,4.638888888888888,18455.710000000003
2015-09-16 17:00:00,0,35.6,24.0,4.111111111111112,17768.079999999994
2015-09-16 18:00:00,0,34.4,26.0,3.083333333333333,16954.99
2015-09-16 19:00:00,0,34.4,25.0,4.111111111111112,16482.870000000006
2015-09-16 20:00:00,0,31.7,31.0,2.5833333333333335,15924.390000000001
2015-09-16 21:00:00,0,31.7,28.0,3.083333333333333,15299.7
2015-09-16 22:00:00,0,31.1,30.0,3.083333333333333,14411.439999999999
2015-09-16 23:00:00,0,30.6,31.0,0.0,13992.449999999997
2015-09-17 00:00:00,0,29.4,33.0,0.0,13096.565
2015-09-17 01:00:00,0,28.3,39.0,0.0,13497.980000000003
2015-09-17 02:00:00,0,27.2,45.0,2.5833333333333335,13621.100000000002
2015-09-17 03:00:00,0,26.1,48.0,1.5555555555555554,13641.3
2015-09-17 04:00:00,0,25.6,48.0,3.083333333333333,13731.730000000001
2015-09-17 05:00:00,0,25.0,52.0,3.083333333333333,14331.909999999996
2015-09-17 06:00:00,0,25.6,46.0,3.083333333333333,14944.219999999994
2015-09-17 07:00:00,0,26.7,43.0,3.611111111111111,15347.96
2015-09-17 08:00:00,0,28.9,37.0,2.055555555555556,16469.33
2015-09-17 09:00:00,0,30.6,35.0,3.083333333333333,17646.24
2015-09-17 10:00:00,0,32.8,28.0,3.083333333333333,18295.05
2015-09-17 11:00:00,0,33.3,25.0,0.0,18514.030000000002
2015-09-17 12:00:00,0,34.4,23.0,1.5555555555555554,18591.52
2015-09-17 13:00:00,0,33.9,24.0,0.0,18749.959999999995
2015-09-17 14:00:00,0,35.6,22.0,0.0,18706.930000000004
2015-09-17 15:00:00,0,36.7,20.0,3.611111111111111,18732.940000000002
2015-09-17 16:00:00,0,35.6,22.0,4.638888888888888,18430.63
2015-09-17 17:00:00,0,35.0,22.0,3.611111111111111,17632.089999999997
2015-09-17 18:00:00,0,33.9,25.0,4.638888888888888,16887.269999999997
2015-09-17 19:00:00,0,33.9,24.0,2.5833333333333335,16387.670000000006
2015-09-17 20:00:00,0,33.3,26.0,2.055555555555556,15794.809999999996
2015-09-17 21:00:00,0,31.1,31.0,0.0,15171.450000000004
2015-09-17 22:00:00,0,30.0,37.0,0.0,14419.369999999999
2015-09-17 23:00:00,0,29.4,38.0,0.0,13948.150000000001
2015-09-18 00:00:00,0,30.0,33.0,2.055555555555556,13638.179999999995
2015-09-18 01:00:00,0,28.3,38.0,1.5555555555555554,13422.989999999996
2015-09-18 02:00:00,0,28.9,28.0,2.055555555555556,13662.480000000001
2015-09-18 03:00:00,0,26.1,44.0,1.5555555555555554,13518.410000000003
2015-09-18 04:00:00,0,25.6,42.0,1.5555555555555554,13613.029999999997
2015-09-18 05:00:00,0,25.6,43.0,1.5555555555555554,14150.919999999998
2015-09-18 06:00:00,0,26.1,44.0,2.055555555555556,14682.519999999999
2015-09-18 07:00:00,0,27.2,38.0,0.0,15049.929999999997
2015-09-18 08:00:00,0,30.0,29.0,1.5555555555555554,16203.989999999998
2015-09-18 09:00:00,0,31.1,27.0,0.0,17383.550000000007
2015-09-18 10:00:00,0,32.8,24.0,2.5833333333333335,17931.16
2015-09-18 11:00:00,0,33.9,23.0,0.0,18160.309999999994
2015-09-18 12:00:00,0,35.6,19.0,2.055555555555556,18258.75
2015-09-18 13:00:00,0,37.2,17.0,3.611111111111111,18293.319999999996
2015-09-18 14:00:00,0,37.8,14.0,4.111111111111112,18165.829999999998
2015-09-18 15:00:00,0,37.2,14.0,2.5833333333333335,18124.580000000005
2015-09-18 16:00:00,0,37.2,13.0,2.5833333333333335,17825.729999999996
2015-09-18 17:00:00,0,36.7,12.0,3.083333333333333,16829.6
2015-09-18 18:00:00,0,35.6,14.0,3.611111111111111,15893.490000000002
2015-09-18 19:00:00,0,35.0,15.0,2.5833333333333335,15471.169999999998
2015-09-18 20:00:00,0,32.2,22.0,2.055555555555556,15057.340000000002
2015-09-18 21:00:00,0,32.2,22.0,1.5555555555555554,14858.36
2015-09-18 22:00:00,0,30.6,26.0,2.055555555555556,14218.769999999995
2015-09-18 23:00:00,0,30.0,22.0,2.5833333333333335,13678.730000000003
2015-09-19 00:00:00,1,28.9,28.0,0.0,13390.589999999997
2015-09-19 01:00:00,1,28.3,25.0,1.5555555555555554,13139.509999999998
2015-09-19 02:00:00,1,27.8,25.0,3.083333333333333,13258.13
2015-09-19 03:00:00,1,27.8,23.0,1.5555555555555554,13081.939999999999
2015-09-19 04:00:00,1,27.2,25.0,0.0,13213.05
2015-09-19 05:00:00,1,26.7,25.0,2.055555555555556,13474.810000000003
2015-09-19 06:00:00,1,26.7,26.0,1.5555555555555554,13695.390000000005
2015-09-19 07:00:00,1,28.9,24.0,1.5555555555555554,13836.52
2015-09-19 08:00:00,1,30.0,22.0,2.5833333333333335,14190.92
2015-09-19 09:00:00,1,33.3,18.0,3.083333333333333,14601.21
2015-09-19 10:00:00,1,35.0,14.0,2.055555555555556,14876.019999999997
2015-09-19 11:00:00,1,36.1,13.0,2.055555555555556,15004.479999999996
2015-09-19 12:00:00,1,37.2,13.0,1.5555555555555554,15082.880000000001
2015-09-19 13:00:00,1,37.8,13.0,1.5555555555555554,15115.34
2015-09-19 14:00:00,1,38.3,14.0,5.138888888888888,15120.77
2015-09-19 15:00:00,1,38.9,14.0,4.111111111111112,15046.020000000002
2015-09-19 16:00:00,1,36.7,16.0,2.5833333333333335,14890.049999999997
2015-09-19 17:00:00,1,37.8,15.0,2.5833333333333335,14704.960000000003
2015-09-19 18:00:00,1,36.7,17.0,2.5833333333333335,14502.889999999996
2015-09-19 19:00:00,1,36.1,18.0,2.055555555555556,14512.610000000002
2015-09-19 20:00:00,1,33.9,31.0,6.694444444444445,14403.920000000002
2015-09-19 21:00:00,1,32.8,33.0,7.194444444444444,14324.630000000001
2015-09-19 22:00:00,1,32.2,34.0,6.166666666666666,13862.670000000002
2015-09-19 23:00:00,1,31.1,36.0,5.666666666666666,13727.72
2015-09-20 00:00:00,1,31.1,37.0,7.194444444444444,13596.210000000005
2015-09-20 01:00:00,1,30.6,40.0,4.638888888888888,13521.039999999997
2015-09-20 02:00:00,1,30.0,41.0,4.111111111111112,13608.122500000003
2015-09-20 03:00:00,1,29.4,43.0,3.083333333333333,13490.039999999995
2015-09-20 04:00:00,1,28.3,47.0,3.083333333333333,13614.979999999998
2015-09-20 05:00:00,1,27.8,49.0,3.611111111111111,13801.800000000003
2015-09-20 06:00:00,1,28.3,46.0,3.611111111111111,13950.669999999998
2015-09-20 07:00:00,1,29.4,44.0,3.083333333333333,14059.500000000002
2015-09-20 08:00:00,1,31.1,37.0,3.611111111111111,14254.520000000002
2015-09-20 09:00:00,1,33.9,32.0,2.055555555555556,14419.120000000003
2015-09-20 10:00:00,1,34.4,30.0,2.055555555555556,14657.64
2015-09-20 11:00:00,1,36.7,24.0,3.083333333333333,14774.319999999998
2015-09-20 12:00:00,1,36.1,24.0,2.5833333333333335,14958.850000000004
2015-09-20 13:00:00,1,37.2,22.0,1.5555555555555554,15044.320000000003
2015-09-20 14:00:00,1,38.9,20.0,4.111111111111112,15114.65
2015-09-20 15:00:00,1,38.3,21.0,2.055555555555556,15057.839999999997
2015-09-20 16:00:00,1,38.9,19.0,2.5833333333333335,14967.289999999997
2015-09-20 17:00:00,1,37.8,21.0,3.083333333333333,14719.250000000002
2015-09-20 18:00:00,1,37.2,21.0,3.611111111111111,14693.629999999994
2015-09-20 19:00:00,1,36.7,22.0,3.611111111111111,14672.96
2015-09-20 20:00:00,1,36.1,23.0,3.083333333333333,14286.499999999998
2015-09-20 21:00:00,1,33.3,31.0,2.055555555555556,14078.950000000003
2015-09-20 22:00:00,1,34.4,28.0,0.0,13953.259999999998
2015-09-20 23:00:00,1,32.8,33.0,1.5555555555555554,13777.009999999998
2015-09-21 00:00:00,0,31.7,50.0,5.138888888888888,13704.359999999999
2015-09-21 01:00:00,0,30.6,55.0,3.083333333333333,13836.119999999997
2015-09-21 02:00:00,0,30.6,55.0,2.055555555555556,13951.210000000003
2015-09-21 03:00:00,0,30.0,59.0,4.111111111111112,14359.94
2015-09-21 04:00:00,0,28.9,65.0,3.611111111111111,14644.922500000002
2015-09-21 05:00:00,0,28.9,67.0,3.083333333333333,15136.484999999997
2015-09-21 06:00:00,0,28.9,67.0,3.083333333333333,15710.240000000003
2015-09-21 07:00:00,0,28.9,65.0,3.083333333333333,15904.130000000005
2015-09-21 08:00:00,0,30.0,61.0,2.055555555555556,16954.469999999998
2015-09-21 09:00:00,0,30.0,59.0,0.0,17916.590000000004
2015-09-21 10:00:00,0,29.4,67.0,2.055555555555556,18451.58
2015-09-21 11:00:00,0,30.0,59.0,2.5833333333333335,18732.389999999996
2015-09-21 12:00:00,0,30.0,59.0,3.611111111111111,18601.94
2015-09-21 13:00:00,0,30.6,49.0,1.5555555555555554,18465.390000000003
2015-09-21 14:00:00,0,31.7,40.0,3.611111111111111,18421.1
2015-09-21 15:00:00,0,27.5,59.0,5.916666666666667,18105.859999999993
2015-09-21 16:00:00,0,28.3,53.0,6.166666666666666,17896.539999999997
2015-09-21 17:00:00,0,26.1,58.0,9.249999999999998,17056.84
2015-09-21 18:00:00,0,25.6,58.0,3.083333333333333,16615.27
2015-09-21 19:00:00,0,25.0,62.0,5.666666666666666,16270.2425
2015-09-21 20:00:00,0,25.0,64.0,3.611111111111111,15732.082499999999
2015-09-21 21:00:00,0,25.0,64.0,3.083333333333333,15141.589999999998
2015-09-21 22:00:00,0,25.0,66.0,2.055555555555556,14447.310000000001
2015-09-21 23:00:00,0,24.4,69.0,2.055555555555556,14027.94
2015-09-22 00:00:00,0,24.4,69.0,2.5833333333333335,13839.07
2015-09-22 01:00:00,0,23.9,73.0,3.083333333333333,13747.130000000003
2015-09-22 02:00:00,0,23.3,76.0,3.611111111111111,13838.559999999998
2015-09-22 03:00:00,0,23.3,76.0,4.111111111111112,13787.150000000003
2015-09-22 04:00:00,0,23.9,71.0,3.083333333333333,13874.41
2015-09-22 05:00:00,0,23.3,76.0,2.055555555555556,14475.820000000005
2015-09-22 06:00:00,0,23.3,79.0,3.083333333333333,15158.32
2015-09-22 07:00:00,0,23.9,76.0,3.611111111111111,15500.430000000004
2015-09-22 08:00:00,0,25.0,69.0,4.111111111111112,16549.86
2015-09-22 09:00:00,0,26.7,62.0,2.5833333333333335,17626.3
2015-09-22 10:00:00,0,28.3,54.0,1.5555555555555554,18421.869999999995
2015-09-22 11:00:00,0,30.0,48.0,0.0,18824.929999999997
2015-09-22 12:00:00,0,30.0,46.0,1.5555555555555554,19037.050000000003
2015-09-22 13:00:00,0,32.2,40.0,2.055555555555556,19140.270000000008
2015-09-22 14:00:00,0,32.2,39.0,3.611111111111111,19084.350000000006
2015-09-22 15:00:00,0,31.7,40.0,3.083333333333333,19043.35
2015-09-22 16:00:00,0,32.2,39.0,2.5833333333333335,18627.87
2015-09-22 17:00:00,0,31.7,40.0,3.083333333333333,17852.84
2015-09-22 18:00:00,0,26.12857142857143,63.142857142857146,4.051587301587302,17071.850000000002
2015-09-22 19:00:00,0,24.4,76.0,5.666666666666666,16467.479999999996
2015-09-22 20:00:00,0,25.0,66.0,4.111111111111112,15919.340000000004
2015-09-22 21:00:00,0,24.4,71.0,3.083333333333333,15268.869999999997
2015-09-22 22:00:00,0,23.9,73.0,3.083333333333333,14571.370000000003
2015-09-22 23:00:00,0,24.4,69.0,3.083333333333333,14079.939999999999
2015-09-23 00:00:00,0,23.9,66.0,3.083333333333333,13633.890000000001
2015-09-23 01:00:00,0,23.3,68.0,2.055555555555556,13513.760000000002
2015-09-23 02:00:00,0,22.8,71.0,2.055555555555556,13721.05
2015-09-23 03:00:00,0,23.9,62.0,2.055555555555556,13723.169999999993
2015-09-23 04:00:00,0,23.3,68.0,2.055555555555556,13821.710000000003
2015-09-23 05:00:00,0,22.8,71.0,1.5555555555555554,14283.769999999999
2015-09-23 06:00:00,0,23.3,76.0,0.0,14894.850000000006
2015-09-23 07:00:00,0,25.0,60.0,1.5555555555555554,15333.63
2015-09-23 08:00:00,0,26.1,56.0,0.0,16445.12
2015-09-23 09:00:00,0,28.3,49.0,1.5555555555555554,17606.500000000004
2015-09-23 10:00:00,0,29.4,43.0,0.0,18202.35
2015-09-23 11:00:00,0,31.1,37.0,0.0,18701.38
2015-09-23 12:00:00,0,32.2,34.0,2.5833333333333335,18740.53
2015-09-23 13:00:00,0,33.3,31.0,0.0,18842.999999999996
2015-09-23 14:00:00,0,34.4,29.0,1.5555555555555554,18824.382499999996
2015-09-23 15:00:00,0,35.0,27.0,3.083333333333333,18801.4875
2015-09-23 16:00:00,0,35.6,25.0,2.055555555555556,18557.702500000003
2015-09-23 17:00:00,0,34.4,27.0,2.5833333333333335,17696.755
2015-09-23 18:00:00,0,32.8,33.0,2.055555555555556,17006.132499999992
2015-09-23 19:00:00,0,31.7,39.0,1.5555555555555554,16490.430000000004
2015-09-23 20:00:00,0,31.7,34.0,0.0,15862.36
2015-09-23 21:00:00,0,32.8,30.0,0.0,15279.030000000002
2015-09-23 22:00:00,0,30.0,46.0,2.055555555555556,14599.859999999999
2015-09-23 23:00:00,0,28.9,47.0,2.055555555555556,14076.810000000003
2015-09-24 00:00:00,0,28.3,49.0,2.5833333333333335,13763.719999999998
2015-09-24 01:00:00,0,28.3,49.0,2.5833333333333335,13745.71
2015-09-24 02:00:00,0,26.7,56.0,2.5833333333333335,13800.539999999999
2015-09-24 03:00:00,0,27.8,49.0,2.055555555555556,13827.519999999997
2015-09-24 04:00:00,0,26.1,54.0,0.0,13823.260000000002
2015-09-24 05:00:00,0,26.1,52.0,1.5555555555555554,14392.539999999999
2015-09-24 06:00:00,0,25.6,58.0,2.055555555555556,15025.209999999997
2015-09-24 07:00:00,0,27.8,45.0,3.611111111111111,15427.100000000004
2015-09-24 08:00:00,0,29.4,46.0,3.083333333333333,16656.710000000003
2015-09-24 09:00:00,0,31.7,39.0,1.5555555555555554,17736.799999999996
2015-09-24 10:00:00,0,33.9,30.0,2.055555555555556,18202.35
2015-09-24 11:00:00,0,35.0,27.0,1.5555555555555554,18701.38
2015-09-24 12:00:00,0,36.7,23.0,2.055555555555556,18740.53
2015-09-24 13:00:00,0,38.3,19.0,2.5833333333333335,18842.999999999996
2015-09-24 14:00:00,0,40.0,18.0,4.638888888888888,18805.372499999994
2015-09-24 15:00:00,0,40.0,17.0,4.111111111111112,18777.4925
2015-09-24 16:00:00,0,39.4,18.0,3.083333333333333,18485.865000000005
2015-09-24 17:00:00,0,38.3,19.0,2.5833333333333335,17954.777500000004
2015-09-24 18:00:00,0,37.2,21.0,1.5555555555555554,17224.464999999997
2015-09-24 19:00:00,0,37.2,20.0,2.055555555555556,16664.382500000003
2015-09-24 20:00:00,0,36.7,20.0,0.0,15974.035
2015-09-24 21:00:00,0,32.8,35.0,0.0,15406.68
2015-09-24 22:00:00,0,31.7,42.0,0.0,14699.060000000001
2015-09-24 23:00:00,0,32.2,34.0,1.5555555555555554,14178.054999999997
2015-09-25 00:00:00,0,30.0,43.0,2.055555555555556,13765.9675
2015-09-25 01:00:00,0,30.0,36.0,4.638888888888888,13733.115
2015-09-25 02:00:00,0,29.4,41.0,3.611111111111111,13775.205000000007
2015-09-25 03:00:00,0,28.9,41.0,3.083333333333333,13690.580000000002
2015-09-25 04:00:00,0,28.3,41.0,3.083333333333333,13810.854999999998
2015-09-25 05:00:00,0,28.3,38.0,2.5833333333333335,14337.742499999998
2015-09-25 06:00:00,0,27.8,41.0,2.5833333333333335,14993.662500000006
2015-09-25 07:00:00,0,29.4,34.0,4.638888888888888,15280.4425
2015-09-25 08:00:00,0,32.2,30.0,2.5833333333333335,16478.16
2015-09-25 09:00:00,0,34.4,22.0,3.083333333333333,17489.300000000003
2015-09-25 10:00:00,0,36.1,16.0,6.166666666666666,18114.452500000003
2015-09-25 11:00:00,0,36.7,18.0,6.166666666666666,18047.815
2015-09-25 12:00:00,0,38.3,18.0,5.138888888888888,18234.315
2015-09-25 13:00:00,0,38.3,19.0,4.111111111111112,18562.550000000007
2015-09-25 14:00:00,0,38.9,18.0,5.138888888888888,18661.084999999995
2015-09-25 15:00:00,0,38.9,17.0,5.666666666666666,18417.812500000004
2015-09-25 16:00:00,0,38.3,19.0,6.694444444444445,18002.9075
2015-09-25 17:00:00,0,37.2,21.0,7.194444444444444,17261.920000000002
2015-09-25 18:00:00,0,36.1,22.0,2.5833333333333335,16373.390000000001
2015-09-25 19:00:00,0,35.0,25.0,3.611111111111111,15925.399999999994
2015-09-25 20:00:00,0,33.9,27.0,4.111111111111112,15476.440000000004
2015-09-25 21:00:00,0,33.3,29.0,4.111111111111112,15144.840000000007
2015-09-25 22:00:00,0,32.2,29.0,4.638888888888888,14514.61
2015-09-25 23:00:00,0,31.7,29.0,2.5833333333333335,13989.77
2015-09-26 00:00:00,1,30.6,32.0,3.083333333333333,13745.560000000001
2015-09-26 01:00:00,1,29.4,36.0,3.083333333333333,13681.929999999998
2015-09-26 02:00:00,1,30.0,33.0,3.083333333333333,13538.07
2015-09-26 03:00:00,1,28.9,37.0,2.5833333333333335,13492.870000000003
2015-09-26 04:00:00,1,28.9,37.0,3.611111111111111,13542.73
2015-09-26 05:00:00,1,28.3,38.0,3.083333333333333,13786.34
2015-09-26 06:00:00,1,28.3,38.0,2.055555555555556,14049.8
2015-09-26 07:00:00,1,30.0,35.0,2.5833333333333335,14158.810000000001
2015-09-26 08:00:00,1,32.2,30.0,2.5833333333333335,14506.380000000001
2015-09-26 09:00:00,1,33.9,27.0,3.611111111111111,14860.93
2015-09-26 10:00:00,1,36.7,21.0,5.666666666666666,15126.035000000005
2015-09-26 11:00:00,1,37.2,19.0,7.194444444444444,15353.090000000006
2015-09-26 12:00:00,1,38.3,19.0,6.166666666666666,15413.209999999995
2015-09-26 13:00:00,1,39.4,17.0,5.138888888888888,15386.310000000001
2015-09-26 14:00:00,1,39.4,16.0,2.5833333333333335,15381.59
2015-09-26 15:00:00,1,39.4,16.0,3.611111111111111,15319.41
2015-09-26 16:00:00,1,39.4,16.0,2.5833333333333335,15116.650000000003
2015-09-26 17:00:00,1,38.3,15.0,5.138888888888888,14811.939999999999
2015-09-26 18:00:00,1,36.7,16.0,2.5833333333333335,14685.58
2015-09-26 19:00:00,1,35.6,19.0,1.5555555555555554,14574.669999999998
2015-09-26 20:00:00,1,33.9,24.0,1.5555555555555554,14303.24
2015-09-26 21:00:00,1,33.3,25.0,0.0,14145.499999999996
2015-09-26 22:00:00,1,32.2,26.0,3.083333333333333,13885.640000000001
2015-09-26 23:00:00,1,31.7,27.0,2.055555555555556,13561.979999999998
2015-09-27 00:00:00,1,30.6,28.0,3.083333333333333,13327.769999999997
2015-09-27 01:00:00,1,30.6,27.0,4.111111111111112,13257.05
2015-09-27 02:00:00,1,30.0,29.0,2.5833333333333335,13261.06
2015-09-27 03:00:00,1,28.9,29.0,3.083333333333333,13200.47
2015-09-27 04:00:00,1,28.3,31.0,1.5555555555555554,13417.339999999998
2015-09-27 05:00:00,1,27.8,31.0,1.5555555555555554,13488.28
2015-09-27 06:00:00,1,27.8,31.0,2.055555555555556,13731.820000000002
2015-09-27 07:00:00,1,28.9,28.0,3.083333333333333,13770.659999999994
2015-09-27 08:00:00,1,30.6,27.0,3.083333333333333,14119.580000000002
2015-09-27 09:00:00,1,32.8,23.0,3.083333333333333,14223.369999999999
2015-09-27 10:00:00,1,33.9,22.0,2.5833333333333335,14474.880000000001
2015-09-27 11:00:00,1,36.7,20.0,1.5555555555555554,14769.150000000001
2015-09-27 12:00:00,1,37.8,20.0,3.611111111111111,14997.920000000002
2015-09-27 13:00:00,1,38.3,19.0,2.055555555555556,15163.320000000002
2015-09-27 14:00:00,1,39.4,15.0,1.5555555555555554,15186.559999999998
2015-09-27 15:00:00,1,39.4,17.0,2.055555555555556,15197.289999999997
2015-09-27 16:00:00,1,38.9,16.0,2.5833333333333335,14976.43
2015-09-27 17:00:00,1,38.3,17.0,4.111111111111112,14723.449999999999
2015-09-27 18:00:00,1,37.8,18.0,2.055555555555556,14657.09
2015-09-27 19:00:00,1,37.2,18.0,2.055555555555556,14631.839999999998
2015-09-27 20:00:00,1,35.0,22.0,1.5555555555555554,14217.039999999997
2015-09-27 21:00:00,1,33.9,26.0,0.0,14099.429999999997
2015-09-27 22:00:00,1,32.8,29.0,0.0,13842.889999999998
2015-09-27 23:00:00,1,31.7,31.0,2.5833333333333335,13602.15
2015-09-28 00:00:00,0,30.6,30.0,1.5555555555555554,13426.87
2015-09-28 01:00:00,0,30.0,32.0,0.0,13434.549999999996
2015-09-28 02:00:00,0,28.9,37.0,2.055555555555556,13532.909999999998
2015-09-28 03:00:00,0,28.3,34.0,2.5833333333333335,13819.73
2015-09-28 04:00:00,0,27.8,35.0,3.083333333333333,14294.300000000005
2015-09-28 05:00:00,0,26.7,38.0,3.083333333333333,14694.599999999999
2015-09-28 06:00:00,0,27.2,38.0,2.055555555555556,15138.960000000001
2015-09-28 07:00:00,0,28.9,34.0,3.611111111111111,15522.63
2015-09-28 08:00:00,0,30.6,33.0,2.5833333333333335,16583.420000000006
2015-09-28 09:00:00,0,32.8,30.0,2.5833333333333335,17804.929999999997
2015-09-28 10:00:00,0,34.4,27.0,1.5555555555555554,18545.870000000003
2015-09-28 11:00:00,0,35.6,24.0,0.0,19001.120000000006
2015-09-28 12:00:00,0,37.2,21.0,4.111111111111112,19080.412500000002
2015-09-28 13:00:00,0,38.9,18.0,2.5833333333333335,19169.212499999998
2015-09-28 14:00:00,0,38.9,18.0,3.611111111111111,19161.2975
2015-09-28 15:00:00,0,39.4,16.0,4.638888888888888,19144.472500000007
2015-09-28 16:00:00,0,37.8,18.0,4.638888888888888,18904.42000000001
2015-09-28 17:00:00,0,37.8,16.0,4.111111111111112,17998.200000000008
2015-09-28 18:00:00,0,36.1,22.0,2.055555555555556,17316.802500000005
2015-09-28 19:00:00,0,34.4,25.0,1.5555555555555554,16790.030000000002
2015-09-28 20:00:00,0,33.3,30.0,1.5555555555555554,16270.519999999999
2015-09-28 21:00:00,0,33.3,27.0,0.0,15648.550000000003
2015-09-28 22:00:00,0,31.7,32.0,2.055555555555556,14676.279999999999
2015-09-28 23:00:00,0,30.0,36.0,2.055555555555556,14184.910000000003
2015-09-29 00:00:00,0,29.4,37.0,0.0,14042.89
2015-09-29 01:00:00,0,30.0,35.0,1.5555555555555554,13804.230000000003
2015-09-29 02:00:00,0,28.3,42.0,2.055555555555556,13888.429999999998
2015-09-29 03:00:00,0,27.8,39.0,2.055555555555556,13849.56
2015-09-29 04:00:00,0,27.2,42.0,2.5833333333333335,13867.879999999996
2015-09-29 05:00:00,0,26.7,43.0,2.5833333333333335,14406.179999999998
2015-09-29 06:00:00,0,26.7,43.0,3.083333333333333,15273.740000000003
2015-09-29 07:00:00,0,28.3,37.0,3.611111111111111,15630.829999999994
2015-09-29 08:00:00,0,30.6,32.0,3.083333333333333,16792.539999999997
2015-09-29 09:00:00,0,32.8,28.0,1.5555555555555554,18009.100000000002
2015-09-29 10:00:00,0,33.9,26.0,0.0,18666.23
2015-09-29 11:00:00,0,36.7,22.0,3.083333333333333,18893.0325
2015-09-29 12:00:00,0,37.8,19.0,2.055555555555556,19123.0225
2015-09-29 13:00:00,0,38.3,18.0,0.0,19134.825
2015-09-29 14:00:00,0,38.9,16.0,3.611111111111111,19225.932500000006
2015-09-29 15:00:00,0,39.4,16.0,3.611111111111111,19193.265
2015-09-29 16:00:00,0,38.9,16.0,3.083333333333333,18892.7275
2015-09-29 17:00:00,0,38.3,17.0,3.611111111111111,17999.940000000002
2015-09-29 18:00:00,0,37.2,17.0,3.083333333333333,17240.215
2015-09-29 19:00:00,0,35.0,22.0,1.5555555555555554,16674.365
2015-09-29 20:00:00,0,34.4,24.0,0.0,16084.129999999996
2015-09-29 21:00:00,0,33.9,25.0,0.0,15404.760000000006
2015-09-29 22:00:00,0,32.2,29.0,0.0,14599.389999999996
2015-09-29 23:00:00,0,31.1,32.0,2.5833333333333335,14205.410000000002
2015-09-30 00:00:00,0,30.0,33.0,3.083333333333333,13708.500000000004
2015-09-30 01:00:00,0,29.4,34.0,2.5833333333333335,13537.99
2015-09-30 02:00:00,0,28.9,35.0,2.055555555555556,13638.19
2015-09-30 03:00:00,0,27.8,39.0,3.083333333333333,13630.479999999998
2015-09-30 04:00:00,0,27.2,39.0,3.083333333333333,13746.369999999999
2015-09-30 05:00:00,0,26.1,40.0,4.111111111111112,14304.0
2015-09-30 06:00:00,0,25.6,42.0,3.611111111111111,15150.6
2015-09-30 07:00:00,0,27.2,38.0,3.611111111111111,15408.780000000002
2015-09-30 08:00:00,0,30.0,32.0,3.083333333333333,16570.070000000003
2015-09-30 09:00:00,0,32.8,25.0,3.083333333333333,17681.490000000005
2015-09-30 10:00:00,0,35.0,22.0,0.0,18340.8325
2015-09-30 11:00:00,0,37.2,18.0,1.5555555555555554,18719.19
2015-09-30 12:00:00,0,38.3,17.0,0.0,18844.112500000003
2015-09-30 13:00:00,0,40.0,13.0,2.055555555555556,18976.3675
2015-09-30 14:00:00,0,40.0,12.0,3.611111111111111,19168.450000000004
2015-09-30 15:00:00,0,40.6,11.0,2.5833333333333335,19045.574999999993
2015-09-30 16:00:00,0,40.6,11.0,2.055555555555556,18665.9075
2015-09-30 17:00:00,0,39.4,12.0,3.083333333333333,17995.124999999996
2015-09-30 18:00:00,0,38.9,11.0,2.5833333333333335,17204.895
2015-09-30 19:00:00,0,37.2,14.0,2.5833333333333335,16496.739999999998
2015-09-30 20:00:00,0,34.4,18.0,1.5555555555555554,15876.500000000002
2015-09-30 21:00:00,0,32.8,22.0,1.5555555555555554,15227.47
2015-09-30 22:00:00,0,32.2,24.0,1.5555555555555554,14452.149999999996
2015-09-30 23:00:00,0,31.7,22.0,0.0,14041.199999999997
2015-10-01 00:00:00,0,30.0,28.0,1.5555555555555554,13748.02
2015-10-01 01:00:00,0,28.9,26.0,3.611111111111111,13639.399999999998
2015-10-01 02:00:00,0,28.3,27.0,3.083333333333333,13653.279999999999
2015-10-01 03:00:00,0,27.2,29.0,4.111111111111112,13633.010000000002
2015-10-01 04:00:00,0,26.7,31.0,2.5833333333333335,13679.0
2015-10-01 05:00:00,0,26.1,29.0,4.111111111111112,14350.449999999997
2015-10-01 06:00:00,0,25.6,32.0,4.111111111111112,15026.789999999999
2015-10-01 07:00:00,0,27.8,28.0,4.111111111111112,15375.739999999996
2015-10-01 08:00:00,0,30.0,25.0,4.111111111111112,16403.0
2015-10-01 09:00:00,0,32.8,21.0,4.111111111111112,17577.27
2015-10-01 10:00:00,0,35.0,19.0,3.611111111111111,18323.670000000002
2015-10-01 11:00:00,0,37.2,15.0,2.5833333333333335,18632.81
2015-10-01 12:00:00,0,38.3,13.0,4.638888888888888,18784.64
2015-10-01 13:00:00,0,39.4,12.0,3.083333333333333,18947.315
2015-10-01 14:00:00,0,41.1,10.0,2.055555555555556,19011.877500000002
2015-10-01 15:00:00,0,40.6,10.0,2.055555555555556,18927.305000000008
2015-10-01 16:00:00,0,40.0,10.0,3.611111111111111,18614.957499999993
2015-10-01 17:00:00,0,38.9,10.0,6.166666666666666,17771.37
2015-10-01 18:00:00,0,36.7,11.0,3.611111111111111,17057.220000000005
2015-10-01 19:00:00,0,34.4,14.0,2.5833333333333335,16314.08
2015-10-01 20:00:00,0,34.4,15.0,2.5833333333333335,15716.939999999999
2015-10-01 21:00:00,0,33.9,19.0,4.111111111111112,15131.989999999996
2015-10-01 22:00:00,0,33.3,19.0,1.5555555555555554,14337.9
2015-10-01 23:00:00,0,31.1,22.0,2.055555555555556,13972.5
2015-10-02 00:00:00,0,30.0,23.0,2.055555555555556,13593.490000000002
2015-10-02 01:00:00,0,27.8,29.0,0.0,13499.540000000003
2015-10-02 02:00:00,0,27.8,29.0,1.5555555555555554,13432.170000000002
2015-10-02 03:00:00,0,26.1,34.0,1.5555555555555554,13426.039999999997
2015-10-02 04:00:00,0,26.1,30.0,3.083333333333333,13520.259999999998
2015-10-02 05:00:00,0,25.0,33.0,3.611111111111111,14171.76
2015-10-02 06:00:00,0,23.9,36.0,2.5833333333333335,14862.250000000004
2015-10-02 07:00:00,0,26.1,34.0,2.055555555555556,15107.199999999999
2015-10-02 08:00:00,0,28.9,29.0,2.055555555555556,16124.240000000003
2015-10-02 09:00:00,0,30.6,22.0,1.5555555555555554,17235.53
2015-10-02 10:00:00,0,33.3,20.0,2.055555555555556,17660.739999999998
2015-10-02 11:00:00,0,33.3,16.0,0.0,17924.28
2015-10-02 12:00:00,0,33.9,16.0,2.5833333333333335,18120.459999999995
2015-10-02 13:00:00,0,35.0,15.0,3.083333333333333,18123.54
2015-10-02 14:00:00,0,36.7,13.0,4.111111111111112,18116.19
2015-10-02 15:00:00,0,35.6,12.0,7.722222222222222,17897.51
2015-10-02 16:00:00,0,35.0,13.0,6.166666666666666,17543.037500000002
2015-10-02 17:00:00,0,33.9,13.0,6.694444444444445,16708.640000000003
2015-10-02 18:00:00,0,32.8,13.0,7.194444444444444,15721.309999999994
2015-10-02 19:00:00,0,31.78333333333333,14.166666666666666,5.99537037037037,15247.970000000001
2015-10-02 20:00:00,0,30.766666666666666,15.333333333333334,4.796296296296296,14852.330000000004
2015-10-02 21:00:00,0,29.75,16.5,3.597222222222222,14533.380000000001
2015-10-02 22:00:00,0,28.73333333333333,17.666666666666668,2.398148148148148,13869.889999999996
2015-10-02 23:00:00,0,27.716666666666665,18.833333333333332,1.199074074074074,13405.820000000002
2015-10-03 00:00:00,1,26.7,20.0,0.0,13300.0
2015-10-03 01:00:00,1,25.6,25.0,2.055555555555556,13117.250000000002
2015-10-03 02:00:00,1,23.9,31.0,0.0,13013.21
2015-10-03 03:00:00,1,22.8,35.0,2.5833333333333335,12923.240000000002
2015-10-03 04:00:00,1,21.7,38.0,2.055555555555556,12987.389999999998
2015-10-03 05:00:00,1,21.7,38.0,2.055555555555556,13269.429999999998
2015-10-03 06:00:00,1,21.7,32.0,3.611111111111111,13642.640000000001
2015-10-03 07:00:00,1,22.8,31.0,3.611111111111111,13692.989999999996
2015-10-03 08:00:00,1,25.6,25.0,3.083333333333333,14069.820000000002
2015-10-03 09:00:00,1,27.8,20.0,2.5833333333333335,14266.93
2015-10-03 10:00:00,1,29.4,18.0,2.5833333333333335,14465.029999999999
2015-10-03 11:00:00,1,31.1,15.0,2.5833333333333335,14704.970000000001
2015-10-03 12:00:00,1,32.2,13.0,1.5555555555555554,14822.159999999998
2015-10-03 13:00:00,1,32.8,12.0,2.5833333333333335,14813.369999999999
2015-10-03 14:00:00,1,33.3,12.0,3.611111111111111,14770.460000000003
2015-10-03 15:00:00,1,33.9,12.0,3.083333333333333,14605.14
2015-10-03 16:00:00,1,33.3,11.0,0.0,14422.679999999997
2015-10-03 17:00:00,1,32.8,12.0,2.055555555555556,14273.759999999998
2015-10-03 18:00:00,1,32.2,12.0,3.083333333333333,14199.439999999999
2015-10-03 19:00:00,1,31.1,13.0,2.5833333333333335,13974.909999999996
2015-10-03 20:00:00,1,28.3,19.0,2.055555555555556,13877.419999999996
2015-10-03 21:00:00,1,27.2,23.0,0.0,13600.820000000002
2015-10-03 22:00:00,1,27.2,25.0,2.5833333333333335,13291.909999999996
2015-10-03 23:00:00,1,27.8,18.0,3.083333333333333,13107.48
2015-10-04 00:00:00,1,28.9,20.0,5.666666666666666,12973.519999999999
2015-10-04 01:00:00,1,26.7,24.0,5.666666666666666,13022.54
2015-10-04 02:00:00,1,25.6,27.0,2.055555555555556,13071.590000000002
2015-10-04 03:00:00,1,25.6,30.0,3.611111111111111,12973.189999999999
2015-10-04 04:00:00,1,24.4,36.0,3.611111111111111,13175.13
2015-10-04 05:00:00,1,23.9,37.0,4.111111111111112,13344.18
2015-10-04 06:00:00,1,24.4,36.0,3.083333333333333,13630.710000000001
2015-10-04 07:00:00,1,25.0,39.0,2.5833333333333335,13595.059999999996
2015-10-04 08:00:00,1,21.7,78.0,3.611111111111111,13693.969999999998
2015-10-04 09:00:00,1,25.0,62.0,3.611111111111111,13985.829999999998
2015-10-04 10:00:00,1,27.2,54.0,3.083333333333333,14370.459999999997
2015-10-04 11:00:00,1,31.950000000000003,31.0,8.48611111111111,14519.639999999996
2015-10-04 12:00:00,1,33.9,26.0,9.249999999999998,14729.909999999998
2015-10-04 13:00:00,1,33.9,25.0,9.249999999999998,14794.250000000002
2015-10-04 14:00:00,1,34.4,21.0,7.194444444444444,14678.809999999996
2015-10-04 15:00:00,1,34.4,21.0,8.75,14643.879999999997
2015-10-04 16:00:00,1,33.9,22.0,7.722222222222222,14486.550000000001
2015-10-04 17:00:00,1,32.2,25.0,6.166666666666666,14369.47
2015-10-04 18:00:00,1,31.7,26.0,4.638888888888888,14417.63
2015-10-04 19:00:00,1,30.0,32.5,6.944444444444445,14379.299999999997
2015-10-04 20:00:00,1,27.8,42.0,7.194444444444444,14085.460000000003
2015-10-04 21:00:00,1,26.7,47.0,7.194444444444444,13954.65
2015-10-04 22:00:00,1,26.1,48.0,4.111111111111112,13689.439999999999
2015-10-04 23:00:00,1,26.1,47.0,2.5833333333333335,13487.050000000003
2015-10-05 00:00:00,0,25.6,48.0,1.5555555555555554,13411.400000000001
2015-10-05 01:00:00,0,25.6,50.0,3.611111111111111,13213.44
2015-10-05 02:00:00,0,24.4,52.0,3.083333333333333,13555.73
2015-10-05 03:00:00,0,23.9,53.0,3.083333333333333,13788.36
2015-10-05 04:00:00,0,23.9,53.0,0.0,14203.019999999997
2015-10-05 05:00:00,0,23.9,53.0,0.0,14623.0
2015-10-05 06:00:00,0,24.4,54.0,0.0,15224.529999999999
2015-10-05 07:00:00,0,23.9,60.0,4.111111111111112,15486.080000000004
2015-10-05 08:00:00,0,24.4,60.0,4.111111111111112,16331.9
2015-10-05 09:00:00,0,25.0,58.0,2.5833333333333335,17336.532500000005
2015-10-05 10:00:00,0,26.1,50.0,7.194444444444444,17913.520000000004
2015-10-05 11:00:00,0,28.35,40.0,3.8611111111111107,18166.03
2015-10-05 12:00:00,0,30.0,31.0,7.722222222222222,18301.899999999998
2015-10-05 13:00:00,0,30.6,31.0,8.222222222222223,18175.81
2015-10-05 14:00:00,0,29.45,35.0,9.249999999999998,18328.790000000005
2015-10-05 15:00:00,0,28.9,35.0,7.194444444444444,18426.19
2015-10-05 16:00:00,0,28.3,34.0,7.194444444444444,18079.259999999995
2015-10-05 17:00:00,0,27.8,34.0,5.666666666666666,17223.660000000003
2015-10-05 18:00:00,0,27.2,35.0,6.166666666666666,16619.5
2015-10-05 19:00:00,0,26.1,38.0,6.166666666666666,16212.119999999999
2015-10-05 20:00:00,0,25.6,40.0,4.638888888888888,15618.490000000002
2015-10-05 21:00:00,0,25.0,43.0,4.638888888888888,15105.250000000002
2015-10-05 22:00:00,0,23.9,50.0,2.055555555555556,14254.939999999999
2015-10-05 23:00:00,0,22.25,64.0,5.402777777777778,13730.960000000005
2015-10-06 00:00:00,0,21.4,72.0,2.569444444444444,13642.829999999998
2015-10-06 01:00:00,0,21.1,76.0,2.5833333333333335,13554.300000000001
2015-10-06 02:00:00,0,21.7,68.0,0.0,13691.100000000002
2015-10-06 03:00:00,0,21.7,66.0,1.5555555555555554,13667.39
2015-10-06 04:00:00,0,20.6,78.0,2.5833333333333335,13775.820000000002
2015-10-06 05:00:00,0,20.0,76.0,4.638888888888888,14312.910000000002
2015-10-06 06:00:00,0,20.6,73.0,4.111111111111112,15018.650000000003
2015-10-06 07:00:00,0,21.1,68.0,4.111111111111112,15381.720000000001
2015-10-06 08:00:00,0,22.8,64.0,4.111111111111112,16310.380000000001
2015-10-06 09:00:00,0,25.0,54.0,3.083333333333333,17421.34
2015-10-06 10:00:00,0,25.6,48.0,0.0,17893.64
2015-10-06 11:00:00,0,26.1,47.0,2.5833333333333335,18193.730000000003
2015-10-06 12:00:00,0,23.35,58.5,3.611111111111111,18130.969999999994
2015-10-06 13:00:00,0,21.4,68.5,3.611111111111111,18250.23
2015-10-06 14:00:00,0,20.0,68.0,7.722222222222222,18171.399999999998
2015-10-06 15:00:00,0,20.6,63.0,4.111111111111112,18066.779999999995
2015-10-06 16:00:00,0,20.6,61.0,5.666666666666666,17700.58
2015-10-06 17:00:00,0,19.4,73.0,3.083333333333333,16983.320000000003
2015-10-06 18:00:00,0,18.9,87.0,1.5555555555555554,16486.2
2015-10-06 19:00:00,0,19.4,81.0,0.0,15951.83
2015-10-06 20:00:00,0,18.9,81.0,3.083333333333333,15426.489999999998
2015-10-06 21:00:00,0,18.9,81.0,0.0,14963.839999999998
2015-10-06 22:00:00,0,18.9,84.0,3.083333333333333,14097.209999999995
2015-10-06 23:00:00,0,18.9,78.0,0.0,13573.689999999999
2015-10-07 00:00:00,0,19.4,73.0,1.5555555555555554,13248.890000000003
2015-10-07 01:00:00,0,18.3,87.0,0.0,13283.68
2015-10-07 02:00:00,0,18.3,87.0,0.0,13444.720000000003
2015-10-07 03:00:00,0,18.3,87.0,0.0,13408.369999999997
2015-10-07 04:00:00,0,17.8,87.0,1.5555555555555554,13464.16
2015-10-07 05:00:00,0,18.3,84.0,0.0,14014.969999999996
2015-10-07 06:00:00,0,17.8,87.0,0.0,14586.65
2015-10-07 07:00:00,0,19.4,79.0,0.0,15092.660000000002
2015-10-07 08:00:00,0,20.6,73.0,0.0,15968.050000000005
2015-10-07 09:00:00,0,22.2,59.0,2.055555555555556,16944.67
2015-10-07 10:00:00,0,23.9,53.0,3.083333333333333,17545.689999999995
2015-10-07 11:00:00,0,24.4,50.0,2.5833333333333335,17796.670000000002
2015-10-07 12:00:00,0,25.6,45.0,1.5555555555555554,17930.189999999995
2015-10-07 13:00:00,0,26.7,40.0,2.055555555555556,17922.010000000006
2015-10-07 14:00:00,0,27.2,38.0,1.5555555555555554,18029.11
2015-10-07 15:00:00,0,27.8,38.0,4.111111111111112,18001.739999999998
2015-10-07 16:00:00,0,27.2,39.0,3.611111111111111,17716.460000000003
2015-10-07 17:00:00,0,26.7,40.0,3.083333333333333,17070.8
2015-10-07 18:00:00,0,26.1,42.0,1.5555555555555554,16405.6
2015-10-07 19:00:00,0,26.1,39.0,3.083333333333333,16058.439999999999
2015-10-07 20:00:00,0,26.1,40.0,2.5833333333333335,15459.470000000001
2015-10-07 21:00:00,0,25.0,45.0,2.055555555555556,14911.24
2015-10-07 22:00:00,0,25.0,45.0,2.055555555555556,14102.2
2015-10-07 23:00:00,0,23.9,48.0,2.055555555555556,13580.939999999999
2015-10-08 00:00:00,0,22.2,59.0,0.0,13313.010000000006
2015-10-08 01:00:00,0,21.7,63.0,2.055555555555556,13257.329999999998
2015-10-08 02:00:00,0,21.1,65.0,1.5555555555555554,13409.939999999999
2015-10-08 03:00:00,0,20.6,68.0,0.0,13368.630000000001
2015-10-08 04:00:00,0,20.0,70.0,2.5833333333333335,13393.829999999994
2015-10-08 05:00:00,0,19.4,73.0,2.055555555555556,14002.060000000005
2015-10-08 06:00:00,0,19.4,73.0,0.0,14660.230000000001
2015-10-08 07:00:00,0,20.6,68.0,2.5833333333333335,15091.789999999997
2015-10-08 08:00:00,0,22.8,57.0,1.5555555555555554,16089.33
2015-10-08 09:00:00,0,25.0,47.0,0.0,17223.239999999998
2015-10-08 10:00:00,0,26.7,40.0,0.0,17666.92
2015-10-08 11:00:00,0,27.8,35.0,1.5555555555555554,17852.85
2015-10-08 12:00:00,0,30.6,29.0,1.5555555555555554,17990.119999999995
2015-10-08 13:00:00,0,31.7,27.0,2.5833333333333335,18080.390000000003
2015-10-08 14:00:00,0,32.8,23.0,3.083333333333333,18208.09
2015-10-08 15:00:00,0,33.3,23.0,2.5833333333333335,18305.690000000006
2015-10-08 16:00:00,0,32.8,23.0,2.5833333333333335,17907.640000000003
2015-10-08 17:00:00,0,31.7,25.0,2.055555555555556,17242.570000000007
2015-10-08 18:00:00,0,30.0,30.0,2.5833333333333335,16435.83
2015-10-08 19:00:00,0,29.4,32.0,1.5555555555555554,15966.789999999997
2015-10-08 20:00:00,0,28.3,36.0,0.0,15380.669999999998
2015-10-08 21:00:00,0,27.2,39.0,2.5833333333333335,14895.35
2015-10-08 22:00:00,0,26.7,40.0,3.083333333333333,14063.289999999997
2015-10-08 23:00:00,0,26.1,39.0,2.055555555555556,13628.489999999998
2015-10-09 00:00:00,0,25.0,45.0,3.083333333333333,13222.94
2015-10-09 01:00:00,0,24.4,48.0,3.083333333333333,13195.8
2015-10-09 02:00:00,0,23.9,51.0,3.083333333333333,13425.88
2015-10-09 03:00:00,0,23.9,51.0,2.5833333333333335,13442.060000000003
2015-10-09 04:00:00,0,24.4,50.0,2.5833333333333335,13463.699999999999
2015-10-09 05:00:00,0,23.3,53.0,3.083333333333333,13988.389999999998
2015-10-09 06:00:00,0,23.9,50.0,2.5833333333333335,14639.04
2015-10-09 07:00:00,0,26.1,44.0,2.5833333333333335,14975.129999999997
2015-10-09 08:00:00,0,28.3,36.0,3.083333333333333,15948.470000000003
2015-10-09 09:00:00,0,29.4,32.0,2.5833333333333335,16915.499999999996
2015-10-09 10:00:00,0,30.6,29.0,3.083333333333333,17296.720000000005
2015-10-09 11:00:00,0,31.7,26.0,0.0,17696.890000000003
2015-10-09 12:00:00,0,33.9,22.0,6.694444444444445,17778.940000000006
2015-10-09 13:00:00,0,34.4,21.0,5.666666666666666,17821.960000000006
2015-10-09 14:00:00,0,34.4,21.0,7.194444444444444,17702.389999999996
2015-10-09 15:00:00,0,35.0,20.0,3.611111111111111,17693.614999999998
2015-10-09 16:00:00,0,33.9,20.0,5.138888888888888,17326.4425
2015-10-09 17:00:00,0,33.3,21.0,4.638888888888888,16473.960000000003
2015-10-09 18:00:00,0,32.2,23.0,4.638888888888888,15642.82
2015-10-09 19:00:00,0,31.1,24.0,3.083333333333333,15315.4
2015-10-09 20:00:00,0,30.0,28.0,2.5833333333333335,14913.989999999998
2015-10-09 21:00:00,0,29.4,28.0,2.5833333333333335,14660.670000000002
2015-10-09 22:00:00,0,28.3,31.0,3.611111111111111,14036.769999999997
2015-10-09 23:00:00,0,27.8,31.0,1.5555555555555554,13521.729999999998
2015-10-10 00:00:00,1,27.2,34.0,3.083333333333333,13316.450000000003
2015-10-10 01:00:00,1,26.1,38.0,3.083333333333333,13140.490000000003
2015-10-10 02:00:00,1,25.0,42.0,2.055555555555556,13032.349999999997
2015-10-10 03:00:00,1,25.0,42.0,1.5555555555555554,13020.21
2015-10-10 04:00:00,1,25.6,40.0,3.083333333333333,13217.949999999995
2015-10-10 05:00:00,1,23.9,48.0,1.5555555555555554,13442.229999999998
2015-10-10 06:00:00,1,23.9,48.0,1.5555555555555554,13771.88
2015-10-10 07:00:00,1,27.8,39.0,4.638888888888888,13747.480000000001
2015-10-10 08:00:00,1,28.3,37.0,5.666666666666666,14110.629999999997
2015-10-10 09:00:00,1,30.6,31.0,5.666666666666666,14418.559999999998
2015-10-10 10:00:00,1,30.6,31.0,3.083333333333333,14416.959999999997
2015-10-10 11:00:00,1,31.1,31.0,2.5833333333333335,14673.63
2015-10-10 12:00:00,1,31.7,29.0,3.083333333333333,14653.279999999997
2015-10-10 13:00:00,1,33.3,26.0,1.5555555555555554,14782.089999999998
2015-10-10 14:00:00,1,33.9,25.0,0.0,14719.329999999998
2015-10-10 15:00:00,1,33.9,24.0,0.0,14677.25
2015-10-10 16:00:00,1,33.9,24.0,1.5555555555555554,14506.45
2015-10-10 17:00:00,1,33.3,26.0,0.0,14400.770000000002
2015-10-10 18:00:00,1,32.8,26.0,1.5555555555555554,14329.93
2015-10-10 19:00:00,1,31.7,29.0,0.0,14257.56
2015-10-10 20:00:00,1,30.0,33.0,0.0,13967.74
2015-10-10 21:00:00,1,28.9,37.0,0.0,13742.82
2015-10-10 22:00:00,1,27.8,39.0,0.0,13409.889999999998
2015-10-10 23:00:00,1,26.7,45.0,1.5555555555555554,13226.789999999999
2015-10-11 00:00:00,1,26.7,42.0,0.0,13105.110000000002
2015-10-11 01:00:00,1,25.6,45.0,2.5833333333333335,12951.019999999997
2015-10-11 02:00:00,1,25.6,45.0,0.0,12992.88
2015-10-11 03:00:00,1,25.6,45.0,0.0,12975.440000000002
2015-10-11 04:00:00,1,24.4,48.0,2.5833333333333335,13128.029999999997
2015-10-11 05:00:00,1,23.9,48.0,3.083333333333333,13394.990000000002
2015-10-11 06:00:00,1,24.4,48.0,2.5833333333333335,13600.51
2015-10-11 07:00:00,1,25.6,46.0,4.111111111111112,13579.639999999996
2015-10-11 08:00:00,1,27.8,41.0,2.5833333333333335,13892.800000000003
2015-10-11 09:00:00,1,30.0,35.0,4.111111111111112,14030.62
2015-10-11 10:00:00,1,31.7,31.0,3.083333333333333,14244.120000000003
2015-10-11 11:00:00,1,32.2,29.0,0.0,14520.180000000002
2015-10-11 12:00:00,1,35.0,25.0,3.083333333333333,14548.049999999997
2015-10-11 13:00:00,1,35.0,22.0,3.083333333333333,14714.549999999996
2015-10-11 14:00:00,1,36.1,22.0,2.055555555555556,14605.020000000002
2015-10-11 15:00:00,1,36.1,19.0,4.638888888888888,14676.23
2015-10-11 16:00:00,1,35.6,19.0,2.055555555555556,14428.98
2015-10-11 17:00:00,1,35.0,21.0,3.611111111111111,14314.19
2015-10-11 18:00:00,1,33.9,22.0,3.083333333333333,14326.340000000002
2015-10-11 19:00:00,1,31.7,27.0,0.0,14236.810000000001
2015-10-11 20:00:00,1,31.7,28.0,1.5555555555555554,13749.339999999998
2015-10-11 21:00:00,1,31.7,27.0,1.5555555555555554,13596.759999999998
2015-10-11 22:00:00,1,30.6,30.0,1.5555555555555554,13419.53
2015-10-11 23:00:00,1,27.2,41.0,1.5555555555555554,13241.13
2015-10-12 00:00:00,1,27.2,42.0,1.5555555555555554,13217.140000000001
2015-10-12 01:00:00,1,26.1,47.0,0.0,13106.459999999997
2015-10-12 02:00:00,1,26.1,45.0,0.0,13330.700000000003
2015-10-12 03:00:00,1,24.4,50.0,0.0,13606.620000000003
2015-10-12 04:00:00,1,23.9,51.0,2.055555555555556,14002.240000000003
2015-10-12 05:00:00,1,26.1,42.0,2.5833333333333335,14310.05
2015-10-12 06:00:00,1,24.4,46.0,1.5555555555555554,14807.737500000001
2015-10-12 07:00:00,1,26.7,40.0,3.083333333333333,14855.779999999999
2015-10-12 08:00:00,1,28.3,37.0,3.611111111111111,15531.352500000003
2015-10-12 09:00:00,1,30.6,33.0,2.055555555555556,16226.619999999999
2015-10-12 10:00:00,1,31.1,31.0,0.0,16611.45
2015-10-12 11:00:00,1,32.8,28.0,1.5555555555555554,16967.789999999997
2015-10-12 12:00:00,1,35.0,24.0,2.055555555555556,17029.7
2015-10-12 13:00:00,1,34.4,25.0,2.5833333333333335,17137.27
2015-10-12 14:00:00,1,35.0,22.0,3.611111111111111,17229.19
2015-10-12 15:00:00,1,35.6,22.0,4.638888888888888,17246.160000000007
2015-10-12 16:00:00,1,35.0,23.0,3.611111111111111,16998.550000000003
2015-10-12 17:00:00,1,33.9,25.0,3.083333333333333,16343.96
2015-10-12 18:00:00,1,33.9,24.0,2.055555555555556,15936.32
2015-10-12 19:00:00,1,31.7,29.0,0.0,15544.320000000002
2015-10-12 20:00:00,1,31.1,31.0,0.0,15195.439999999995
2015-10-12 21:00:00,1,30.0,35.0,0.0,14732.880000000001
2015-10-12 22:00:00,1,29.4,37.0,0.0,14107.709999999997
2015-10-12 23:00:00,1,28.299999999999997,39.0,0.0,13718.74
2015-10-13 00:00:00,0,27.2,41.0,0.0,13457.349999999999
2015-10-13 01:00:00,0,26.7,42.0,2.055555555555556,13386.08
2015-10-13 02:00:00,0,25.0,48.0,1.5555555555555554,13448.3
2015-10-13 03:00:00,0,26.1,44.0,2.5833333333333335,13400.769999999999
2015-10-13 04:00:00,0,24.4,46.0,3.083333333333333,13444.12
2015-10-13 05:00:00,0,24.4,48.0,2.055555555555556,14052.959999999995
2015-10-13 06:00:00,0,23.9,50.0,2.055555555555556,14803.240000000003
2015-10-13 07:00:00,0,26.1,44.0,2.055555555555556,14835.440000000008
2015-10-13 08:00:00,0,28.3,39.0,1.5555555555555554,15572.220000000001
2015-10-13 09:00:00,0,30.0,37.0,0.0,16400.930000000004
2015-10-13 10:00:00,0,30.6,36.0,0.0,16889.320000000003
2015-10-13 11:00:00,0,32.2,33.0,2.055555555555556,17134.23
2015-10-13 12:00:00,0,33.9,29.0,0.0,17211.970000000005
2015-10-13 13:00:00,0,35.6,24.0,5.138888888888888,17258.709999999995
2015-10-13 14:00:00,0,35.6,23.0,4.638888888888888,17362.909999999996
2015-10-13 15:00:00,0,36.1,21.0,4.111111111111112,17342.229999999996
2015-10-13 16:00:00,0,35.6,21.0,3.611111111111111,17033.39
2015-10-13 17:00:00,0,35.0,22.0,4.638888888888888,16399.300000000003
2015-10-13 18:00:00,0,33.9,24.0,3.083333333333333,15760.249999999998
2015-10-13 19:00:00,0,31.7,29.0,0.0,15372.61
2015-10-13 20:00:00,0,32.2,27.0,0.0,15090.020000000002
2015-10-13 21:00:00,0,30.6,31.0,0.0,14603.930000000002
2015-10-13 22:00:00,0,29.4,36.0,0.0,14017.139999999998
2015-10-13 23:00:00,0,28.3,39.0,1.5555555555555554,13565.020000000002
2015-10-14 00:00:00,0,27.8,39.0,0.0,13346.050000000003
2015-10-14 01:00:00,0,26.7,45.0,2.5833333333333335,13250.400000000001
2015-10-14 02:00:00,0,26.1,45.0,1.5555555555555554,13392.769999999997
2015-10-14 03:00:00,0,25.6,46.0,2.5833333333333335,13349.830000000002
2015-10-14 04:00:00,0,25.0,47.0,2.5833333333333335,13425.460000000001
2015-10-14 05:00:00,0,25.0,45.0,3.611111111111111,13952.559999999998
2015-10-14 06:00:00,0,25.0,45.0,2.055555555555556,14642.81
2015-10-14 07:00:00,0,26.7,42.0,2.5833333333333335,14901.03
2015-10-14 08:00:00,0,28.3,37.0,4.111111111111112,15969.710000000001
2015-10-14 09:00:00,0,31.1,31.0,3.083333333333333,17274.64
2015-10-14 10:00:00,0,32.2,30.0,2.5833333333333335,17890.359999999997
2015-10-14 11:00:00,0,34.4,26.0,1.5555555555555554,18176.82
2015-10-14 12:00:00,0,34.4,25.0,0.0,18418.7025
2015-10-14 13:00:00,0,35.0,22.0,1.5555555555555554,18546.84
2015-10-14 14:00:00,0,36.7,19.0,0.0,18563.510000000002
2015-10-14 15:00:00,0,37.2,18.0,1.5555555555555554,18628.685000000005
2015-10-14 16:00:00,0,37.2,20.0,3.083333333333333,18265.12249999999
2015-10-14 17:00:00,0,36.1,19.0,4.111111111111112,17435.010000000006
2015-10-14 18:00:00,0,34.4,24.0,3.083333333333333,17050.760000000006
2015-10-14 19:00:00,0,32.2,28.0,1.5555555555555554,16272.87
2015-10-14 20:00:00,0,33.3,25.0,1.5555555555555554,15626.289999999997
2015-10-14 21:00:00,0,32.8,28.0,0.0,15104.910000000002
2015-10-14 22:00:00,0,31.1,29.0,2.055555555555556,14232.020000000002
2015-10-14 23:00:00,0,27.8,39.0,1.5555555555555554,13865.59
2015-10-15 00:00:00,0,27.2,39.0,3.083333333333333,13540.400000000001
2015-10-15 01:00:00,0,27.2,33.0,2.055555555555556,13416.12
2015-10-15 02:00:00,0,26.1,36.0,2.055555555555556,13440.809999999998
2015-10-15 03:00:00,0,26.1,39.0,3.083333333333333,13466.61
2015-10-15 04:00:00,0,24.4,43.0,0.0,13516.04
2015-10-15 05:00:00,0,25.0,37.0,2.055555555555556,14024.86
2015-10-15 06:00:00,0,25.0,37.0,2.5833333333333335,14689.650000000003
2015-10-15 07:00:00,0,27.2,29.0,3.083333333333333,15015.150000000001
2015-10-15 08:00:00,0,29.4,25.0,1.5555555555555554,16156.210000000001
2015-10-15 09:00:00,0,31.7,21.0,2.5833333333333335,17249.609999999997
2015-10-15 10:00:00,0,33.9,20.0,2.5833333333333335,17856.270000000004
2015-10-15 11:00:00,0,34.4,19.0,1.5555555555555554,18205.41
2015-10-15 12:00:00,0,35.0,20.0,3.083333333333333,18284.2775
2015-10-15 13:00:00,0,34.4,21.0,2.5833333333333335,18218.612500000003
2015-10-15 14:00:00,0,33.9,25.0,4.111111111111112,18242.329999999998
2015-10-15 15:00:00,0,33.9,24.0,3.611111111111111,18182.600000000002
2015-10-15 16:00:00,0,33.9,24.0,4.111111111111112,17926.070000000003
2015-10-15 17:00:00,0,32.8,25.0,3.083333333333333,17183.4625
2015-10-15 18:00:00,0,32.2,26.0,3.083333333333333,16684.899999999998
2015-10-15 19:00:00,0,31.7,27.0,3.083333333333333,16060.580000000002
2015-10-15 20:00:00,0,30.0,32.0,2.055555555555556,15441.739999999996
2015-10-15 21:00:00,0,30.6,30.0,3.611111111111111,14916.290000000003
2015-10-15 22:00:00,0,30.0,31.0,3.611111111111111,14274.829999999993
2015-10-15 23:00:00,0,29.4,33.0,1.5555555555555554,13821.570000000002
2015-10-16 00:00:00,0,29.4,32.0,3.083333333333333,13545.77
2015-10-16 01:00:00,0,28.9,33.0,2.055555555555556,13321.649999999998
2015-10-16 02:00:00,0,28.3,34.0,4.111111111111112,13397.720000000003
2015-10-16 03:00:00,0,27.2,35.0,2.5833333333333335,13445.849999999999
2015-10-16 04:00:00,0,25.6,40.0,3.083333333333333,13416.889999999994
2015-10-16 05:00:00,0,26.1,38.0,3.083333333333333,13966.53
2015-10-16 06:00:00,0,25.0,42.0,4.638888888888888,14720.98
2015-10-16 07:00:00,0,26.1,40.0,3.083333333333333,14937.589999999998
2015-10-16 08:00:00,0,27.8,37.0,4.638888888888888,15823.82
2015-10-16 09:00:00,0,30.0,32.0,5.138888888888888,16907.640000000003
2015-10-16 10:00:00,0,32.8,26.0,5.666666666666666,17325.63
2015-10-16 11:00:00,0,33.9,24.0,3.083333333333333,17756.489999999998
2015-10-16 12:00:00,0,35.0,22.0,5.138888888888888,17924.74
2015-10-16 13:00:00,0,35.0,21.0,4.638888888888888,17872.719999999998
2015-10-16 14:00:00,0,27.5,48.5,10.277777777777777,17721.039999999997
2015-10-16 15:00:00,0,26.1,58.0,7.722222222222222,17584.889999999996
2015-10-16 16:00:00,0,23.95,70.0,5.152777777777777,17129.609999999997
2015-10-16 17:00:00,0,24.4,64.0,4.111111111111112,16406.839999999993
2015-10-16 18:00:00,0,24.4,62.0,4.638888888888888,15815.929999999997
2015-10-16 19:00:00,0,25.0,60.0,5.138888888888888,15315.069999999994
2015-10-16 20:00:00,0,25.0,58.0,2.055555555555556,15083.070000000002
2015-10-16 21:00:00,0,25.0,60.0,1.5555555555555554,14704.6
2015-10-16 22:00:00,0,23.9,66.0,2.5833333333333335,14027.129999999997
2015-10-16 23:00:00,0,24.4,64.0,3.611111111111111,13601.340000000002
2015-10-17 00:00:00,1,23.9,64.0,1.5555555555555554,13348.699999999997
2015-10-17 01:00:00,1,23.9,66.0,0.0,13235.449999999999
2015-10-17 02:00:00,1,25.0,54.0,1.5555555555555554,13173.939999999999
2015-10-17 03:00:00,1,24.4,56.0,1.5555555555555554,13097.130000000003
2015-10-17 04:00:00,1,23.3,68.0,2.5833333333333335,13267.120000000004
2015-10-17 05:00:00,1,23.3,62.0,3.083333333333333,13550.920000000002
2015-10-17 06:00:00,1,22.8,64.0,3.083333333333333,14024.48
2015-10-17 07:00:00,1,23.3,57.0,3.611111111111111,13973.119999999997
2015-10-17 08:00:00,1,25.0,52.0,2.5833333333333335,14171.970000000001
2015-10-17 09:00:00,1,27.8,41.0,5.138888888888888,14462.710000000001
2015-10-17 10:00:00,1,28.3,39.0,6.694444444444445,14508.080000000004
2015-10-17 11:00:00,1,28.9,37.0,4.638888888888888,14643.82
2015-10-17 12:00:00,1,29.4,33.0,2.5833333333333335,14769.63
2015-10-17 13:00:00,1,30.6,32.0,5.138888888888888,14499.150000000005
2015-10-17 14:00:00,1,30.6,32.0,4.111111111111112,14553.860000000002
2015-10-17 15:00:00,1,31.1,31.0,7.194444444444444,14510.070000000002
2015-10-17 16:00:00,1,30.0,33.0,6.166666666666666,14402.959999999997
2015-10-17 17:00:00,1,29.4,36.0,4.638888888888888,14187.949999999997
2015-10-17 18:00:00,1,28.9,37.0,2.5833333333333335,14256.33
2015-10-17 19:00:00,1,27.2,47.0,6.166666666666666,14049.760000000002
2015-10-17 20:00:00,1,26.7,47.0,5.138888888888888,13901.590000000004
2015-10-17 21:00:00,1,25.6,54.0,5.138888888888888,13651.190000000002
2015-10-17 22:00:00,1,25.6,52.0,5.666666666666666,13385.16
2015-10-17 23:00:00,1,25.0,56.0,5.666666666666666,13234.479999999998
2015-10-18 00:00:00,1,24.4,58.0,3.611111111111111,13199.43
2015-10-18 01:00:00,1,23.9,60.0,2.055555555555556,13068.280000000004
2015-10-18 02:00:00,1,23.9,60.0,2.5833333333333335,13067.41
2015-10-18 03:00:00,1,23.3,59.0,1.5555555555555554,13037.77
2015-10-18 04:00:00,1,22.8,64.0,2.5833333333333335,13208.68
2015-10-18 05:00:00,1,22.8,66.0,2.055555555555556,13429.14
2015-10-18 06:00:00,1,22.2,68.0,1.5555555555555554,13621.830000000002
2015-10-18 07:00:00,1,23.3,64.0,2.055555555555556,13633.92
2015-10-18 08:00:00,1,25.6,54.0,3.611111111111111,13784.6
2015-10-18 09:00:00,1,27.8,45.0,4.638888888888888,13935.260000000002
2015-10-18 10:00:00,1,29.4,40.0,5.138888888888888,14094.550000000001
2015-10-18 11:00:00,1,30.6,33.0,6.694444444444445,14218.939999999999
2015-10-18 12:00:00,1,32.2,33.0,4.638888888888888,14320.079999999998
2015-10-18 13:00:00,1,32.2,34.0,3.083333333333333,14455.970000000003
2015-10-18 14:00:00,1,31.7,36.0,3.083333333333333,14623.439999999999
2015-10-18 15:00:00,1,30.85,38.5,5.666666666666666,14446.909999999996
2015-10-18 16:00:00,1,25.6,64.0,3.083333333333333,14388.909999999998
2015-10-18 17:00:00,1,25.85,63.0,2.569444444444444,14131.94
2015-10-18 18:00:00,1,23.8,67.83333333333333,5.148148148148149,14335.799999999996
2015-10-18 19:00:00,1,22.2,75.5,3.0972222222222223,14057.430000000004
2015-10-18 20:00:00,1,22.8,79.0,0.0,13772.740000000003
2015-10-18 21:00:00,1,22.8,81.0,3.083333333333333,13607.239999999998
2015-10-18 22:00:00,1,23.3,82.0,2.055555555555556,13476.830000000002
2015-10-18 23:00:00,1,22.8,81.0,4.111111111111112,13393.239999999996
2015-10-19 00:00:00,0,22.8,84.0,4.111111111111112,13221.660000000002
2015-10-19 01:00:00,0,22.8,81.0,3.083333333333333,13224.599999999999
2015-10-19 02:00:00,0,21.1,90.0,2.055555555555556,13370.990000000003
2015-10-19 03:00:00,0,21.7,84.0,0.0,13598.559999999998
2015-10-19 04:00:00,0,21.7,87.0,2.055555555555556,13973.989999999996
2015-10-19 05:00:00,0,21.1,90.0,0.0,14324.229999999998
2015-10-19 06:00:00,0,20.0,93.0,0.0,14717.770000000002
2015-10-19 07:00:00,0,22.2,81.0,2.055555555555556,14926.92
2015-10-19 08:00:00,0,23.3,73.0,0.0,15929.080000000004
2015-10-19 09:00:00,0,25.6,62.0,0.0,17075.420000000002
2015-10-19 10:00:00,0,27.2,54.0,2.5833333333333335,17697.440000000002
2015-10-19 11:00:00,0,27.2,50.0,2.055555555555556,17964.239999999994
2015-10-19 12:00:00,0,28.9,43.0,3.611111111111111,17983.349999999995
2015-10-19 13:00:00,0,29.4,38.0,4.111111111111112,18073.570000000003
2015-10-19 14:00:00,0,30.0,37.0,2.055555555555556,18112.179999999997
2015-10-19 15:00:00,0,30.0,32.0,2.5833333333333335,18092.210000000003
2015-10-19 16:00:00,0,28.9,34.0,2.5833333333333335,17729.49
2015-10-19 17:00:00,0,28.3,37.0,0.0,16947.977499999997
2015-10-19 18:00:00,0,27.8,42.0,0.0,16476.370000000003
2015-10-19 19:00:00,0,27.2,41.0,2.055555555555556,15977.519999999995
2015-10-19 20:00:00,0,25.6,54.0,0.0,15561.999999999996
2015-10-19 21:00:00,0,25.0,60.0,2.5833333333333335,14910.150000000001
2015-10-19 22:00:00,0,25.0,58.0,3.611111111111111,14164.339999999998
2015-10-19 23:00:00,0,25.0,58.0,3.083333333333333,13771.410000000003
2015-10-20 00:00:00,0,24.4,60.0,2.5833333333333335,13526.110000000002
2015-10-20 01:00:00,0,23.3,68.0,0.0,13485.68
2015-10-20 02:00:00,0,23.3,68.0,2.5833333333333335,13614.699999999999
2015-10-20 03:00:00,0,22.75,70.5,1.5416666666666665,13501.900000000003
2015-10-20 04:00:00,0,22.2,72.0,2.5833333333333335,13565.830000000007
2015-10-20 05:00:00,0,22.8,68.0,0.0,13972.000000000002
2015-10-20 06:00:00,0,22.2,66.0,0.0,14726.93
2015-10-20 07:00:00,0,22.2,66.0,3.611111111111111,15125.879999999997
2015-10-20 08:00:00,0,23.3,62.0,4.638888888888888,16001.66
2015-10-20 09:00:00,0,24.4,58.0,4.638888888888888,17038.039999999997
2015-10-20 10:00:00,0,25.6,48.0,5.138888888888888,17593.1
2015-10-20 11:00:00,0,26.1,39.0,5.666666666666666,17868.049999999992
2015-10-20 12:00:00,0,21.15,59.0,12.61111111111111,17885.84
2015-10-20 13:00:00,0,22.8,44.0,5.138888888888888,17805.460000000003
2015-10-20 14:00:00,0,24.4,37.0,3.083333333333333,17867.1
2015-10-20 15:00:00,0,23.9,40.0,1.5555555555555554,17744.7
2015-10-20 16:00:00,0,24.4,38.0,0.0,17452.35
2015-10-20 17:00:00,0,24.4,40.0,1.5555555555555554,16785.86
2015-10-20 18:00:00,0,23.3,48.0,4.638888888888888,16228.740000000002
2015-10-20 19:00:00,0,22.2,57.0,2.5833333333333335,15719.310000000001
2015-10-20 20:00:00,0,21.7,59.0,1.5555555555555554,15149.500000000005
2015-10-20 21:00:00,0,22.8,48.0,2.055555555555556,14694.350000000002
2015-10-20 22:00:00,0,22.2,51.0,2.055555555555556,13960.729999999998
2015-10-20 23:00:00,0,20.6,63.0,6.166666666666666,13450.699999999995
2015-10-21 00:00:00,0,20.6,54.0,1.5555555555555554,13109.919999999998
2015-10-21 01:00:00,0,19.4,73.0,2.055555555555556,13010.55
2015-10-21 02:00:00,0,19.4,70.0,0.0,13240.26
2015-10-21 03:00:00,0,20.0,68.0,1.5555555555555554,13154.859999999997
2015-10-21 04:00:00,0,18.9,78.0,3.611111111111111,13265.289999999999
2015-10-21 05:00:00,0,17.8,87.0,3.083333333333333,13731.600000000002
2015-10-21 06:00:00,0,17.8,80.0,1.5555555555555554,14439.900000000001
2015-10-21 07:00:00,0,19.4,68.0,1.5555555555555554,14874.979999999992
2015-10-21 08:00:00,0,18.9,73.0,5.666666666666666,15775.64
2015-10-21 09:00:00,0,20.6,58.0,5.138888888888888,16556.43
2015-10-21 10:00:00,0,21.7,55.0,4.111111111111112,17246.91
2015-10-21 11:00:00,0,22.8,49.0,3.611111111111111,17458.730000000003
2015-10-21 12:00:00,0,23.3,45.0,6.166666666666666,17553.87
2015-10-21 13:00:00,0,22.8,42.0,3.083333333333333,17529.769999999993
2015-10-21 14:00:00,0,24.4,35.0,2.5833333333333335,17490.969999999998
2015-10-21 15:00:00,0,23.9,38.0,3.083333333333333,17481.420000000002
2015-10-21 16:00:00,0,23.3,40.0,2.5833333333333335,17158.300000000003
2015-10-21 17:00:00,0,22.8,41.0,2.055555555555556,16560.35
2015-10-21 18:00:00,0,21.7,49.0,2.055555555555556,16031.579999999998
2015-10-21 19:00:00,0,20.6,57.0,3.611111111111111,15425.7
2015-10-21 20:00:00,0,20.0,61.0,2.055555555555556,14997.559999999996
2015-10-21 21:00:00,0,19.4,63.0,0.0,14544.35
2015-10-21 22:00:00,0,18.9,59.0,2.055555555555556,13754.130000000001
2015-10-21 23:00:00,0,18.3,63.0,2.5833333333333335,13340.75
2015-10-22 00:00:00,0,17.8,65.0,2.5833333333333335,13148.259999999998
2015-10-22 01:00:00,0,17.2,70.0,2.055555555555556,13081.599999999999
2015-10-22 02:00:00,0,17.2,67.0,2.055555555555556,13213.7
2015-10-22 03:00:00,0,16.7,72.0,2.5833333333333335,13188.24
2015-10-22 04:00:00,0,16.1,75.0,0.0,13252.090000000004
2015-10-22 05:00:00,0,16.7,72.0,1.5555555555555554,13736.650000000001
2015-10-22 06:00:00,0,16.1,72.0,2.055555555555556,14466.2825
2015-10-22 07:00:00,0,17.2,67.0,2.5833333333333335,14961.8775
2015-10-22 08:00:00,0,18.9,60.0,2.5833333333333335,15807.909999999996
2015-10-22 09:00:00,0,21.1,51.0,2.055555555555556,16753.6
2015-10-22 10:00:00,0,22.8,44.0,1.5555555555555554,17330.39
2015-10-22 11:00:00,0,23.9,41.0,1.5555555555555554,17678.070000000003
2015-10-22 12:00:00,0,25.0,37.0,2.055555555555556,17678.069999999996
2015-10-22 13:00:00,0,25.6,36.0,2.055555555555556,17714.63
2015-10-22 14:00:00,0,26.1,35.0,3.083333333333333,17738.265000000003
2015-10-22 15:00:00,0,25.6,33.0,2.055555555555556,17700.637500000004
2015-10-22 16:00:00,0,25.6,35.0,3.083333333333333,17454.5125
2015-10-22 17:00:00,0,25.0,37.0,2.055555555555556,16627.559999999998
2015-10-22 18:00:00,0,23.9,41.0,2.5833333333333335,16109.340000000002
2015-10-22 19:00:00,0,22.8,48.0,1.5555555555555554,15563.39
2015-10-22 20:00:00,0,22.8,46.0,0.0,15038.29
2015-10-22 21:00:00,0,22.8,46.0,0.0,14617.879999999997
2015-10-22 22:00:00,0,21.0,58.0,0.0,13925.097499999998
2015-10-22 23:00:00,0,21.1,55.0,0.0,13408.9
2015-10-23 00:00:00,0,20.0,59.0,0.0,13039.129999999997
2015-10-23 01:00:00,0,19.4,61.0,1.5555555555555554,13004.000000000002
2015-10-23 02:00:00,0,18.9,63.0,0.0,13089.829999999998
2015-10-23 03:00:00,0,18.3,68.0,0.0,13065.99
2015-10-23 04:00:00,0,17.8,73.0,0.0,13137.589999999998
2015-10-23 05:00:00,0,17.8,70.0,0.0,13591.330000000002
2015-10-23 06:00:00,0,17.2,72.0,2.055555555555556,14278.535000000002
2015-10-23 07:00:00,0,18.9,65.0,1.5555555555555554,14870.499999999998
2015-10-23 08:00:00,0,21.1,53.0,3.611111111111111,15653.789999999997
2015-10-23 09:00:00,0,22.8,48.0,2.5833333333333335,16493.600000000002
2015-10-23 10:00:00,0,24.4,42.0,1.5555555555555554,17047.920000000006
2015-10-23 11:00:00,0,25.6,39.0,0.0,17215.307500000003
2015-10-23 12:00:00,0,26.7,34.0,1.5555555555555554,17251.392499999998
2015-10-23 13:00:00,0,27.2,33.0,1.5555555555555554,17332.245000000006
2015-10-23 14:00:00,0,28.3,31.0,3.083333333333333,17274.769999999997
2015-10-23 15:00:00,0,28.9,28.0,3.611111111111111,17086.892499999994
2015-10-23 16:00:00,0,28.3,29.0,5.666666666666666,16772.530000000002
2015-10-23 17:00:00,0,27.2,34.0,2.055555555555556,16009.017499999998
2015-10-23 18:00:00,0,26.1,38.0,1.5555555555555554,15446.109999999997
2015-10-23 19:00:00,0,25.0,43.0,0.0,15024.247499999998
2015-10-23 20:00:00,0,24.4,46.0,1.5555555555555554,14682.074999999999
2015-10-23 21:00:00,0,25.0,42.0,2.5833333333333335,14386.689999999997
2015-10-23 22:00:00,0,24.4,42.0,3.611111111111111,13774.320000000003
2015-10-23 23:00:00,0,22.2,49.0,0.0,13305.350000000004
2015-10-24 00:00:00,1,21.1,51.0,0.0,13024.999999999998
2015-10-24 01:00:00,1,21.7,47.0,0.0,12856.580000000002
2015-10-24 02:00:00,1,20.0,52.0,0.0,12864.390000000001
2015-10-24 03:00:00,1,21.1,47.0,2.055555555555556,12808.720000000001
2015-10-24 04:00:00,1,17.8,65.0,3.611111111111111,12888.329999999996
2015-10-24 05:00:00,1,18.3,56.0,2.5833333333333335,13100.000000000002
2015-10-24 06:00:00,1,17.8,63.0,0.0,13520.399999999998
2015-10-24 07:00:00,1,21.1,46.0,0.0,13573.480000000003
2015-10-24 08:00:00,1,23.3,41.0,1.5555555555555554,13862.150000000003
2015-10-24 09:00:00,1,26.7,28.0,3.611111111111111,14120.55
2015-10-24 10:00:00,1,28.9,23.0,5.138888888888888,14276.689999999999
2015-10-24 11:00:00,1,29.4,21.0,2.055555555555556,14357.530000000002
2015-10-24 12:00:00,1,31.1,19.0,2.055555555555556,14442.16
2015-10-24 13:00:00,1,31.1,18.0,3.611111111111111,14397.32
2015-10-24 14:00:00,1,31.7,16.0,2.055555555555556,14454.76
2015-10-24 15:00:00,1,32.2,17.0,3.611111111111111,14330.93
2015-10-24 16:00:00,1,31.7,18.0,2.055555555555556,14229.46
2015-10-24 17:00:00,1,30.0,20.0,1.5555555555555554,13970.219999999998
2015-10-24 18:00:00,1,28.3,24.0,3.083333333333333,13999.230000000001
2015-10-24 19:00:00,1,27.2,27.0,2.055555555555556,13812.730000000001
2015-10-24 20:00:00,1,25.6,31.0,3.083333333333333,13600.509999999997
2015-10-24 21:00:00,1,24.75,32.0,3.083333333333333,13423.880000000001
2015-10-24 22:00:00,1,23.9,33.0,3.083333333333333,13131.809999999998
2015-10-24 23:00:00,1,23.3,35.0,2.055555555555556,12906.400000000001
2015-10-25 00:00:00,1,23.3,35.0,0.0,12761.539999999999
2015-10-25 01:00:00,1,23.9,33.0,1.5555555555555554,12715.26
2015-10-25 02:00:00,1,22.8,38.0,0.0,12764.239999999998
2015-10-25 03:00:00,1,21.7,41.0,0.0,12686.089999999997
2015-10-25 04:00:00,1,21.1,46.0,3.083333333333333,12912.910000000002
2015-10-25 05:00:00,1,21.7,44.0,4.638888888888888,13011.64
2015-10-25 06:00:00,1,22.2,43.0,4.111111111111112,13320.8
2015-10-25 07:00:00,1,23.3,40.0,1.5555555555555554,13239.679999999998
2015-10-25 08:00:00,1,26.1,34.0,4.111111111111112,13340.150000000003
2015-10-25 09:00:00,1,27.2,30.0,3.611111111111111,13478.669999999998
2015-10-25 10:00:00,1,27.8,29.0,3.611111111111111,13520.19
2015-10-25 11:00:00,1,29.4,26.0,5.138888888888888,13642.859999999995
2015-10-25 12:00:00,1,30.6,25.0,5.138888888888888,13756.729999999998
2015-10-25 13:00:00,1,30.6,24.0,3.611111111111111,13892.909999999998
2015-10-25 14:00:00,1,31.1,23.0,5.138888888888888,13969.099999999999
2015-10-25 15:00:00,1,30.0,26.0,2.055555555555556,13907.859999999999
2015-10-25 16:00:00,1,30.0,26.0,2.5833333333333335,13804.4
2015-10-25 17:00:00,1,29.4,27.0,0.0,13702.94
2015-10-25 18:00:00,1,28.3,31.0,3.083333333333333,13879.36
2015-10-25 19:00:00,1,27.2,33.0,1.5555555555555554,13773.3
2015-10-25 20:00:00,1,26.1,34.0,2.055555555555556,13451.619999999999
2015-10-25 21:00:00,1,24.4,43.0,0.0,13299.5
2015-10-25 22:00:00,1,24.4,42.0,0.0,13135.629999999997
2015-10-25 23:00:00,1,23.3,46.0,0.0,13017.010000000004
2015-10-26 00:00:00,0,22.8,48.0,0.0,12823.039999999999
2015-10-26 01:00:00,0,21.7,53.0,0.0,12810.61
2015-10-26 02:00:00,0,21.7,49.0,1.5555555555555554,13061.829999999996
2015-10-26 03:00:00,0,20.0,61.0,1.5555555555555554,13228.11
2015-10-26 04:00:00,0,21.1,53.0,1.5555555555555554,13532.31
2015-10-26 05:00:00,0,19.4,63.0,0.0,13983.350000000002
2015-10-26 06:00:00,0,20.6,54.0,0.0,14339.500000000002
2015-10-26 07:00:00,0,21.7,51.0,0.0,14649.929999999995
2015-10-26 08:00:00,0,24.4,42.0,2.055555555555556,15545.320000000002
2015-10-26 09:00:00,0,26.7,35.0,3.083333333333333,16491.690000000002
2015-10-26 10:00:00,0,27.8,30.0,2.055555555555556,17210.8
2015-10-26 11:00:00,0,29.4,27.0,3.611111111111111,17481.15
2015-10-26 12:00:00,0,30.6,24.0,2.055555555555556,17652.530000000002
2015-10-26 13:00:00,0,31.1,23.0,0.0,17807.129999999997
2015-10-26 14:00:00,0,31.7,22.0,1.5555555555555554,17950.890000000003
2015-10-26 15:00:00,0,31.7,21.0,2.5833333333333335,17828.919999999995
2015-10-26 16:00:00,0,31.1,22.0,3.611111111111111,17568.350000000002
2015-10-26 17:00:00,0,30.6,21.0,3.083333333333333,16818.479999999996
2015-10-26 18:00:00,0,30.0,22.0,3.083333333333333,16280.200000000003
2015-10-26 19:00:00,0,26.7,32.0,2.055555555555556,15658.86
2015-10-26 20:00:00,0,25.6,36.0,1.5555555555555554,15194.08
2015-10-26 21:00:00,0,26.1,34.0,0.0,14721.899999999998
2015-10-26 22:00:00,0,22.8,48.0,2.055555555555556,13850.120000000003
2015-10-26 23:00:00,0,22.8,41.0,2.5833333333333335,13480.7
2015-10-27 00:00:00,0,23.3,38.0,1.5555555555555554,13329.28
2015-10-27 01:00:00,0,22.8,38.0,1.5555555555555554,13135.589999999997
2015-10-27 02:00:00,0,20.6,45.0,0.0,13261.05
2015-10-27 03:00:00,0,20.0,45.0,1.5555555555555554,13172.58
2015-10-27 04:00:00,0,18.9,52.0,0.0,13238.719999999996
2015-10-27 05:00:00,0,18.9,50.0,3.083333333333333,13706.480000000001
2015-10-27 06:00:00,0,18.9,50.0,2.055555555555556,14449.28
2015-10-27 07:00:00,0,20.6,45.0,3.083333333333333,14765.489999999998
2015-10-27 08:00:00,0,22.8,38.0,3.611111111111111,15782.51
2015-10-27 09:00:00,0,25.6,33.0,4.638888888888888,16751.759999999995
2015-10-27 10:00:00,0,26.7,31.0,3.611111111111111,17468.370000000003
2015-10-27 11:00:00,0,28.9,27.0,2.5833333333333335,17791.349999999995
2015-10-27 12:00:00,0,29.4,23.0,0.0,17865.885000000002
2015-10-27 13:00:00,0,30.6,20.0,2.055555555555556,17929.72
2015-10-27 14:00:00,0,30.6,18.0,3.083333333333333,17979.242500000008
2015-10-27 15:00:00,0,31.1,15.0,2.5833333333333335,17844.367500000004
2015-10-27 16:00:00,0,30.6,16.0,3.083333333333333,17467.85
2015-10-27 17:00:00,0,28.9,20.0,2.5833333333333335,16705.359999999997
2015-10-27 18:00:00,0,28.9,20.0,1.5555555555555554,16144.599999999995
2015-10-27 19:00:00,0,27.2,25.0,0.0,15571.607499999998
2015-10-27 20:00:00,0,26.7,26.0,2.055555555555556,15232.767499999998
2015-10-27 21:00:00,0,25.6,30.0,2.055555555555556,14560.177499999996
2015-10-27 22:00:00,0,23.3,38.0,1.5555555555555554,13864.065
2015-10-27 23:00:00,0,23.3,37.0,0.0,13425.644999999997
2015-10-28 00:00:00,0,22.5,39.0,0.0,13093.785
2015-10-28 01:00:00,0,21.7,41.0,0.0,13029.024999999998
2015-10-28 02:00:00,0,20.6,45.0,3.083333333333333,13095.3525
2015-10-28 03:00:00,0,20.0,49.0,2.5833333333333335,13123.355000000003
2015-10-28 04:00:00,0,20.6,44.0,3.611111111111111,13163.944999999998
2015-10-28 05:00:00,0,20.0,42.0,3.611111111111111,13553.9225
2015-10-28 06:00:00,0,20.0,40.0,4.111111111111112,14266.282500000001
2015-10-28 07:00:00,0,20.6,40.0,3.083333333333333,14571.255000000001
2015-10-28 08:00:00,0,21.7,38.0,3.083333333333333,15535.154999999999
2015-10-28 09:00:00,0,22.8,35.0,4.111111111111112,16446.624999999996
2015-10-28 10:00:00,0,25.0,31.0,3.083333333333333,17025.375
2015-10-28 11:00:00,0,26.7,29.0,3.083333333333333,17362.9825
2015-10-28 12:00:00,0,28.3,23.0,3.083333333333333,17639.3
2015-10-28 13:00:00,0,28.3,24.0,0.0,17682.7075
2015-10-28 14:00:00,0,29.4,22.0,1.5555555555555554,17743.12
2015-10-28 15:00:00,0,29.4,20.0,2.5833333333333335,17695.569999999992
2015-10-28 16:00:00,0,28.9,19.0,1.5555555555555554,17307.237500000003
2015-10-28 17:00:00,0,27.8,22.0,1.5555555555555554,16653.18
2015-10-28 18:00:00,0,27.2,25.0,1.5555555555555554,16077.670000000002
2015-10-28 19:00:00,0,26.7,26.0,1.5555555555555554,15573.630000000001
2015-10-28 20:00:00,0,25.0,34.0,0.0,15137.769999999999
2015-10-28 21:00:00,0,25.0,32.0,1.5555555555555554,14571.630000000001
2015-10-28 22:00:00,0,24.4,33.0,2.5833333333333335,13739.840000000004
2015-10-28 23:00:00,0,24.4,32.0,3.083333333333333,13358.119999999995
2015-10-29 00:00:00,0,23.3,38.0,3.083333333333333,13141.390000000001
2015-10-29 01:00:00,0,21.7,47.0,4.111111111111112,12996.449999999995
2015-10-29 02:00:00,0,21.7,45.0,3.611111111111111,13051.26
2015-10-29 03:00:00,0,21.15,50.0,3.3472222222222223,13083.309999999998
2015-10-29 04:00:00,0,20.85,56.5,3.861111111111111,13189.640000000003
2015-10-29 05:00:00,0,20.0,59.0,3.611111111111111,13542.349999999999
2015-10-29 06:00:00,0,18.9,68.0,5.138888888888888,14301.1
2015-10-29 07:00:00,0,20.0,59.0,5.138888888888888,14678.000000000002
2015-10-29 08:00:00,0,21.1,55.0,3.083333333333333,15636.680000000004
2015-10-29 09:00:00,0,23.3,46.0,2.5833333333333335,16732.110000000004
2015-10-29 10:00:00,0,25.0,37.0,4.638888888888888,17466.099999999995
2015-10-29 11:00:00,0,26.1,34.0,3.083333333333333,17620.36
2015-10-29 12:00:00,0,27.2,33.0,4.111111111111112,17662.21
2015-10-29 13:00:00,0,26.7,27.0,6.694444444444445,17644.78
2015-10-29 14:00:00,0,25.0,29.0,4.111111111111112,17617.210000000003
2015-10-29 15:00:00,0,24.15,31.5,7.458333333333334,17492.23
2015-10-29 16:00:00,0,23.3,34.0,7.194444444444444,17204.53
2015-10-29 17:00:00,0,21.1,41.0,5.666666666666666,16527.299999999996
2015-10-29 18:00:00,0,20.0,49.0,5.138888888888888,16040.509999999998
2015-10-29 19:00:00,0,18.3,61.0,4.638888888888888,15560.369999999995
2015-10-29 20:00:00,0,18.9,54.0,3.611111111111111,15110.630000000001
2015-10-29 21:00:00,0,18.9,54.0,3.083333333333333,14650.43
2015-10-29 22:00:00,0,18.3,56.0,2.5833333333333335,13812.650000000001
2015-10-29 23:00:00,0,18.3,63.0,0.0,13354.879999999997
2015-10-30 00:00:00,0,17.8,67.0,1.5555555555555554,13080.929999999995
2015-10-30 01:00:00,0,17.2,75.0,2.5833333333333335,12937.660000000002
2015-10-30 02:00:00,0,16.7,78.0,2.055555555555556,13154.250000000002
2015-10-30 03:00:00,0,15.6,93.0,1.5555555555555554,13100.509999999995
2015-10-30 04:00:00,0,16.1,83.0,0.0,13237.750000000002
2015-10-30 05:00:00,0,16.1,81.0,0.0,13650.759999999998
2015-10-30 06:00:00,0,16.1,78.0,0.0,14342.190000000004
2015-10-30 07:00:00,0,16.7,72.0,3.083333333333333,14740.420000000004
2015-10-30 08:00:00,0,18.9,59.0,3.083333333333333,15547.569999999998
2015-10-30 09:00:00,0,19.4,57.0,3.611111111111111,16344.159999999994
2015-10-30 10:00:00,0,21.1,47.0,1.5555555555555554,16818.439999999995
2015-10-30 11:00:00,0,22.2,44.0,1.5555555555555554,17019.410000000007
2015-10-30 12:00:00,0,22.8,39.0,2.055555555555556,17108.780000000002
2015-10-30 13:00:00,0,24.4,33.0,3.083333333333333,17087.41
2015-10-30 14:00:00,0,25.6,27.0,4.638888888888888,17028.950000000004
2015-10-30 15:00:00,0,25.6,25.0,6.166666666666666,16916.85
2015-10-30 16:00:00,0,25.6,24.0,4.111111111111112,16597.920000000006
2015-10-30 17:00:00,0,25.0,24.0,3.611111111111111,15968.449999999999
2015-10-30 18:00:00,0,24.4,24.0,3.083333333333333,15327.339999999998
2015-10-30 19:00:00,0,23.3,28.0,1.5555555555555554,14880.290000000003
2015-10-30 20:00:00,0,22.2,31.0,0.0,14539.150000000005
2015-10-30 21:00:00,0,22.2,33.0,1.5555555555555554,14217.53
2015-10-30 22:00:00,0,21.1,33.0,3.611111111111111,13566.749999999998
2015-10-30 23:00:00,0,18.3,47.0,0.0,13133.070000000002
2015-10-31 00:00:00,1,17.8,50.0,1.5555555555555554,12880.969999999998
2015-10-31 01:00:00,1,17.2,56.0,0.0,12838.570000000002
2015-10-31 02:00:00,1,16.7,52.0,0.0,12752.239999999998
2015-10-31 03:00:00,1,16.1,52.0,2.055555555555556,12776.41
2015-10-31 04:00:00,1,15.6,55.0,0.0,12974.12
2015-10-31 05:00:00,1,15.0,55.0,1.5555555555555554,13183.8
2015-10-31 06:00:00,1,14.4,56.0,2.055555555555556,13565.670000000002
2015-10-31 07:00:00,1,16.1,62.0,1.5555555555555554,13627.119999999997
2015-10-31 08:00:00,1,17.8,41.0,2.055555555555556,13801.920000000002
2015-10-31 09:00:00,1,21.1,31.0,2.055555555555556,13847.449999999999
2015-10-31 10:00:00,1,22.8,26.0,0.0,13896.97
2015-10-31 11:00:00,1,25.0,23.0,0.0,14058.710000000003
2015-10-31 12:00:00,1,25.6,19.0,1.5555555555555554,14117.859999999999
2015-10-31 13:00:00,1,26.7,17.0,1.5555555555555554,14034.059999999998
2015-10-31 14:00:00,1,26.7,17.0,2.5833333333333335,13997.669999999998
2015-10-31 15:00:00,1,27.8,18.0,4.111111111111112,13967.480000000005
2015-10-31 16:00:00,1,27.2,20.0,3.083333333333333,13794.490000000002
2015-10-31 17:00:00,1,25.6,24.0,2.5833333333333335,13655.000000000002
2015-10-31 18:00:00,1,23.3,30.0,2.5833333333333335,13720.67
2015-10-31 19:00:00,1,25.0,24.0,2.055555555555556,13569.829999999998
2015-10-31 20:00:00,1,22.8,30.0,1.5555555555555554,13407.960000000001
2015-10-31 21:00:00,1,21.1,35.0,2.5833333333333335,13310.230000000003
2015-10-31 22:00:00,1,20.6,36.0,2.5833333333333335,13071.030000000002
2015-10-31 23:00:00,1,18.9,43.0,3.611111111111111,12805.640000000003
2015-11-01 00:00:00,1,18.3,47.0,3.083333333333333,12651.510000000002
2015-11-01 01:00:00,1,17.8,46.0,3.611111111111111,12667.29
2015-11-01 02:00:00,1,17.2,48.0,3.083333333333333,12626.97
2015-11-01 03:00:00,1,16.1,54.0,3.611111111111111,12660.61
2015-11-01 04:00:00,1,16.1,52.0,4.638888888888888,12915.77
2015-11-01 05:00:00,1,15.0,58.0,3.611111111111111,12997.920000000002
2015-11-01 06:00:00,1,15.0,58.0,4.111111111111112,13276.050000000003
2015-11-01 07:00:00,1,16.7,53.0,3.083333333333333,13238.999999999996
2015-11-01 08:00:00,1,18.9,45.0,4.638888888888888,13212.679999999998
2015-11-01 09:00:00,1,21.1,38.0,3.083333333333333,13235.55
2015-11-01 10:00:00,1,23.3,30.0,0.0,13379.539999999994
2015-11-01 11:00:00,1,25.0,28.0,1.5555555555555554,13515.56
2015-11-01 12:00:00,1,26.1,24.0,1.5555555555555554,13666.740000000002
2015-11-01 13:00:00,1,27.8,22.0,2.055555555555556,13722.66
2015-11-01 14:00:00,1,28.9,20.0,1.5555555555555554,13790.179999999998
2015-11-01 15:00:00,1,28.9,19.0,0.0,13789.019999999997
2015-11-01 16:00:00,1,28.3,21.0,0.0,13771.920000000002
2015-11-01 17:00:00,1,27.8,22.0,0.0,13710.329999999996
2015-11-01 18:00:00,1,26.7,24.0,0.0,13829.150000000001
2015-11-01 19:00:00,1,23.3,35.0,0.0,13750.499999999996
2015-11-01 20:00:00,1,23.3,34.0,1.5555555555555554,13432.15
2015-11-01 21:00:00,1,21.7,39.0,2.5833333333333335,13258.42
2015-11-01 22:00:00,1,20.6,42.0,4.111111111111112,13093.219999999998
2015-11-01 23:00:00,1,19.4,44.0,3.611111111111111,12882.989999999996
2015-11-02 00:00:00,0,18.9,45.0,2.055555555555556,12780.6
2015-11-02 01:00:00,0,17.8,52.0,3.083333333333333,12841.58
2015-11-02 02:00:00,0,17.8,50.0,2.5833333333333335,12935.45
2015-11-02 03:00:00,0,17.8,48.0,3.083333333333333,13140.070000000002
2015-11-02 04:00:00,0,17.2,54.0,2.5833333333333335,13513.19
2015-11-02 05:00:00,0,17.2,54.0,3.083333333333333,13915.540000000005
2015-11-02 06:00:00,0,16.1,58.0,2.055555555555556,14524.809999999996
2015-11-02 07:00:00,0,17.2,56.0,3.083333333333333,14870.920000000004
2015-11-02 08:00:00,0,20.0,45.0,4.111111111111112,15602.030000000006
2015-11-02 09:00:00,0,22.2,40.0,3.611111111111111,16478.13
2015-11-02 10:00:00,0,24.4,35.0,4.638888888888888,16992.550000000003
2015-11-02 11:00:00,0,26.7,28.0,4.638888888888888,17297.890000000003
2015-11-02 12:00:00,0,28.9,25.0,3.083333333333333,17498.339999999997
2015-11-02 13:00:00,0,30.0,20.0,0.0,17570.68
2015-11-02 14:00:00,0,30.0,20.0,3.611111111111111,17655.589999999993
2015-11-02 15:00:00,0,30.6,17.0,2.055555555555556,17554.96
2015-11-02 16:00:00,0,30.0,18.0,2.5833333333333335,17203.739999999998
2015-11-02 17:00:00,0,28.3,19.0,2.055555555555556,16544.829999999998
2015-11-02 18:00:00,0,26.7,22.0,2.055555555555556,16126.920000000002
2015-11-02 19:00:00,0,25.0,24.0,3.083333333333333,15486.160000000002
2015-11-02 20:00:00,0,24.4,26.0,2.5833333333333335,15087.530000000002
2015-11-02 21:00:00,0,23.3,28.0,3.611111111111111,14541.330000000004
2015-11-02 22:00:00,0,22.2,31.0,4.638888888888888,13834.989999999998
2015-11-02 23:00:00,0,21.7,30.0,2.5833333333333335,13513.520000000002
2015-11-03 00:00:00,0,22.2,28.0,3.611111111111111,13159.020000000002
2015-11-03 01:00:00,0,22.8,30.0,7.194444444444444,13018.079999999998
2015-11-03 02:00:00,0,20.0,37.0,3.611111111111111,13193.86
2015-11-03 03:00:00,0,18.9,42.0,4.638888888888888,13127.26
2015-11-03 04:00:00,0,17.8,45.0,1.5555555555555554,13199.020000000002
2015-11-03 05:00:00,0,18.3,43.0,1.5555555555555554,13620.749999999998
2015-11-03 06:00:00,0,18.3,43.0,3.083333333333333,14406.329999999998
2015-11-03 07:00:00,0,20.0,39.0,4.111111111111112,14758.369999999997
2015-11-03 08:00:00,0,21.7,35.0,6.166666666666666,15606.460000000001
2015-11-03 09:00:00,0,24.4,31.0,5.666666666666666,16551.300000000003
2015-11-03 10:00:00,0,26.7,28.0,6.166666666666666,17092.91
2015-11-03 11:00:00,0,26.7,29.0,6.694444444444445,17357.66
2015-11-03 12:00:00,0,28.3,27.0,5.666666666666666,17522.909999999996
2015-11-03 13:00:00,0,25.85,36.0,5.916666666666667,17623.25
2015-11-03 14:00:00,0,25.0,34.0,10.277777777777777,17748.59999999999
2015-11-03 15:00:00,0,23.9,29.0,10.277777777777777,17649.484999999997
2015-11-03 16:00:00,0,22.8,30.0,10.805555555555555,17281.960000000006
2015-11-03 17:00:00,0,21.7,32.0,8.222222222222223,16505.68
2015-11-03 18:00:00,0,20.6,26.0,6.166666666666666,16071.260000000002
2015-11-03 19:00:00,0,20.0,27.0,4.111111111111112,15572.560000000001
2015-11-03 20:00:00,0,20.0,28.0,4.638888888888888,15037.689999999999
2015-11-03 21:00:00,0,19.4,30.0,4.638888888888888,14538.289999999997
2015-11-03 22:00:00,0,18.3,42.0,2.5833333333333335,13736.69
2015-11-03 23:00:00,0,17.8,43.0,4.638888888888888,13326.639999999998
2015-11-04 00:00:00,0,16.1,56.0,4.111111111111112,13016.970000000001
2015-11-04 01:00:00,0,15.6,67.0,4.111111111111112,12994.750000000002
2015-11-04 02:00:00,0,15.0,67.0,3.083333333333333,13098.14
2015-11-04 03:00:00,0,15.0,69.0,2.5833333333333335,13079.189999999999
2015-11-04 04:00:00,0,14.4,72.0,1.5555555555555554,13170.370000000003
2015-11-04 05:00:00,0,13.9,64.0,3.083333333333333,13618.919999999996
2015-11-04 06:00:00,0,13.9,74.0,3.083333333333333,14381.920000000006
2015-11-04 07:00:00,0,13.9,83.0,3.083333333333333,14859.630000000001
2015-11-04 08:00:00,0,15.0,62.0,2.5833333333333335,15659.109999999997
2015-11-04 09:00:00,0,14.4,60.0,2.5833333333333335,16459.37
2015-11-04 10:00:00,0,16.7,56.0,5.138888888888888,16920.530000000002
2015-11-04 11:00:00,0,18.3,43.0,2.055555555555556,17292.49
2015-11-04 12:00:00,0,18.3,40.0,5.666666666666666,17525.26
2015-11-04 13:00:00,0,18.3,40.0,3.083333333333333,17368.49
2015-11-04 14:00:00,0,18.9,36.0,6.694444444444445,17362.479999999996
2015-11-04 15:00:00,0,19.4,32.0,4.111111111111112,17261.100000000002
2015-11-04 16:00:00,0,19.4,32.0,5.666666666666666,17057.380000000005
2015-11-04 17:00:00,0,15.6,55.0,6.166666666666666,16546.63
2015-11-04 18:00:00,0,14.4,62.0,3.611111111111111,16128.600000000002
2015-11-04 19:00:00,0,13.3,69.0,4.111111111111112,15680.070000000003
2015-11-04 20:00:00,0,12.8,72.0,3.083333333333333,15205.599999999997
2015-11-04 21:00:00,0,12.8,69.0,1.5555555555555554,14697.470000000001
2015-11-04 22:00:00,0,12.2,72.0,2.5833333333333335,13903.040000000003
2015-11-04 23:00:00,0,12.2,75.0,1.5555555555555554,13379.82
2015-11-05 00:00:00,0,12.8,72.0,1.5555555555555554,13104.84
2015-11-05 01:00:00,0,12.2,77.0,3.083333333333333,13024.810000000001
2015-11-05 02:00:00,0,11.7,80.0,2.055555555555556,13183.160000000003
2015-11-05 03:00:00,0,11.1,86.0,1.5555555555555554,13207.149999999998
2015-11-05 04:00:00,0,11.1,80.0,1.5555555555555554,13358.130000000001
2015-11-05 05:00:00,0,10.6,86.0,0.0,13830.329999999996
2015-11-05 06:00:00,0,10.0,89.0,1.5555555555555554,14932.83
2015-11-05 07:00:00,0,11.1,77.0,2.055555555555556,15318.685000000001
2015-11-05 08:00:00,0,12.8,72.0,2.5833333333333335,16228.449999999995
2015-11-05 09:00:00,0,13.3,69.0,2.055555555555556,16812.08
2015-11-05 10:00:00,0,13.9,59.0,2.5833333333333335,17287.349999999995
2015-11-05 11:00:00,0,16.1,50.0,0.0,17444.19
2015-11-05 12:00:00,0,17.2,43.0,2.5833333333333335,17444.53
2015-11-05 13:00:00,0,17.8,37.0,1.5555555555555554,17439.969999999998
2015-11-05 14:00:00,0,18.3,33.0,1.5555555555555554,17419.990000000005
2015-11-05 15:00:00,0,18.9,30.0,4.111111111111112,17377.180000000004
2015-11-05 16:00:00,0,18.3,33.0,2.055555555555556,17165.309999999998
2015-11-05 17:00:00,0,17.8,35.0,2.055555555555556,16640.510000000002
2015-11-05 18:00:00,0,17.8,34.0,3.611111111111111,16203.049999999997
2015-11-05 19:00:00,0,17.2,35.0,3.611111111111111,15698.18
2015-11-05 20:00:00,0,13.9,53.0,2.055555555555556,15271.4
2015-11-05 21:00:00,0,15.6,42.0,2.5833333333333335,14799.289999999997
2015-11-05 22:00:00,0,12.8,57.0,2.5833333333333335,13971.340000000002
2015-11-05 23:00:00,0,12.2,59.0,2.055555555555556,13366.48
2015-11-06 00:00:00,0,12.2,57.0,2.055555555555556,13085.169999999996
2015-11-06 01:00:00,0,10.6,66.0,1.5555555555555554,13096.620000000003
2015-11-06 02:00:00,0,10.0,68.0,2.055555555555556,13304.2
2015-11-06 03:00:00,0,10.0,68.0,1.5555555555555554,13316.349999999999
2015-11-06 04:00:00,0,10.6,66.0,2.5833333333333335,13332.950000000003
2015-11-06 05:00:00,0,9.4,71.0,1.5555555555555554,13994.870000000003
2015-11-06 06:00:00,0,10.0,68.0,2.055555555555556,14897.625
2015-11-06 07:00:00,0,10.6,66.0,0.0,15154.8
2015-11-06 08:00:00,0,12.2,59.0,0.0,16038.470000000001
2015-11-06 09:00:00,0,15.0,46.0,0.0,16649.190000000002
2015-11-06 10:00:00,0,16.1,41.0,1.5555555555555554,16981.88
2015-11-06 11:00:00,0,18.9,33.0,1.5555555555555554,16958.959999999992
2015-11-06 12:00:00,0,19.4,27.0,2.5833333333333335,17008.989999999994
2015-11-06 13:00:00,0,21.1,18.0,3.083333333333333,17082.629999999997
2015-11-06 14:00:00,0,21.7,17.0,2.055555555555556,17084.024999999998
2015-11-06 15:00:00,0,22.8,18.0,4.638888888888888,16790.212500000005
2015-11-06 16:00:00,0,22.8,20.0,4.111111111111112,16489.38
2015-11-06 17:00:00,0,20.6,24.0,4.638888888888888,15833.569999999998
2015-11-06 18:00:00,0,19.4,31.0,3.611111111111111,15248.670000000004
2015-11-06 19:00:00,0,18.9,30.0,2.055555555555556,14861.86
2015-11-06 20:00:00,0,18.9,28.0,2.055555555555556,14462.749999999998
2015-11-06 21:00:00,0,16.7,38.0,1.5555555555555554,14161.019999999997
2015-11-06 22:00:00,0,15.6,39.0,0.0,13507.349999999997
2015-11-06 23:00:00,0,15.6,38.0,2.055555555555556,13031.239999999998
2015-11-07 00:00:00,1,13.3,47.0,2.055555555555556,12799.859999999997
2015-11-07 01:00:00,1,12.8,47.0,1.5555555555555554,12700.619999999999
2015-11-07 02:00:00,1,11.7,55.0,0.0,12716.749999999998
2015-11-07 03:00:00,1,12.2,49.0,0.0,12668.63
2015-11-07 04:00:00,1,11.7,55.0,1.5555555555555554,12849.010000000002
2015-11-07 05:00:00,1,11.7,52.0,0.0,13093.180000000002
2015-11-07 06:00:00,1,10.6,56.0,1.5555555555555554,13567.640000000003
2015-11-07 07:00:00,1,12.2,51.0,0.0,13659.530000000002
2015-11-07 08:00:00,1,15.0,38.0,2.055555555555556,13715.170000000002
2015-11-07 09:00:00,1,17.8,30.0,2.055555555555556,13790.02
2015-11-07 10:00:00,1,20.6,23.0,0.0,13878.19
2015-11-07 11:00:00,1,22.8,20.0,0.0,13979.21
2015-11-07 12:00:00,1,24.4,18.0,5.138888888888888,14047.0125
2015-11-07 13:00:00,1,25.6,17.0,4.638888888888888,13989.32
2015-11-07 14:00:00,1,26.1,17.0,1.5555555555555554,13924.490000000002
2015-11-07 15:00:00,1,26.1,17.0,0.0,13797.230000000003
2015-11-07 16:00:00,1,26.7,17.0,0.0,13717.040000000003
2015-11-07 17:00:00,1,23.9,23.0,2.055555555555556,13548.690000000004
2015-11-07 18:00:00,1,21.7,28.0,1.5555555555555554,13620.54
2015-11-07 19:00:00,1,22.2,24.0,1.5555555555555554,13465.950000000003
2015-11-07 20:00:00,1,18.3,39.0,2.055555555555556,13312.62
2015-11-07 21:00:00,1,18.9,33.0,0.0,13248.279999999995
2015-11-07 22:00:00,1,17.8,35.0,0.0,12914.519999999999
2015-11-07 23:00:00,1,16.7,41.0,1.5555555555555554,12716.75
2015-11-08 00:00:00,1,16.1,44.0,2.055555555555556,12589.27
2015-11-08 01:00:00,1,17.8,34.0,2.055555555555556,12533.429999999997
2015-11-08 02:00:00,1,16.7,38.0,1.5555555555555554,12550.649999999998
2015-11-08 03:00:00,1,16.7,38.0,0.0,12517.049999999997
2015-11-08 04:00:00,1,16.7,38.0,0.0,12827.560000000001
2015-11-08 05:00:00,1,15.6,44.0,1.5555555555555554,12930.220000000001
2015-11-08 06:00:00,1,15.0,46.0,1.5555555555555554,13226.19
2015-11-08 07:00:00,1,16.7,43.0,0.0,13241.469999999998
2015-11-08 08:00:00,1,19.4,37.0,3.611111111111111,13145.889999999996
2015-11-08 09:00:00,1,21.7,30.0,1.5555555555555554,13215.68
2015-11-08 10:00:00,1,23.9,26.0,2.5833333333333335,13319.489999999998
2015-11-08 11:00:00,1,25.0,25.0,2.055555555555556,13416.33
2015-11-08 12:00:00,1,26.1,23.0,0.0,13554.440000000002
2015-11-08 13:00:00,1,27.8,19.0,4.638888888888888,13572.410000000003
2015-11-08 14:00:00,1,26.7,20.0,1.5555555555555554,13630.82
2015-11-08 15:00:00,1,26.7,20.0,0.0,13656.21
2015-11-08 16:00:00,1,27.2,21.0,0.0,13484.599999999999
2015-11-08 17:00:00,1,25.0,25.0,0.0,13534.74
2015-11-08 18:00:00,1,22.8,30.0,2.5833333333333335,13632.980000000003
2015-11-08 19:00:00,1,21.1,35.0,2.5833333333333335,13475.979999999998
2015-11-08 20:00:00,1,20.6,38.0,0.0,13173.98
2015-11-08 21:00:00,1,19.4,37.0,0.0,13007.809999999998
2015-11-08 22:00:00,1,17.8,46.0,1.5555555555555554,12901.58
2015-11-08 23:00:00,1,16.7,48.0,2.055555555555556,12753.400000000001
2015-11-09 00:00:00,0,16.7,50.0,0.0,12648.859999999999
2015-11-09 01:00:00,0,16.1,54.0,2.5833333333333335,12637.910000000002
2015-11-09 02:00:00,0,15.6,53.0,1.5555555555555554,12874.35
2015-11-09 03:00:00,0,14.4,56.0,3.083333333333333,13052.060000000001
2015-11-09 04:00:00,0,13.9,55.0,3.083333333333333,13280.97
2015-11-09 05:00:00,0,13.3,60.0,3.083333333333333,13834.79
2015-11-09 06:00:00,0,13.9,57.0,3.611111111111111,14666.539999999995
2015-11-09 07:00:00,0,15.0,53.0,4.111111111111112,15174.99
2015-11-09 08:00:00,0,17.2,45.0,3.083333333333333,15880.040000000003
2015-11-09 09:00:00,0,19.4,37.0,2.5833333333333335,16489.170000000002
2015-11-09 10:00:00,0,21.7,30.0,2.5833333333333335,16916.87
2015-11-09 11:00:00,0,23.3,26.0,2.5833333333333335,17144.489999999998
2015-11-09 12:00:00,0,25.0,24.0,2.055555555555556,17283.820000000003
2015-11-09 13:00:00,0,26.1,21.0,3.611111111111111,17338.24
2015-11-09 14:00:00,0,25.6,17.0,0.0,17389.89
2015-11-09 15:00:00,0,26.7,14.0,3.611111111111111,17307.940000000002
2015-11-09 16:00:00,0,26.1,15.0,2.055555555555556,16950.31
2015-11-09 17:00:00,0,25.0,19.0,4.638888888888888,16370.32
2015-11-09 18:00:00,0,23.3,24.0,3.083333333333333,15869.770000000004
2015-11-09 19:00:00,0,21.1,29.0,0.0,15349.069999999998
2015-11-09 20:00:00,0,19.4,34.0,1.5555555555555554,14936.02
2015-11-09 21:00:00,0,18.3,37.0,2.055555555555556,14453.35
2015-11-09 22:00:00,0,17.8,41.0,2.5833333333333335,13625.850000000002
2015-11-09 23:00:00,0,16.7,39.0,3.083333333333333,13217.92
2015-11-10 00:00:00,0,15.6,44.0,4.111111111111112,13054.670000000002
2015-11-10 01:00:00,0,15.6,42.0,3.611111111111111,12964.119999999997
2015-11-10 02:00:00,0,14.4,46.0,4.111111111111112,13040.440000000004
2015-11-10 03:00:00,0,13.9,45.0,3.611111111111111,13046.419999999998
2015-11-10 04:00:00,0,13.3,49.0,3.083333333333333,13172.22
2015-11-10 05:00:00,0,13.3,51.0,3.083333333333333,13639.609999999997
2015-11-10 06:00:00,0,13.9,49.0,1.5555555555555554,14646.120000000003
2015-11-10 07:00:00,0,14.4,49.0,2.5833333333333335,15305.747499999994
2015-11-10 08:00:00,0,15.6,49.0,2.055555555555556,15772.487499999997
2015-11-10 09:00:00,0,17.2,50.0,3.083333333333333,16618.57
2015-11-10 10:00:00,0,17.2,46.0,2.055555555555556,16802.810000000005
2015-11-10 11:00:00,0,18.3,33.0,6.694444444444445,17209.309999999994
2015-11-10 12:00:00,0,20.6,29.0,3.611111111111111,17334.44
2015-11-10 13:00:00,0,21.7,26.0,8.75,17271.51
2015-11-10 14:00:00,0,21.1,27.0,7.194444444444444,17232.19
2015-11-10 15:00:00,0,21.7,24.0,6.694444444444445,17186.5825
2015-11-10 16:00:00,0,20.6,22.0,9.777777777777779,16946.769999999997
2015-11-10 17:00:00,0,18.9,25.0,5.666666666666666,16339.380000000001
2015-11-10 18:00:00,0,18.3,25.0,5.666666666666666,15859.01
2015-11-10 19:00:00,0,17.2,23.0,6.166666666666666,15547.099999999997
2015-11-10 20:00:00,0,16.7,22.0,6.166666666666666,15037.839999999998
2015-11-10 21:00:00,0,15.0,25.0,2.055555555555556,14418.069999999996
2015-11-10 22:00:00,0,14.4,26.0,2.5833333333333335,13711.82
2015-11-10 23:00:00,0,13.9,28.0,3.083333333333333,13183.510000000002
2015-11-11 00:00:00,1,11.7,37.0,2.055555555555556,12891.840000000004
2015-11-11 01:00:00,1,12.8,30.0,2.055555555555556,12849.649999999998
2015-11-11 02:00:00,1,12.2,31.0,1.5555555555555554,13137.69
2015-11-11 03:00:00,1,11.7,32.0,3.083333333333333,13102.119999999999
2015-11-11 04:00:00,1,9.4,43.0,0.0,13244.150000000003
2015-11-11 05:00:00,1,8.9,46.0,2.5833333333333335,13690.66
2015-11-11 06:00:00,1,10.0,41.0,0.0,14334.1225
2015-11-11 07:00:00,1,10.0,43.0,2.055555555555556,14115.06
2015-11-11 08:00:00,1,11.7,37.0,0.0,14325.097500000002
2015-11-11 09:00:00,1,14.4,31.0,1.5555555555555554,14480.690000000002
2015-11-11 10:00:00,1,15.6,28.0,1.5555555555555554,14423.490000000003
2015-11-11 11:00:00,1,16.7,26.0,0.0,14445.470000000001
2015-11-11 12:00:00,1,17.8,23.0,3.083333333333333,14424.829999999994
2015-11-11 13:00:00,1,18.3,21.0,1.5555555555555554,14415.039999999995
2015-11-11 14:00:00,1,19.4,18.0,1.5555555555555554,14474.330000000002
2015-11-11 15:00:00,1,19.4,17.0,2.5833333333333335,14336.229999999998
2015-11-11 16:00:00,1,18.9,18.0,3.611111111111111,14370.039999999999
2015-11-11 17:00:00,1,17.8,23.0,2.055555555555556,14317.119999999997
2015-11-11 18:00:00,1,16.1,27.0,2.055555555555556,14264.419999999998
2015-11-11 19:00:00,1,15.6,28.0,1.5555555555555554,14213.05
2015-11-11 20:00:00,1,15.6,27.0,0.0,14011.14
2015-11-11 21:00:00,1,13.9,33.0,0.0,13887.39
2015-11-11 22:00:00,1,12.8,38.0,2.055555555555556,13368.5
2015-11-11 23:00:00,1,11.1,49.0,2.055555555555556,12966.369999999995
2015-11-12 00:00:00,0,11.7,43.0,0.0,12888.280000000004
2015-11-12 01:00:00,0,10.6,46.0,0.0,12921.45
2015-11-12 02:00:00,0,9.4,52.0,1.5555555555555554,13167.35
2015-11-12 03:00:00,0,9.4,48.0,0.0,13219.360000000004
2015-11-12 04:00:00,0,8.9,52.0,0.0,13429.77
2015-11-12 05:00:00,0,8.3,54.0,0.0,14090.179999999998
2015-11-12 06:00:00,0,8.9,52.0,1.5555555555555554,15051.124999999998
2015-11-12 07:00:00,0,11.1,43.0,0.0,15401.3925
2015-11-12 08:00:00,0,13.9,34.0,2.055555555555556,16424.865000000005
2015-11-12 09:00:00,0,16.7,23.0,0.0,17289.350000000002
2015-11-12 10:00:00,0,20.0,14.0,5.138888888888888,17473.280000000002
2015-11-12 11:00:00,0,21.7,13.0,4.638888888888888,17490.899999999998
2015-11-12 12:00:00,0,22.8,11.0,5.138888888888888,17545.709999999995
2015-11-12 13:00:00,0,23.9,11.0,2.5833333333333335,17491.31
2015-11-12 14:00:00,0,24.4,10.0,1.5555555555555554,17448.939999999995
2015-11-12 15:00:00,0,24.4,10.0,0.0,17388.48
2015-11-12 16:00:00,0,24.4,10.0,0.0,17137.439999999995
2015-11-12 17:00:00,0,21.7,15.0,1.5555555555555554,16589.22
2015-11-12 18:00:00,0,22.2,11.0,3.083333333333333,16123.329999999994
2015-11-12 19:00:00,0,18.3,19.0,2.055555555555556,15563.009999999998
2015-11-12 20:00:00,0,17.2,21.0,0.0,15021.060000000001
2015-11-12 21:00:00,0,15.6,25.0,1.5555555555555554,14598.169999999998
2015-11-12 22:00:00,0,13.9,30.0,0.0,13803.699999999999
2015-11-12 23:00:00,0,13.3,30.0,2.055555555555556,13283.8
2015-11-13 00:00:00,0,12.8,33.0,0.0,13040.189999999999
2015-11-13 01:00:00,0,12.8,31.0,2.055555555555556,12955.540000000003
2015-11-13 02:00:00,0,11.7,37.0,2.055555555555556,13123.300000000001
2015-11-13 03:00:00,0,11.7,37.0,2.055555555555556,13224.750000000004
2015-11-13 04:00:00,0,11.1,40.0,0.0,13223.399999999996
2015-11-13 05:00:00,0,11.7,40.0,0.0,13833.16
2015-11-13 06:00:00,0,11.7,37.0,0.0,14990.564999999999
2015-11-13 07:00:00,0,12.2,40.0,2.055555555555556,15348.267500000002
2015-11-13 08:00:00,0,19.4,17.0,5.666666666666666,16124.697499999997
2015-11-13 09:00:00,0,21.1,14.0,8.222222222222223,16593.760000000002
2015-11-13 10:00:00,0,22.8,13.0,6.166666666666666,16817.340000000004
2015-11-13 11:00:00,0,24.4,11.0,8.222222222222223,17006.379999999997
2015-11-13 12:00:00,0,24.4,11.0,2.5833333333333335,16999.1
2015-11-13 13:00:00,0,26.1,10.0,2.055555555555556,16954.06
2015-11-13 14:00:00,0,26.7,9.0,2.5833333333333335,16959.65
2015-11-13 15:00:00,0,26.7,9.0,3.083333333333333,16853.470000000005
2015-11-13 16:00:00,0,26.7,9.0,2.5833333333333335,16557.27
2015-11-13 17:00:00,0,25.0,11.0,2.055555555555556,15922.549999999997
2015-11-13 18:00:00,0,21.1,17.0,2.055555555555556,15332.029999999995
2015-11-13 19:00:00,0,20.6,18.0,1.5555555555555554,14876.349999999999
2015-11-13 20:00:00,0,18.9,20.0,2.055555555555556,14572.450000000003
2015-11-13 21:00:00,0,18.3,20.0,0.0,14291.430000000002
2015-11-13 22:00:00,0,18.3,20.0,2.055555555555556,13653.86
2015-11-13 23:00:00,0,16.7,24.0,2.055555555555556,13254.420000000004
2015-11-14 00:00:00,1,13.9,33.0,2.055555555555556,12949.480000000001
2015-11-14 01:00:00,1,13.9,33.0,0.0,12952.719999999998
2015-11-14 02:00:00,1,13.9,33.0,0.0,12829.52
2015-11-14 03:00:00,1,12.2,40.0,0.0,12836.92
2015-11-14 04:00:00,1,12.8,35.0,2.055555555555556,12990.36
2015-11-14 05:00:00,1,12.2,37.0,2.055555555555556,13187.199999999997
2015-11-14 06:00:00,1,11.7,37.0,2.5833333333333335,13631.439999999999
2015-11-14 07:00:00,1,12.2,38.0,3.083333333333333,13690.080000000004
2015-11-14 08:00:00,1,15.0,28.0,3.083333333333333,13786.420000000002
2015-11-14 09:00:00,1,17.8,24.0,3.083333333333333,13868.45
2015-11-14 10:00:00,1,20.0,21.0,2.055555555555556,13884.170000000004
2015-11-14 11:00:00,1,22.2,17.0,2.5833333333333335,13892.270000000002
2015-11-14 12:00:00,1,24.4,14.0,2.055555555555556,14078.83
2015-11-14 13:00:00,1,24.4,14.0,2.5833333333333335,13977.789999999999
2015-11-14 14:00:00,1,25.6,13.0,1.5555555555555554,13934.1
2015-11-14 15:00:00,1,25.0,13.0,1.5555555555555554,13907.18
2015-11-14 16:00:00,1,24.4,13.0,1.5555555555555554,13717.570000000002
2015-11-14 17:00:00,1,22.2,17.0,0.0,13717.44
2015-11-14 18:00:00,1,20.0,21.0,0.0,13644.94
2015-11-14 19:00:00,1,18.9,24.0,0.0,13544.019999999999
2015-11-14 20:00:00,1,17.2,28.0,0.0,13385.000000000004
2015-11-14 21:00:00,1,16.7,31.0,2.5833333333333335,13258.170000000002
2015-11-14 22:00:00,1,15.0,33.0,2.055555555555556,13032.720000000003
2015-11-14 23:00:00,1,15.6,30.0,3.083333333333333,12892.720000000001
2015-11-15 00:00:00,1,15.0,31.0,2.5833333333333335,12789.51
2015-11-15 01:00:00,1,14.4,32.0,2.055555555555556,12815.380000000001
2015-11-15 02:00:00,1,15.0,29.0,2.055555555555556,12760.639999999998
2015-11-15 03:00:00,1,14.4,31.0,3.083333333333333,12781.480000000001
2015-11-15 04:00:00,1,13.9,34.0,3.083333333333333,13043.010000000004
2015-11-15 05:00:00,1,13.9,33.0,3.083333333333333,13216.189999999997
2015-11-15 06:00:00,1,13.9,34.0,3.083333333333333,13528.590000000002
2015-11-15 07:00:00,1,15.0,38.0,3.611111111111111,13495.71
2015-11-15 08:00:00,1,15.6,39.0,3.611111111111111,13336.749999999996
2015-11-15 09:00:00,1,17.2,45.0,3.611111111111111,13350.05
2015-11-15 10:00:00,1,18.3,43.0,5.138888888888888,13337.579999999998
2015-11-15 11:00:00,1,17.2,54.0,5.666666666666666,13363.51
2015-11-15 12:00:00,1,16.7,62.0,2.055555555555556,13511.140000000005
2015-11-15 13:00:00,1,16.1,70.0,5.138888888888888,13638.830000000002
2015-11-15 14:00:00,1,14.799999999999999,83.33333333333333,0.5185185185185185,13757.370000000004
2015-11-15 15:00:00,1,15.0,81.0,2.055555555555556,13769.070000000002
2015-11-15 16:00:00,1,15.0,81.0,2.055555555555556,13705.220000000003
2015-11-15 17:00:00,1,15.0,81.0,3.611111111111111,13793.649999999998
2015-11-15 18:00:00,1,14.4,87.0,3.083333333333333,13937.669999999998
2015-11-15 19:00:00,1,14.15,91.5,1.8055555555555556,13833.249999999998
2015-11-15 20:00:00,1,14.4,90.0,0.0,13482.31
2015-11-15 21:00:00,1,14.4,90.0,2.5833333333333335,13254.59
2015-11-15 22:00:00,1,14.4,90.0,4.111111111111112,13218.690000000002
2015-11-15 23:00:00,1,14.4,90.0,2.055555555555556,13032.03
2015-11-16 00:00:00,0,15.0,83.0,4.111111111111112,12976.120000000004
2015-11-16 01:00:00,0,15.6,72.0,8.222222222222223,12965.220000000003
2015-11-16 02:00:00,0,15.0,67.0,7.194444444444444,13167.050000000001
2015-11-16 03:00:00,0,14.4,62.0,7.194444444444444,13372.969999999998
2015-11-16 04:00:00,0,13.3,57.0,6.166666666666666,13712.569999999998
2015-11-16 05:00:00,0,12.8,51.0,6.694444444444445,14184.4
2015-11-16 06:00:00,0,12.2,53.0,7.194444444444444,15261.532500000001
2015-11-16 07:00:00,0,12.2,55.0,6.166666666666666,15524.479999999998
2015-11-16 08:00:00,0,13.3,49.0,6.694444444444445,16355.189999999995
2015-11-16 09:00:00,0,11.399999999999999,58.0,6.430555555555555,17007.11
2015-11-16 10:00:00,0,12.2,53.0,5.666666666666666,17080.5825
2015-11-16 11:00:00,0,13.9,40.0,10.805555555555555,17297.885
2015-11-16 12:00:00,0,13.9,42.0,10.277777777777777,17387.007500000003
2015-11-16 13:00:00,0,13.9,40.0,10.805555555555555,17495.054999999997
2015-11-16 14:00:00,0,13.9,39.0,6.694444444444445,17616.250000000004
2015-11-16 15:00:00,0,14.4,33.0,6.166666666666666,17481.207499999997
2015-11-16 16:00:00,0,14.4,33.0,7.194444444444444,17405.459999999995
2015-11-16 17:00:00,0,14.4,35.0,3.611111111111111,16846.18
2015-11-16 18:00:00,0,13.9,40.0,2.055555555555556,16501.170000000002
2015-11-16 19:00:00,0,13.3,37.0,4.111111111111112,16033.769999999999
2015-11-16 20:00:00,0,12.2,38.0,4.638888888888888,15570.909999999996
2015-11-16 21:00:00,0,10.6,46.0,3.083333333333333,15190.34
2015-11-16 22:00:00,0,11.7,38.0,4.638888888888888,14347.1
2015-11-16 23:00:00,0,11.1,37.0,4.111111111111112,13731.309999999998
2015-11-17 00:00:00,0,10.6,41.0,2.055555555555556,13520.25
2015-11-17 01:00:00,0,8.3,54.0,2.055555555555556,13354.450000000003
2015-11-17 02:00:00,0,7.2,63.0,4.111111111111112,13569.03
2015-11-17 03:00:00,0,8.3,50.0,2.5833333333333335,13663.120000000003
2015-11-17 04:00:00,0,8.3,48.0,1.5555555555555554,13730.84
2015-11-17 05:00:00,0,8.3,48.0,1.5555555555555554,14294.252500000002
2015-11-17 06:00:00,0,8.3,46.0,2.055555555555556,15414.257500000002
2015-11-17 07:00:00,0,8.3,50.0,1.5555555555555554,15902.700000000003
2015-11-17 08:00:00,0,10.0,44.0,1.5555555555555554,16723.967500000002
2015-11-17 09:00:00,0,11.1,38.0,0.0,17593.872499999998
2015-11-17 10:00:00,0,12.2,35.0,0.0,17712.9825
2015-11-17 11:00:00,0,13.9,32.0,2.5833333333333335,17925.795000000002
2015-11-17 12:00:00,0,14.4,31.0,1.5555555555555554,17803.26
2015-11-17 13:00:00,0,16.1,27.0,3.611111111111111,17929.0325
2015-11-17 14:00:00,0,16.7,25.0,4.111111111111112,17884.694999999996
2015-11-17 15:00:00,0,16.1,26.0,4.111111111111112,17790.1225
2015-11-17 16:00:00,0,16.1,29.0,4.111111111111112,17544.97
2015-11-17 17:00:00,0,15.0,32.0,0.0,16968.649999999994
2015-11-17 18:00:00,0,14.4,36.0,0.0,16493.4925
2015-11-17 19:00:00,0,13.3,40.0,2.055555555555556,16065.829999999996
2015-11-17 20:00:00,0,12.2,47.0,1.5555555555555554,15692.06
2015-11-17 21:00:00,0,11.7,48.0,2.055555555555556,15113.010000000002
2015-11-17 22:00:00,0,11.7,45.0,3.611111111111111,14302.260000000004
2015-11-17 23:00:00,0,10.0,61.0,3.611111111111111,13641.99
2015-11-18 00:00:00,0,9.4,59.0,3.611111111111111,13303.189999999999
2015-11-18 01:00:00,0,8.850000000000001,61.0,3.3472222222222223,13240.279999999999
2015-11-18 02:00:00,0,8.3,63.0,3.083333333333333,13459.739999999998
2015-11-18 03:00:00,0,7.8,66.0,2.5833333333333335,13517.460000000001
2015-11-18 04:00:00,0,7.2,74.0,2.5833333333333335,13639.839999999997
2015-11-18 05:00:00,0,7.2,68.0,3.611111111111111,14323.957499999999
2015-11-18 06:00:00,0,7.2,71.0,2.833333333333333,15279.559999999996
2015-11-18 07:00:00,0,8.3,68.0,2.5833333333333335,15743.260000000004
2015-11-18 08:00:00,0,10.6,54.0,3.611111111111111,16421.5325
2015-11-18 09:00:00,0,12.2,45.0,2.055555555555556,17275.17999999999
2015-11-18 10:00:00,0,14.4,33.0,0.0,17543.209999999995
2015-11-18 11:00:00,0,16.1,29.0,2.5833333333333335,17695.530000000002
2015-11-18 12:00:00,0,16.7,26.0,1.5555555555555554,17601.844999999998
2015-11-18 13:00:00,0,17.8,25.0,0.0,17560.77
2015-11-18 14:00:00,0,18.3,24.0,2.5833333333333335,17538.177499999998
2015-11-18 15:00:00,0,18.3,24.0,0.0,17537.307500000003
2015-11-18 16:00:00,0,18.9,25.0,0.0,17334.867500000008
2015-11-18 17:00:00,0,17.2,34.0,1.5555555555555554,17041.35
2015-11-18 18:00:00,0,15.6,41.0,0.0,16567.2
2015-11-18 19:00:00,0,14.4,44.0,0.0,16026.09
2015-11-18 20:00:00,0,13.3,53.0,1.5555555555555554,15486.620000000004
2015-11-18 21:00:00,0,12.8,51.0,1.5555555555555554,14989.169999999996
2015-11-18 22:00:00,0,12.2,55.0,3.611111111111111,14221.909999999998
2015-11-18 23:00:00,0,11.1,61.0,2.055555555555556,13618.140000000001
2015-11-19 00:00:00,0,10.6,66.0,0.0,13452.990000000002
2015-11-19 01:00:00,0,10.6,66.0,2.5833333333333335,13401.599999999999
2015-11-19 02:00:00,0,10.0,66.0,2.055555555555556,13535.130000000001
2015-11-19 03:00:00,0,9.4,69.0,1.5555555555555554,13588.410000000005
2015-11-19 04:00:00,0,8.9,71.0,2.055555555555556,13717.14
2015-11-19 05:00:00,0,7.8,73.0,3.611111111111111,14353.002499999999
2015-11-19 06:00:00,0,8.3,71.0,4.111111111111112,15291.3925
2015-11-19 07:00:00,0,8.9,68.0,3.083333333333333,15720.55
2015-11-19 08:00:00,0,11.7,59.0,0.0,16474.2475
2015-11-19 09:00:00,0,14.4,47.0,0.0,17176.072500000002
2015-11-19 10:00:00,0,16.1,39.0,2.5833333333333335,17435.620000000006
2015-11-19 11:00:00,0,18.3,34.0,1.5555555555555554,17600.160000000003
2015-11-19 12:00:00,0,20.6,30.0,1.5555555555555554,17537.357499999995
2015-11-19 13:00:00,0,22.8,24.0,1.5555555555555554,17645.3125
2015-11-19 14:00:00,0,23.9,22.0,3.083333333333333,17616.2
2015-11-19 15:00:00,0,23.9,22.0,3.083333333333333,17615.519999999997
2015-11-19 16:00:00,0,23.3,24.0,3.083333333333333,17373.670000000002
2015-11-19 17:00:00,0,20.6,31.0,2.5833333333333335,16826.140000000007
2015-11-19 18:00:00,0,20.0,33.0,0.0,16234.129999999997
2015-11-19 19:00:00,0,18.3,36.0,1.5555555555555554,15773.530000000002
2015-11-19 20:00:00,0,17.2,41.0,1.5555555555555554,15284.320000000002
2015-11-19 21:00:00,0,16.1,44.0,0.0,14753.490000000002
2015-11-19 22:00:00,0,15.0,49.0,0.0,13958.439999999999
2015-11-19 23:00:00,0,14.4,53.0,0.0,13492.829999999998
2015-11-20 00:00:00,0,13.3,60.0,2.055555555555556,13140.1
2015-11-20 01:00:00,0,12.2,59.0,1.5555555555555554,13087.85
2015-11-20 02:00:00,0,13.3,51.0,2.5833333333333335,13297.139999999996
2015-11-20 03:00:00,0,12.2,55.0,2.5833333333333335,13282.28
2015-11-20 04:00:00,0,12.2,53.0,1.5555555555555554,13430.359999999997
2015-11-20 05:00:00,0,11.7,55.0,3.083333333333333,14033.110000000004
2015-11-20 06:00:00,0,11.7,55.0,0.0,15320.21
2015-11-20 07:00:00,0,11.7,57.0,3.611111111111111,15424.212500000003
2015-11-20 08:00:00,0,14.4,47.0,3.083333333333333,16163.7725
2015-11-20 09:00:00,0,18.3,34.0,3.611111111111111,16867.75
2015-11-20 10:00:00,0,20.6,30.0,3.611111111111111,17055.59
2015-11-20 11:00:00,0,21.7,26.0,1.5555555555555554,17177.454999999998
2015-11-20 12:00:00,0,23.3,24.0,0.0,17263.9325
2015-11-20 13:00:00,0,24.4,21.0,1.5555555555555554,17197.202500000003
2015-11-20 14:00:00,0,25.0,17.0,0.0,17164.422500000004
2015-11-20 15:00:00,0,25.6,16.0,0.0,17079.809999999998
2015-11-20 16:00:00,0,25.6,17.0,2.055555555555556,16794.620000000003
2015-11-20 17:00:00,0,22.8,25.0,1.5555555555555554,16231.360000000002
2015-11-20 18:00:00,0,21.1,29.0,0.0,15564.110000000002
2015-11-20 19:00:00,0,19.4,32.0,1.5555555555555554,15069.76
2015-11-20 20:00:00,0,18.9,34.0,0.0,14683.280000000002
2015-11-20 21:00:00,0,16.7,48.0,2.055555555555556,14389.409999999994
2015-11-20 22:00:00,0,16.1,50.0,0.0,13771.390000000003
2015-11-20 23:00:00,0,16.1,46.0,0.0,13309.830000000002
2015-11-21 00:00:00,1,15.6,46.0,1.5555555555555554,12963.59
2015-11-21 01:00:00,1,13.9,55.0,0.0,12899.239999999998
2015-11-21 02:00:00,1,14.4,51.0,0.0,12879.539999999995
2015-11-21 03:00:00,1,12.2,64.0,0.0,12807.850000000002
2015-11-21 04:00:00,1,13.3,57.0,0.0,13021.809999999998
2015-11-21 05:00:00,1,10.6,71.0,0.0,13332.33
2015-11-21 06:00:00,1,10.6,66.0,1.5555555555555554,13702.440000000002
2015-11-21 07:00:00,1,14.4,47.0,1.5555555555555554,13792.469999999998
2015-11-21 08:00:00,1,18.3,32.0,1.5555555555555554,13917.349999999999
2015-11-21 09:00:00,1,22.2,17.0,3.083333333333333,13855.410000000003
2015-11-21 10:00:00,1,23.3,15.0,5.138888888888888,13893.170000000004
2015-11-21 11:00:00,1,24.4,13.0,6.166666666666666,13987.39
2015-11-21 12:00:00,1,26.1,13.0,7.194444444444444,14096.520000000002
2015-11-21 13:00:00,1,26.7,12.0,6.166666666666666,13982.210000000005
2015-11-21 14:00:00,1,27.2,11.0,5.666666666666666,13995.139999999996
2015-11-21 15:00:00,1,27.2,11.0,5.138888888888888,13937.610000000002
2015-11-21 16:00:00,1,26.7,13.0,3.611111111111111,13913.070000000003
2015-11-21 17:00:00,1,25.0,16.0,4.111111111111112,13744.980000000001
2015-11-21 18:00:00,1,22.8,20.0,4.111111111111112,13792.050000000008
2015-11-21 19:00:00,1,23.3,19.0,4.111111111111112,13583.72
2015-11-21 20:00:00,1,23.3,18.0,7.194444444444444,13470.12
2015-11-21 21:00:00,1,22.2,17.0,6.694444444444445,13305.999999999996
2015-11-21 22:00:00,1,21.1,17.0,5.666666666666666,13054.979999999998
2015-11-21 23:00:00,1,20.0,17.0,4.111111111111112,12876.439999999999
2015-11-22 00:00:00,1,18.9,19.0,3.083333333333333,12792.509999999997
2015-11-22 01:00:00,1,16.1,26.0,0.0,12721.48
2015-11-22 02:00:00,1,14.4,33.0,0.0,12724.129999999997
2015-11-22 03:00:00,1,16.1,25.0,2.055555555555556,12745.250000000004
2015-11-22 04:00:00,1,17.8,20.0,4.638888888888888,12932.62
2015-11-22 05:00:00,1,17.2,20.0,4.111111111111112,13229.750000000004
2015-11-22 06:00:00,1,16.7,21.0,1.5555555555555554,13485.850000000002
2015-11-22 07:00:00,1,17.8,18.0,5.666666666666666,13522.630000000003
2015-11-22 08:00:00,1,19.4,17.0,6.166666666666666,13464.440000000004
2015-11-22 09:00:00,1,20.6,15.0,7.722222222222222,13286.840000000002
2015-11-22 10:00:00,1,22.8,15.0,5.138888888888888,13294.020000000002
2015-11-22 11:00:00,1,23.3,16.0,4.111111111111112,13516.31
2015-11-22 12:00:00,1,24.4,15.0,4.111111111111112,13616.91
2015-11-22 13:00:00,1,25.6,14.0,4.111111111111112,13727.010000000002
2015-11-22 14:00:00,1,26.1,14.0,4.111111111111112,13881.230000000001
2015-11-22 15:00:00,1,26.1,14.0,3.611111111111111,13691.710000000005
2015-11-22 16:00:00,1,25.6,15.0,3.083333333333333,13633.619999999999
2015-11-22 17:00:00,1,24.4,17.0,3.083333333333333,13623.070000000003
2015-11-22 18:00:00,1,21.7,22.0,2.055555555555556,13738.5
2015-11-22 19:00:00,1,20.0,26.0,1.5555555555555554,13614.25
2015-11-22 20:00:00,1,18.3,31.0,0.0,13381.27
2015-11-22 21:00:00,1,16.7,37.0,1.5555555555555554,13192.369999999999
2015-11-22 22:00:00,1,16.7,34.0,1.5555555555555554,12957.810000000001
2015-11-22 23:00:00,1,15.0,44.0,0.0,12865.28
2015-11-23 00:00:00,0,15.0,39.0,0.0,12827.250000000002
2015-11-23 01:00:00,0,15.0,36.0,0.0,12762.810000000001
2015-11-23 02:00:00,0,14.4,41.0,0.0,12947.220000000001
2015-11-23 03:00:00,0,13.3,45.0,0.0,13204.310000000003
2015-11-23 04:00:00,0,13.3,45.0,0.0,13620.499999999998
2015-11-23 05:00:00,0,12.8,47.0,0.0,14077.299999999996
2015-11-23 06:00:00,0,12.8,43.0,0.0,14998.990000000002
2015-11-23 07:00:00,0,13.9,39.0,0.0,15436.044999999998
2015-11-23 08:00:00,0,17.2,33.0,1.5555555555555554,16182.37
2015-11-23 09:00:00,0,20.6,22.0,6.166666666666666,16622.329999999998
2015-11-23 10:00:00,0,22.2,20.0,3.083333333333333,17040.379999999997
2015-11-23 11:00:00,0,22.8,18.0,0.0,17283.85
2015-11-23 12:00:00,0,25.0,16.0,2.055555555555556,17275.89
2015-11-23 13:00:00,0,26.1,15.0,2.055555555555556,17441.949999999993
2015-11-23 14:00:00,0,26.1,15.0,1.5555555555555554,17479.179999999993
2015-11-23 15:00:00,0,26.7,15.0,2.055555555555556,17294.480000000003
2015-11-23 16:00:00,0,26.1,16.0,1.5555555555555554,17081.86
2015-11-23 17:00:00,0,23.3,21.0,0.0,16595.000000000004
2015-11-23 18:00:00,0,21.1,27.0,1.5555555555555554,16111.300000000001
2015-11-23 19:00:00,0,19.4,33.0,0.0,15586.349999999997
2015-11-23 20:00:00,0,18.3,36.0,0.0,15094.840000000002
2015-11-23 21:00:00,0,17.2,38.0,2.055555555555556,14622.799999999997
2015-11-23 22:00:00,0,16.7,39.0,2.5833333333333335,13784.410000000002
2015-11-23 23:00:00,0,14.4,49.0,2.055555555555556,13445.149999999998
2015-11-24 00:00:00,0,14.4,46.0,2.5833333333333335,13174.68
2015-11-24 01:00:00,0,13.3,49.0,2.055555555555556,13095.159999999998
2015-11-24 02:00:00,0,12.8,51.0,3.083333333333333,13306.559999999998
2015-11-24 03:00:00,0,12.2,51.0,2.5833333333333335,13272.279999999999
2015-11-24 04:00:00,0,12.2,53.0,3.611111111111111,13357.349999999997
2015-11-24 05:00:00,0,11.7,52.0,4.111111111111112,13873.499999999995
2015-11-24 06:00:00,0,12.2,51.0,1.5555555555555554,15170.810000000003
2015-11-24 07:00:00,0,12.8,49.0,3.083333333333333,15620.862499999996
2015-11-24 08:00:00,0,15.0,42.0,4.638888888888888,16277.91
2015-11-24 09:00:00,0,18.3,33.0,3.083333333333333,16790.62999999999
2015-11-24 10:00:00,0,20.6,31.0,2.055555555555556,17278.79
2015-11-24 11:00:00,0,22.2,26.0,2.055555555555556,17284.989999999998
2015-11-24 12:00:00,0,23.3,23.0,1.5555555555555554,17362.71
2015-11-24 13:00:00,0,25.0,21.0,2.5833333333333335,17402.930000000004
2015-11-24 14:00:00,0,25.0,20.0,3.083333333333333,17503.72000000001
2015-11-24 15:00:00,0,26.1,17.0,3.083333333333333,17446.079999999998
2015-11-24 16:00:00,0,25.6,17.0,2.5833333333333335,17124.949999999993
2015-11-24 17:00:00,0,23.3,21.0,0.0,16661.739999999998
2015-11-24 18:00:00,0,21.1,27.0,0.0,15917.7475
2015-11-24 19:00:00,0,20.6,29.0,0.0,15450.91
2015-11-24 20:00:00,0,17.2,38.0,2.055555555555556,15013.030000000002
2015-11-24 21:00:00,0,17.2,38.0,3.083333333333333,14483.709999999995
2015-11-24 22:00:00,0,15.6,42.0,3.611111111111111,13709.250000000002
2015-11-24 23:00:00,0,16.7,35.0,5.138888888888888,13280.369999999997
2015-11-25 00:00:00,0,16.1,35.0,5.138888888888888,13018.019999999999
2015-11-25 01:00:00,0,15.6,38.0,5.666666666666666,12993.249999999998
2015-11-25 02:00:00,0,14.4,42.0,2.5833333333333335,13058.560000000003
2015-11-25 03:00:00,0,15.0,41.0,3.083333333333333,13166.210000000001
2015-11-25 04:00:00,0,15.0,41.0,3.083333333333333,13171.150000000001
2015-11-25 05:00:00,0,15.6,38.0,6.166666666666666,13537.135000000002
2015-11-25 06:00:00,0,15.6,35.0,4.111111111111112,14572.282500000005
2015-11-25 07:00:00,0,15.6,38.0,4.638888888888888,14989.980000000003
2015-11-25 08:00:00,0,16.7,34.0,4.111111111111112,15399.48
2015-11-25 09:00:00,0,18.9,26.0,4.111111111111112,15984.580000000005
2015-11-25 10:00:00,0,19.4,26.0,3.611111111111111,16405.82
2015-11-25 11:00:00,0,20.0,27.0,3.083333333333333,16517.52
2015-11-25 12:00:00,0,21.1,28.0,5.138888888888888,16512.179999999997
2015-11-25 13:00:00,0,20.6,32.0,3.611111111111111,16490.399999999998
2015-11-25 14:00:00,0,21.1,33.0,2.5833333333333335,16456.27
2015-11-25 15:00:00,0,21.1,36.0,3.611111111111111,16230.42
2015-11-25 16:00:00,0,21.1,31.0,4.111111111111112,15985.649999999996
2015-11-25 17:00:00,0,21.1,28.0,0.0,15621.600000000002
2015-11-25 18:00:00,0,20.0,26.0,2.5833333333333335,15276.060000000003
2015-11-25 19:00:00,0,19.4,34.0,3.611111111111111,14874.979999999996
2015-11-25 20:00:00,0,18.3,31.0,4.111111111111112,14557.819999999998
2015-11-25 21:00:00,0,17.8,30.0,4.638888888888888,14046.11
2015-11-25 22:00:00,0,17.2,28.0,4.111111111111112,13416.26
2015-11-25 23:00:00,0,17.2,27.0,4.111111111111112,13022.309999999998
2015-11-26 00:00:00,1,15.0,33.0,0.0,12892.470000000001
2015-11-26 01:00:00,1,15.0,33.0,2.055555555555556,12765.91
2015-11-26 02:00:00,1,12.2,57.0,2.055555555555556,12902.14
2015-11-26 03:00:00,1,11.7,61.0,2.055555555555556,13012.949999999997
2015-11-26 04:00:00,1,11.1,63.0,0.0,13198.660000000002
2015-11-26 05:00:00,1,12.2,43.0,2.5833333333333335,13451.73
2015-11-26 06:00:00,1,12.2,43.0,3.083333333333333,14181.675000000001
2015-11-26 07:00:00,1,11.1,57.0,0.0,13930.234999999999
2015-11-26 08:00:00,1,12.8,47.0,0.0,13948.3
2015-11-26 09:00:00,1,13.3,42.0,0.0,13696.67
2015-11-26 10:00:00,1,15.0,38.0,0.0,13477.159999999996
2015-11-26 11:00:00,1,15.0,36.0,3.611111111111111,13265.62
2015-11-26 12:00:00,1,15.6,36.0,3.083333333333333,13305.589999999998
2015-11-26 13:00:00,1,16.1,34.0,1.5555555555555554,13262.470000000001
2015-11-26 14:00:00,1,16.7,31.0,2.5833333333333335,13166.369999999999
2015-11-26 15:00:00,1,17.2,29.0,2.055555555555556,13216.470000000005
2015-11-26 16:00:00,1,17.2,28.0,5.138888888888888,13176.839999999998
2015-11-26 17:00:00,1,16.1,30.0,4.638888888888888,13337.879999999996
2015-11-26 18:00:00,1,15.6,31.0,3.083333333333333,13562.509999999998
2015-11-26 19:00:00,1,13.9,36.0,2.055555555555556,13654.579999999998
2015-11-26 20:00:00,1,12.8,42.0,1.5555555555555554,13566.350000000004
2015-11-26 21:00:00,1,12.2,45.0,0.0,13575.2
2015-11-26 22:00:00,1,11.1,50.0,2.5833333333333335,13239.700000000003
2015-11-26 23:00:00,1,10.0,57.0,0.0,12810.12
2015-11-27 00:00:00,0,9.4,54.0,2.5833333333333335,12733.650000000001
2015-11-27 01:00:00,0,8.9,56.0,2.5833333333333335,12653.660000000002
2015-11-27 02:00:00,0,8.3,56.0,1.5555555555555554,12943.53
2015-11-27 03:00:00,0,7.2,63.0,2.055555555555556,13138.820000000005
2015-11-27 04:00:00,0,7.2,60.0,2.055555555555556,13226.779999999999
2015-11-27 05:00:00,0,5.6,65.0,3.611111111111111,13629.280000000006
2015-11-27 06:00:00,0,6.7,63.0,1.5555555555555554,14314.332500000002
2015-11-27 07:00:00,0,6.7,63.0,1.5555555555555554,14223.465000000002
2015-11-27 08:00:00,0,8.9,54.0,2.5833333333333335,14137.58
2015-11-27 09:00:00,0,11.7,41.0,1.5555555555555554,14181.230000000003
2015-11-27 10:00:00,0,13.3,34.0,0.0,14061.559999999996
2015-11-27 11:00:00,0,15.0,31.0,1.5555555555555554,13817.379999999996
2015-11-27 12:00:00,0,15.6,28.0,4.111111111111112,13728.350000000002
2015-11-27 13:00:00,0,15.6,27.0,4.111111111111112,13708.07
2015-11-27 14:00:00,0,16.1,26.0,2.5833333333333335,13582.53
2015-11-27 15:00:00,0,16.1,26.0,3.611111111111111,13497.660000000003
2015-11-27 16:00:00,0,15.6,27.0,3.083333333333333,13515.160000000002
2015-11-27 17:00:00,0,15.0,27.0,3.611111111111111,13693.070000000002
2015-11-27 18:00:00,0,15.0,28.0,2.055555555555556,13867.45
2015-11-27 19:00:00,0,13.9,32.0,0.0,13979.34
2015-11-27 20:00:00,0,12.2,37.0,0.0,13878.949999999999
2015-11-27 21:00:00,0,11.1,41.0,0.0,13836.010000000002
2015-11-27 22:00:00,0,10.6,44.0,3.611111111111111,13379.390000000005
2015-11-27 23:00:00,0,9.4,46.0,2.5833333333333335,12850.3
2015-11-28 00:00:00,1,8.9,50.0,2.5833333333333335,12749.779999999995
2015-11-28 01:00:00,1,8.9,48.0,2.055555555555556,12712.660000000003
2015-11-28 02:00:00,1,8.9,48.0,2.5833333333333335,12759.05
2015-11-28 03:00:00,1,8.3,50.0,2.055555555555556,12780.03
2015-11-28 04:00:00,1,7.2,53.0,3.083333333333333,13172.83
2015-11-28 05:00:00,1,6.7,55.0,1.5555555555555554,13444.515
2015-11-28 06:00:00,1,6.1,60.0,0.0,14021.3225
2015-11-28 07:00:00,1,6.1,60.0,0.0,14061.592500000002
2015-11-28 08:00:00,1,9.4,46.0,0.0,14062.517499999998
2015-11-28 09:00:00,1,11.7,38.0,0.0,13957.87
2015-11-28 10:00:00,1,12.8,34.0,0.0,13886.262499999999
2015-11-28 11:00:00,1,13.9,33.0,2.055555555555556,13937.069999999998
2015-11-28 12:00:00,1,15.0,29.0,2.055555555555556,13859.950000000004
2015-11-28 13:00:00,1,16.1,26.0,1.5555555555555554,13732.050000000001
2015-11-28 14:00:00,1,16.7,25.0,2.055555555555556,13600.2
2015-11-28 15:00:00,1,17.2,25.0,3.083333333333333,13606.859999999997
2015-11-28 16:00:00,1,16.1,26.0,3.611111111111111,13496.009999999997
2015-11-28 17:00:00,1,15.0,28.0,3.611111111111111,13589.070000000002
2015-11-28 18:00:00,1,14.4,33.0,3.083333333333333,13728.87
2015-11-28 19:00:00,1,12.2,40.0,0.0,13651.030000000002
2015-11-28 20:00:00,1,12.8,38.0,0.0,13564.339999999998
2015-11-28 21:00:00,1,11.7,41.0,2.055555555555556,13382.429999999997
2015-11-28 22:00:00,1,10.0,46.0,2.055555555555556,13177.739999999998
2015-11-28 23:00:00,1,9.4,46.0,2.055555555555556,13022.369999999999
2015-11-29 00:00:00,1,9.4,44.0,0.0,12925.079999999998
2015-11-29 01:00:00,1,8.3,52.0,2.055555555555556,12919.679999999997
2015-11-29 02:00:00,1,8.3,50.0,0.0,12935.93
2015-11-29 03:00:00,1,6.7,60.0,2.055555555555556,13027.139999999998
2015-11-29 04:00:00,1,6.7,58.0,2.055555555555556,13329.180000000002
2015-11-29 05:00:00,1,6.1,62.0,0.0,13494.277500000004
2015-11-29 06:00:00,1,5.6,65.0,0.0,13919.542500000005
2015-11-29 07:00:00,1,6.7,55.0,0.0,13970.7225
2015-11-29 08:00:00,1,8.3,50.0,1.5555555555555554,13880.855000000001
2015-11-29 09:00:00,1,9.4,46.0,2.055555555555556,13668.070000000002
2015-11-29 10:00:00,1,11.1,41.0,1.5555555555555554,13606.577500000001
2015-11-29 11:00:00,1,12.2,38.0,0.0,13765.830000000002
2015-11-29 12:00:00,1,14.4,32.0,1.5555555555555554,13684.84
2015-11-29 13:00:00,1,15.6,27.0,5.138888888888888,13739.569999999998
2015-11-29 14:00:00,1,15.0,26.0,3.611111111111111,13780.37
2015-11-29 15:00:00,1,16.7,22.0,3.611111111111111,13640.530000000002
2015-11-29 16:00:00,1,15.6,23.0,3.083333333333333,13652.549999999997
2015-11-29 17:00:00,1,13.9,27.0,2.055555555555556,13763.069999999998
2015-11-29 18:00:00,1,12.2,34.0,1.5555555555555554,13967.689999999999
2015-11-29 19:00:00,1,11.7,32.0,0.0,13849.250000000004
2015-11-29 20:00:00,1,12.8,23.0,4.111111111111112,13541.85
2015-11-29 21:00:00,1,9.4,35.0,2.5833333333333335,13475.67
2015-11-29 22:00:00,1,8.9,36.0,0.0,13292.240000000002
2015-11-29 23:00:00,1,9.4,32.0,0.0,13228.289999999999
2015-11-30 00:00:00,0,7.8,39.0,0.0,13236.190000000004
2015-11-30 01:00:00,0,7.2,40.0,2.055555555555556,13093.239999999998
2015-11-30 02:00:00,0,6.1,43.0,1.5555555555555554,13492.742500000002
2015-11-30 03:00:00,0,5.6,49.0,2.055555555555556,13739.972500000002
2015-11-30 04:00:00,0,5.0,53.0,1.5555555555555554,14241.872499999992
2015-11-30 05:00:00,0,5.6,55.0,1.5555555555555554,14762.61
2015-11-30 06:00:00,0,4.4,60.0,0.0,15715.317499999997
2015-11-30 07:00:00,0,5.0,57.0,1.5555555555555554,16332.142499999998
2015-11-30 08:00:00,0,6.7,51.0,0.0,16883.560000000005
2015-11-30 09:00:00,0,10.0,36.0,0.0,17437.800000000003
2015-11-30 10:00:00,0,11.1,32.0,1.5555555555555554,17646.117500000004
2015-11-30 11:00:00,0,13.9,25.0,2.055555555555556,17706.479999999992
2015-11-30 12:00:00,0,13.9,25.0,0.0,17590.705
2015-11-30 13:00:00,0,15.0,22.0,2.5833333333333335,17755.487500000007
2015-11-30 14:00:00,0,15.6,19.0,2.5833333333333335,17948.860000000004
2015-11-30 15:00:00,0,15.6,17.0,3.083333333333333,17787.070000000003
2015-11-30 16:00:00,0,15.6,18.0,2.055555555555556,17521.250000000004
2015-11-30 17:00:00,0,13.3,24.0,1.5555555555555554,17197.830000000005
2015-11-30 18:00:00,0,12.2,26.0,2.055555555555556,16622.695000000003
2015-11-30 19:00:00,0,11.7,26.0,1.5555555555555554,16220.827500000005
2015-11-30 20:00:00,0,10.0,35.0,1.5555555555555554,15791.385000000002
2015-11-30 21:00:00,0,9.4,35.0,0.0,15249.677499999998
2015-11-30 22:00:00,0,8.9,39.0,2.055555555555556,14359.715
2015-11-30 23:00:00,0,8.3,37.0,0.0,13874.659999999998
2015-12-01 00:00:00,0,7.2,46.0,0.0,13490.02
2015-12-01 01:00:00,0,6.7,53.0,2.5833333333333335,13472.719999999998
2015-12-01 02:00:00,0,6.1,49.0,0.0,13761.970000000001
2015-12-01 03:00:00,0,5.6,51.0,1.5555555555555554,13836.050000000001
2015-12-01 04:00:00,0,5.0,51.0,0.0,13872.400000000001
2015-12-01 05:00:00,0,5.0,51.0,1.5555555555555554,14354.667499999998
2015-12-01 06:00:00,0,5.0,51.0,2.5833333333333335,15616.635000000002
2015-12-01 07:00:00,0,5.0,51.0,2.055555555555556,16192.795
2015-12-01 08:00:00,0,7.2,44.0,1.5555555555555554,16848.73
2015-12-01 09:00:00,0,9.4,33.0,0.0,17577.4075
2015-12-01 10:00:00,0,11.7,27.0,2.055555555555556,17812.100000000002
2015-12-01 11:00:00,0,13.9,24.0,1.5555555555555554,17974.605000000003
2015-12-01 12:00:00,0,14.4,22.0,1.5555555555555554,17940.76
2015-12-01 13:00:00,0,16.7,18.0,1.5555555555555554,17888.14
2015-12-01 14:00:00,0,17.8,17.0,2.5833333333333335,17696.265
2015-12-01 15:00:00,0,17.8,17.0,2.5833333333333335,17627.239999999998
2015-12-01 16:00:00,0,17.2,18.0,2.5833333333333335,17467.079999999998
2015-12-01 17:00:00,0,15.0,22.0,2.055555555555556,17186.26
2015-12-01 18:00:00,0,13.3,26.0,1.5555555555555554,16772.04
2015-12-01 19:00:00,0,13.3,25.0,0.0,16373.049999999996
2015-12-01 20:00:00,0,13.9,25.0,1.5555555555555554,15878.649999999998
2015-12-01 21:00:00,0,12.8,27.0,0.0,15185.817499999997
2015-12-01 22:00:00,0,8.3,41.0,2.055555555555556,14310.3375
2015-12-01 23:00:00,0,8.9,37.0,1.5555555555555554,13659.400000000005
2015-12-02 00:00:00,0,8.3,44.0,0.0,13369.25
2015-12-02 01:00:00,0,6.7,47.0,1.5555555555555554,13326.140000000003
2015-12-02 02:00:00,0,6.1,53.0,1.5555555555555554,13591.459999999997
2015-12-02 03:00:00,0,6.1,47.0,2.5833333333333335,13648.13
2015-12-02 04:00:00,0,5.6,49.0,1.5555555555555554,13837.809999999998
2015-12-02 05:00:00,0,5.0,53.0,2.055555555555556,14374.842499999997
2015-12-02 06:00:00,0,4.4,55.0,1.5555555555555554,15733.03
2015-12-02 07:00:00,0,5.0,53.0,0.0,16152.612499999996
2015-12-02 08:00:00,0,8.9,37.0,2.055555555555556,16681.484999999993
2015-12-02 09:00:00,0,11.1,26.0,2.5833333333333335,17140.932500000006
2015-12-02 10:00:00,0,13.3,24.0,1.5555555555555554,17474.555
2015-12-02 11:00:00,0,16.1,19.0,0.0,17685.2975
2015-12-02 12:00:00,0,18.3,15.0,1.5555555555555554,17739.9675
2015-12-02 13:00:00,0,19.4,12.0,0.0,17632.025
2015-12-02 14:00:00,0,20.6,11.0,0.0,17647.16
2015-12-02 15:00:00,0,21.1,9.0,0.0,17614.470000000005
2015-12-02 16:00:00,0,20.6,10.0,2.5833333333333335,17324.612500000003
2015-12-02 17:00:00,0,19.4,11.0,2.055555555555556,16873.010000000002
2015-12-02 18:00:00,0,16.7,17.0,1.5555555555555554,16464.62
2015-12-02 19:00:00,0,13.9,22.0,0.0,16003.26
2015-12-02 20:00:00,0,13.3,23.0,0.0,15573.709999999997
2015-12-02 21:00:00,0,12.2,28.0,3.083333333333333,15201.32
2015-12-02 22:00:00,0,12.2,28.0,0.0,14351.710000000001
2015-12-02 23:00:00,0,11.1,31.0,0.0,13717.87
2015-12-03 00:00:00,0,9.4,36.0,2.055555555555556,13603.89
2015-12-03 01:00:00,0,10.0,31.0,0.0,13461.230000000001
2015-12-03 02:00:00,0,7.2,44.0,1.5555555555555554,13634.22
2015-12-03 03:00:00,0,6.7,43.0,2.055555555555556,13597.869999999999
2015-12-03 04:00:00,0,6.7,43.0,2.055555555555556,13847.907500000001
2015-12-03 05:00:00,0,7.8,37.0,1.5555555555555554,14449.21750000001
2015-12-03 06:00:00,0,8.3,34.0,1.5555555555555554,15538.582499999999
2015-12-03 07:00:00,0,8.3,34.0,1.5555555555555554,15869.547499999999
2015-12-03 08:00:00,0,11.1,28.0,0.0,16619.347500000003
2015-12-03 09:00:00,0,13.9,22.0,0.0,17349.5775
2015-12-03 10:00:00,0,16.1,18.0,1.5555555555555554,17554.125
2015-12-03 11:00:00,0,18.3,15.0,0.0,17569.075
2015-12-03 12:00:00,0,20.6,13.0,0.0,17474.690000000002
2015-12-03 13:00:00,0,22.8,10.0,0.0,17498.2
2015-12-03 14:00:00,0,24.4,8.0,2.055555555555556,17443.239999999998
2015-12-03 15:00:00,0,25.0,8.0,1.5555555555555554,17364.379999999997
2015-12-03 16:00:00,0,23.9,9.0,1.5555555555555554,17098.41
2015-12-03 17:00:00,0,19.4,16.0,2.5833333333333335,16675.889999999992
2015-12-03 18:00:00,0,20.6,13.0,2.5833333333333335,16142.279999999999
2015-12-03 19:00:00,0,17.2,18.0,1.5555555555555554,15686.950000000004
2015-12-03 20:00:00,0,15.0,24.0,0.0,15283.200000000003
2015-12-03 21:00:00,0,15.6,22.0,2.5833333333333335,14821.529999999999
2015-12-03 22:00:00,0,14.4,23.0,1.5555555555555554,14075.940000000006
2015-12-03 23:00:00,0,12.8,30.0,1.5555555555555554,13571.539999999999
2015-12-04 00:00:00,0,11.7,34.0,2.5833333333333335,13279.350000000002
2015-12-04 01:00:00,0,11.1,35.0,3.083333333333333,13243.149999999998
2015-12-04 02:00:00,0,11.7,30.0,0.0,13437.239999999996
2015-12-04 03:00:00,0,10.0,35.0,4.111111111111112,13479.14
2015-12-04 04:00:00,0,10.0,33.0,4.111111111111112,13558.85
2015-12-04 05:00:00,0,10.0,32.0,2.5833333333333335,14144.842500000004
2015-12-04 06:00:00,0,9.4,36.0,3.083333333333333,15191.614999999996
2015-12-04 07:00:00,0,8.9,39.0,2.5833333333333335,15469.865000000002
2015-12-04 08:00:00,0,13.3,26.0,0.0,16230.63
2015-12-04 09:00:00,0,16.1,21.0,3.611111111111111,16695.397499999995
2015-12-04 10:00:00,0,17.2,21.0,2.5833333333333335,16885.635000000002
2015-12-04 11:00:00,0,20.0,15.0,3.083333333333333,16959.117499999997
2015-12-04 12:00:00,0,21.1,14.0,1.5555555555555554,16987.940000000002
2015-12-04 13:00:00,0,22.2,14.0,1.5555555555555554,16986.450000000004
2015-12-04 14:00:00,0,22.2,14.0,0.0,16928.48
2015-12-04 15:00:00,0,22.2,14.0,0.0,16768.759999999995
2015-12-04 16:00:00,0,21.7,15.0,0.0,16564.339999999997
2015-12-04 17:00:00,0,18.3,21.0,1.5555555555555554,16106.43
2015-12-04 18:00:00,0,17.8,22.0,0.0,15353.739999999994
2015-12-04 19:00:00,0,15.0,33.0,2.5833333333333335,14972.280000000004
2015-12-04 20:00:00,0,16.1,23.0,2.5833333333333335,14624.210000000001
2015-12-04 21:00:00,0,15.0,29.0,0.0,14250.84
2015-12-04 22:00:00,0,15.0,31.0,3.611111111111111,13602.410000000002
2015-12-04 23:00:00,0,14.4,35.0,0.0,13192.329999999998
2015-12-05 00:00:00,1,12.8,35.0,0.0,13029.36
2015-12-05 01:00:00,1,11.7,41.0,2.055555555555556,12968.81
2015-12-05 02:00:00,1,10.6,44.0,2.055555555555556,12950.66
2015-12-05 03:00:00,1,10.0,43.0,2.5833333333333335,12965.17
2015-12-05 04:00:00,1,7.8,50.0,3.083333333333333,13314.919999999998
2015-12-05 05:00:00,1,9.4,43.0,1.5555555555555554,13432.980000000001
2015-12-05 06:00:00,1,8.3,41.0,2.055555555555556,13760.000000000004
2015-12-05 07:00:00,1,7.8,46.0,1.5555555555555554,14072.99
2015-12-05 08:00:00,1,10.6,38.0,1.5555555555555554,14075.48
2015-12-05 09:00:00,1,14.4,23.0,2.055555555555556,14088.8
2015-12-05 10:00:00,1,16.1,21.0,2.055555555555556,14109.32
2015-12-05 11:00:00,1,18.3,17.0,1.5555555555555554,14145.23
2015-12-05 12:00:00,1,20.0,14.0,1.5555555555555554,14077.999999999998
2015-12-05 13:00:00,1,22.2,12.0,1.5555555555555554,14092.060000000001
2015-12-05 14:00:00,1,23.3,11.0,0.0,14077.600000000002
2015-12-05 15:00:00,1,23.3,11.0,1.5555555555555554,13996.87
2015-12-05 16:00:00,1,22.8,11.0,3.083333333333333,13896.530000000004
2015-12-05 17:00:00,1,21.1,13.0,2.5833333333333335,13838.04
2015-12-05 18:00:00,1,17.8,19.0,2.055555555555556,13899.319999999998
2015-12-05 19:00:00,1,16.1,21.0,2.055555555555556,13795.600000000002
2015-12-05 20:00:00,1,15.6,22.0,0.0,13641.559999999994
2015-12-05 21:00:00,1,13.9,33.0,3.083333333333333,13515.84
2015-12-05 22:00:00,1,13.3,29.0,0.0,13251.139999999998
2015-12-05 23:00:00,1,11.7,35.0,2.055555555555556,13033.190000000002
2015-12-06 00:00:00,1,12.2,33.0,1.5555555555555554,12934.889999999994
2015-12-06 01:00:00,1,10.6,36.0,0.0,12882.910000000002
2015-12-06 02:00:00,1,11.1,37.0,1.5555555555555554,12968.980000000001
2015-12-06 03:00:00,1,10.0,39.0,0.0,12969.919999999998
2015-12-06 04:00:00,1,10.0,33.0,2.055555555555556,13316.409999999998
2015-12-06 05:00:00,1,9.4,35.0,1.5555555555555554,13348.822499999998
2015-12-06 06:00:00,1,8.9,37.0,0.0,13737.62
2015-12-06 07:00:00,1,7.8,44.0,1.5555555555555554,13888.415
2015-12-06 08:00:00,1,11.7,32.0,0.0,13726.220000000001
2015-12-06 09:00:00,1,13.9,27.0,1.5555555555555554,13567.519999999999
2015-12-06 10:00:00,1,18.3,19.0,0.0,13631.589999999998
2015-12-06 11:00:00,1,21.1,15.0,1.5555555555555554,13616.54
2015-12-06 12:00:00,1,24.4,10.0,2.055555555555556,13632.650000000005
2015-12-06 13:00:00,1,25.6,10.0,2.5833333333333335,13648.630000000003
2015-12-06 14:00:00,1,25.6,10.0,1.5555555555555554,13702.320000000003
2015-12-06 15:00:00,1,25.0,11.0,1.5555555555555554,13590.119999999994
2015-12-06 16:00:00,1,24.4,12.0,0.0,13578.509999999997
2015-12-06 17:00:00,1,20.0,21.0,1.5555555555555554,13686.220000000001
2015-12-06 18:00:00,1,18.3,24.0,1.5555555555555554,13694.720000000003
2015-12-06 19:00:00,1,16.7,28.0,1.5555555555555554,13635.69
2015-12-06 20:00:00,1,17.2,25.0,0.0,13366.430000000002
2015-12-06 21:00:00,1,15.0,29.0,0.0,13235.93
2015-12-06 22:00:00,1,16.1,26.0,1.5555555555555554,13170.29
2015-12-06 23:00:00,1,13.3,34.0,0.0,13085.039999999997
2015-12-07 00:00:00,0,13.3,34.0,0.0,13019.769999999999
2015-12-07 01:00:00,0,13.3,39.0,2.5833333333333335,12985.850000000002
2015-12-07 02:00:00,0,12.2,40.0,0.0,13223.810000000003
2015-12-07 03:00:00,0,11.7,45.0,1.5555555555555554,13404.81
2015-12-07 04:00:00,0,12.8,34.0,2.055555555555556,13867.57
2015-12-07 05:00:00,0,12.2,37.0,0.0,14306.710000000003
2015-12-07 06:00:00,0,11.1,38.0,0.0,15091.2025
2015-12-07 07:00:00,0,11.7,34.0,0.0,15542.179999999998
2015-12-07 08:00:00,0,13.3,36.0,0.0,16003.349999999993
2015-12-07 09:00:00,0,16.7,28.0,0.0,16600.285
2015-12-07 10:00:00,0,21.1,19.0,0.0,16791.530000000002
2015-12-07 11:00:00,0,23.3,13.0,5.138888888888888,16927.799999999996
2015-12-07 12:00:00,0,24.4,12.0,4.638888888888888,16960.2
2015-12-07 13:00:00,0,25.6,11.0,3.083333333333333,16853.219999999998
2015-12-07 14:00:00,0,26.1,11.0,0.0,16854.79
2015-12-07 15:00:00,0,25.0,11.0,3.083333333333333,16786.129999999997
2015-12-07 16:00:00,0,23.9,14.0,3.611111111111111,16524.870000000003
2015-12-07 17:00:00,0,22.8,15.0,2.5833333333333335,16015.179999999998
2015-12-07 18:00:00,0,18.9,21.0,2.5833333333333335,15552.2
2015-12-07 19:00:00,0,17.8,24.0,0.0,15120.890000000003
2015-12-07 20:00:00,0,17.2,25.0,0.0,14786.720000000001
2015-12-07 21:00:00,0,15.6,28.0,0.0,14480.870000000003
2015-12-07 22:00:00,0,13.9,33.0,0.0,13819.530000000002
2015-12-07 23:00:00,0,11.7,41.0,1.5555555555555554,13420.340000000004
2015-12-08 00:00:00,0,11.7,41.0,2.5833333333333335,13236.949999999997
2015-12-08 01:00:00,0,11.1,47.0,2.5833333333333335,13194.27
2015-12-08 02:00:00,0,11.1,45.0,2.5833333333333335,13314.759999999998
2015-12-08 03:00:00,0,11.7,37.0,3.083333333333333,13303.869999999999
2015-12-08 04:00:00,0,10.6,41.0,3.083333333333333,13445.810000000001
2015-12-08 05:00:00,0,10.0,44.0,2.5833333333333335,13897.765000000001
2015-12-08 06:00:00,0,10.0,43.0,2.5833333333333335,15010.5225
2015-12-08 07:00:00,0,10.0,44.0,2.055555555555556,15491.422499999999
2015-12-08 08:00:00,0,12.8,34.0,3.611111111111111,16293.167499999998
2015-12-08 09:00:00,0,15.0,27.0,2.055555555555556,16554.82
2015-12-08 10:00:00,0,16.1,26.0,2.055555555555556,16669.460000000003
2015-12-08 11:00:00,0,19.4,21.0,2.055555555555556,16801.859999999997
2015-12-08 12:00:00,0,21.1,18.0,0.0,16883.23
2015-12-08 13:00:00,0,22.2,17.0,1.5555555555555554,16867.48
2015-12-08 14:00:00,0,23.3,14.0,0.0,16795.329999999998
2015-12-08 15:00:00,0,23.3,14.0,0.0,16645.59
2015-12-08 16:00:00,0,22.8,15.0,2.5833333333333335,16428.62
2015-12-08 17:00:00,0,21.1,18.0,0.0,15940.200000000003
2015-12-08 18:00:00,0,18.9,23.0,0.0,15408.85
2015-12-08 19:00:00,0,17.2,28.0,0.0,15075.0
2015-12-08 20:00:00,0,16.1,31.0,0.0,14652.209999999997
2015-12-08 21:00:00,0,15.6,31.0,1.5555555555555554,14334.070000000003
2015-12-08 22:00:00,0,15.0,36.0,2.055555555555556,13664.7
2015-12-08 23:00:00,0,13.3,40.0,2.055555555555556,13218.030000000002
2015-12-09 00:00:00,0,12.8,40.0,2.5833333333333335,12948.220000000001
2015-12-09 01:00:00,0,12.8,37.0,2.5833333333333335,12894.790000000005
2015-12-09 02:00:00,0,12.2,41.0,2.5833333333333335,13159.330000000004
2015-12-09 03:00:00,0,11.7,43.0,1.5555555555555554,13211.43
2015-12-09 04:00:00,0,11.1,43.0,2.5833333333333335,13209.059999999998
2015-12-09 05:00:00,0,11.1,41.0,4.111111111111112,13702.779999999999
2015-12-09 06:00:00,0,10.0,46.0,2.5833333333333335,15060.367500000004
2015-12-09 07:00:00,0,11.1,41.0,2.5833333333333335,15392.062499999996
2015-12-09 08:00:00,0,13.9,34.0,2.5833333333333335,15912.272500000001
2015-12-09 09:00:00,0,16.7,28.0,2.5833333333333335,16207.942500000001
2015-12-09 10:00:00,0,17.8,26.0,2.055555555555556,16419.190000000002
2015-12-09 11:00:00,0,20.0,21.0,0.0,16595.02
2015-12-09 12:00:00,0,21.1,20.0,0.0,16621.900000000005
2015-12-09 13:00:00,0,22.2,18.0,1.5555555555555554,16571.53000000001
2015-12-09 14:00:00,0,22.2,18.0,0.0,16633.24
2015-12-09 15:00:00,0,22.2,20.0,0.0,16471.640000000003
2015-12-09 16:00:00,0,21.1,24.0,1.5555555555555554,16360.67
2015-12-09 17:00:00,0,18.9,28.0,0.0,15895.600000000002
2015-12-09 18:00:00,0,18.3,31.0,0.0,15485.359999999997
2015-12-09 19:00:00,0,16.7,37.0,0.0,15184.090000000002
2015-12-09 20:00:00,0,16.1,36.0,2.5833333333333335,14801.63
2015-12-09 21:00:00,0,15.6,38.0,4.111111111111112,14319.449999999999
2015-12-09 22:00:00,0,13.9,44.0,3.083333333333333,13697.900000000001
2015-12-09 23:00:00,0,13.3,42.0,1.5555555555555554,13284.799999999997
2015-12-10 00:00:00,0,12.2,51.0,2.5833333333333335,13201.620000000003
2015-12-10 01:00:00,0,11.1,54.0,2.5833333333333335,13022.440000000004
2015-12-10 02:00:00,0,10.6,56.0,1.5555555555555554,13287.649999999996
2015-12-10 03:00:00,0,12.8,43.0,4.111111111111112,13223.979999999998
2015-12-10 04:00:00,0,11.7,45.0,2.5833333333333335,13353.550000000001
2015-12-10 05:00:00,0,10.0,54.0,3.083333333333333,13880.995000000004
2015-12-10 06:00:00,0,11.1,49.0,2.5833333333333335,15039.822499999998
2015-12-10 07:00:00,0,11.7,47.0,3.611111111111111,15487.810000000001
2015-12-10 08:00:00,0,13.9,40.0,3.611111111111111,16032.299999999997
2015-12-10 09:00:00,0,15.6,35.0,4.111111111111112,16331.32
2015-12-10 10:00:00,0,17.8,29.0,2.055555555555556,16581.695000000003
2015-12-10 11:00:00,0,20.0,23.0,1.5555555555555554,16625.359999999997
2015-12-10 12:00:00,0,22.2,22.0,2.055555555555556,16534.13
2015-12-10 13:00:00,0,23.3,21.0,2.5833333333333335,16546.570000000003
2015-12-10 14:00:00,0,24.4,19.0,2.5833333333333335,16616.477499999994
2015-12-10 15:00:00,0,25.0,17.0,0.0,16528.57
2015-12-10 16:00:00,0,24.4,19.0,0.0,16341.01
2015-12-10 17:00:00,0,22.2,22.0,0.0,15845.56
2015-12-10 18:00:00,0,20.0,27.0,0.0,15331.849999999997
2015-12-10 19:00:00,0,18.3,32.0,0.0,14948.380000000006
2015-12-10 20:00:00,0,17.8,34.0,3.083333333333333,14588.26
2015-12-10 21:00:00,0,15.6,41.0,3.083333333333333,14274.49
2015-12-10 22:00:00,0,15.6,39.0,3.611111111111111,13577.419999999998
2015-12-10 23:00:00,0,14.4,41.0,4.638888888888888,13233.850000000002
2015-12-11 00:00:00,0,13.9,40.0,3.611111111111111,12944.500000000002
2015-12-11 01:00:00,0,13.9,40.0,4.111111111111112,12798.380000000001
2015-12-11 02:00:00,0,13.9,39.0,2.5833333333333335,13066.739999999998
2015-12-11 03:00:00,0,13.3,42.0,3.083333333333333,12992.42
2015-12-11 04:00:00,0,13.3,42.0,3.083333333333333,13069.830000000002
2015-12-11 05:00:00,0,13.3,40.0,3.611111111111111,13609.539999999999
2015-12-11 06:00:00,0,12.8,45.0,2.055555555555556,14645.9425
2015-12-11 07:00:00,0,12.2,49.0,2.055555555555556,14964.390000000001
2015-12-11 08:00:00,0,13.3,45.0,2.055555555555556,15352.057499999999
2015-12-11 09:00:00,0,14.4,41.0,2.055555555555556,15848.920000000002
2015-12-11 10:00:00,0,15.0,36.0,2.055555555555556,16195.969999999998
2015-12-11 11:00:00,0,15.6,36.0,2.055555555555556,16289.342499999999
2015-12-11 12:00:00,0,18.3,37.0,1.5555555555555554,16272.39
2015-12-11 13:00:00,0,18.9,38.0,2.055555555555556,16169.379999999997
2015-12-11 14:00:00,0,18.3,40.0,3.083333333333333,16241.619999999999
2015-12-11 15:00:00,0,18.3,40.0,0.0,16051.26
2015-12-11 16:00:00,0,18.3,42.0,1.5555555555555554,15841.429999999998
2015-12-11 17:00:00,0,18.3,42.0,0.0,15419.029999999999
2015-12-11 18:00:00,0,17.8,38.0,2.5833333333333335,14948.59
2015-12-11 19:00:00,0,17.2,35.0,5.138888888888888,14523.369999999999
2015-12-11 20:00:00,0,17.2,34.0,6.166666666666666,14189.07
2015-12-11 21:00:00,0,16.7,37.0,3.611111111111111,13855.680000000002
2015-12-11 22:00:00,0,15.0,44.0,5.666666666666666,13260.449999999999
2015-12-11 23:00:00,0,12.2,69.0,3.611111111111111,12907.099999999999
2015-12-12 00:00:00,1,11.7,83.0,2.055555555555556,12749.939999999999
2015-12-12 01:00:00,1,11.1,86.0,2.055555555555556,12783.230000000001
2015-12-12 02:00:00,1,11.1,80.0,3.083333333333333,12718.03
2015-12-12 03:00:00,1,11.1,83.0,0.0,12689.690000000002
2015-12-12 04:00:00,1,11.1,69.0,6.694444444444445,12913.690000000002
2015-12-12 05:00:00,1,10.6,68.0,4.638888888888888,13144.810000000001
2015-12-12 06:00:00,1,10.6,63.0,3.083333333333333,13402.454999999998
2015-12-12 07:00:00,1,10.6,52.0,4.638888888888888,13627.669999999998
2015-12-12 08:00:00,1,10.6,54.0,4.111111111111112,13626.41
2015-12-12 09:00:00,1,10.6,56.0,3.611111111111111,13632.740000000002
2015-12-12 10:00:00,1,13.3,51.0,5.666666666666666,13703.7
2015-12-12 11:00:00,1,13.3,49.0,5.666666666666666,13675.710000000001
2015-12-12 12:00:00,1,15.0,44.0,5.666666666666666,13688.669999999998
2015-12-12 13:00:00,1,16.1,39.0,5.138888888888888,13592.050000000003
2015-12-12 14:00:00,1,15.6,39.0,10.805555555555555,13441.4
2015-12-12 15:00:00,1,12.8,67.0,7.194444444444444,13570.600000000004
2015-12-12 16:00:00,1,11.7,72.5,4.375,13535.34
2015-12-12 17:00:00,1,11.1,74.0,4.638888888888888,13603.659999999996
2015-12-12 18:00:00,1,10.6,74.0,4.638888888888888,13818.92
2015-12-12 19:00:00,1,10.6,74.0,3.611111111111111,13672.6
2015-12-12 20:00:00,1,9.4,80.0,3.083333333333333,13559.69
2015-12-12 21:00:00,1,9.4,77.0,3.083333333333333,13420.009999999998
2015-12-12 22:00:00,1,8.3,83.0,3.083333333333333,13201.310000000003
2015-12-12 23:00:00,1,8.3,83.0,2.5833333333333335,12916.66
2015-12-13 00:00:00,1,7.8,83.0,0.0,12895.7
2015-12-13 01:00:00,1,7.2,86.0,0.0,12917.939999999997
2015-12-13 02:00:00,1,6.7,85.0,0.0,12945.32
2015-12-13 03:00:00,1,5.6,92.0,2.5833333333333335,13003.800000000001
2015-12-13 04:00:00,1,5.0,93.0,2.055555555555556,13299.96
2015-12-13 05:00:00,1,5.0,89.0,1.5555555555555554,13426.77
2015-12-13 06:00:00,1,5.0,89.0,0.0,13861.805
2015-12-13 07:00:00,1,5.0,93.0,0.0,14078.474999999999
2015-12-13 08:00:00,1,7.2,80.0,3.083333333333333,13807.614999999998
2015-12-13 09:00:00,1,8.3,68.0,3.611111111111111,13683.539999999999
2015-12-13 10:00:00,1,10.6,59.0,3.083333333333333,13587.739999999996
2015-12-13 11:00:00,1,12.8,49.0,2.5833333333333335,13610.519999999997
2015-12-13 12:00:00,1,13.9,44.0,2.055555555555556,13674.130000000005
2015-12-13 13:00:00,1,15.0,38.0,2.055555555555556,13629.179999999995
2015-12-13 14:00:00,1,16.1,27.0,3.083333333333333,13565.7
2015-12-13 15:00:00,1,15.6,32.0,1.5555555555555554,13505.070000000002
2015-12-13 16:00:00,1,15.0,29.0,3.083333333333333,13424.549999999997
2015-12-13 17:00:00,1,13.9,33.0,2.055555555555556,13400.859999999997
2015-12-13 18:00:00,1,12.2,43.0,2.055555555555556,13581.13
2015-12-13 19:00:00,1,11.1,47.0,2.055555555555556,13557.780000000002
2015-12-13 20:00:00,1,10.0,52.0,2.5833333333333335,13356.300000000001
2015-12-13 21:00:00,1,10.0,52.0,3.083333333333333,13287.56
2015-12-13 22:00:00,1,8.9,58.0,3.083333333333333,13172.139999999998
2015-12-13 23:00:00,1,8.9,56.0,2.5833333333333335,13194.209999999995
2015-12-14 00:00:00,0,7.8,61.0,3.611111111111111,13114.100000000002
2015-12-14 01:00:00,0,7.8,61.0,3.611111111111111,13069.769999999999
2015-12-14 02:00:00,0,7.8,61.0,3.611111111111111,13424.259999999997
2015-12-14 03:00:00,0,8.9,54.0,3.611111111111111,13595.059999999998
2015-12-14 04:00:00,0,8.3,56.0,3.083333333333333,14021.757499999996
2015-12-14 05:00:00,0,8.9,54.0,3.611111111111111,14632.965000000002
2015-12-14 06:00:00,0,9.4,46.0,5.666666666666666,15332.455
2015-12-14 07:00:00,0,7.8,76.0,4.638888888888888,15803.297500000004
2015-12-14 08:00:00,0,7.2,90.0,3.611111111111111,16236.542499999998
2015-12-14 09:00:00,0,7.2,87.0,2.9583333333333335,16726.100000000002
2015-12-14 10:00:00,0,8.3,86.0,2.5833333333333335,16962.875
2015-12-14 11:00:00,0,10.0,77.0,1.5555555555555554,16849.4525
2015-12-14 12:00:00,0,11.7,55.0,4.638888888888888,16747.739999999998
2015-12-14 13:00:00,0,11.7,55.0,4.638888888888888,16797.170000000002
2015-12-14 14:00:00,0,12.2,49.0,5.666666666666666,16722.41
2015-12-14 15:00:00,0,11.7,55.0,4.111111111111112,16546.190000000002
2015-12-14 16:00:00,0,12.2,40.0,6.694444444444445,16342.669999999998
2015-12-14 17:00:00,0,11.1,45.0,5.666666666666666,16131.26
2015-12-14 18:00:00,0,11.1,41.0,6.694444444444445,15775.0225
2015-12-14 19:00:00,0,10.6,48.0,3.611111111111111,15449.707499999997
2015-12-14 20:00:00,0,7.8,63.0,1.5555555555555554,15330.482500000004
2015-12-14 21:00:00,0,6.7,73.0,0.0,14968.530000000006
2015-12-14 22:00:00,0,7.8,63.0,0.0,14170.692499999997
2015-12-14 23:00:00,0,6.1,74.0,2.5833333333333335,13580.907500000001
2015-12-15 00:00:00,0,6.1,71.0,3.083333333333333,13375.089999999997
2015-12-15 01:00:00,0,5.6,76.0,1.5555555555555554,13292.99
2015-12-15 02:00:00,0,5.0,79.0,2.5833333333333335,13571.640000000003
2015-12-15 03:00:00,0,3.9,89.0,1.5555555555555554,13567.21
2015-12-15 04:00:00,0,3.9,86.0,3.083333333333333,13624.66
2015-12-15 05:00:00,0,3.3,86.0,2.5833333333333335,14343.2725
2015-12-15 06:00:00,0,2.8,86.0,0.0,15424.810000000001
2015-12-15 07:00:00,0,2.8,89.0,1.5555555555555554,15938.809999999998
2015-12-15 08:00:00,0,4.4,77.0,1.5555555555555554,16336.6275
2015-12-15 09:00:00,0,6.7,65.0,1.5555555555555554,16707.382499999996
2015-12-15 10:00:00,0,8.3,61.0,0.0,16866.250000000004
2015-12-15 11:00:00,0,10.0,54.0,1.5555555555555554,16976.219999999998
2015-12-15 12:00:00,0,10.0,50.0,1.5555555555555554,16852.335
2015-12-15 13:00:00,0,11.7,35.0,4.111111111111112,16752.835
2015-12-15 14:00:00,0,11.7,37.0,1.5555555555555554,16706.9825
2015-12-15 15:00:00,0,12.2,34.0,3.611111111111111,16557.127500000002
2015-12-15 16:00:00,0,12.2,31.0,3.083333333333333,16292.0825
2015-12-15 17:00:00,0,10.6,41.0,0.0,16102.452499999994
2015-12-15 18:00:00,0,10.0,41.0,0.0,15735.46
2015-12-15 19:00:00,0,8.9,46.0,1.5555555555555554,15468.817499999997
2015-12-15 20:00:00,0,8.3,44.0,1.5555555555555554,15260.380000000003
2015-12-15 21:00:00,0,6.7,55.0,2.055555555555556,14966.252500000004
2015-12-15 22:00:00,0,5.6,62.0,2.055555555555556,14266.797499999997
2015-12-15 23:00:00,0,6.7,55.0,1.5555555555555554,13778.829999999998
2015-12-16 00:00:00,0,5.0,67.0,2.5833333333333335,13407.055
2015-12-16 01:00:00,0,4.4,73.0,3.083333333333333,13300.857499999998
2015-12-16 02:00:00,0,4.4,70.0,2.5833333333333335,13661.91
2015-12-16 03:00:00,0,3.9,73.0,0.0,13670.487499999997
2015-12-16 04:00:00,0,3.3,76.0,0.0,13748.119999999999
2015-12-16 05:00:00,0,2.2,82.0,0.0,14422.327500000003
2015-12-16 06:00:00,0,2.8,76.0,0.0,15594.702499999998
2015-12-16 07:00:00,0,2.2,82.0,1.5555555555555554,15993.2575
2015-12-16 08:00:00,0,5.0,65.0,1.5555555555555554,16356.977499999999
2015-12-16 09:00:00,0,7.2,56.0,2.055555555555556,16750.517499999998
2015-12-16 10:00:00,0,8.9,46.0,2.5833333333333335,16807.8225
2015-12-16 11:00:00,0,10.6,43.0,0.0,16885.084999999995
2015-12-16 12:00:00,0,10.6,38.0,1.5555555555555554,16822.6425
2015-12-16 13:00:00,0,11.1,35.0,0.0,16757.545000000002
2015-12-16 14:00:00,0,12.8,30.0,2.055555555555556,16667.995000000003
2015-12-16 15:00:00,0,12.8,29.0,3.083333333333333,16556.262499999997
2015-12-16 16:00:00,0,12.2,30.0,2.5833333333333335,16391.19
2015-12-16 17:00:00,0,11.7,29.0,4.111111111111112,16040.067499999996
2015-12-16 18:00:00,0,9.4,46.0,2.055555555555556,15634.335000000001
2015-12-16 19:00:00,0,8.9,46.0,2.055555555555556,15468.269999999999
2015-12-16 20:00:00,0,7.8,50.0,0.0,15123.835000000005
2015-12-16 21:00:00,0,7.2,53.0,0.0,14837.127499999999
2015-12-16 22:00:00,0,5.6,65.0,2.5833333333333335,14186.337499999996
2015-12-16 23:00:00,0,5.6,65.0,2.055555555555556,13627.109999999999
2015-12-17 00:00:00,0,5.0,65.0,0.0,13433.442499999997
2015-12-17 01:00:00,0,4.4,68.0,3.083333333333333,13428.95
2015-12-17 02:00:00,0,3.9,70.0,2.5833333333333335,13711.274999999998
2015-12-17 03:00:00,0,3.3,70.0,2.055555555555556,13770.287499999999
2015-12-17 04:00:00,0,3.3,70.0,1.5555555555555554,13828.807500000003
2015-12-17 05:00:00,0,3.3,70.0,1.5555555555555554,14524.319999999998
2015-12-17 06:00:00,0,2.8,70.0,3.611111111111111,15491.354999999998
2015-12-17 07:00:00,0,2.8,70.0,2.5833333333333335,15764.442500000001
2015-12-17 08:00:00,0,4.4,65.0,0.0,16424.629999999997
2015-12-17 09:00:00,0,6.7,53.0,1.5555555555555554,16652.03
2015-12-17 10:00:00,0,8.9,44.0,2.055555555555556,16801.3775
2015-12-17 11:00:00,0,10.0,39.0,0.0,16780.597500000007
2015-12-17 12:00:00,0,11.7,34.0,1.5555555555555554,16858.122499999998
2015-12-17 13:00:00,0,13.3,30.0,1.5555555555555554,16675.495
2015-12-17 14:00:00,0,12.8,29.0,1.5555555555555554,16542.08
2015-12-17 15:00:00,0,13.9,27.0,1.5555555555555554,16287.702499999996
2015-12-17 16:00:00,0,13.9,27.0,0.0,16195.574999999999
2015-12-17 17:00:00,0,13.3,29.0,2.055555555555556,15787.930000000006
2015-12-17 18:00:00,0,11.1,40.0,1.5555555555555554,15402.61
2015-12-17 19:00:00,0,10.0,46.0,0.0,15211.2775
2015-12-17 20:00:00,0,8.9,52.0,1.5555555555555554,15033.989999999996
2015-12-17 21:00:00,0,8.3,54.0,0.0,14599.340000000004
2015-12-17 22:00:00,0,7.2,58.0,0.0,13900.835000000001
2015-12-17 23:00:00,0,7.2,58.0,0.0,13441.697500000004
2015-12-18 00:00:00,0,6.1,65.0,2.055555555555556,13144.59
2015-12-18 01:00:00,0,5.6,67.0,1.5555555555555554,13125.7425
2015-12-18 02:00:00,0,6.1,62.0,1.5555555555555554,13409.815
2015-12-18 03:00:00,0,5.6,65.0,1.5555555555555554,13396.07
2015-12-18 04:00:00,0,4.4,68.0,2.055555555555556,13515.4025
2015-12-18 05:00:00,0,4.4,70.0,1.5555555555555554,14236.129999999997
2015-12-18 06:00:00,0,4.4,68.0,1.5555555555555554,15373.035
2015-12-18 07:00:00,0,5.0,65.0,1.5555555555555554,15569.130000000001
2015-12-18 08:00:00,0,7.8,54.0,2.055555555555556,15923.645000000008
2015-12-18 09:00:00,0,9.4,46.0,0.0,16339.097499999998
2015-12-18 10:00:00,0,12.2,35.0,2.055555555555556,16349.89
2015-12-18 11:00:00,0,15.0,31.0,0.0,16388.764999999996
2015-12-18 12:00:00,0,18.3,21.0,2.0555555555555554,16290.1275
2015-12-18 13:00:00,0,20.6,18.0,4.111111111111112,16090.827500000001
2015-12-18 14:00:00,0,21.1,17.0,3.611111111111111,15996.987500000003
2015-12-18 15:00:00,0,21.7,16.0,2.5833333333333335,15819.074999999997
2015-12-18 16:00:00,0,21.1,18.0,1.5555555555555554,15503.5975
2015-12-18 17:00:00,0,16.7,32.0,2.055555555555556,15085.067500000001
2015-12-18 18:00:00,0,17.8,25.0,1.5555555555555554,14639.437499999998
2015-12-18 19:00:00,0,14.4,35.0,0.0,14402.515
2015-12-18 20:00:00,0,12.2,43.0,0.0,14246.37
2015-12-18 21:00:00,0,13.3,36.0,0.0,14017.06
2015-12-18 22:00:00,0,12.2,41.0,1.5555555555555554,13367.5425
2015-12-18 23:00:00,0,10.0,54.0,1.5555555555555554,12809.227499999999
2015-12-19 00:00:00,1,11.1,45.0,1.5555555555555554,12729.142499999996
2015-12-19 01:00:00,1,9.4,52.0,1.5555555555555554,12625.357500000002
2015-12-19 02:00:00,1,8.9,54.0,2.055555555555556,12594.115
2015-12-19 03:00:00,1,10.0,44.0,2.055555555555556,12621.04
2015-12-19 04:00:00,1,8.9,50.0,2.055555555555556,12948.387499999997
2015-12-19 05:00:00,1,9.4,48.0,2.055555555555556,13159.2425
2015-12-19 06:00:00,1,11.1,40.0,2.5833333333333335,13385.585000000001
2015-12-19 07:00:00,1,10.0,44.0,2.5833333333333335,13983.4425
2015-12-19 08:00:00,1,10.0,46.0,4.111111111111112,13905.297499999999
2015-12-19 09:00:00,1,12.2,41.0,1.5555555555555554,13874.072499999998
2015-12-19 10:00:00,1,14.4,31.0,2.5833333333333335,13738.177499999996
2015-12-19 11:00:00,1,15.6,28.0,1.5555555555555554,13714.972499999998
2015-12-19 12:00:00,1,16.1,30.0,1.5555555555555554,13658.675000000001
2015-12-19 13:00:00,1,16.7,30.0,2.055555555555556,13492.115000000003
2015-12-19 14:00:00,1,16.7,30.0,0.0,13254.8225
2015-12-19 15:00:00,1,18.9,25.0,2.055555555555556,13184.449999999999
2015-12-19 16:00:00,1,17.2,31.0,1.5555555555555554,13034.680000000004
2015-12-19 17:00:00,1,15.6,33.0,0.0,13165.045
2015-12-19 18:00:00,1,15.0,35.0,0.0,13226.455000000002
2015-12-19 19:00:00,1,15.0,33.0,2.055555555555556,13128.182500000003
2015-12-19 20:00:00,1,14.4,35.0,2.055555555555556,13059.06
2015-12-19 21:00:00,1,13.3,40.0,1.5555555555555554,12841.8425
2015-12-19 22:00:00,1,13.3,39.0,3.611111111111111,12547.915
2015-12-19 23:00:00,1,12.2,41.0,2.055555555555556,12368.697500000002
2015-12-20 00:00:00,1,10.6,52.0,0.0,12349.215000000002
2015-12-20 01:00:00,1,9.4,56.0,3.611111111111111,12305.610000000002
2015-12-20 02:00:00,1,8.9,61.0,3.083333333333333,12294.862499999997
2015-12-20 03:00:00,1,9.4,52.0,2.5833333333333335,12384.589999999998
2015-12-20 04:00:00,1,7.8,63.0,1.5555555555555554,12680.347500000003
2015-12-20 05:00:00,1,7.8,63.0,0.0,12809.4925
2015-12-20 06:00:00,1,8.3,63.0,2.5833333333333335,13140.277500000002
2015-12-20 07:00:00,1,9.4,52.0,3.083333333333333,13276.880000000003
2015-12-20 08:00:00,1,9.4,56.0,2.055555555555556,13087.8
2015-12-20 09:00:00,1,12.2,51.0,1.5555555555555554,13059.657499999998
2015-12-20 10:00:00,1,13.9,55.0,2.5833333333333335,13328.110000000004
2015-12-20 11:00:00,1,16.1,50.0,2.5833333333333335,13380.375000000002
2015-12-20 12:00:00,1,16.1,41.0,2.5833333333333335,13415.449999999999
2015-12-20 13:00:00,1,16.7,37.0,2.055555555555556,13330.414999999999
2015-12-20 14:00:00,1,17.2,35.0,2.5833333333333335,13227.832500000002
2015-12-20 15:00:00,1,17.2,34.0,3.611111111111111,12846.817500000001
2015-12-20 16:00:00,1,16.7,35.0,2.5833333333333335,12790.960000000003
2015-12-20 17:00:00,1,16.1,36.0,4.111111111111112,12913.0275
2015-12-20 18:00:00,1,15.6,38.0,3.083333333333333,12983.182499999995
2015-12-20 19:00:00,1,14.4,42.0,2.5833333333333335,13006.115
2015-12-20 20:00:00,1,13.9,47.0,1.5555555555555554,12786.86
2015-12-20 21:00:00,1,13.3,49.0,0.0,12647.755000000003
2015-12-20 22:00:00,1,11.7,55.0,0.0,12502.025000000001
2015-12-20 23:00:00,1,10.6,59.0,1.5555555555555554,12505.885
2015-12-21 00:00:00,0,10.0,59.0,1.5555555555555554,12514.069999999998
2015-12-21 01:00:00,0,8.9,66.0,0.0,12512.899999999998
2015-12-21 02:00:00,0,7.8,71.0,0.0,12858.67
2015-12-21 03:00:00,0,7.2,74.0,2.5833333333333335,13105.899999999998
2015-12-21 04:00:00,0,7.2,71.0,2.055555555555556,13517.737500000001
2015-12-21 05:00:00,0,6.7,73.0,1.5555555555555554,14209.409999999998
2015-12-21 06:00:00,0,7.2,71.0,2.5833333333333335,14829.920000000002
2015-12-21 07:00:00,0,7.8,68.0,3.083333333333333,15234.250000000002
2015-12-21 08:00:00,0,8.9,63.0,3.083333333333333,15516.070000000003
2015-12-21 09:00:00,0,11.1,54.0,3.083333333333333,15772.227500000005
2015-12-21 10:00:00,0,12.8,49.0,1.5555555555555554,15933.9925
2015-12-21 11:00:00,0,13.9,45.0,0.0,15974.7775
2015-12-21 12:00:00,0,15.0,41.0,2.055555555555556,15862.872499999998
2015-12-21 13:00:00,0,15.6,38.0,2.055555555555556,15708.339999999998
2015-12-21 14:00:00,0,16.1,35.0,4.111111111111112,15600.005
2015-12-21 15:00:00,0,16.7,32.0,1.5555555555555554,15496.714999999998
2015-12-21 16:00:00,0,16.7,31.0,2.055555555555556,15258.889999999998
2015-12-21 17:00:00,0,13.9,40.0,1.5555555555555554,15053.7825
2015-12-21 18:00:00,0,13.9,39.0,0.0,14973.05
2015-12-21 19:00:00,0,12.8,45.0,0.0,14811.845
2015-12-21 20:00:00,0,11.1,53.0,2.055555555555556,14606.24
2015-12-21 21:00:00,0,11.1,53.0,0.0,14383.8525
2015-12-21 22:00:00,0,10.6,54.0,3.083333333333333,13573.047500000004
2015-12-21 23:00:00,0,10.0,57.0,2.5833333333333335,13074.029999999999
2015-12-22 00:00:00,0,10.0,59.0,3.083333333333333,12927.390000000001
2015-12-22 01:00:00,0,8.9,63.0,3.611111111111111,12858.975000000002
2015-12-22 02:00:00,0,8.3,66.0,3.611111111111111,13080.554999999998
2015-12-22 03:00:00,0,7.8,68.0,2.055555555555556,13088.272499999997
2015-12-22 04:00:00,0,7.8,68.0,2.055555555555556,13121.675
2015-12-22 05:00:00,0,8.3,63.0,2.055555555555556,13800.847499999998
2015-12-22 06:00:00,0,8.3,66.0,3.083333333333333,14644.690000000006
2015-12-22 07:00:00,0,8.3,66.0,3.611111111111111,14928.944999999996
2015-12-22 08:00:00,0,8.9,63.0,3.611111111111111,15194.96
2015-12-22 09:00:00,0,9.4,61.0,3.611111111111111,15557.180000000002
2015-12-22 10:00:00,0,10.0,59.0,3.611111111111111,15811.404999999999
2015-12-22 11:00:00,0,10.6,54.0,3.083333333333333,15873.1075
2015-12-22 12:00:00,0,12.2,49.0,3.611111111111111,15899.647500000003
2015-12-22 13:00:00,0,13.3,44.0,4.638888888888888,15853.4425
2015-12-22 14:00:00,0,13.3,44.0,5.138888888888888,15728.124999999998
2015-12-22 15:00:00,0,12.2,62.0,6.694444444444445,15564.722499999996
2015-12-22 16:00:00,0,11.7,66.0,4.638888888888888,15428.867500000002
2015-12-22 17:00:00,0,11.7,69.0,3.611111111111111,15062.667499999998
2015-12-22 18:00:00,0,12.2,69.0,4.111111111111112,14806.91
2015-12-22 19:00:00,0,12.2,69.0,2.055555555555556,14644.742499999997
2015-12-22 20:00:00,0,12.2,72.0,2.055555555555556,14366.904999999997
2015-12-22 21:00:00,0,12.2,72.0,2.5833333333333335,13995.147500000003
2015-12-22 22:00:00,0,11.7,74.0,2.055555555555556,13339.469999999994
2015-12-22 23:00:00,0,11.7,74.0,2.5833333333333335,12824.792500000003
2015-12-23 00:00:00,0,11.7,74.0,3.083333333333333,12610.527499999997
2015-12-23 01:00:00,0,11.7,77.0,3.083333333333333,12554.747500000001
2015-12-23 02:00:00,0,11.7,77.0,2.055555555555556,12860.617499999998
2015-12-23 03:00:00,0,11.7,77.0,2.055555555555556,12864.779999999999
2015-12-23 04:00:00,0,11.7,77.0,2.5833333333333335,12876.289999999997
2015-12-23 05:00:00,0,11.7,77.0,3.083333333333333,13439.457499999999
2015-12-23 06:00:00,0,11.7,80.0,3.083333333333333,14635.454999999998
2015-12-23 07:00:00,0,11.7,83.0,3.083333333333333,14676.102500000003
2015-12-23 08:00:00,0,12.2,80.0,2.5833333333333335,14918.354999999996
2015-12-23 09:00:00,0,13.9,72.0,2.055555555555556,14972.637499999995
2015-12-23 10:00:00,0,15.0,67.0,1.5555555555555554,15122.542499999998
2015-12-23 11:00:00,0,16.7,62.0,0.0,15288.582499999995
2015-12-23 12:00:00,0,17.8,58.0,2.055555555555556,15216.432499999997
2015-12-23 13:00:00,0,18.9,54.0,2.5833333333333335,15123.262499999999
2015-12-23 14:00:00,0,18.3,56.0,2.5833333333333335,14921.749999999998
2015-12-23 15:00:00,0,18.3,56.0,2.055555555555556,14689.724999999999
2015-12-23 16:00:00,0,18.3,56.0,4.111111111111112,14463.34
2015-12-23 17:00:00,0,17.8,56.0,2.055555555555556,14287.255000000001
2015-12-23 18:00:00,0,16.1,64.0,0.0,14283.8675
2015-12-23 19:00:00,0,16.7,62.0,0.0,14214.955000000004
2015-12-23 20:00:00,0,14.4,72.0,2.055555555555556,13987.8675
2015-12-23 21:00:00,0,13.3,75.0,3.083333333333333,13634.777500000002
2015-12-23 22:00:00,0,14.4,72.0,3.083333333333333,13021.615
2015-12-23 23:00:00,0,13.9,74.0,3.083333333333333,12549.592499999999
2015-12-24 00:00:00,0,13.3,80.0,3.611111111111111,12497.6925
2015-12-24 01:00:00,0,13.3,80.0,3.083333333333333,12444.652500000002
2015-12-24 02:00:00,0,13.3,84.0,3.083333333333333,12659.667499999994
2015-12-24 03:00:00,0,12.8,83.0,2.055555555555556,12654.060000000001
2015-12-24 04:00:00,0,12.2,86.0,2.5833333333333335,12710.56
2015-12-24 05:00:00,0,11.7,86.0,2.055555555555556,12876.442500000001
2015-12-24 06:00:00,0,11.1,89.0,3.083333333333333,13179.845
2015-12-24 07:00:00,0,11.1,86.0,3.083333333333333,13176.054999999998
2015-12-24 08:00:00,0,12.2,77.0,3.611111111111111,12909.222499999996
2015-12-24 09:00:00,0,13.9,72.0,3.083333333333333,12834.8775
2015-12-24 10:00:00,0,15.6,64.0,0.0,12861.207499999999
2015-12-24 11:00:00,0,17.2,60.0,0.0,12847.417500000001
2015-12-24 12:00:00,0,17.8,56.0,3.611111111111111,12835.689999999999
2015-12-24 13:00:00,0,18.3,54.0,3.083333333333333,12716.577499999998
2015-12-24 14:00:00,0,18.3,52.0,4.111111111111112,12679.82
2015-12-24 15:00:00,0,18.9,48.0,2.055555555555556,12613.5125
2015-12-24 16:00:00,0,17.8,52.0,3.083333333333333,12599.95
2015-12-24 17:00:00,0,17.8,48.0,2.5833333333333335,12761.614999999998
2015-12-24 18:00:00,0,16.7,52.0,2.5833333333333335,12881.602499999997
2015-12-24 19:00:00,0,16.1,54.0,1.5555555555555554,12846.182499999995
2015-12-24 20:00:00,0,13.9,62.0,1.5555555555555554,12812.287500000004
2015-12-24 21:00:00,0,13.3,67.0,2.055555555555556,12615.372499999998
2015-12-24 22:00:00,0,13.3,67.0,0.0,12398.757500000005
2015-12-24 23:00:00,0,12.2,72.0,2.5833333333333335,12247.997500000003
2015-12-25 00:00:00,1,11.1,77.0,3.083333333333333,12214.730000000001
2015-12-25 01:00:00,1,10.6,80.0,3.611111111111111,12210.107499999996
2015-12-25 02:00:00,1,10.0,80.0,3.611111111111111,12550.6975
2015-12-25 03:00:00,1,10.0,80.0,2.5833333333333335,12632.242500000002
2015-12-25 04:00:00,1,8.3,86.0,1.5555555555555554,12724.630000000003
2015-12-25 05:00:00,1,8.9,83.0,0.0,12963.857499999998
2015-12-25 06:00:00,1,8.3,86.0,1.5555555555555554,13356.974999999999
2015-12-25 07:00:00,1,9.4,80.0,1.5555555555555554,13354.64
2015-12-25 08:00:00,1,10.6,68.0,5.138888888888888,13012.1625
2015-12-25 09:00:00,1,12.2,53.0,4.111111111111112,12844.259999999997
2015-12-25 10:00:00,1,12.8,45.0,3.611111111111111,12777.404999999997
2015-12-25 11:00:00,1,13.3,30.0,3.611111111111111,12679.707499999997
2015-12-25 12:00:00,1,14.4,27.0,3.611111111111111,12607.245
2015-12-25 13:00:00,1,15.0,16.0,7.722222222222222,12634.732499999998
2015-12-25 14:00:00,1,15.6,15.0,3.611111111111111,12640.597500000002
2015-12-25 15:00:00,1,15.6,16.0,5.666666666666666,12575.832500000002
2015-12-25 16:00:00,1,14.4,16.0,5.666666666666666,12526.057499999999
2015-12-25 17:00:00,1,12.8,18.0,3.611111111111111,12606.099999999999
2015-12-25 18:00:00,1,11.7,20.0,4.638888888888888,12806.750000000002
2015-12-25 19:00:00,1,10.6,23.0,3.083333333333333,12865.482500000006
2015-12-25 20:00:00,1,8.3,30.0,2.055555555555556,12895.185000000001
2015-12-25 21:00:00,1,7.8,31.0,2.055555555555556,12711.214999999997
2015-12-25 22:00:00,1,7.8,31.0,3.611111111111111,12495.704999999998
2015-12-25 23:00:00,1,6.1,38.0,3.083333333333333,12354.647500000001
2015-12-26 00:00:00,1,5.6,40.0,2.055555555555556,12320.470000000003
2015-12-26 01:00:00,1,6.7,34.0,3.083333333333333,12385.079999999998
2015-12-26 02:00:00,1,6.1,35.0,2.5833333333333335,12444.365
2015-12-26 03:00:00,1,4.4,43.0,4.111111111111112,12477.742499999998
2015-12-26 04:00:00,1,3.9,43.0,4.111111111111112,12789.757500000003
2015-12-26 05:00:00,1,3.9,43.0,3.611111111111111,12949.345000000001
2015-12-26 06:00:00,1,2.8,46.0,3.083333333333333,13365.6325
2015-12-26 07:00:00,1,3.3,45.0,3.083333333333333,13785.162500000004
2015-12-26 08:00:00,1,6.1,34.0,3.083333333333333,13132.025
2015-12-26 09:00:00,1,8.3,24.0,5.666666666666666,13573.74
2015-12-26 10:00:00,1,9.4,23.0,4.111111111111112,13567.455000000004
2015-12-26 11:00:00,1,11.399999999999999,20.0,7.708333333333333,13497.164999999997
2015-12-26 12:00:00,1,12.2,17.0,10.805555555555555,13553.999999999996
2015-12-26 13:00:00,1,12.2,17.0,9.249999999999998,13538.282500000001
2015-12-26 14:00:00,1,12.8,15.0,9.777777777777779,13391.265
2015-12-26 15:00:00,1,12.8,13.0,9.249999999999998,13237.499999999996
2015-12-26 16:00:00,1,12.2,14.0,7.194444444444444,13173.017499999998
2015-12-26 17:00:00,1,11.1,16.0,7.194444444444444,13223.4875
2015-12-26 18:00:00,1,10.6,16.0,8.75,13455.737500000005
2015-12-26 19:00:00,1,9.4,18.0,7.194444444444444,13463.972499999998
2015-12-26 20:00:00,1,8.9,20.0,4.638888888888888,13413.532500000001
2015-12-26 21:00:00,1,8.3,21.0,5.666666666666666,13182.850000000002
2015-12-26 22:00:00,1,7.8,22.0,6.694444444444445,12857.9975
2015-12-26 23:00:00,1,7.2,23.0,3.611111111111111,12650.0725
2015-12-27 00:00:00,1,6.7,24.0,3.083333333333333,12622.4025
2015-12-27 01:00:00,1,4.4,32.0,0.0,12646.265000000003
2015-12-27 02:00:00,1,6.1,26.0,2.055555555555556,12708.345000000003
2015-12-27 03:00:00,1,6.1,26.0,1.5555555555555554,12734.507500000003
2015-12-27 04:00:00,1,4.4,33.0,0.0,12966.2725
2015-12-27 05:00:00,1,3.9,36.0,0.0,13154.970000000001
2015-12-27 06:00:00,1,1.7,46.0,0.0,13525.774999999998
2015-12-27 07:00:00,1,1.7,46.0,3.083333333333333,13719.670000000002
2015-12-27 08:00:00,1,5.6,32.0,0.0,13524.982500000004
2015-12-27 09:00:00,1,7.8,24.0,2.055555555555556,13312.547499999995
2015-12-27 10:00:00,1,9.4,23.0,2.5833333333333335,13252.0825
2015-12-27 11:00:00,1,11.7,19.0,0.0,13233.852499999997
2015-12-27 12:00:00,1,12.2,18.0,2.055555555555556,13419.572500000004
2015-12-27 13:00:00,1,13.3,17.0,2.055555555555556,13317.695000000002
2015-12-27 14:00:00,1,14.4,16.0,2.055555555555556,13238.932499999997
2015-12-27 15:00:00,1,14.4,16.0,2.5833333333333335,13066.902500000004
2015-12-27 16:00:00,1,15.0,16.0,2.055555555555556,12888.26
2015-12-27 17:00:00,1,12.8,21.0,1.5555555555555554,12888.99
2015-12-27 18:00:00,1,10.6,26.0,2.055555555555556,13078.2125
2015-12-27 19:00:00,1,11.1,24.0,0.0,13128.427500000002
2015-12-27 20:00:00,1,9.4,29.0,0.0,12873.514999999996
2015-12-27 21:00:00,1,8.9,32.0,1.5555555555555554,12761.574999999995
2015-12-27 22:00:00,1,7.8,35.0,0.0,12720.782500000001
2015-12-27 23:00:00,1,6.1,45.0,0.0,12700.185
2015-12-28 00:00:00,0,6.1,45.0,2.055555555555556,12674.962499999996
2015-12-28 01:00:00,0,5.0,49.0,0.0,12679.352499999999
2015-12-28 02:00:00,0,5.0,47.0,2.055555555555556,13018.929999999998
2015-12-28 03:00:00,0,5.0,51.0,3.083333333333333,13294.2575
2015-12-28 04:00:00,0,4.4,55.0,4.111111111111112,13751.6575
2015-12-28 05:00:00,0,3.3,57.0,5.138888888888888,14224.430000000002
2015-12-28 06:00:00,0,3.9,55.0,4.638888888888888,15133.729999999996
2015-12-28 07:00:00,0,3.9,57.0,3.083333333333333,15739.025000000003
2015-12-28 08:00:00,0,6.1,49.0,2.055555555555556,15892.437500000004
2015-12-28 09:00:00,0,8.3,44.0,3.083333333333333,15908.692500000001
2015-12-28 10:00:00,0,10.0,36.0,2.055555555555556,15915.504999999997
2015-12-28 11:00:00,0,11.7,34.0,2.055555555555556,15931.009999999997
2015-12-28 12:00:00,0,12.2,33.0,0.0,15841.129999999997
2015-12-28 13:00:00,0,13.3,30.0,0.0,15660.499999999995
2015-12-28 14:00:00,0,15.0,27.0,2.5833333333333335,15585.96
2015-12-28 15:00:00,0,14.4,28.0,0.0,15389.929999999997
2015-12-28 16:00:00,0,14.4,27.0,0.0,15269.9975
2015-12-28 17:00:00,0,12.8,31.0,2.055555555555556,14974.8525
2015-12-28 18:00:00,0,11.7,35.0,1.5555555555555554,14835.472499999996
2015-12-28 19:00:00,0,10.0,39.0,0.0,14660.762499999995
2015-12-28 20:00:00,0,8.9,42.0,0.0,14484.007500000002
2015-12-28 21:00:00,0,7.2,49.0,1.5555555555555554,14162.205
2015-12-28 22:00:00,0,7.8,44.0,0.0,13460.9475
2015-12-28 23:00:00,0,7.2,56.0,0.0,12940.607500000002
2015-12-29 00:00:00,0,7.2,53.0,1.5555555555555554,12700.507499999996
2015-12-29 01:00:00,0,6.1,58.0,2.055555555555556,12678.19
2015-12-29 02:00:00,0,6.1,58.0,0.0,12947.980000000003
2015-12-29 03:00:00,0,6.7,55.0,0.0,12922.437500000002
2015-12-29 04:00:00,0,7.2,53.0,0.0,12944.537500000004
2015-12-29 05:00:00,0,6.7,43.0,6.166666666666666,13660.215000000004
2015-12-29 06:00:00,0,7.2,44.0,3.083333333333333,14569.144999999999
2015-12-29 07:00:00,0,6.7,51.0,1.5555555555555554,14898.439999999999
2015-12-29 08:00:00,0,7.8,50.0,3.611111111111111,15316.184999999998
2015-12-29 09:00:00,0,8.3,52.0,3.611111111111111,15725.297499999999
2015-12-29 10:00:00,0,9.4,50.0,4.111111111111112,16046.0375
2015-12-29 11:00:00,0,9.4,44.0,3.611111111111111,15814.249999999996
2015-12-29 12:00:00,0,10.0,44.0,2.5833333333333335,15732.91
2015-12-29 13:00:00,0,11.7,38.0,2.055555555555556,15597.765000000001
2015-12-29 14:00:00,0,12.2,35.0,2.055555555555556,15595.059999999998
2015-12-29 15:00:00,0,12.8,33.0,2.055555555555556,15439.0775
2015-12-29 16:00:00,0,12.8,33.0,2.055555555555556,15143.305
2015-12-29 17:00:00,0,11.1,35.0,2.5833333333333335,14822.9
2015-12-29 18:00:00,0,10.6,39.0,1.5555555555555554,14829.465
2015-12-29 19:00:00,0,10.0,43.0,0.0,14758.664999999999
2015-12-29 20:00:00,0,10.6,39.0,2.055555555555556,14490.219999999996
2015-12-29 21:00:00,0,8.3,48.0,0.0,14100.792499999998
2015-12-29 22:00:00,0,7.2,49.0,3.083333333333333,13551.467500000004
2015-12-29 23:00:00,0,6.7,49.0,3.611111111111111,13008.302499999998
2015-12-30 00:00:00,0,5.6,53.0,3.083333333333333,12774.174999999996
2015-12-30 01:00:00,0,5.0,57.0,1.5555555555555554,12734.767499999998
2015-12-30 02:00:00,0,3.9,62.0,2.055555555555556,13011.217500000002
2015-12-30 03:00:00,0,3.9,60.0,1.5555555555555554,13120.235000000004
2015-12-30 04:00:00,0,3.3,62.0,1.5555555555555554,13035.9375
2015-12-30 05:00:00,0,3.3,65.0,2.5833333333333335,13860.172499999997
2015-12-30 06:00:00,0,3.3,65.0,1.5555555555555554,14975.519999999997
2015-12-30 07:00:00,0,3.3,65.0,1.5555555555555554,15290.619999999997
2015-12-30 08:00:00,0,5.0,57.0,2.5833333333333335,15602.472500000003
2015-12-30 09:00:00,0,7.2,48.0,2.5833333333333335,15896.167500000001
2015-12-30 10:00:00,0,10.6,41.0,2.055555555555556,15963.162500000006
2015-12-30 11:00:00,0,11.7,37.0,1.5555555555555554,15983.002499999999
2015-12-30 12:00:00,0,13.3,32.0,0.0,15949.899999999998
2015-12-30 13:00:00,0,13.3,26.0,0.0,15711.104999999994
2015-12-30 14:00:00,0,14.4,23.0,1.5555555555555554,15644.15
2015-12-30 15:00:00,0,15.0,22.0,1.5555555555555554,15456.6
2015-12-30 16:00:00,0,14.4,22.0,1.5555555555555554,15179.169999999998
2015-12-30 17:00:00,0,12.8,27.0,1.5555555555555554,14886.672500000002
2015-12-30 18:00:00,0,10.6,33.0,2.5833333333333335,14932.472500000003
2015-12-30 19:00:00,0,9.4,36.0,2.5833333333333335,14868.467499999999
2015-12-30 20:00:00,0,10.6,33.0,2.5833333333333335,14585.337499999998
2015-12-30 21:00:00,0,7.2,44.0,2.055555555555556,14250.429999999997
2015-12-30 22:00:00,0,6.7,45.0,2.5833333333333335,13542.037499999999
2015-12-30 23:00:00,0,6.7,43.0,2.5833333333333335,13055.477499999997
2015-12-31 00:00:00,0,5.6,51.0,1.5555555555555554,12898.3875
2015-12-31 01:00:00,0,3.9,57.0,1.5555555555555554,12866.437499999998
2015-12-31 02:00:00,0,3.9,60.0,0.0,13105.782500000001
2015-12-31 03:00:00,0,3.3,60.0,0.0,13143.3625
2015-12-31 04:00:00,0,4.4,55.0,0.0,13327.625000000002
2015-12-31 05:00:00,0,3.9,57.0,0.0,14013.192500000003
2015-12-31 06:00:00,0,2.8,62.0,0.0,14829.8075
2015-12-31 07:00:00,0,2.2,64.0,0.0,15044.272499999995
2015-12-31 08:00:00,0,5.0,55.0,1.5555555555555554,15391.0825
2015-12-31 09:00:00,0,7.8,44.0,1.5555555555555554,15604.93
2015-12-31 10:00:00,0,10.6,32.0,0.0,15627.022500000005
2015-12-31 11:00:00,0,11.7,29.0,2.055555555555556,15650.242500000006
2015-12-31 12:00:00,0,12.8,27.0,2.055555555555556,15522.225
2015-12-31 13:00:00,0,14.4,25.0,2.5833333333333335,15396.51
2015-12-31 14:00:00,0,15.0,24.0,3.083333333333333,15139.5925
2015-12-31 15:00:00,0,16.1,22.0,3.611111111111111,14907.047500000002
2015-12-31 16:00:00,0,15.6,23.0,3.611111111111111,14619.897499999997
2015-12-31 17:00:00,0,13.9,26.0,4.111111111111112,14553.059999999996
2015-12-31 18:00:00,0,13.3,27.0,3.083333333333333,14656.872500000003
2015-12-31 19:00:00,0,12.2,28.0,3.083333333333333,14542.505000000001
2015-12-31 20:00:00,0,11.7,27.0,3.083333333333333,14399.805
2015-12-31 21:00:00,0,10.0,31.0,1.5555555555555554,11601.287499999997
2015-12-31 22:00:00,0,9.4,33.0,0.0,13334.230000000001
2015-12-31 23:00:00,0,7.2,40.0,0.0,12858.629999999997
